like1,parKperc,parKb,parKe,parCqq,parBias,parS_init,parG_init,chain
66.75,0.5225,0.848,0.6206,0.9995,-0.9326,1132.0,1575.0,0.0
82.2,0.5566,0.8374,0.5957,0.999,0.08093,247.2,674.0,0.0
31.0,0.658,0.11206,0.698,1.0,-0.461,1137.0,468.5,0.0
10000.0,0.3572,0.8984,0.1686,0.9995,0.8477,917.0,1696.0,0.0
10000.0,0.6416,0.5537,0.10657,0.9995,-0.4094,1.968,1910.0,0.0
10000.0,0.967,0.666,0.62,0.999,-0.03958,169.5,268.2,0.0
10000.0,0.1622,0.2886,0.08124,0.9995,-0.682,614.5,1542.0,0.0
33.4,0.0752,0.503,0.9688,1.0,0.8354,1260.0,1162.0,0.0
17.86,0.463,0.466,0.983,0.999,-0.627,963.5,1510.0,0.0
10000.0,0.4368,0.148,0.2441,0.9995,0.7935,1737.0,203.8,0.0
10000.0,0.6406,0.8794,0.0384,0.9995,-0.5117,543.5,979.0,0.0
10000.0,0.9673,0.784,0.562,1.0,0.2979,349.0,166.9,0.0
10000.0,0.6387,0.32,0.1384,0.999,0.2213,1316.0,907.5,0.0
31.88,0.2472,0.5503,0.587,0.9995,-0.6245,835.0,1717.0,0.0
64.8,0.6587,0.3303,0.7534,0.9995,0.8057,1019.5,1242.0,0.0
10000.0,0.4812,0.783,0.09705,0.9995,0.5874,1815.0,141.2,0.0
10000.0,0.2952,0.366,0.1197,0.999,-0.989,741.0,967.5,0.0
44.78,0.1104,0.5054,0.689,0.9995,0.9673,1110.0,1872.0,0.0
10000.0,0.2472,0.5386,0.1991,0.999,-0.699,1538.0,932.5,0.0
10000.0,0.6577,0.1678,0.1605,0.9995,0.6875,1390.0,534.5,0.0
19.58,0.177,0.9194,0.8,0.9995,0.1898,1083.0,1155.0,0.0
10000.0,0.2113,0.768,0.361,0.9995,0.7847,160.9,308.8,0.0
10000.0,0.889,0.3062,0.01186,1.0,-0.10974,61.72,508.0,0.0
52.38,0.8403,0.57,0.828,0.9995,-0.363,1620.0,48.38,0.0
10000.0,0.744,0.3445,0.4536,0.9995,-0.3418,1240.0,647.5,0.0
10000.0,0.193,0.3374,0.2139,0.9995,-0.11096,1778.0,56.06,0.0
10000.0,0.4622,0.3818,0.3752,0.999,-0.826,67.9,1263.0,0.0
73.94,0.897,0.5312,0.7046,0.9995,-0.3408,1752.0,721.5,0.0
10000.0,0.4238,0.638,0.2988,0.9995,-0.2062,1754.0,1010.5,0.0
44.62,0.819,0.3247,0.8193,0.9995,0.05188,1292.0,1807.0,0.0
10000.0,0.293,0.9546,0.3706,0.9995,-0.453,1374.0,1774.0,0.0
71.75,0.11597,0.533,0.3655,1.0,0.161,817.0,1740.0,0.0
10000.0,0.618,0.9727,0.0459,0.9995,-0.778,2.639,866.5,0.0
14.27,0.247,0.2297,0.895,1.0,0.1887,438.0,88.5,0.0
10000.0,0.9263,0.3743,0.478,0.9995,-0.782,1424.0,922.0,0.0
10000.0,0.9883,0.711,0.0465,0.999,0.3706,1577.0,1380.0,0.0
10000.0,0.3613,0.452,0.2393,0.999,-0.557,388.5,1009.0,0.0
43.4,0.3123,0.518,0.9214,1.0,0.915,1108.0,1730.0,0.0
42.9,0.037,0.8247,0.5376,1.0,0.989,682.0,974.5,0.0
10000.0,0.7114,0.164,0.3188,0.9995,-0.7515,1176.0,299.0,0.0
84.3,0.9116,0.968,0.837,0.999,-0.4985,458.5,922.5,0.0
10000.0,0.699,0.7324,0.5146,0.999,-0.5977,1154.0,1063.0,0.0
86.8,0.299,0.4944,0.4026,0.999,-0.9277,1367.0,278.5,0.0
19.47,0.01031,0.4905,0.7144,0.9995,0.515,907.5,1867.0,0.0
10000.0,0.0431,0.9336,0.1976,0.9995,-0.211,1887.0,66.4,0.0
58.6,0.2852,0.257,0.4414,0.9995,-0.614,1672.0,167.9,0.0
31.83,0.764,0.271,0.8745,0.9995,-0.07776,1558.0,1093.0,0.0
10000.0,0.674,0.776,0.07623,1.0,-0.517,1298.0,870.5,0.0
56.5,0.0917,0.1705,0.314,0.9995,-0.5303,90.94,833.5,0.0
10000.0,0.9434,0.6216,0.4456,0.9995,-0.475,627.0,328.0,0.0
62.2,0.4656,0.827,0.633,1.0,0.00711,1223.0,474.8,0.0
10000.0,0.933,0.697,0.2593,0.9995,0.955,542.0,117.4,0.0
51.6,0.325,0.7935,0.5474,1.0,-1.0,805.5,739.5,0.0
1.519,0.3508,0.1603,0.9863,0.9995,-0.998,379.2,197.5,0.0
10000.0,0.959,0.514,0.5376,0.999,0.3435,1005.0,201.2,0.0
11.22,0.12463,0.279,0.816,1.0,0.1825,739.5,73.2,0.0
10000.0,0.596,0.4688,0.4307,0.9995,-0.529,1497.0,412.2,0.0
10000.0,0.6885,0.252,0.411,0.9995,-0.475,903.0,760.5,0.0
46.88,0.2244,0.3298,0.6143,0.9995,0.6387,1611.0,228.1,0.0
10000.0,0.7407,0.4783,0.2097,0.9995,-0.1525,1842.0,1252.0,0.0
74.56,0.649,0.7466,0.681,0.9995,0.3853,1248.0,79.44,0.0
10000.0,0.9204,0.395,0.2825,0.999,-0.3484,1598.0,468.2,0.0
55.5,0.2627,0.5806,0.4893,1.0,-0.1963,112.06,630.0,0.0
26.98,0.63,0.3455,0.832,0.999,-0.699,1738.0,1215.0,0.0
10000.0,0.010216,0.4458,0.01146,0.999,-0.8994,117.3,1583.0,0.0
10000.0,0.521,0.835,0.4487,1.0,0.168,229.4,1092.0,0.0
10000.0,0.4497,0.65,0.1885,1.0,0.432,1526.0,458.0,0.0
10000.0,0.5483,0.3179,0.358,1.0,0.591,1441.0,1673.0,0.0
59.7,0.262,0.9976,0.637,0.999,0.795,710.0,1404.0,0.0
77.3,0.3994,0.1829,0.4329,0.9995,-0.2373,1365.0,1699.0,0.0
26.62,0.2773,0.3616,0.8613,0.9995,0.4644,1144.0,1572.0,0.0
97.25,0.6187,0.1289,0.5317,1.0,0.96,1885.0,1113.0,0.0
10000.0,0.546,0.7646,0.08966,0.9995,0.2815,1604.0,641.0,0.0
10000.0,0.383,0.1907,0.1611,0.9995,0.1609,802.5,416.5,0.0
22.53,0.64,0.3052,0.994,1.0,-0.1775,1654.0,440.8,0.0
72.75,0.9697,0.188,0.785,0.999,0.7437,1283.0,1405.0,0.0
40.25,0.186,0.694,0.4954,0.9995,-0.4365,1303.0,1146.0,0.0
10000.0,0.7104,0.561,0.396,0.9995,-0.08124,694.5,187.5,0.0
10000.0,0.6987,0.8057,0.574,0.9995,-0.2124,372.0,1561.0,0.0
18.75,0.3015,0.431,0.7886,0.9995,-0.1805,1891.0,1885.0,0.0
10000.0,0.3564,0.6055,0.382,0.9995,0.7,908.0,314.0,0.0
33.34,0.5713,0.2014,0.696,1.0,-0.407,1605.0,608.0,0.0
41.3,0.7305,0.4849,0.921,0.999,0.2311,149.4,1722.0,0.0
10000.0,0.58,0.8403,0.4224,0.999,0.1748,1670.0,392.5,0.0
10000.0,0.5386,0.3682,0.0895,1.0,-0.803,1593.0,254.0,0.0
54.6,0.6753,0.5425,0.711,0.9995,-0.2695,122.1,600.5,0.0
10000.0,0.2527,0.771,0.1958,0.999,0.4727,1721.0,1583.0,0.0
10000.0,0.9585,0.503,0.0503,0.999,0.3718,797.5,518.5,0.0
10000.0,0.79,0.6875,0.3423,0.999,-0.04907,1075.0,728.0,0.0
27.25,0.2737,0.3032,0.7935,0.999,0.3896,189.9,1655.0,0.0
6.96,0.072,0.9507,0.656,0.9995,-0.707,914.0,936.5,0.0
10000.0,0.797,0.4087,0.01665,0.999,-0.453,1230.0,821.0,0.0
54.22,0.4763,0.4966,0.5874,1.0,-0.637,832.0,884.0,0.0
91.06,0.749,0.8555,0.734,0.999,0.8174,472.8,954.0,0.0
10000.0,0.739,0.906,0.361,0.9995,-0.2888,1699.0,186.4,0.0
10000.0,0.852,0.4329,0.3284,0.999,0.831,13.76,1255.0,0.0
86.1,0.5615,0.1833,0.551,0.9995,0.8286,1428.0,935.5,0.0
10000.0,0.10144,0.876,0.0305,0.999,-0.492,1783.0,484.5,0.0
10000.0,0.292,0.7104,0.3105,0.9995,-0.285,1366.0,1699.0,0.0
10000.0,0.3584,0.3083,0.1666,0.9995,0.786,1504.0,1960.0,0.0
64.94,0.763,0.7793,0.9233,1.0,0.6997,828.0,372.2,0.0
10000.0,0.9595,0.306,0.2993,0.9995,-0.3303,235.0,235.2,0.0
17.08,0.6597,0.1434,0.994,0.9995,-0.1367,1354.0,1537.0,0.0
73.94,0.881,0.3757,0.6655,0.9995,-0.11444,92.9,1068.0,0.0
89.9,0.834,0.9043,0.8013,0.9995,0.779,243.9,1346.0,0.0
35.34,0.554,0.702,0.8677,0.9995,-0.6196,749.5,15.92,0.0
4.293,0.346,0.2172,0.9224,0.9995,-0.9805,710.0,1133.0,0.0
20.14,0.1156,0.1434,0.6484,0.999,0.2798,1508.0,1703.0,0.0
10000.0,0.2113,0.6367,0.1069,0.999,0.918,379.0,1724.0,0.0
59.5,0.993,0.586,0.847,0.9995,-0.772,1553.0,166.0,0.0
78.7,0.6523,0.639,0.6753,0.999,0.6978,744.0,389.5,0.0
41.38,0.886,0.1126,0.6626,0.9995,-0.9614,82.9,137.2,0.0
98.75,0.9897,0.2812,0.655,1.0,0.641,949.0,521.0,0.0
33.94,0.992,0.2322,0.853,1.0,-0.9375,17.11,520.0,0.0
10000.0,0.342,0.1914,0.1326,0.9995,0.719,1236.0,1777.0,0.0
74.4,0.863,0.6245,0.864,0.999,0.9526,1123.0,780.5,0.0
78.1,0.604,0.607,0.587,1.0,0.13,929.5,1806.0,0.0
61.75,0.952,0.3223,0.7197,1.0,-0.6074,984.0,910.0,0.0
10000.0,0.8105,0.5244,0.4841,0.9995,-0.0258,1815.0,1583.0,0.0
10000.0,0.8555,0.7285,0.0452,1.0,0.075,1183.0,1645.0,0.0
10000.0,0.536,0.6147,0.4214,0.9995,-0.7554,1559.0,59.7,0.0
9.305,0.1896,0.4817,0.9233,0.999,0.02718,505.8,700.5,0.0
10000.0,0.10785,0.5557,0.2405,0.9995,-0.2622,1645.0,180.8,0.0
10000.0,0.974,0.9634,0.4783,0.9995,0.503,982.0,336.8,0.0
87.4,0.7856,0.818,0.682,1.0,-0.11664,427.8,72.0,0.0
86.44,0.0682,0.89,0.3157,0.999,0.7446,1535.0,71.9,0.0
31.28,0.0808,0.8315,0.473,1.0,0.2219,790.5,323.8,0.0
10000.0,0.10205,0.993,0.0892,0.9995,0.422,1828.0,994.5,0.0
10000.0,0.3499,0.7915,0.0655,1.0,0.1611,1663.0,1219.0,0.0
10000.0,0.1797,0.78,0.1917,1.0,-0.2235,1215.0,921.5,0.0
10000.0,0.336,0.86,0.0746,0.9995,-0.6157,767.0,1983.0,0.0
29.53,0.4526,0.798,0.9136,1.0,-0.866,429.2,214.5,0.0
66.4,0.4812,0.6743,0.6016,1.0,0.1566,0.1091,1039.0,0.0
10000.0,0.818,0.3618,0.415,0.999,-0.7383,389.0,1837.0,0.0
13.734,0.5693,0.2421,0.9487,1.0,-0.836,1199.0,1989.0,0.0
10000.0,0.8384,0.6133,0.275,0.9995,-0.3335,745.5,1009.0,0.0
10000.0,0.8374,0.379,0.489,1.0,0.1448,255.0,1536.0,0.0
18.98,0.0864,0.3337,0.541,0.9995,0.1486,639.5,918.0,0.0
26.02,0.1947,0.2913,0.55,0.9995,-0.2247,1133.0,574.0,0.0
32.3,0.3245,0.827,0.8154,0.9995,0.303,669.0,408.8,0.0
63.38,0.4248,0.2522,0.6055,0.999,0.6313,1093.0,97.9,0.0
10000.0,0.5986,0.695,0.2815,0.9995,0.9883,1108.0,303.2,0.0
10000.0,0.2998,0.1991,0.2546,0.9995,-0.7876,558.5,531.0,0.0
10000.0,0.5703,0.4224,0.08716,0.9995,-0.4587,1305.0,1061.0,0.0
10000.0,0.556,0.4365,0.421,0.9995,-0.0825,1727.0,249.5,0.0
0.732,0.01585,0.1722,0.8325,0.9995,-0.2585,1214.0,923.5,0.0
10000.0,0.6914,0.1559,0.1553,0.9995,-0.895,806.5,436.0,0.0
84.8,0.2225,0.2983,0.439,0.9995,0.801,618.5,1356.0,0.0
10000.0,0.4243,0.639,0.0756,0.9995,0.613,475.8,928.5,0.0
10000.0,0.908,0.8403,0.425,0.9995,-0.4434,1355.0,1378.0,0.0
20.95,0.3333,0.711,0.9194,0.999,0.00872,339.8,1847.0,0.0
16.1,0.2056,0.381,0.6416,1.0,-0.985,71.94,436.0,0.0
10000.0,0.9087,0.3123,0.4385,0.9995,-0.3862,1882.0,997.5,0.0
10000.0,0.521,0.746,0.2311,0.999,-0.1164,297.5,1368.0,0.0
10000.0,0.0732,0.667,0.02036,1.0,-0.796,1222.0,556.5,0.0
71.56,0.9272,0.7554,0.808,0.999,-0.6436,887.0,1494.0,0.0
24.2,0.291,0.774,0.756,1.0,-0.675,864.0,625.5,0.0
37.88,0.946,0.296,0.9277,0.9995,-0.1776,451.0,1559.0,0.0
6.848,0.09265,0.38,0.616,0.9995,-0.642,99.1,1179.0,0.0
10000.0,0.994,0.604,0.2086,0.9995,0.383,1152.0,1669.0,0.0
10000.0,0.6895,0.752,0.4521,0.999,-0.9927,531.5,1418.0,0.0
22.16,0.3213,0.6963,0.909,0.9995,0.1542,472.5,1645.0,0.0
49.97,0.2175,0.453,0.4563,0.9995,-0.669,28.78,1572.0,0.0
50.84,0.45,0.3096,0.6587,0.9995,0.3992,974.5,327.0,0.0
94.0,0.601,0.2161,0.547,0.9995,0.9243,968.0,89.3,0.0
10000.0,0.06274,0.882,0.09705,1.0,0.3801,1308.0,510.8,0.0
10000.0,0.3945,0.7207,0.262,1.0,-0.721,739.0,1882.0,0.0
42.72,0.1846,0.3804,0.4646,0.9995,-0.3545,1725.0,1987.0,0.0
10000.0,0.799,0.641,0.4177,0.9995,-0.6924,334.2,1247.0,0.0
10000.0,0.8555,0.501,0.4421,1.0,-0.1738,1084.0,258.5,0.0
38.75,0.2474,0.2422,0.5303,0.9995,0.0543,284.8,241.8,0.0
10000.0,0.3862,0.9287,0.3425,1.0,0.585,1609.0,1837.0,0.0
60.2,0.4358,0.708,0.5693,0.999,-0.8496,1467.0,1069.0,0.0
4.477,0.05246,0.8345,0.647,0.999,-0.4717,1791.0,70.7,0.0
10000.0,0.981,0.699,0.4807,0.999,0.8647,1301.0,873.5,0.0
23.16,0.856,0.1114,0.995,1.0,-0.13,1672.0,1946.0,0.0
10000.0,0.509,0.9316,0.2593,0.9995,-0.924,1606.0,111.75,0.0
29.06,0.4368,0.812,0.937,0.9995,-0.5107,548.5,1694.0,0.0
35.25,0.269,0.2983,0.7646,0.999,0.577,1671.0,1358.0,0.0
10000.0,0.4055,0.6304,0.3123,0.999,0.4014,166.2,1840.0,0.0
10000.0,0.978,0.517,0.3093,0.9995,-0.254,817.5,759.5,0.0
10000.0,0.5215,0.7188,0.3335,1.0,0.427,752.5,1380.0,0.0
10000.0,0.2969,0.768,0.05493,0.9995,-0.7456,810.5,1349.0,0.0
93.0,0.629,0.274,0.527,1.0,0.5957,331.5,1845.0,0.0
64.1,0.787,0.6133,0.8174,0.9995,0.551,181.4,466.2,0.0
10000.0,0.9043,0.4993,0.1842,1.0,0.8916,315.2,1753.0,0.0
10000.0,0.2847,0.2861,0.0645,0.9995,-0.4258,161.1,1121.0,0.0
20.1,0.03345,0.2705,0.9087,0.9995,0.5234,855.5,15.91,0.0
0.732,0.01536,0.8765,0.889,0.9995,-0.916,1326.0,1022.0,0.0
10000.0,0.502,0.2695,0.06082,0.9995,-0.799,331.0,924.5,0.0
10000.0,0.652,0.7085,0.154,1.0,0.889,809.0,1088.0,0.0
33.9,0.3032,0.9355,0.916,0.9995,0.5205,1234.0,1886.0,0.0
10000.0,0.8647,0.7544,0.1848,0.9995,-0.642,524.5,1645.0,0.0
10000.0,0.9014,0.2203,0.0238,0.9995,0.689,238.1,1313.0,0.0
10.6,0.447,0.2257,0.9165,0.9995,-0.6147,1128.0,443.2,0.0
10000.0,0.181,0.1697,0.176,0.9995,0.002981,1813.0,954.5,0.0
10000.0,0.4238,0.883,0.4658,0.9995,0.004498,515.5,641.5,0.0
10000.0,0.1727,0.463,0.0765,0.9995,-0.02264,154.6,1088.0,0.0
52.84,0.73,0.8677,0.9624,1.0,-0.4658,1041.0,1078.0,0.0
3.545,0.5107,0.1047,0.981,0.9995,-0.9097,335.0,1574.0,0.0
30.84,0.557,0.4822,0.7993,0.9995,-0.6587,925.5,443.0,0.0
29.47,0.2079,0.395,0.852,0.9995,0.601,1066.0,1399.0,0.0
38.22,0.1094,0.9575,0.784,0.9995,0.8667,382.5,1763.0,0.0
56.72,0.1422,0.3118,0.5317,0.9995,0.9575,1443.0,640.5,0.0
10000.0,0.4893,0.3127,0.3315,0.9995,-0.3906,1410.0,303.2,0.0
91.75,0.7734,0.788,0.6426,0.9995,-0.2734,895.0,197.6,0.0
10000.0,0.578,0.832,0.3872,0.9995,0.7065,884.5,1094.0,0.0
10000.0,0.8027,0.8516,0.1682,1.0,0.124,644.5,1188.0,0.0
10000.0,0.2947,0.5513,0.306,0.9995,-0.1967,497.8,1587.0,0.0
78.06,0.9014,0.7515,0.755,0.999,-0.513,985.0,634.0,0.0
-0.05496,0.1068,0.11975,0.9688,0.999,-0.2632,309.2,288.0,0.0
10.516,0.1171,0.8276,0.8853,0.9995,0.1488,1682.0,1577.0,0.0
10000.0,0.8696,0.8394,0.3945,0.9995,-0.4285,987.5,1724.0,0.0
10000.0,0.7017,0.1425,0.0542,1.0,-0.266,1103.0,408.2,0.0
27.8,0.588,0.2324,0.923,0.9995,0.2388,1141.0,833.5,0.0
10000.0,0.486,0.433,0.42,0.999,0.685,1092.0,1761.0,0.0
67.44,0.2047,0.9536,0.512,0.9995,0.796,1827.0,360.8,0.0
94.06,0.817,0.784,0.647,1.0,-0.5356,675.0,362.8,0.0
53.6,0.06207,0.3567,0.2917,1.0,-0.9844,1676.0,1480.0,0.0
10000.0,0.3225,0.589,0.0528,0.999,-0.6187,318.8,53.16,0.0
10000.0,0.631,0.923,0.2035,0.999,0.2043,1265.0,592.0,0.0
26.14,0.5396,0.1296,0.768,0.999,-0.03354,1094.0,428.0,0.0
53.44,0.0835,0.6416,0.4905,0.999,0.9683,525.0,1396.0,0.0
10000.0,0.7417,0.1455,0.4436,1.0,0.906,1065.0,1966.0,0.0
10000.0,0.629,0.5664,0.4233,0.999,0.2412,291.5,771.5,0.0
69.2,0.8447,0.2086,0.649,0.999,0.12463,1248.0,1808.0,0.0
10000.0,0.448,0.459,0.1133,1.0,-0.188,1116.0,491.2,0.0
10000.0,0.98,0.6255,0.2251,0.9995,-0.1226,1055.0,1903.0,0.0
10000.0,0.7417,0.8765,0.02048,0.999,-0.1434,1145.0,1701.0,0.0
10000.0,0.6543,0.4075,0.4783,0.999,-0.02238,1091.0,397.0,0.0
54.88,0.3337,0.808,0.7104,0.9995,0.785,620.0,432.2,0.0
10000.0,0.719,0.646,0.04376,0.9995,-0.1256,354.0,1603.0,0.0
24.75,0.3333,0.7573,0.864,0.9995,0.0837,692.5,404.2,0.0
10000.0,0.855,0.179,0.3953,0.9995,-0.12335,1484.0,1669.0,0.0
77.56,0.854,0.668,0.7407,0.9995,0.261,608.0,999.0,0.0
22.34,0.3992,0.639,0.903,1.0,-0.3706,224.1,1289.0,0.0
62.38,0.695,0.1249,0.6157,0.999,0.2512,924.5,478.2,0.0
10.266,0.2734,0.2399,0.8433,1.0,-0.178,1772.0,859.0,0.0
21.78,0.3525,0.385,0.8257,1.0,0.1101,251.2,1236.0,0.0
10000.0,0.8325,0.4246,0.3813,1.0,-0.2595,604.0,1240.0,0.0
10000.0,0.536,0.929,0.07465,1.0,0.3389,558.5,1198.0,0.0
10000.0,0.43,0.6772,0.09467,0.9995,0.784,1214.0,497.5,0.0
94.8,0.664,0.776,0.644,0.9995,0.8076,1563.0,880.5,0.0
10000.0,0.7925,0.841,0.4807,0.999,0.766,1537.0,1378.0,0.0
10000.0,0.921,0.8994,0.477,0.9995,0.3047,1294.0,415.8,0.0
53.3,0.6196,0.2935,0.5884,0.9995,-0.784,1043.0,1467.0,0.0
10000.0,0.317,0.5767,0.1346,0.9995,-0.4902,251.2,233.9,0.0
61.5,0.2969,0.864,0.493,0.999,-0.9775,467.0,1075.0,0.0
51.6,0.932,0.2,0.74,0.9995,-0.291,925.5,145.1,0.0
46.25,0.489,0.506,0.744,1.0,0.3972,1705.0,176.2,0.0
10000.0,0.879,0.4575,0.4504,0.999,-0.9683,1214.0,284.2,0.0
10000.0,0.806,0.9556,0.538,0.9995,-0.2115,463.8,1151.0,0.0
57.8,0.6836,0.3013,0.6655,0.9995,0.1222,3.6,1267.0,0.0
10000.0,0.782,0.5723,0.265,0.999,-0.0083,561.5,192.9,0.0
8.19,0.1938,0.3818,0.906,0.9995,-0.0386,980.5,1285.0,0.0
3.518,0.132,0.3315,0.7734,0.999,-0.7275,191.8,201.6,0.0
10000.0,0.9287,0.462,0.3953,0.9995,0.9263,1850.0,1535.0,0.0
42.9,0.06525,0.1594,0.417,0.9995,0.5415,186.4,1188.0,0.0
28.8,0.06046,0.7754,0.6533,0.999,0.641,1300.0,191.6,0.0
10000.0,0.256,0.7534,0.3167,0.9995,-0.3975,1851.0,1873.0,0.0
10000.0,0.8936,0.2625,0.521,0.9995,0.8804,638.0,1052.0,0.0
10000.0,0.9634,0.4575,0.2544,0.999,0.713,795.5,1065.0,0.0
10000.0,0.1418,0.7065,0.133,0.9995,0.618,1306.0,1249.0,0.0
96.56,0.1758,0.1919,0.3533,0.999,0.368,1199.0,254.6,0.0
12.45,0.0947,0.397,0.8345,1.0,0.2646,1605.0,844.5,0.0
77.5,0.6562,0.858,0.6636,1.0,-0.3862,1714.0,111.94,0.0
10000.0,0.2207,0.92,0.06555,0.999,-0.6685,1575.0,798.0,0.0
49.0,0.661,0.682,0.879,0.9995,0.373,278.0,1709.0,0.0
10000.0,0.301,0.423,0.07416,0.999,-0.0826,1815.0,742.5,0.0
58.2,0.5234,0.6167,0.821,0.9995,0.9365,1244.0,1859.0,0.0
56.12,0.5854,0.707,0.9746,0.9995,0.9194,1443.0,1056.0,0.0
78.75,0.8555,0.7773,0.902,0.999,0.9697,1280.0,740.5,0.0
78.94,0.956,0.8647,0.9175,0.9995,0.4136,1349.0,1277.0,0.0
9.69,0.1307,0.504,0.735,0.999,-0.288,633.5,1898.0,0.0
44.38,0.4456,0.4365,0.6416,1.0,-0.2034,1065.0,782.5,0.0
47.66,0.8003,0.5786,0.966,0.9995,0.2786,1598.0,1640.0,0.0
48.28,0.7827,0.11316,0.7715,0.999,0.2705,1476.0,1687.0,0.0
10000.0,0.822,0.5986,0.544,0.9995,0.515,168.4,244.0,0.0
3.414,0.01114,0.687,0.4082,0.9995,-0.1337,1829.0,1051.0,0.0
10000.0,0.4072,0.551,0.3914,0.9995,0.2408,183.6,759.0,0.0
10000.0,0.8477,0.4192,0.3208,0.999,0.5376,1443.0,597.0,0.0
10000.0,0.785,0.8955,0.2727,0.999,0.606,52.22,151.5,0.0
10000.0,0.8306,0.8716,0.1459,0.9995,-0.685,1099.0,1799.0,0.0
10000.0,0.946,0.3896,0.02118,1.0,-0.1345,1880.0,171.4,0.0
10000.0,0.2218,0.9185,0.3254,0.9995,-0.024,1284.0,7.87,0.0
10000.0,0.5405,0.5547,0.2413,0.999,-0.0999,239.1,485.0,0.0
10000.0,0.957,0.9556,0.7393,0.999,0.4253,855.5,747.5,0.0
36.5,0.664,0.3364,0.744,0.9995,-0.843,1413.0,1576.0,0.0
10000.0,0.2944,0.8286,0.06586,0.9995,-0.5005,887.5,127.94,0.0
10000.0,0.7627,0.4312,0.4944,1.0,-0.0505,137.9,1836.0,0.0
16.92,0.2477,0.6714,0.943,1.0,0.1748,1029.0,1830.0,0.0
26.34,0.072,0.3887,0.669,1.0,0.558,459.0,271.8,0.0
27.05,0.4482,0.6587,0.882,0.9995,-0.2834,1100.0,820.5,0.0
12.18,0.0333,0.503,0.4316,0.9995,-0.1771,673.0,790.0,0.0
27.3,0.61,0.2878,0.825,0.999,-0.284,1109.0,1111.0,0.0
10000.0,0.611,0.6797,0.07715,0.9995,0.03275,548.5,52.88,0.0
85.4,0.8975,0.636,0.668,0.9995,-0.7256,727.0,1629.0,0.0
38.6,0.05817,0.143,0.6035,1.0,0.854,1849.0,949.5,0.0
77.4,0.5693,0.4429,0.498,0.9995,-0.988,480.5,635.0,0.0
33.9,0.4563,0.6816,0.792,0.999,-0.2374,93.75,1180.0,0.0
10000.0,0.515,0.427,0.1567,0.9995,0.5396,938.0,1825.0,1.0
94.8,0.762,0.6016,0.5513,1.0,-0.7983,661.5,752.5,2.0
10000.0,0.9253,0.95,0.658,0.999,0.4822,491.5,657.0,3.0
66.44,0.7515,0.6606,0.716,0.9995,-0.2573,1334.0,677.0,4.0
3.965,0.1443,0.2578,0.943,1.0,-0.0372,20.4,1885.0,5.0
10000.0,0.967,0.799,0.4934,0.999,-0.47,1134.0,1936.0,6.0
10000.0,0.5776,0.8916,0.189,0.999,0.889,161.8,1897.0,7.0
44.6,0.789,0.12006,0.6196,0.9995,-0.774,1457.0,734.5,8.0
36.4,0.606,0.5234,0.8105,0.9995,-0.3457,907.0,1354.0,9.0
10000.0,0.3313,0.4314,0.03394,1.0,-0.02254,1272.0,1753.0,10.0
26.23,0.2097,0.779,0.641,0.9995,-0.5693,152.1,355.5,11.0
67.1,0.308,0.3276,0.4795,0.9995,0.2415,666.0,659.5,12.0
10000.0,0.9985,0.256,0.5044,0.9995,0.08405,1061.0,1720.0,13.0
54.06,0.4702,0.2522,0.6167,0.9995,0.2935,1167.0,1079.0,14.0
35.88,0.479,0.543,0.756,0.9995,-0.1027,1016.5,873.5,15.0
53.2,0.0704,0.701,0.3994,0.9995,0.572,1658.0,343.0,1.0
30.77,0.1437,0.411,0.9243,0.9995,0.7183,343.8,140.1,2.0
10000.0,0.9346,0.65,0.1237,1.0,0.5176,1228.0,1829.0,3.0
5.258,0.3516,0.1239,0.952,0.9995,-0.3171,614.5,1.452,4.0
10000.0,0.9224,0.8486,0.5376,1.0,-0.3672,911.5,104.44,5.0
10000.0,0.639,0.4634,0.07025,1.0,0.95,1478.0,458.5,6.0
37.72,0.01152,0.9414,0.8213,1.0,0.97,128.0,111.06,7.0
56.53,0.2028,0.7007,0.4624,1.0,0.0163,653.5,1255.0,8.0
65.06,0.4001,0.895,0.6206,0.999,0.334,595.5,730.0,9.0
10000.0,0.61,0.667,0.1991,0.999,-0.1139,296.2,1736.0,10.0
32.03,0.2448,0.562,0.648,0.9995,0.0967,697.5,839.0,11.0
10000.0,0.4883,0.6597,0.387,1.0,-0.847,96.6,1442.0,12.0
47.4,0.3962,0.1373,0.4714,0.999,-0.777,242.4,581.5,13.0
46.12,0.1847,0.588,0.5195,0.9995,0.356,1265.0,217.5,14.0
56.1,0.6953,0.6562,0.752,0.9995,-0.208,442.0,1899.0,15.0
10000.0,0.4766,0.9277,0.1373,0.9995,0.977,442.2,1376.0,1.0
57.6,0.2544,0.7007,0.4707,0.9995,-0.7466,1490.0,1465.0,2.0
28.4,0.9214,0.1309,0.8154,0.999,-0.7695,766.0,898.0,3.0
0.03015,0.1353,0.12177,0.8984,1.0,-0.4773,1699.0,1762.0,4.0
83.1,0.6597,0.7593,0.725,0.999,0.9624,297.2,74.5,5.0
35.94,0.6035,0.524,0.8374,0.9995,-0.01294,1791.0,1633.0,6.0
15.32,0.539,0.1868,0.922,0.999,-0.2617,851.0,1098.0,7.0
33.75,0.4983,0.3665,0.7437,0.9995,-0.10535,459.5,1160.0,8.0
29.73,0.3403,0.9785,0.973,0.9995,0.2495,919.5,589.5,9.0
9.95,0.1709,0.736,0.9443,0.999,-0.07074,710.0,1495.0,10.0
57.2,0.4397,0.183,0.488,0.9995,-0.394,921.0,325.5,11.0
31.4,0.278,0.523,0.6245,0.9995,-0.5312,1230.0,1141.0,12.0
22.0,0.3088,0.6978,0.851,0.9995,0.04776,1004.0,1398.0,13.0
25.28,0.4143,0.534,0.823,0.9995,-0.12274,1320.0,1291.0,14.0
14.28,0.1638,0.4468,0.7607,0.9995,0.0801,728.0,743.0,15.0
10000.0,0.7334,0.4636,0.0435,0.9995,0.7056,678.5,1905.0,1.0
10000.0,0.5054,0.8013,0.0164,0.999,0.8325,742.0,1462.0,2.0
10000.0,0.3123,0.6274,0.2974,0.999,0.5913,1821.0,725.5,3.0
68.1,0.07135,0.6055,0.3003,0.9995,-0.4304,326.8,1781.0,4.0
19.11,0.2261,0.7803,0.769,0.999,-0.367,322.8,275.0,5.0
59.12,0.3838,0.8696,0.668,0.999,0.5396,1597.0,692.0,6.0
91.8,0.975,0.4294,0.736,0.999,0.8354,1773.0,1329.0,7.0
10000.0,0.3396,0.7554,0.4133,1.0,0.743,860.5,704.5,8.0
0.3997,0.0739,0.554,0.932,1.0,-0.882,273.8,783.5,9.0
52.56,0.3213,0.9297,0.8267,1.0,0.9653,689.5,1082.0,10.0
10000.0,0.9517,0.4033,0.05112,0.999,0.4338,889.5,313.5,11.0
38.06,0.671,0.53,0.8486,0.999,-0.277,1609.0,945.0,12.0
44.2,0.6323,0.575,0.7827,0.9995,-0.1376,1363.0,888.5,13.0
26.75,0.8384,0.1124,0.7954,0.999,-0.7246,1879.0,877.0,14.0
33.25,0.448,0.5713,0.856,0.9995,0.3635,1059.0,1443.0,15.0
1.333,0.0714,0.7734,0.9287,0.999,-0.845,883.0,51.03,1.0
32.8,0.5146,0.7393,0.916,0.9995,-0.476,1615.0,1170.0,2.0
48.12,0.659,0.4482,0.6934,0.999,-0.7607,1864.0,204.8,3.0
47.03,0.634,0.375,0.7,0.9995,-0.1702,805.0,1039.0,4.0
60.1,0.6504,0.6323,0.73,0.9995,0.28,911.5,1153.0,5.0
10000.0,0.4236,0.605,0.3567,0.9995,0.649,1762.0,1870.0,6.0
26.39,0.0685,0.6685,0.9175,0.9995,0.6606,150.8,893.0,7.0
5.3,0.10895,0.89,0.882,0.999,-0.8955,1116.0,1812.0,8.0
37.1,0.2605,0.8936,0.648,0.999,-0.09204,484.5,1533.0,9.0
35.34,0.59,0.3394,0.7734,0.999,-0.04706,1360.0,1386.0,10.0
24.95,0.2498,0.761,0.7275,0.999,-0.1754,885.5,1306.0,11.0
32.5,0.4275,0.5396,0.7324,0.999,-0.442,1496.0,663.5,12.0
32.34,0.4487,0.4783,0.754,0.9995,-0.12286,1002.0,1046.0,13.0
35.94,0.3396,0.3857,0.6177,0.9995,-0.4033,1492.0,625.0,14.0
27.27,0.413,0.517,0.7876,0.999,-0.2067,1267.0,1229.0,15.0
52.28,0.828,0.7495,0.961,0.9995,-0.73,1693.0,144.9,1.0
58.38,0.297,0.894,0.593,0.9995,0.4368,1489.0,1400.0,2.0
10000.0,0.7715,0.9087,0.1049,0.9995,-0.9946,435.0,127.3,3.0
0.4666,0.01201,0.583,0.7476,0.9995,-0.2128,1366.0,933.5,4.0
10000.0,0.785,0.4968,0.257,1.0,-0.8906,1096.0,117.44,5.0
27.53,0.512,0.4482,0.8237,0.9995,-0.2373,154.5,503.5,6.0
35.2,0.1556,0.9634,0.525,1.0,-0.1749,656.5,1312.0,7.0
46.1,0.682,0.625,0.8022,0.9995,-0.477,1193.0,526.0,8.0
44.0,0.502,0.3384,0.7275,0.999,0.3215,742.5,134.2,9.0
35.9,0.6143,0.647,0.9004,0.9995,-0.5923,1255.0,394.8,10.0
27.66,0.1482,0.8857,0.7637,1.0,0.4978,1055.0,1982.0,11.0
21.83,0.617,0.1636,0.753,0.999,-0.873,470.5,91.7,12.0
45.5,0.641,0.556,0.8213,0.999,0.2666,842.0,659.5,13.0
49.72,0.544,0.6714,0.758,0.9995,0.3005,599.0,810.5,14.0
6.367,0.2595,0.3518,0.9097,0.999,-0.8306,1247.0,519.0,15.0
2.248,0.0346,0.9604,0.593,0.999,-0.644,1159.0,718.5,1.0
41.0,0.3206,0.4285,0.6216,1.0,0.1077,282.2,49.88,2.0
10000.0,0.2317,0.746,0.02205,0.9995,-0.876,576.0,516.0,3.0
97.1,0.2078,0.3708,0.42,1.0,0.9604,1203.0,857.5,4.0
35.75,0.5513,0.6943,0.9224,1.0,0.08344,268.5,937.0,5.0
92.06,0.616,0.6797,0.516,0.999,-0.9805,1024.0,189.0,6.0
50.78,0.5215,0.595,0.6514,0.9995,-0.613,976.5,696.5,7.0
51.94,0.559,0.647,0.6914,0.9995,-0.3184,794.0,744.5,8.0
48.78,0.1444,0.411,0.4077,0.999,-0.912,1844.0,1489.0,9.0
29.34,0.2996,0.602,0.702,0.999,-0.12415,759.0,143.4,10.0
32.5,0.588,0.174,0.8374,0.999,0.2903,732.5,649.0,11.0
28.9,0.4592,0.654,0.8184,0.9995,-0.726,712.5,1935.0,12.0
29.58,0.343,0.4478,0.7124,0.9995,-0.02434,522.0,565.0,13.0
31.06,0.2534,0.4739,0.5913,0.9995,-0.556,506.5,1457.0,14.0
28.62,0.2452,0.427,0.59,0.999,-0.623,1317.0,1450.0,15.0
21.14,0.1432,0.2307,0.678,0.9995,0.265,436.5,1286.0,1.0
18.61,0.0934,0.2705,0.966,0.999,0.454,1068.0,1677.0,2.0
67.1,0.701,0.926,0.8945,0.9995,0.612,50.16,41.28,3.0
10000.0,0.966,0.1931,0.12134,0.999,0.203,1105.0,174.0,4.0
2.432,0.1589,0.3884,0.907,0.999,-0.9507,1576.0,549.5,5.0
32.7,0.414,0.4968,0.705,0.9995,-0.5156,1185.0,1080.0,6.0
87.3,0.9683,0.2646,0.734,1.0,0.8525,1884.0,530.0,7.0
55.8,0.956,0.526,0.8457,1.0,-0.277,1255.0,1020.0,8.0
10000.0,0.4133,0.77,0.4092,1.0,-0.3215,980.0,26.72,9.0
34.06,0.6367,0.409,0.823,0.9995,-0.1989,1046.0,1042.0,10.0
62.47,0.4307,0.4675,0.6514,1.0,0.7,669.5,532.5,11.0
72.06,0.4595,0.784,0.563,0.999,-0.2007,120.4,859.5,12.0
51.84,0.2302,0.83,0.676,0.999,0.851,889.5,1648.0,13.0
69.4,0.677,0.2517,0.6147,1.0,0.321,572.0,1408.0,14.0
12.9,0.04346,0.695,0.4304,0.9995,-0.793,1281.0,1561.0,15.0
10000.0,0.2947,0.2673,0.2056,0.9995,-0.744,1681.0,1270.0,1.0
78.56,0.7217,0.818,0.6934,0.9995,0.003769,1740.0,293.8,2.0
43.7,0.424,0.10986,0.4998,0.9995,-0.5073,648.0,184.5,3.0
10000.0,0.6157,0.6343,0.4185,0.999,-0.0812,1249.0,1689.0,4.0
42.38,0.7695,0.2966,0.956,1.0,0.4756,707.0,1811.0,5.0
41.47,0.7417,0.5967,0.8774,0.999,-0.9004,1174.0,1563.0,6.0
40.9,0.964,0.305,0.8433,0.9995,-0.71,1804.0,402.0,7.0
48.2,0.5312,0.475,0.6426,0.9995,-0.6265,835.0,838.0,8.0
52.34,0.9067,0.4285,0.7944,1.0,-0.5938,1777.0,1185.0,9.0
34.72,0.0326,0.667,0.2942,1.0,-0.4692,1207.0,378.8,10.0
44.66,0.3567,0.746,0.6265,0.9995,-0.568,772.5,1180.0,11.0
10000.0,0.2203,0.835,0.06714,1.0,0.7812,358.8,1598.0,12.0
41.38,0.6763,0.4312,0.773,0.9995,-0.3882,1403.0,1105.0,13.0
32.16,0.7803,0.1426,0.995,0.999,0.303,1491.0,1486.0,14.0
40.66,0.65,0.5293,0.7954,0.999,-0.4153,1760.0,325.0,15.0
10000.0,0.4102,0.5386,0.3545,0.9995,-0.789,1861.0,1672.0,1.0
23.14,0.1603,0.9683,0.7505,0.9995,0.2732,763.5,393.5,2.0
10000.0,0.6436,0.1963,0.0859,0.9995,0.48,599.0,1149.0,3.0
4.082,0.1538,0.2961,0.8164,1.0,-0.514,793.5,1077.0,4.0
10000.0,0.3606,0.956,0.455,0.999,0.4712,328.5,1777.0,5.0
81.56,0.2424,0.3394,0.3804,0.9995,-0.936,871.0,1816.0,6.0
0.253,0.11615,0.1552,0.71,0.9995,-0.8374,1780.0,1089.0,7.0
37.44,0.2776,0.3926,0.5386,0.9995,-0.601,1006.0,1316.0,8.0
40.3,0.4697,0.5806,0.941,0.999,0.6445,254.0,579.5,9.0
21.08,0.1032,0.349,0.6504,0.9995,0.3206,1412.0,932.0,10.0
52.1,0.526,0.6733,0.676,0.9995,-0.379,948.5,615.5,11.0
39.38,0.567,0.3704,0.7114,0.9995,-0.3743,966.5,909.5,12.0
23.2,0.2004,0.471,0.6265,0.9995,-0.341,1019.5,1088.0,13.0
23.88,0.3066,0.543,0.825,0.9995,0.2114,623.5,783.5,14.0
10000.0,0.8716,0.3125,0.2439,0.999,0.0705,514.0,1857.0,15.0
78.1,0.8022,0.3394,0.697,0.9995,0.66,519.0,1165.0,1.0
84.2,0.7295,0.563,0.5864,0.9995,-0.2566,186.9,750.5,2.0
10000.0,0.8096,0.5547,0.2147,0.9995,0.4045,238.8,1998.0,3.0
92.7,0.398,0.1405,0.3992,0.9995,-0.2443,1828.0,356.5,4.0
53.1,0.4492,0.3872,0.5854,0.9995,-0.1313,1363.0,559.0,5.0
50.66,0.2045,0.708,0.5977,1.0,0.7104,299.8,937.5,6.0
10000.0,0.545,0.445,0.417,1.0,0.8965,409.2,1430.0,7.0
40.97,0.2998,0.19,0.629,0.999,0.3687,670.0,511.2,8.0
10000.0,0.6475,0.1451,0.09875,0.9995,0.8564,1515.0,1644.0,9.0
55.3,0.5737,0.9307,0.796,0.999,0.04456,414.0,1822.0,10.0
10000.0,0.927,0.6064,0.1071,0.9995,0.4414,552.5,1632.0,11.0
42.28,0.4116,0.697,0.694,0.9995,-0.0386,990.5,614.0,12.0
5.31,0.2423,0.3474,0.989,0.999,-0.5347,1808.0,1954.0,13.0
36.0,0.1974,0.606,0.8506,0.9995,0.7715,1396.0,381.8,14.0
33.72,0.5225,0.5664,0.8047,0.9995,-0.1597,1246.0,464.2,15.0
10000.0,0.2493,0.576,0.2081,0.9995,-0.6255,338.2,1633.0,1.0
10000.0,0.615,0.454,0.2107,1.0,-0.1271,489.8,1446.0,2.0
37.75,0.503,0.1436,0.566,0.9995,-0.6587,892.5,86.25,3.0
10000.0,0.676,0.509,0.1818,1.0,-0.3545,489.2,636.0,4.0
10000.0,0.1144,0.614,0.2568,1.0,-0.6997,322.8,357.8,5.0
10000.0,0.3672,0.8354,0.3125,1.0,0.4282,1531.0,311.0,6.0
10000.0,0.2285,0.6216,0.3271,0.9995,-0.8306,467.8,1739.0,7.0
10000.0,0.3713,0.895,0.4475,0.999,0.6914,1695.0,933.0,8.0
10000.0,0.99,0.938,0.0518,0.9995,-0.8076,792.5,89.44,9.0
10000.0,0.3474,0.893,0.2352,0.999,0.7056,178.9,1055.0,10.0
48.16,0.585,0.3076,0.9653,0.9995,0.8496,1583.0,744.0,11.0
41.5,0.1926,0.2026,0.7,1.0,0.75,1682.0,306.2,12.0
38.56,0.823,0.364,0.8135,0.9995,-0.993,360.8,902.5,13.0
10000.0,0.2634,0.781,0.3682,0.9995,0.2048,689.5,318.8,14.0
7.18,0.04977,0.3564,0.458,1.0,-0.991,644.0,1207.0,15.0
10000.0,0.2837,0.806,0.1619,0.999,-0.756,1527.0,745.0,1.0
22.72,0.02342,0.10986,0.682,0.999,0.5566,643.0,889.5,2.0
98.1,0.7495,0.4248,0.619,1.0,0.9175,1147.0,926.0,3.0
61.25,0.603,0.2605,0.56,0.9995,-0.2537,1514.0,1712.0,4.0
39.62,0.0985,0.8403,0.575,0.9995,0.7354,1190.0,1745.0,5.0
10000.0,0.725,0.1396,0.252,0.9995,-0.2947,545.0,979.5,6.0
10000.0,0.6455,0.3694,0.02425,1.0,-0.559,1122.0,863.5,7.0
52.97,0.6387,0.4812,0.663,0.9995,-0.7075,983.5,647.0,8.0
21.73,0.05118,0.4387,0.413,0.9995,-0.2073,948.5,932.0,9.0
54.0,0.8115,0.4429,0.7744,0.9995,-0.01517,1423.0,1910.0,10.0
12.336,0.2944,0.55,0.944,0.999,-0.5874,760.0,631.5,11.0
42.25,0.4685,0.415,0.663,0.9995,-0.1625,1105.0,1443.0,12.0
34.72,0.4128,0.4272,0.6777,0.9995,-0.4158,865.5,1231.0,13.0
30.66,0.343,0.468,0.6978,0.9995,-0.1354,934.0,1175.0,14.0
42.28,0.425,0.3777,0.6846,0.999,0.2355,933.5,724.0,15.0
72.9,0.8516,0.3315,0.617,0.9995,-0.6177,1116.0,921.0,1.0
49.03,0.4065,0.4429,0.587,1.0,-0.3066,646.5,847.5,2.0
10000.0,0.5415,0.9766,0.1278,0.999,-0.8267,111.06,1518.0,3.0
1.025,0.1296,0.162,0.7803,1.0,-0.539,1087.0,1409.0,4.0
24.45,0.773,0.187,0.9463,1.0,-0.1537,355.8,891.5,5.0
48.6,0.555,0.4978,0.7153,0.9995,0.1736,730.5,741.0,6.0
10000.0,0.0919,0.864,0.265,0.9995,-0.479,111.75,1175.0,7.0
10000.0,0.598,0.112,0.4067,0.9995,0.1107,879.0,1071.0,8.0
44.72,0.6016,0.4844,0.777,0.9995,0.226,352.5,784.0,9.0
10000.0,0.6865,0.1294,0.2465,1.0,0.443,1139.0,904.5,10.0
37.9,0.3884,0.3062,0.6772,1.0,0.1677,1003.0,1674.0,11.0
10000.0,0.08264,0.745,0.10315,1.0,-0.9272,173.1,1386.0,12.0
10000.0,0.8813,0.5737,0.0797,0.9995,-0.9287,672.5,112.06,13.0
10000.0,0.962,0.7305,0.1472,0.9995,0.8306,1730.0,976.5,14.0
49.2,0.6113,0.8755,0.9873,0.9995,0.3987,1880.0,1883.0,15.0
36.78,0.7905,0.522,0.975,1.0,-0.7183,1625.0,475.0,1.0
21.36,0.217,0.6426,0.6816,0.9995,-0.5786,5.44,563.0,2.0
10000.0,0.7915,0.975,0.1743,1.0,-0.4153,151.9,745.0,3.0
10000.0,0.8394,0.4077,0.01215,0.9995,-0.825,47.7,1077.0,4.0
10000.0,0.1547,0.818,0.07855,1.0,-0.887,1739.0,1855.0,5.0
19.67,0.1877,0.5786,0.699,0.999,-0.04614,965.5,1962.0,6.0
6.797,0.03934,0.1792,0.7505,1.0,0.1589,1669.0,1273.0,7.0
11.73,0.3625,0.2644,0.863,1.0,-0.408,1843.0,352.0,8.0
28.48,0.2189,0.3494,0.539,1.0,-0.6216,1570.0,1244.0,9.0
44.44,0.6284,0.607,0.856,0.9995,0.3252,1199.0,822.0,10.0
24.48,0.511,0.4717,0.865,1.0,-0.4678,1405.0,801.5,11.0
64.1,0.9956,0.6616,0.855,1.0,-0.81,1823.0,253.2,12.0
22.12,0.2461,0.394,0.6704,0.9995,-0.4082,1366.0,1155.0,13.0
10000.0,0.2563,0.1597,0.2861,0.9995,-0.1046,134.6,154.5,14.0
38.06,0.492,0.365,0.7715,0.9995,0.2915,1171.0,1037.0,15.0
10000.0,0.3137,0.8047,0.10175,0.9995,0.005547,1196.0,1563.0,1.0
10000.0,0.9756,0.183,0.1451,1.0,-0.3538,1322.0,46.8,2.0
10000.0,0.2438,0.692,0.3677,0.999,-0.8325,278.8,410.0,3.0
10000.0,0.6694,0.5996,0.3853,0.9995,-0.6147,1140.0,1611.0,4.0
10000.0,0.777,0.6953,0.04642,0.9995,-0.564,791.5,745.5,5.0
10000.0,0.2058,0.8623,0.11707,0.9995,0.8247,662.0,953.5,6.0
65.94,0.616,0.7656,0.734,1.0,0.4756,1166.0,1604.0,7.0
10000.0,0.806,0.5654,0.011795,0.9995,-0.3625,829.0,194.0,8.0
32.84,0.6177,0.1857,0.7437,0.9995,-0.1543,739.0,575.0,9.0
8.86,0.1287,0.955,0.9395,0.999,-0.1583,504.0,1684.0,10.0
10000.0,0.782,0.967,0.15,0.9995,0.873,355.0,1098.0,11.0
8.9,0.2391,0.11395,0.8486,0.9995,-0.002447,1825.0,617.0,12.0
10000.0,0.96,0.687,0.6714,0.9995,0.5283,947.0,1879.0,13.0
10000.0,0.02107,0.6733,0.2001,0.9995,0.512,791.5,1708.0,14.0
51.72,0.629,0.755,0.827,0.9995,0.2817,1165.0,1070.0,15.0
10000.0,0.5054,0.2578,0.1669,0.9995,-0.5234,1774.0,615.0,1.0
25.6,0.2788,0.431,0.705,0.999,-0.013016,1495.0,145.0,2.0
36.9,0.5083,0.8076,0.868,1.0,-0.4404,895.5,422.0,3.0
0.2576,0.07275,0.459,0.8784,1.0,-0.903,1085.0,753.0,4.0
47.2,0.786,0.1549,0.6904,0.9995,-0.2037,299.0,56.5,5.0
46.4,0.894,0.4192,0.875,1.0,0.04938,324.2,1825.0,6.0
42.62,0.4045,0.4805,0.9155,0.9995,0.8115,1577.0,1042.0,7.0
60.72,0.968,0.597,0.855,0.999,-0.1087,1326.0,448.5,8.0
0.732,0.1152,0.10846,0.8813,0.999,-0.8438,685.5,597.0,9.0
39.5,0.7217,0.4607,0.837,0.9995,-0.232,1156.0,487.5,10.0
42.03,0.5044,0.63,0.739,0.9995,-0.1148,613.0,734.5,11.0
24.47,0.4082,0.4553,0.8823,0.9995,0.2222,1359.0,819.5,12.0
3.277,0.1074,0.612,0.9346,0.999,-0.541,224.0,11.766,13.0
34.56,0.5005,0.4453,0.746,0.9995,-0.2537,481.8,601.0,14.0
8.95,0.1843,0.546,0.8477,1.0,-0.471,16.98,1976.0,15.0
10000.0,0.7974,0.1505,0.0884,0.9995,-0.7847,88.3,52.72,1.0
90.7,0.882,0.7812,0.731,0.9995,0.3572,1779.0,370.8,2.0
10000.0,0.8594,0.3484,0.4124,0.9995,0.462,1787.0,857.5,3.0
10000.0,0.946,0.9355,0.3552,0.9995,-0.6587,1538.0,1059.0,4.0
16.66,0.6743,0.1691,0.9375,0.9995,-0.4875,1184.0,373.5,5.0
10000.0,0.361,0.955,0.2524,0.9995,-0.9727,356.8,1347.0,6.0
10000.0,0.7197,0.625,0.3992,1.0,0.898,1683.0,1430.0,7.0
10000.0,0.8125,0.792,0.4192,1.0,0.7246,1857.0,793.5,8.0
36.94,0.2534,0.7124,0.817,0.9995,0.672,1314.0,1417.0,9.0
10000.0,0.9883,0.2015,0.3926,0.9995,0.2411,1567.0,379.8,10.0
9.12,0.0275,0.2028,0.371,1.0,-0.381,1116.0,178.1,11.0
59.9,0.3406,0.8413,0.698,0.9995,0.8687,1542.0,460.0,12.0
10000.0,0.3723,0.9927,0.12146,0.9995,0.131,452.2,537.5,13.0
10000.0,0.5,0.574,0.1409,0.999,0.07886,769.0,703.5,14.0
48.34,0.5747,0.4314,0.642,0.9995,-0.831,1630.0,123.25,15.0
10000.0,0.4883,0.921,0.187,0.999,0.81,706.5,259.2,1.0
52.03,0.04233,0.4763,0.2961,1.0,0.02727,337.0,1068.0,2.0
10000.0,0.977,0.8105,0.671,1.0,0.1705,469.8,413.0,3.0
39.6,0.3005,0.7314,0.6836,1.0,0.27,1861.0,793.0,4.0
10000.0,0.2429,0.2367,0.05118,1.0,-0.766,803.5,1161.0,5.0
25.03,0.02272,0.521,0.2788,0.9995,-0.671,1055.0,1550.0,6.0
6.625,0.1738,0.3223,0.782,0.9995,-0.562,19.94,1049.0,7.0
53.34,0.5464,0.8965,0.8965,1.0,0.608,1536.0,1897.0,8.0
10000.0,0.1755,0.3613,0.301,0.9995,-0.829,252.5,1756.0,9.0
20.58,0.191,0.557,0.6943,0.9995,0.003214,1418.0,1526.0,10.0
47.62,0.808,0.6875,0.9575,1.0,-0.691,1729.0,1128.0,11.0
84.8,0.9814,0.6113,0.8027,1.0,0.769,1311.0,274.0,12.0
67.06,0.8525,0.2786,0.703,0.999,0.2389,1862.0,1098.0,13.0
34.2,0.4998,0.646,0.796,1.0,-0.4531,1333.0,1046.0,14.0
20.25,0.4312,0.5977,0.9556,0.9995,-0.8096,1499.0,1038.0,15.0
10000.0,0.796,0.449,0.4402,0.9995,0.154,43.78,240.2,1.0
7.723,0.2025,0.4712,0.871,1.0,-0.6216,1368.0,1066.0,2.0
10000.0,0.0873,0.3354,0.1046,1.0,0.1906,1492.0,773.5,3.0
10000.0,0.05692,0.9116,0.10925,0.9995,0.2642,415.0,1202.0,4.0
7.418,0.0633,0.3438,0.5127,1.0,-0.6333,206.9,1232.0,5.0
0.3494,0.09143,0.379,0.978,0.999,-0.6655,785.5,390.2,6.0
10000.0,0.4058,0.2369,0.2705,0.999,-0.608,1703.0,741.0,7.0
10000.0,0.1833,0.591,0.3252,1.0,-0.2725,1769.0,1713.0,8.0
10000.0,0.5024,0.2732,0.03433,0.999,-0.899,1233.0,891.5,9.0
10000.0,0.684,0.727,0.4946,0.9995,-0.11346,5.95,641.5,10.0
74.3,0.798,0.948,0.9883,0.999,0.795,943.0,1637.0,11.0
10000.0,0.9634,0.9146,0.10297,0.999,0.9507,817.5,669.0,12.0
10000.0,0.03497,0.3862,0.1451,0.999,0.509,1270.0,674.5,13.0
46.5,0.6416,0.5205,0.737,0.9995,-0.4028,931.0,1401.0,14.0
31.61,0.4534,0.5815,0.8887,0.9995,0.3225,1213.0,1038.0,15.0
37.12,0.645,0.535,0.834,0.9995,-0.4016,1218.0,672.5,1.0
10000.0,0.4172,0.888,0.04605,0.999,0.786,489.5,353.2,2.0
40.1,0.9297,0.4465,0.99,0.9995,-0.5034,1817.0,1523.0,3.0
19.6,0.3823,0.672,0.991,0.9995,-0.5107,1700.0,1589.0,4.0
25.4,0.556,0.4739,0.95,0.9995,-0.2668,1307.0,1334.0,5.0
2.062,0.12103,0.4976,0.9565,0.9995,-0.7744,694.5,962.5,6.0
20.52,0.2952,0.318,0.7554,0.9995,0.01613,722.5,818.5,7.0
10000.0,0.229,0.7256,0.1326,0.9995,-0.93,1323.0,244.0,8.0
18.48,0.2844,0.7236,0.9287,0.9995,0.0704,766.0,854.5,9.0
34.78,0.1698,0.9966,0.54,0.9995,-0.4937,193.0,1335.0,10.0
19.48,0.2181,0.7446,0.7466,0.9995,-0.3281,547.5,1264.0,11.0
26.66,0.3286,0.9854,0.965,0.9995,0.0609,180.6,1687.0,12.0
15.734,0.369,0.4573,0.9297,0.9995,-0.264,1079.0,1263.0,13.0
75.5,0.09906,0.1137,0.2837,0.9995,-0.788,1767.0,1726.0,14.0
52.7,0.904,0.6377,0.976,1.0,0.04327,925.5,168.2,15.0
19.88,0.56,0.1854,0.7793,0.9995,-0.6987,630.5,608.0,1.0
24.6,0.2151,0.4434,0.7627,0.9995,0.325,1162.0,1693.0,2.0
60.44,0.581,0.7744,0.8105,0.999,0.731,1154.0,1201.0,3.0
33.16,0.4578,0.5566,0.8125,0.9995,0.1908,1109.0,1206.0,4.0
26.77,0.4568,0.3176,0.7554,0.9995,-0.3142,1313.0,961.0,5.0
0.1768,0.1786,0.1547,0.8335,0.9995,-0.863,936.5,1316.0,6.0
23.31,0.07776,0.9927,0.607,1.0,0.3835,1052.0,585.0,7.0
18.62,0.3123,0.3916,0.7793,0.9995,-0.268,1018.5,1285.0,8.0
27.36,0.4153,0.511,0.776,0.9995,-0.3557,879.5,1061.0,9.0
31.28,0.532,0.558,0.886,0.9995,0.0908,946.5,847.5,10.0
85.4,0.96,0.599,0.7036,0.9995,-0.11633,153.6,1551.0,11.0
14.42,0.2507,0.3816,0.806,0.9995,-0.09033,1124.0,1524.0,12.0
15.14,0.3206,0.4934,0.878,0.9995,-0.3945,690.0,1387.0,13.0
7.31,0.05338,0.4878,0.512,0.9995,-0.5767,652.0,1985.0,14.0
14.125,0.2615,0.3672,0.833,0.9995,-0.0007615,1087.0,1532.0,15.0
29.42,0.4692,0.4553,0.8037,0.9995,0.03287,1191.0,716.5,1.0
18.88,0.2052,0.4377,0.871,0.9995,0.324,1293.0,884.5,2.0
35.9,0.4846,0.543,0.74,0.9995,-0.4194,1272.0,655.0,3.0
33.5,0.138,0.5063,0.4592,0.9995,-0.872,1227.0,1325.0,4.0
22.47,0.2026,0.4685,0.6313,0.9995,-0.4077,1234.0,950.5,5.0
16.2,0.2382,0.3877,0.8545,0.9995,0.1825,986.5,439.5,6.0
0.621,0.0167,0.3215,0.5264,0.9995,-0.6514,903.5,1084.0,7.0
29.89,0.4517,0.3894,0.739,0.9995,-0.3647,1420.0,965.5,8.0
11.836,0.145,0.3672,0.9414,0.999,0.2318,1441.0,1398.0,9.0
26.44,0.4849,0.266,0.7393,0.9995,-0.4846,1556.0,827.0,10.0
22.92,0.3247,0.3857,0.723,0.9995,-0.3857,1426.0,862.5,11.0
0.2876,0.01717,0.2484,0.6665,0.9995,-0.2156,1456.0,816.0,12.0
40.88,0.2062,0.8926,0.529,0.9995,-0.5156,1399.0,1463.0,13.0
17.05,0.2167,0.402,0.722,0.9995,-0.2252,1321.0,832.0,14.0
51.3,0.4038,0.95,0.842,0.999,0.7715,888.5,1801.0,15.0
10000.0,0.828,0.949,0.351,1.0,0.524,736.5,1564.0,1.0
30.83,0.4875,0.57,0.809,0.9995,-0.2474,1078.0,625.0,2.0
0.732,0.02263,0.3525,0.855,0.999,-0.3628,801.0,1061.0,3.0
50.06,0.7173,0.3293,0.8115,0.9995,0.4536,1699.0,1246.0,4.0
30.3,0.323,0.6865,0.836,0.9995,0.3738,885.5,967.5,5.0
27.86,0.5776,0.2458,0.743,0.9995,-0.6772,479.2,400.0,6.0
22.12,0.3916,0.487,0.8076,0.9995,-0.4631,987.5,678.5,7.0
39.6,0.3708,0.11163,0.6523,0.9995,0.306,57.16,112.44,8.0
20.62,0.2607,0.6035,0.8306,0.9995,0.1727,1069.0,1020.0,9.0
10000.0,0.688,0.2893,0.066,0.9995,0.894,1398.0,1481.0,10.0
36.84,0.5835,0.3806,0.7715,0.999,0.0007215,1389.0,921.5,11.0
25.61,0.4377,0.428,0.808,0.9995,-0.07996,1160.0,868.5,12.0
19.97,0.34,0.4932,0.817,0.9995,-0.2439,934.0,646.5,13.0
18.89,0.3184,0.4485,0.817,0.9995,-0.0851,1017.5,827.0,14.0
11.61,0.1255,0.2878,0.764,0.9995,0.1278,739.0,772.5,15.0
20.47,0.147,0.7466,0.814,0.9995,0.3691,511.8,549.5,1.0
24.81,0.2142,0.6006,0.6836,0.9995,0.04092,1089.0,610.0,2.0
46.56,0.6846,0.723,0.866,0.9995,-0.3928,290.5,140.5,3.0
87.1,0.1685,0.807,0.3655,1.0,-0.5015,73.06,1908.0,4.0
33.7,0.4934,0.732,0.859,0.9995,-0.2517,948.0,1029.0,5.0
46.5,0.4407,0.5674,0.7896,1.0,0.636,849.5,96.75,6.0
33.78,0.531,0.7686,0.9307,0.9995,-0.753,1473.0,451.8,7.0
10000.0,0.945,0.3713,0.08765,1.0,-0.3179,1801.0,974.0,8.0
30.5,0.846,0.296,0.9087,0.999,-0.689,55.56,666.0,9.0
0.801,0.0435,0.9478,0.994,0.9995,-0.4856,1356.0,393.5,10.0
23.48,0.0139,0.811,0.43,0.9995,0.521,778.5,767.5,11.0
4.1,0.3293,0.158,0.871,1.0,-0.737,1714.0,412.2,12.0
0.03906,0.02428,0.532,0.502,0.9995,-0.98,1669.0,879.5,13.0
13.0,0.1582,0.733,0.789,0.9995,-0.04907,958.5,549.5,14.0
14.55,0.1003,0.667,0.626,0.9995,0.00538,952.5,743.5,15.0
27.39,0.5596,0.5933,0.943,0.999,-0.9785,168.8,1994.0,1.0
27.25,0.397,0.5044,0.789,0.9995,-0.00983,1214.0,604.0,2.0
29.66,0.4727,0.4563,0.7686,0.9995,-0.4104,990.5,907.0,3.0
30.88,0.258,0.6675,0.675,1.0,0.0432,1330.0,1456.0,4.0
17.52,0.1436,0.586,0.6064,0.9995,-0.541,317.0,1672.0,5.0
29.66,0.2769,0.434,0.659,0.9995,-0.0631,733.5,918.0,6.0
10000.0,0.651,0.1175,0.04218,0.999,0.2974,1253.0,189.8,7.0
14.41,0.356,0.4375,0.994,0.9995,-0.0666,1273.0,1671.0,8.0
16.89,0.2114,0.839,0.8,0.9995,-0.4512,1853.0,1781.0,9.0
10000.0,0.53,0.98,0.3396,0.9995,0.946,900.0,1749.0,10.0
87.1,0.3357,0.2374,0.4287,1.0,0.2225,1022.5,1411.0,11.0
18.0,0.2373,0.739,0.7793,0.999,-0.548,806.5,782.5,12.0
32.3,0.2727,0.3625,0.623,0.9995,-0.02061,968.0,1314.0,13.0
20.12,0.332,0.5127,0.806,0.9995,-0.3235,977.5,1038.0,14.0
18.8,0.1996,0.3171,0.5713,0.9995,-0.9775,43.06,1251.0,15.0
93.0,0.412,0.584,0.4412,0.999,-0.502,1315.0,821.5,1.0
30.02,0.581,0.405,0.8286,0.9995,-0.219,832.5,1237.0,2.0
3.01,0.0964,0.591,0.9106,0.9995,-0.439,1027.0,1064.0,3.0
20.62,0.1498,0.656,0.6323,0.9995,-0.0665,1019.0,672.5,4.0
41.9,0.3726,0.5215,0.6187,0.9995,-0.467,1120.0,934.0,5.0
11.39,0.1674,0.8477,0.8765,1.0,-0.3782,1227.0,1922.0,6.0
27.28,0.3477,0.5225,0.7207,0.9995,-0.4539,1041.0,957.5,7.0
27.56,0.587,0.3657,0.8115,0.9995,-0.636,614.5,731.0,8.0
24.67,0.3284,0.3489,0.9146,0.999,0.4043,1340.0,1090.0,9.0
33.62,0.2168,0.755,0.6655,0.9995,0.2864,1492.0,784.5,10.0
19.11,0.295,0.535,0.7964,0.9995,-0.2734,1255.0,1145.0,11.0
21.81,0.2426,0.644,0.752,0.9995,0.01442,1313.0,938.5,12.0
7.176,0.10583,0.5693,0.906,0.9995,0.10895,1438.0,1387.0,13.0
22.05,0.3748,0.4666,0.794,0.9995,-0.403,906.0,974.0,14.0
17.39,0.281,0.4954,0.791,0.9995,-0.3435,1080.0,947.0,15.0
29.69,0.4753,0.4253,0.774,0.9995,-0.2301,885.0,1172.0,1.0
34.25,0.1958,0.535,0.581,0.9995,0.1796,1264.0,732.5,2.0
10.37,0.4475,0.2258,0.931,0.9995,-0.608,328.0,1231.0,3.0
10000.0,0.7676,0.301,0.2472,0.9995,0.552,854.5,122.94,4.0
23.94,0.324,0.3193,0.7305,0.9995,-0.02406,860.5,1281.0,5.0
38.06,0.5464,0.2585,0.71,0.9995,-0.01845,991.0,1322.0,6.0
24.77,0.4158,0.387,0.789,0.9995,-0.1364,889.5,950.5,7.0
20.53,0.407,0.3171,0.805,0.9995,-0.2139,883.5,966.0,8.0
0.6387,0.03937,0.2595,0.818,0.9995,-0.4763,645.5,995.0,9.0
10000.0,0.6475,0.2993,0.3516,0.9995,-0.3381,1891.0,502.5,10.0
7.375,0.01775,0.1154,0.8877,0.9995,0.2139,243.9,574.5,11.0
20.45,0.2893,0.982,0.999,1.0,-0.649,1644.0,770.5,12.0
18.6,0.3115,0.409,0.799,0.9995,-0.1383,887.5,889.5,13.0
0.732,0.0332,0.4163,0.9,0.999,-0.5957,749.0,504.5,14.0
10.56,0.2076,0.3613,0.8364,0.9995,-0.04092,1377.0,1087.0,15.0
30.61,0.4265,0.652,0.8457,0.9995,0.1781,1379.0,1435.0,1.0
36.8,0.4905,0.361,0.728,0.9995,0.04022,766.5,1140.0,2.0
38.66,0.3433,0.756,0.991,0.999,0.7344,678.5,820.0,3.0
25.16,0.4646,0.478,0.829,0.9995,-0.267,1378.0,966.5,4.0
0.587,0.04294,0.453,0.8716,0.9995,-0.714,1226.0,682.5,5.0
26.55,0.352,0.5605,0.771,0.9995,-0.0711,984.0,757.5,6.0
10000.0,0.3682,0.9253,0.3762,0.999,-0.6226,1081.0,1180.0,7.0
22.72,0.3728,0.54,0.8047,0.9995,-0.43,1108.0,915.5,8.0
1.059,0.1327,0.3098,0.8677,0.999,-0.854,1167.0,991.5,9.0
18.28,0.3108,0.5317,0.8354,0.9995,-0.1841,1212.0,1157.0,10.0
27.52,0.613,0.4814,0.893,0.9995,-0.935,1651.0,311.2,11.0
17.52,0.341,0.4714,0.8706,0.9995,-0.0777,1110.0,922.5,12.0
17.14,0.3528,0.4075,0.8345,0.9995,-0.3315,625.0,729.0,13.0
16.75,0.3254,0.4458,0.826,0.9995,-0.3865,1256.0,929.0,14.0
13.27,0.2615,0.4326,0.817,0.9995,-0.4111,1142.0,960.5,15.0
27.62,0.531,0.4236,0.884,0.9995,0.0995,898.0,1460.0,1.0
45.44,0.9937,0.3013,0.874,0.9995,0.03287,1260.0,931.0,2.0
41.7,0.4233,0.6714,0.6904,0.9995,-0.2426,533.0,1016.5,3.0
34.6,0.1957,0.5776,0.651,0.9995,0.4053,678.0,1268.0,4.0
12.805,0.389,0.1217,0.9233,1.0,0.03644,1457.0,1084.0,5.0
37.03,0.663,0.3804,0.8276,0.9995,0.0709,1049.0,1084.0,6.0
7.277,0.193,0.545,0.8647,0.9995,-0.958,514.0,986.5,7.0
10.58,0.4165,0.2842,0.8877,0.9995,-0.8784,1442.0,771.0,8.0
21.05,0.273,0.524,0.7573,0.9995,-0.10156,777.5,1159.0,9.0
24.11,0.523,0.3735,0.851,0.9995,-0.2108,1177.0,1085.0,10.0
70.1,0.2019,0.878,0.4775,1.0,0.6665,647.5,1032.0,11.0
5.727,0.1945,0.4019,0.9263,0.9995,-0.4854,1353.0,1682.0,12.0
1.951,0.1323,0.348,0.869,0.9995,-0.7236,1762.0,729.5,13.0
21.25,0.4426,0.4011,0.839,0.9995,-0.2668,1115.0,1059.0,14.0
17.02,0.4658,0.3127,0.8965,0.9995,-0.3213,757.5,983.5,15.0
67.94,0.4802,0.7827,0.5747,0.9995,-0.854,1446.0,101.25,1.0
59.53,0.3547,0.7075,0.542,0.9995,-0.1656,1027.0,844.0,2.0
14.69,0.2339,0.6826,0.8667,0.9995,-0.2296,677.0,145.1,3.0
12.766,0.264,0.4978,0.883,0.9995,-0.2656,1199.0,1206.0,4.0
24.61,0.1395,0.5933,0.532,1.0,-0.3865,1123.0,744.5,5.0
42.03,0.595,0.2435,0.651,0.9995,-0.4934,1792.0,41.5,6.0
30.67,0.3877,0.436,0.7026,0.9995,-0.3499,1389.0,581.0,7.0
30.9,0.533,0.5474,0.8574,0.9995,-0.01482,1359.0,1269.0,8.0
10.79,0.2439,0.55,0.9517,0.9995,-0.2732,1144.0,1428.0,9.0
17.11,0.679,0.11993,0.865,0.9995,-0.4456,218.6,1192.0,10.0
28.25,0.366,0.8003,0.832,0.999,-0.1823,1704.0,398.0,11.0
12.37,0.288,0.4885,0.979,0.9995,-0.04825,1486.0,753.0,12.0
22.02,0.3806,0.535,0.8447,0.9995,-0.12225,1294.0,1212.0,13.0
21.34,0.3408,0.454,0.777,0.9995,-0.3464,1219.0,871.5,14.0
8.445,0.148,0.573,0.783,0.9995,-0.5186,741.5,1187.0,15.0
10000.0,0.7554,0.3044,0.2952,0.9995,0.3035,1714.0,801.0,1.0
0.732,0.0208,0.8613,0.845,0.9995,-0.8633,350.2,1246.0,2.0
26.02,0.1764,0.6724,0.666,0.9995,0.1945,689.5,1064.0,3.0
4.387,0.092,0.7075,0.929,0.999,-0.11487,476.5,1212.0,4.0
42.84,0.564,0.257,0.773,0.999,0.404,643.0,983.0,5.0
26.12,0.5293,0.4766,0.8276,0.9995,-0.79,558.5,1048.0,6.0
14.83,0.3447,0.5337,0.912,0.9995,-0.7354,585.5,1085.0,7.0
27.25,0.586,0.358,0.807,0.9995,-0.679,716.0,1053.0,8.0
15.06,0.02777,0.5703,0.4502,0.9995,0.183,514.5,1972.0,9.0
14.96,0.04532,0.8794,0.509,0.9995,0.1454,16.44,1064.0,10.0
15.74,0.252,0.6665,0.855,0.9995,-0.2986,466.5,1484.0,11.0
26.48,0.3816,0.4438,0.765,0.999,-0.0935,582.0,983.0,12.0
18.56,0.317,0.555,0.817,0.9995,-0.4956,982.5,990.5,13.0
18.39,0.2683,0.5205,0.7695,0.9995,-0.3157,615.0,1146.0,14.0
20.22,0.3757,0.5205,0.821,0.9995,-0.6543,632.5,1102.0,15.0
34.62,0.3455,0.4658,0.6484,0.9995,-0.4014,706.5,757.0,1.0
24.94,0.02577,0.1921,0.8394,0.9995,0.642,141.4,1954.0,2.0
4.89,0.0913,0.6064,0.8013,1.0,-0.249,1109.0,1966.0,3.0
39.5,0.5923,0.5938,0.7993,0.9995,-0.2712,843.0,846.0,4.0
17.05,0.2169,0.956,0.8438,0.999,-0.733,1075.0,1864.0,5.0
10000.0,0.489,0.8457,0.2252,0.9995,0.6514,1081.0,167.6,6.0
25.44,0.3042,0.4387,0.887,0.9995,0.411,951.5,1404.0,7.0
10000.0,0.8633,0.4932,0.062,0.999,0.2642,1033.0,1605.0,8.0
10000.0,0.352,0.1953,0.2035,0.9995,0.881,1498.0,1226.0,9.0
14.8,0.2306,0.422,0.8384,0.9995,0.101,816.0,1290.0,10.0
19.73,0.485,0.2527,0.8745,0.9995,0.01628,1151.0,1254.0,11.0
0.5566,0.06744,0.4329,0.9136,0.9995,-0.4404,819.5,1554.0,12.0
24.53,0.422,0.5205,0.8203,0.9995,-0.3152,761.5,894.0,13.0
17.16,0.2761,0.573,0.8374,0.9995,-0.1209,737.5,711.0,14.0
11.64,0.1454,0.4104,0.739,0.9995,-0.05304,1047.0,1010.0,15.0
24.78,0.11066,0.174,0.6426,0.9995,0.409,1447.0,1893.0,1.0
36.6,0.3948,0.493,0.713,0.9995,0.1315,936.0,828.0,2.0
35.4,0.2524,0.6904,0.722,0.9995,0.4355,834.0,628.5,3.0
10000.0,0.395,0.9106,0.2854,0.999,-0.2258,1046.0,3.295,4.0
23.19,0.2312,0.6865,0.76,0.9995,0.1482,858.0,719.0,5.0
5.082,0.139,0.1864,0.7646,0.9995,-0.2406,1279.0,1763.0,6.0
31.56,0.2896,0.29,0.601,0.9995,-0.2578,890.0,645.5,7.0
10000.0,0.7383,0.3867,0.3167,0.9995,0.733,439.5,1242.0,8.0
23.34,0.1956,0.381,0.737,0.9995,0.2805,1387.0,1226.0,9.0
20.48,0.1068,0.634,0.6787,0.9995,0.3093,1135.0,698.0,10.0
28.06,0.6074,0.3904,0.867,1.0,-0.2332,1852.0,1045.0,11.0
24.39,0.3862,0.456,0.792,0.9995,-0.137,1407.0,1077.0,12.0
10000.0,0.9834,0.444,0.2998,0.9995,-0.6147,938.0,629.5,13.0
1.926,0.04282,0.7446,0.855,0.9995,0.01686,1505.0,1838.0,14.0
9.23,0.1034,0.3328,0.729,1.0,0.04523,1429.0,669.5,15.0
32.88,0.3752,0.456,0.679,0.9995,-0.3928,778.5,820.0,1.0
29.81,0.4148,0.3916,0.743,0.999,-0.0576,870.5,521.5,2.0
29.6,0.5083,0.4646,0.793,0.9995,-0.367,1006.0,664.0,3.0
37.84,0.4817,0.5796,0.735,0.9995,-0.3525,657.5,1503.0,4.0
46.34,0.599,0.736,0.7856,0.9995,-0.496,682.0,1003.5,5.0
75.8,0.5522,0.5127,0.6655,0.9995,0.905,1242.0,220.8,6.0
10000.0,0.765,0.6323,0.3635,0.999,-0.05582,957.5,1054.0,7.0
31.47,0.4463,0.5806,0.7666,0.9995,-0.457,794.0,947.0,8.0
67.5,0.936,0.2903,0.6685,0.999,-0.5977,796.5,1382.0,9.0
8.49,0.2654,0.3079,0.8823,0.9995,-0.3945,920.5,943.5,10.0
5.605,0.1462,0.504,0.8257,0.9995,-0.672,1009.0,1320.0,11.0
44.2,0.5923,0.6,0.887,1.0,0.4856,1567.0,269.0,12.0
22.08,0.3345,0.4485,0.763,0.9995,-0.3162,958.0,1045.0,13.0
23.36,0.4287,0.5044,0.8643,0.9995,0.01331,1234.0,620.5,14.0
20.45,0.3252,0.555,0.7837,0.9995,-0.6216,821.0,1486.0,15.0
10000.0,0.518,0.552,0.12146,1.0,-0.2144,1487.0,1178.0,1.0
61.7,0.83,0.6177,0.7705,1.0,-0.353,107.4,1039.0,2.0
33.22,0.473,0.758,0.903,0.9995,0.08563,1341.0,1373.0,3.0
35.34,0.294,0.573,0.608,0.9995,-0.6416,1114.0,608.5,4.0
12.13,0.2252,0.7095,0.9897,0.9995,-0.05524,302.5,1512.0,5.0
54.88,0.2458,0.941,0.6733,1.0,0.8555,364.0,1520.0,6.0
19.44,0.266,0.719,0.864,0.9995,0.0835,541.5,401.5,7.0
25.19,0.3005,0.6973,0.7812,0.9995,0.014,1218.0,914.0,8.0
22.6,0.3281,0.701,0.8486,0.9995,-0.0893,942.5,1107.0,9.0
31.34,0.4392,0.609,0.788,0.9995,-0.1743,1109.0,879.5,10.0
24.56,0.355,0.6133,0.793,0.9995,-0.3447,1070.0,898.5,11.0
14.15,0.2336,0.1368,0.924,0.9995,0.2234,1505.0,1364.0,12.0
60.12,0.8164,0.611,0.7515,1.0,-0.89,862.5,1476.0,13.0
20.0,0.1503,0.4246,0.57,0.9995,-0.359,369.2,884.5,14.0
19.16,0.3125,0.57,0.8394,0.9995,-0.1304,1022.0,1179.0,15.0
7.402,0.2172,0.4849,0.9644,0.999,-0.4614,310.0,682.0,1.0
51.2,0.585,0.5996,0.705,0.9995,-0.1514,748.5,328.8,2.0
6.855,0.2778,0.131,0.907,0.999,-0.09393,857.0,225.4,3.0
29.61,0.4822,0.538,0.923,0.999,0.2465,274.0,1867.0,4.0
6.094,0.1139,0.7744,0.8623,1.0,-0.5093,833.5,1341.0,5.0
28.7,0.3772,0.4219,0.722,0.9995,-0.2023,1050.0,710.5,6.0
31.0,0.3262,0.3064,0.6387,0.9995,-0.276,989.0,541.0,7.0
0.4827,0.0381,0.7163,0.754,1.0,-0.542,1188.0,1134.0,8.0
18.7,0.2598,0.4546,0.757,0.9995,-0.1578,1209.0,504.2,9.0
2.186,0.084,0.4485,0.842,0.9995,-0.3481,1500.0,788.5,10.0
97.0,0.899,0.5815,0.722,0.999,0.96,244.8,1434.0,11.0
14.586,0.2465,0.4321,0.812,0.9995,-0.0943,721.5,1035.0,12.0
3.314,0.1052,0.5654,0.952,0.9995,-0.3154,1456.0,1082.0,13.0
24.28,0.1703,0.672,0.713,0.9995,0.278,1040.0,1308.0,14.0
17.61,0.2134,0.571,0.7427,0.9995,-0.2122,1013.0,509.2,15.0
37.8,0.2693,0.652,0.8994,0.999,0.773,1662.0,1489.0,1.0
34.28,0.3389,0.6597,0.725,0.9995,0.1365,1205.0,863.5,2.0
24.36,0.4497,0.5303,0.8374,0.9995,-0.4417,991.0,708.0,3.0
10000.0,0.248,0.7563,0.07446,0.9995,-0.772,158.9,324.2,4.0
48.78,0.6167,0.6377,0.77,0.9995,0.07935,1315.0,753.0,5.0
27.4,0.2485,0.5825,0.657,0.9995,-0.3325,1006.5,1078.0,6.0
0.704,0.0712,0.2952,0.881,1.0,-0.2145,406.0,1149.0,7.0
20.86,0.2659,0.578,0.858,0.9995,0.2394,1190.0,1302.0,8.0
31.52,0.4126,0.543,0.763,0.9995,0.00235,1100.0,845.5,9.0
2.254,0.2126,0.2339,0.9375,1.0,-0.671,53.75,1250.0,10.0
20.44,0.3247,0.4521,0.7876,0.9995,-0.2136,786.0,928.0,11.0
19.19,0.2437,0.3613,0.7075,0.9995,-0.2734,863.5,880.5,12.0
17.22,0.332,0.4739,0.8394,0.9995,-0.3413,818.5,893.0,13.0
14.08,0.2275,0.399,0.854,0.9995,0.1189,773.0,1257.0,14.0
19.3,0.3113,0.4446,0.773,0.9995,-0.387,885.5,1076.0,15.0
73.7,0.9565,0.8115,0.8594,1.0,-0.363,985.5,1513.0,1.0
44.22,0.6704,0.624,0.8164,0.9995,-0.3975,999.0,1156.0,2.0
91.94,0.4639,0.854,0.5244,0.9995,0.3132,1154.0,1821.0,3.0
5.89,0.1377,0.1896,0.697,0.999,-0.4487,1067.0,199.2,4.0
37.7,0.3582,0.6553,0.7285,0.9995,0.2505,1349.0,509.5,5.0
34.53,0.419,0.3362,0.691,0.9995,-0.01204,1053.0,512.5,6.0
26.14,0.401,0.3672,0.7344,0.9995,-0.4075,1242.0,715.0,7.0
25.19,0.4326,0.3682,0.7827,0.9995,-0.2076,1019.0,722.0,8.0
21.34,0.42,0.5063,0.8374,0.9995,-0.6133,731.0,489.5,9.0
11.19,0.343,0.1969,0.837,0.9995,-0.2996,672.5,943.0,10.0
73.06,0.4688,0.4436,0.5156,0.999,0.03214,1877.0,199.4,11.0
27.33,0.274,0.718,0.9336,0.999,0.471,1832.0,1427.0,12.0
27.27,0.5264,0.4172,0.822,0.999,-0.2866,1430.0,635.0,13.0
17.98,0.2014,0.3704,0.64,0.9995,-0.6416,1881.0,1244.0,14.0
7.684,0.2173,0.2534,0.7817,0.999,-0.5454,1686.0,1834.0,15.0
49.12,0.2336,0.8677,0.513,0.999,-0.3835,1337.0,1293.0,1.0
74.0,0.2717,0.599,0.425,1.0,-0.9165,1645.0,1061.0,2.0
10000.0,0.72,0.2357,0.1416,0.9995,0.06714,1659.0,857.0,3.0
30.14,0.557,0.389,0.821,0.9995,-0.04532,1013.0,1372.0,4.0
9.75,0.4006,0.2131,0.844,1.0,-0.7485,1306.0,1103.0,5.0
35.8,0.318,0.8755,0.709,0.9995,-0.1991,276.0,48.3,6.0
22.69,0.2603,0.5396,0.837,0.9995,0.2917,1031.0,707.5,7.0
10.64,0.04987,0.3428,0.775,1.0,0.248,461.2,1004.0,8.0
17.8,0.2301,0.582,0.747,0.9995,-0.3743,480.0,754.0,9.0
0.732,0.0195,0.61,0.951,0.9995,-0.478,876.5,1847.0,10.0
19.52,0.255,0.6616,0.7827,0.9995,-0.2174,471.8,656.5,11.0
22.25,0.2134,0.677,0.693,0.999,-0.296,938.5,1244.0,12.0
4.26,0.109,0.6836,0.966,1.0,-0.3252,708.0,1674.0,13.0
0.373,0.08417,0.4387,0.96,0.9995,-0.7393,116.0,1971.0,14.0
16.2,0.282,0.4282,0.804,0.9995,-0.2273,629.0,1009.0,15.0
18.8,0.3718,0.3474,0.8096,0.9995,-0.27,975.0,955.0,1.0
0.4895,0.0529,0.2864,0.854,0.9995,-0.095,1023.5,906.5,2.0
13.05,0.2737,0.442,0.8423,0.9995,-0.3901,765.5,601.5,3.0
13.83,0.407,0.2295,0.8457,0.9995,-0.33,542.5,888.0,4.0
10.87,0.2068,0.4058,0.8237,0.9995,-0.1476,1389.0,1361.0,5.0
11.35,0.1425,0.3818,0.698,0.9995,-0.2866,618.0,734.0,6.0
8.93,0.4656,0.2434,0.9717,0.9995,-0.923,1847.0,81.44,7.0
15.57,0.3127,0.4956,0.8735,0.9995,-0.2568,1061.0,850.0,8.0
7.047,0.1554,0.4966,0.897,0.9995,-0.137,583.0,1123.0,9.0
25.52,0.541,0.455,0.927,0.9995,-0.1178,947.0,485.5,10.0
9.664,0.1622,0.4211,0.8843,0.999,0.10364,960.5,561.5,11.0
9.92,0.2002,0.4924,0.8535,0.9995,-0.268,794.0,318.5,12.0
11.164,0.2883,0.287,0.837,0.9995,-0.328,751.5,775.5,13.0
0.732,0.1014,0.1062,0.802,1.0,-0.7227,1117.0,719.0,14.0
8.15,0.204,0.361,0.84,0.9995,-0.3542,769.0,635.5,15.0
16.05,0.271,0.4255,0.805,0.9995,-0.1399,940.5,738.5,1.0
5.25,0.11774,0.2822,0.849,0.9995,0.02913,767.5,577.0,2.0
14.95,0.2184,0.467,0.737,0.9995,-0.531,266.0,796.0,3.0
18.38,0.2363,0.471,0.732,0.9995,-0.2842,946.5,1332.0,4.0
0.732,0.05316,0.1313,0.8228,0.9995,-0.6035,709.0,1492.0,5.0
10.82,0.1937,0.352,0.7573,0.9995,-0.401,828.0,1235.0,6.0
8.14,0.1959,0.3486,0.795,0.9995,-0.51,476.0,961.0,7.0
22.66,0.2312,0.8525,0.725,0.9995,-0.63,201.5,1303.0,8.0
13.2,0.1996,0.31,0.681,0.9995,-0.682,348.8,1127.0,9.0
4.48,0.205,0.2778,0.977,0.9995,-0.2462,707.5,822.5,10.0
9.15,0.1114,0.3591,0.6685,0.9995,-0.3047,723.0,932.5,11.0
5.0,0.1858,0.2747,0.828,0.9995,-0.5186,595.5,1052.0,12.0
11.06,0.1932,0.5566,0.8027,0.9995,-0.4758,530.5,1129.0,13.0
8.0,0.2018,0.3113,0.839,0.9995,-0.2328,757.5,1233.0,14.0
5.105,0.1874,0.2559,0.8394,0.9995,-0.3997,728.0,1205.0,15.0
14.33,0.1956,0.574,0.7993,0.9995,0.01369,946.5,1111.0,1.0
14.59,0.2485,0.528,0.8164,0.9995,-0.3262,971.0,1028.0,2.0
13.8,0.2294,0.43,0.813,0.9995,-0.0454,527.0,1351.0,3.0
5.637,0.1065,0.2421,0.7534,0.999,-0.09973,268.0,51.56,4.0
12.12,0.104,0.4553,0.6084,0.9995,-0.281,886.5,1036.0,5.0
10.9,0.2444,0.4736,0.8594,0.9995,-0.4934,615.5,1076.0,6.0
0.732,0.02867,0.3582,0.7236,0.999,-0.865,1086.0,695.0,7.0
2.203,0.1433,0.44,0.98,0.9995,-0.7686,887.5,1159.0,8.0
7.457,0.0491,0.8057,0.4932,0.9995,-0.91,23.94,381.2,9.0
15.07,0.1727,0.4788,0.6704,0.9995,-0.6094,690.0,1044.0,10.0
8.61,0.1509,0.4883,0.759,0.9995,-0.5444,739.0,1154.0,11.0
8.51,0.1609,0.5166,0.8276,0.9995,-0.2659,836.5,1027.0,12.0
9.46,0.1703,0.506,0.783,0.9995,-0.4941,922.5,829.5,13.0
8.375,0.1798,0.4832,0.8237,0.9995,-0.4878,649.5,1047.0,14.0
1.79,0.08105,0.364,0.8115,0.9995,-0.345,710.5,955.0,15.0
0.732,0.0394,0.3555,0.72,0.9995,-0.9487,350.8,1474.0,1.0
10.14,0.3723,0.3723,0.9917,0.9995,-0.772,233.6,841.5,2.0
9.8,0.1433,0.3079,0.721,0.9995,-0.2162,1145.0,1426.0,3.0
13.04,0.1124,0.6733,0.661,0.9995,-0.2102,503.2,1093.0,4.0
7.9,0.0512,0.95,0.6797,1.0,0.0908,220.6,1184.0,5.0
0.732,0.01492,0.655,0.7476,0.9995,-0.7246,599.5,1340.0,6.0
10.234,0.1428,0.587,0.74,0.9995,-0.476,618.5,1108.0,7.0
10000.0,0.643,0.4075,0.3428,0.999,-0.02473,1549.0,1861.0,8.0
22.52,0.359,0.5767,0.824,0.9995,-0.2225,856.0,990.5,9.0
11.93,0.2021,0.5,0.793,0.9995,-0.3496,785.0,1038.0,10.0
20.0,0.4504,0.46,0.8657,0.9995,-0.612,1386.0,856.5,11.0
9.836,0.1886,0.5635,0.863,0.9995,-0.2927,1085.0,987.5,12.0
7.58,0.1539,0.478,0.7925,0.9995,-0.4907,768.5,1152.0,13.0
6.93,0.1323,0.5537,0.771,0.9995,-0.623,607.5,1142.0,14.0
6.355,0.1431,0.5093,0.821,0.9995,-0.4858,884.0,1138.0,15.0
16.78,0.3376,0.4426,0.8584,0.9995,-0.1619,1285.0,797.0,1.0
17.05,0.397,0.3306,0.811,0.9995,-0.609,895.0,526.0,2.0
2.787,0.03607,0.5967,0.883,0.9995,0.08685,1383.0,1139.0,3.0
19.34,0.347,0.47,0.818,0.9995,-0.3213,1297.0,878.5,4.0
17.02,0.2113,0.5503,0.7573,0.9995,-0.0828,978.0,927.5,5.0
10.164,0.0886,0.4375,0.666,0.9995,0.0198,966.5,1012.5,6.0
14.28,0.2585,0.439,0.8003,0.9995,-0.3691,1044.0,780.5,7.0
0.2622,0.0397,0.5015,0.9155,0.9995,-0.3083,1565.0,1074.0,8.0
13.49,0.2576,0.437,0.823,0.9995,-0.2915,1336.0,919.5,9.0
9.05,0.07904,0.516,0.642,0.9995,-0.09644,958.0,1407.0,10.0
11.5,0.2312,0.465,0.8516,0.9995,-0.2432,1334.0,878.5,11.0
5.445,0.1305,0.592,0.8447,0.999,-0.62,1017.0,1463.0,12.0
0.732,0.0107,0.448,0.758,0.9995,-0.31,1515.0,1461.0,13.0
7.18,0.1547,0.5166,0.858,0.9995,-0.3035,1333.0,1019.0,14.0
6.22,0.0938,0.482,0.756,0.9995,-0.1439,1185.0,999.5,15.0
14.13,0.3008,0.5425,0.878,0.9995,-0.653,1189.0,1051.0,1.0
12.94,0.202,0.618,0.7935,0.9995,-0.474,633.0,758.0,2.0
14.58,0.243,0.554,0.831,0.9995,-0.2103,1045.0,1272.0,3.0
42.16,0.532,0.506,0.7607,0.9995,0.2081,595.0,1292.0,4.0
12.89,0.256,0.4463,0.838,0.9995,-0.2917,1057.0,1073.0,5.0
0.2666,0.05276,0.394,0.831,1.0,-0.4558,1465.0,822.0,6.0
15.72,0.2146,0.3958,0.7354,1.0,-0.2366,1042.0,1182.0,7.0
8.695,0.169,0.509,0.7993,0.9995,-0.4983,885.0,945.5,8.0
12.234,0.2113,0.592,0.893,0.9995,0.007076,1450.0,1291.0,9.0
0.3503,0.05933,0.3792,0.8315,1.0,-0.7803,1355.0,900.0,10.0
7.688,0.1779,0.4592,0.8374,0.9995,-0.4539,1116.0,1154.0,11.0
0.732,0.01862,0.3547,0.7383,1.0,-0.6914,1136.0,1233.0,12.0
7.113,0.1484,0.504,0.8306,0.9995,-0.3374,1274.0,1146.0,13.0
9.06,0.1818,0.5015,0.836,0.9995,-0.3472,1117.0,1167.0,14.0
6.152,0.179,0.3296,0.84,1.0,-0.377,1465.0,996.5,15.0
17.23,0.3357,0.4785,0.8354,0.9995,-0.4368,982.0,989.5,1.0
1.921,0.2493,0.1812,0.973,0.9995,-0.5693,1176.0,1163.0,2.0
14.51,0.2942,0.4187,0.8276,0.9995,-0.3723,1110.0,1086.0,3.0
15.09,0.0986,0.7075,0.578,1.0,-0.2854,19.0,522.5,4.0
18.62,0.3843,0.503,0.8687,0.9995,-0.4436,917.0,1044.0,5.0
0.732,0.1224,0.1415,0.8574,0.999,-0.926,778.5,826.0,6.0
6.934,0.3022,0.1943,0.8965,0.9995,-0.347,1167.0,1052.0,7.0
10.766,0.146,0.501,0.7163,0.9995,-0.491,503.2,761.5,8.0
11.52,0.3037,0.3857,0.8633,0.9995,-0.571,895.5,1025.0,9.0
8.95,0.2411,0.3374,0.835,0.9995,-0.4993,1052.0,1025.0,10.0
0.732,0.0723,0.1266,0.8223,0.9995,-0.6816,1092.0,902.0,11.0
8.195,0.3687,0.197,0.8926,0.9995,-0.476,904.5,1054.0,12.0
10000.0,0.4824,0.341,0.3516,0.9995,-0.682,137.8,926.0,13.0
5.418,0.262,0.2233,0.871,0.9995,-0.563,977.5,1008.0,14.0
7.23,0.3372,0.2505,0.9097,0.9995,-0.671,633.0,1128.0,15.0
20.31,0.3616,0.674,0.911,0.9995,-0.4849,1247.0,693.5,1.0
65.2,0.2344,0.9966,0.47,0.9995,-0.282,849.5,1931.0,2.0
14.805,0.2493,0.636,0.842,0.9995,-0.4714,1150.0,870.5,3.0
1.883,0.07294,0.835,0.936,0.9995,-0.7744,1283.0,694.0,4.0
9.484,0.1633,0.6543,0.821,0.9995,-0.4944,1078.0,969.0,5.0
17.05,0.1871,0.6514,0.7163,0.9995,-0.3835,1048.0,1087.0,6.0
12.19,0.1982,0.6084,0.815,0.9995,-0.3696,971.0,1080.0,7.0
26.28,0.1898,0.8594,0.636,0.9995,-0.4092,1032.0,1530.0,8.0
11.79,0.2203,0.4915,0.8765,0.999,-0.00625,1136.0,1064.0,9.0
1.891,0.0997,0.545,0.963,0.999,-0.6,696.5,1503.0,10.0
7.316,0.1418,0.63,0.8457,0.9995,-0.4297,946.5,1069.0,11.0
11.75,0.2024,0.8228,0.955,0.9995,-0.516,1336.0,818.0,12.0
5.695,0.07965,0.6606,0.675,0.9995,-0.6465,1093.0,1201.0,13.0
11.43,0.24,0.5474,0.898,0.9995,-0.3809,1038.0,1160.0,14.0
7.332,0.1464,0.721,0.8926,0.9995,-0.587,1130.0,894.0,15.0
18.12,0.4055,0.4438,0.8486,0.9995,-0.625,1263.0,699.0,1.0
13.23,0.1764,0.879,0.8936,0.9995,-0.02524,258.2,336.0,2.0
11.04,0.2008,0.585,0.856,0.9995,-0.3,599.5,1084.0,3.0
13.914,0.2295,0.3994,0.7583,0.9995,-0.4072,990.5,979.0,4.0
10.86,0.1301,0.3386,0.75,0.9995,0.05374,1089.0,1288.0,5.0
2.322,0.08386,0.4795,0.908,0.9995,-0.212,1088.0,475.8,6.0
12.53,0.2393,0.4666,0.808,0.9995,-0.4817,838.0,1183.0,7.0
8.83,0.1587,0.535,0.833,0.9995,-0.182,845.5,758.5,8.0
0.571,0.09796,0.2979,0.937,0.9995,-0.4514,1428.0,1038.0,9.0
9.45,0.163,0.6357,0.8647,0.9995,-0.1781,601.5,533.0,10.0
8.836,0.1725,0.4504,0.8,0.9995,-0.3682,992.0,967.0,11.0
0.4238,0.0805,0.2245,0.822,0.9995,-0.3284,1265.0,250.2,12.0
1.008,0.1205,0.4082,0.978,0.9995,-0.79,699.5,33.34,13.0
0.3967,0.0762,0.362,0.9824,0.9995,-0.772,941.5,186.1,14.0
0.3367,0.0705,0.2524,0.8945,0.9995,-0.2181,595.0,555.0,15.0
6.156,0.1329,0.3352,0.854,0.9995,0.01901,478.5,1476.0,1.0
16.62,0.385,0.3555,0.872,0.9995,-0.11957,982.5,1012.5,2.0
13.05,0.28,0.4163,0.849,0.9995,-0.3005,921.5,1094.0,3.0
20.58,0.3594,0.6055,0.88,1.0,-0.192,515.0,1022.5,4.0
0.254,0.0627,0.3894,0.81,0.9995,-0.691,1565.0,1402.0,5.0
2.568,0.1459,0.4446,0.96,0.9995,-0.774,442.5,1102.0,6.0
11.09,0.1786,0.601,0.8477,0.9995,-0.05417,766.5,908.5,7.0
9.42,0.2122,0.467,0.86,0.9995,-0.4011,968.0,1174.0,8.0
0.391,0.0662,0.4192,0.9746,0.9995,-0.7705,896.5,1447.0,9.0
6.99,0.1649,0.431,0.771,1.0,-0.7944,433.5,829.0,10.0
7.0,0.1432,0.544,0.861,0.9995,-0.2307,880.5,1197.0,11.0
47.7,0.3254,0.3274,0.6055,0.9995,0.3374,453.8,432.5,12.0
12.0,0.317,0.4524,0.9243,0.999,-0.536,1053.0,1402.0,13.0
5.707,0.1554,0.4705,0.8696,0.9995,-0.4773,883.5,1221.0,14.0
7.984,0.1908,0.464,0.849,0.9995,-0.504,922.5,1091.0,15.0
21.64,0.3977,0.3796,0.7886,0.9995,-0.3975,767.5,578.0,1.0
26.31,0.31,0.478,0.7153,0.9995,-0.1677,976.5,1042.0,2.0
18.58,0.1079,0.492,0.515,0.9995,-0.5254,1105.0,1291.0,3.0
1.454,0.10406,0.2876,0.811,0.9995,-0.5186,1006.5,1113.0,4.0
15.14,0.2272,0.5625,0.8164,0.9995,-0.05606,700.0,1335.0,5.0
14.055,0.221,0.5435,0.8193,0.9995,-0.1078,747.5,719.5,6.0
14.984,0.1632,0.4175,0.6465,0.9995,-0.561,1163.0,1195.0,7.0
8.76,0.2922,0.284,0.9834,1.0,-0.09247,97.5,907.5,8.0
11.73,0.2218,0.3394,0.7515,0.9995,-0.5522,1501.0,1185.0,9.0
0.2424,0.1764,0.1087,0.8325,1.0,-0.854,1550.0,1131.0,10.0
10.11,0.1262,0.475,0.743,0.9995,-0.07416,1155.0,904.0,11.0
3.684,0.185,0.3174,0.993,0.9995,-0.3262,1327.0,512.5,12.0
8.66,0.1798,0.427,0.822,0.9995,-0.2988,1073.0,886.0,13.0
0.732,0.05225,0.1946,0.7583,0.9995,-0.7036,1355.0,1233.0,14.0
9.32,0.3582,0.267,0.882,0.9995,-0.659,1236.0,1557.0,15.0
23.23,0.358,0.5093,0.7837,0.9995,-0.3264,806.5,1166.0,1.0
8.234,0.0978,0.4668,0.7715,0.9995,0.06415,888.0,1414.0,2.0
0.694,0.0837,0.2239,0.8755,0.9995,-0.84,640.5,1125.0,3.0
15.61,0.26,0.4763,0.7935,0.9995,-0.33,845.0,1165.0,4.0
10.77,0.2037,0.4373,0.815,0.9995,-0.2605,707.0,1080.0,5.0
15.97,0.03085,0.1346,0.477,0.999,0.2651,829.0,219.4,6.0
7.344,0.0839,0.255,0.657,0.9995,-0.0608,855.5,643.5,7.0
11.49,0.2162,0.3464,0.7964,0.9995,-0.1853,802.5,943.0,8.0
9.64,0.1975,0.4104,0.8076,0.9995,-0.3672,861.0,1061.0,9.0
0.3762,0.05396,0.3428,0.8467,0.9995,-0.6235,952.0,972.5,10.0
0.732,0.02937,0.2576,0.892,0.9995,-0.57,1082.0,968.5,11.0
3.41,0.0848,0.338,0.801,0.9995,-0.11316,673.0,924.0,12.0
1.065,0.08514,0.4553,0.8193,0.9995,-0.779,834.5,622.5,13.0
0.732,0.0207,0.3699,0.9126,0.9995,-0.6953,864.5,534.5,14.0
17.73,0.3726,0.1005,0.9595,0.9995,0.1831,1590.0,1039.0,15.0
17.44,0.3157,0.452,0.818,0.9995,-0.2825,1016.5,1028.0,1.0
23.75,0.3958,0.3599,0.7734,0.9995,-0.2137,1064.0,1235.0,2.0
75.3,0.4453,0.2426,0.6055,0.9995,0.944,27.2,1462.0,3.0
16.9,0.2441,0.4778,0.7515,0.9995,-0.3804,1207.0,1055.0,4.0
20.56,0.2651,0.4395,0.709,0.9995,-0.4817,1197.0,1255.0,5.0
4.152,0.1517,0.461,0.9556,0.9995,-0.462,1276.0,907.5,6.0
1.69,0.1273,0.4255,0.923,0.9995,-0.8545,1208.0,1002.5,7.0
11.484,0.1921,0.6294,0.825,0.9995,-0.4175,846.5,1296.0,8.0
13.86,0.4119,0.3398,0.919,0.9995,-0.4778,1174.0,831.5,9.0
13.01,0.2854,0.4233,0.849,0.9995,-0.3875,1023.0,1113.0,10.0
10.88,0.2052,0.4849,0.797,0.9995,-0.5127,1155.0,1233.0,11.0
3.709,0.1725,0.2152,0.859,0.9995,-0.3071,234.2,1670.0,12.0
0.5654,0.05457,0.4792,0.9434,0.9995,-0.8916,1005.0,1591.0,13.0
9.91,0.276,0.4182,0.907,0.9995,-0.537,1064.0,1151.0,14.0
6.016,0.1573,0.482,0.8496,0.9995,-0.556,1089.0,1283.0,15.0
10000.0,0.9644,0.595,0.3154,0.999,-0.508,427.0,1849.0,1.0
1.276,0.2109,0.234,0.956,0.999,-0.846,1712.0,1317.0,2.0
12.58,0.2151,0.5474,0.8203,0.9995,-0.3137,879.0,933.0,3.0
14.945,0.413,0.3462,0.931,0.9995,-0.2925,1474.0,810.5,4.0
11.586,0.298,0.396,0.892,0.9995,-0.3884,1340.0,965.0,5.0
17.56,0.316,0.6357,0.8833,0.9995,-0.487,837.5,1333.0,6.0
12.53,0.1853,0.5327,0.777,0.9995,-0.254,1323.0,1350.0,7.0
0.402,0.0545,0.503,0.8154,0.9995,-0.602,1119.0,1045.0,8.0
7.33,0.2025,0.3035,0.8755,0.9995,-0.1603,1332.0,1154.0,9.0
0.732,0.02249,0.483,0.813,0.999,-0.6626,1139.0,1305.0,10.0
3.143,0.0955,0.1481,0.782,1.0,-0.0639,162.1,33.1,11.0
8.66,0.2212,0.327,0.828,0.9995,-0.3914,903.5,963.5,12.0
14.13,0.2323,0.553,0.92,0.999,0.1215,881.5,874.5,13.0
0.732,0.0612,0.1957,0.975,0.9995,-0.7354,1004.0,827.5,14.0
15.51,0.1697,0.8613,0.747,0.999,-0.503,1255.0,1011.0,15.0
1.178,0.09045,0.5737,0.9526,0.9995,-0.8047,1423.0,1416.0,1.0
18.31,0.345,0.3188,0.7974,0.9995,-0.185,974.5,725.0,2.0
13.16,0.2427,0.3965,0.7983,0.9995,-0.2874,995.0,859.0,3.0
14.086,0.2415,0.537,0.832,0.9995,-0.2277,849.5,979.0,4.0
11.7,0.2194,0.543,0.875,0.9995,-0.1587,780.5,862.5,5.0
-0.0838,0.1042,0.1465,0.7983,0.9995,-0.4976,62.06,421.0,6.0
14.47,0.1553,0.5054,0.7056,0.9995,-0.1626,847.5,671.5,7.0
17.52,0.3225,0.4387,0.8003,0.9995,-0.4722,863.0,879.0,8.0
12.48,0.2396,0.4087,0.7905,0.9995,-0.4575,764.0,901.5,9.0
8.086,0.1924,0.3342,0.844,0.9995,-0.1742,625.0,558.0,10.0
37.06,0.765,0.2844,0.7686,0.9995,-0.867,1352.0,251.0,11.0
23.81,0.455,0.3557,0.771,0.9995,-0.637,1153.0,577.0,12.0
2.959,0.1455,0.4258,0.8936,0.9995,-0.8193,937.5,1422.0,13.0
0.732,0.02649,0.1646,0.783,0.9995,-0.744,632.0,856.0,14.0
14.23,0.2861,0.3572,0.7773,0.9995,-0.5815,961.0,744.5,15.0
14.34,0.2158,0.5835,0.8125,0.9995,-0.1407,984.0,938.0,1.0
12.945,0.283,0.5547,0.9277,0.9995,-0.412,1367.0,1343.0,2.0
0.345,0.1355,0.2627,0.899,0.9995,-0.901,998.0,1190.0,3.0
16.4,0.3303,0.489,0.8965,0.9995,-0.08875,654.0,1564.0,4.0
10.97,0.2489,0.4338,0.877,0.9995,-0.2778,841.5,1285.0,5.0
17.94,0.1958,0.6646,0.7065,0.9995,-0.5283,1241.0,1319.0,6.0
8.44,0.11914,0.539,0.8965,0.9995,0.1278,587.5,1038.0,7.0
2.238,0.01747,0.3582,0.8994,0.9995,0.0919,678.5,1301.0,8.0
46.5,0.2294,0.2056,0.4924,1.0,0.1694,1092.0,91.94,9.0
7.453,0.16,0.4043,0.8276,0.9995,-0.2119,902.5,943.0,10.0
7.98,0.2068,0.466,0.9087,0.9995,-0.4111,1161.0,1246.0,11.0
5.895,0.195,0.345,0.888,0.9995,-0.4119,960.5,1043.0,12.0
8.92,0.161,0.525,0.7935,0.9995,-0.4297,1099.0,1199.0,13.0
9.375,0.1846,0.537,0.902,0.9995,-0.0741,975.5,1420.0,14.0
6.816,0.1427,0.619,0.877,0.9995,-0.405,1109.0,1529.0,15.0
26.7,0.3687,0.546,0.77,0.9995,-0.1868,735.0,864.5,1.0
18.9,0.3433,0.3633,0.7803,0.9995,-0.3896,1183.0,917.5,2.0
10000.0,0.9326,0.8257,0.4883,0.9995,-0.76,1153.0,1699.0,3.0
18.78,0.2744,0.55,0.793,0.9995,-0.1718,796.0,1085.0,4.0
4.46,0.101,0.576,0.9863,0.9995,0.04382,415.8,1429.0,5.0
14.09,0.207,0.5444,0.799,0.9995,-0.09106,883.0,1588.0,6.0
87.06,0.885,0.98,0.8228,0.999,0.132,1521.0,443.2,7.0
13.87,0.1931,0.4802,0.7544,0.9995,-0.2491,848.0,1113.0,8.0
0.295,0.0381,0.4468,0.8784,0.9995,-0.1887,772.0,958.0,9.0
12.516,0.2898,0.3872,0.8696,0.9995,-0.2384,718.0,1013.5,10.0
9.79,0.2324,0.4236,0.9165,0.9995,-0.131,1013.5,1313.0,11.0
0.948,0.0735,0.4233,0.961,0.9995,-0.264,597.0,685.0,12.0
11.06,0.1906,0.505,0.86,0.9995,0.02846,959.0,1134.0,13.0
12.086,0.2242,0.4424,0.828,0.9995,-0.173,781.5,983.5,14.0
15.055,0.2913,0.423,0.832,0.9995,-0.2323,821.0,1071.0,15.0
0.44,0.02202,0.451,0.961,0.9995,-0.2021,1186.0,1447.0,1.0
14.11,0.1271,0.6997,0.7344,0.9995,0.0857,1071.0,794.0,2.0
6.703,0.1466,0.526,0.7686,0.9995,-0.8594,268.2,1716.0,3.0
15.26,0.235,0.738,0.903,0.9995,-0.0711,678.5,1444.0,4.0
6.043,0.1071,0.397,0.9126,0.9995,0.09326,1058.0,1331.0,5.0
0.3687,0.03723,0.312,0.9326,0.9995,-0.2688,1358.0,890.5,6.0
7.816,0.1567,0.4087,0.8096,0.9995,-0.2163,1201.0,927.0,7.0
9.13,0.1619,0.631,0.8794,0.9995,-0.1528,880.5,1312.0,8.0
0.732,0.03207,0.2324,0.9233,0.9995,-0.4924,1062.0,934.5,9.0
5.81,0.169,0.3057,0.8657,0.9995,-0.18,1350.0,856.0,10.0
3.1,0.1091,0.4985,0.8438,0.9995,-0.6206,626.0,1381.0,11.0
0.732,0.03467,0.4663,0.9194,0.9995,-0.8887,851.5,774.5,12.0
5.062,0.09796,0.584,0.8203,0.9995,-0.2028,966.0,920.0,13.0
5.312,0.1159,0.434,0.817,0.9995,-0.1918,1013.5,1001.0,14.0
22.27,0.3916,0.2051,0.7363,1.0,-0.179,1558.0,1859.0,15.0
19.42,0.3743,0.4023,0.8223,0.9995,-0.2534,928.0,1110.0,1.0
10000.0,0.3823,0.7383,0.1736,0.9995,-0.146,1025.0,1863.0,2.0
17.08,0.3655,0.3535,0.803,0.9995,-0.554,814.0,903.5,3.0
19.03,0.3264,0.4148,0.786,0.9995,-0.3347,1158.0,1039.0,4.0
0.2208,0.03888,0.4436,0.8076,0.9995,-0.3953,1162.0,966.0,5.0
12.24,0.2029,0.424,0.7993,0.9995,-0.09906,1266.0,1167.0,6.0
12.53,0.2612,0.4211,0.8184,0.9995,-0.4868,1046.0,912.5,7.0
11.19,0.1974,0.667,0.849,0.9995,-0.566,1197.0,1355.0,8.0
22.67,0.2996,0.4724,0.809,0.9995,0.1703,937.5,584.0,9.0
0.485,0.07184,0.2583,0.8394,0.999,-0.7397,1258.0,1466.0,10.0
0.505,0.0407,0.2874,0.897,0.9995,-0.3838,1652.0,938.0,11.0
7.88,0.228,0.3423,0.862,0.9995,-0.4275,1490.0,798.0,12.0
5.074,0.1465,0.4458,0.8594,0.9995,-0.4749,685.5,1466.0,13.0
8.08,0.1075,0.554,0.7417,0.9995,-0.2097,1096.0,974.5,14.0
8.07,0.1326,0.2827,0.759,0.9995,-0.0781,824.0,1203.0,15.0
31.08,0.321,0.6777,0.7856,0.9995,0.2795,1031.0,1288.0,1.0
24.12,0.2961,0.531,0.7515,0.9995,0.0099,1021.5,1112.0,2.0
0.289,0.0742,0.2041,0.737,0.9995,-0.4875,1044.0,817.0,3.0
19.11,0.4312,0.3274,0.8154,0.9995,-0.4731,1408.0,1074.0,4.0
17.56,0.309,0.4038,0.7915,0.9995,-0.3123,1056.0,960.5,5.0
5.06,0.1293,0.2368,0.7236,0.9995,-0.4836,1241.0,1221.0,6.0
23.64,0.3757,0.3723,0.7686,0.9995,-0.1757,1069.0,1121.0,7.0
3.27,0.09564,0.201,0.6504,1.0,-0.5654,1188.0,1287.0,8.0
17.08,0.2983,0.4102,0.803,0.9995,-0.2051,1147.0,843.5,9.0
16.4,0.2627,0.343,0.749,0.9995,-0.304,989.5,958.5,10.0
11.984,0.1714,0.343,0.717,0.9995,-0.33,1022.5,928.0,11.0
12.37,0.2327,0.3682,0.7817,0.9995,-0.3591,949.0,942.0,12.0
13.53,0.3892,0.258,0.87,0.9995,-0.2339,1207.0,1265.0,13.0
11.32,0.1848,0.4094,0.776,0.9995,-0.2124,875.0,1029.0,14.0
10.94,0.2235,0.3484,0.802,0.9995,-0.2952,1066.0,960.5,15.0
0.314,0.1412,0.2766,0.954,0.9995,-0.927,61.44,689.0,1.0
4.902,0.2339,0.2686,0.898,0.9995,-0.581,599.5,1086.0,2.0
0.594,0.11584,0.2345,0.9805,0.9995,-0.9155,363.5,715.0,3.0
3.588,0.149,0.3213,0.861,0.9995,-0.455,992.0,1083.0,4.0
0.732,0.10535,0.1267,0.9336,0.9995,-0.7856,428.0,639.5,5.0
9.805,0.2517,0.262,0.812,1.0,-0.3577,979.0,1432.0,6.0
2.475,0.169,0.2507,0.8813,0.9995,-0.5527,565.0,958.0,7.0
1.725,0.1266,0.293,0.8755,0.9995,-0.514,735.0,1058.0,8.0
5.56,0.2842,0.2297,0.904,0.9995,-0.579,890.5,687.5,9.0
0.4385,0.08307,0.2515,0.9404,0.9995,-0.6606,287.8,1068.0,10.0
1.494,0.103,0.299,0.864,0.9995,-0.3796,513.0,974.5,11.0
4.2,0.1532,0.3916,0.8867,0.9995,-0.498,783.5,1142.0,12.0
2.355,0.2052,0.2332,0.919,0.9995,-0.6533,623.5,820.0,13.0
0.732,0.04977,0.2954,0.918,0.9995,-0.697,535.5,1315.0,14.0
0.4607,0.07526,0.2742,0.9194,0.9995,-0.687,391.0,1133.0,15.0
11.336,0.307,0.1749,0.8535,0.999,-0.02336,286.8,1671.0,1.0
3.572,0.0634,0.2756,0.61,0.9995,-0.3901,963.0,673.5,2.0
7.516,0.1943,0.265,0.829,0.9995,-0.1886,525.0,1326.0,3.0
0.732,0.012054,0.146,0.827,0.9995,-0.2996,1226.0,1227.0,4.0
4.62,0.1324,0.293,0.7964,0.9995,-0.328,727.0,1141.0,5.0
2.547,0.08496,0.3245,0.766,0.9995,-0.3625,921.5,1150.0,6.0
3.006,0.0956,0.2715,0.775,0.9995,-0.2825,1172.0,1454.0,7.0
2.611,0.0921,0.3005,0.815,0.9995,-0.2012,727.0,1262.0,8.0
0.8057,0.05936,0.277,0.7275,0.9995,-0.3892,914.5,903.5,9.0
3.129,0.08136,0.4285,0.783,0.9995,-0.2952,1009.5,1004.0,10.0
1.235,0.074,0.3296,0.8013,0.9995,-0.3494,948.0,1037.0,11.0
2.04,0.03616,0.4614,0.6133,0.9995,-0.2776,1354.0,1007.0,12.0
0.732,0.02342,0.3533,0.8013,0.9995,-0.615,1097.0,910.0,13.0
8.375,0.1871,0.3984,0.826,0.9995,-0.3298,876.0,1110.0,14.0
0.732,0.01964,0.2947,0.926,0.9995,-0.4197,1005.5,1069.0,15.0
3.77,0.10645,0.3325,0.771,0.9995,-0.4094,839.0,949.5,1.0
4.625,0.155,0.3564,0.852,0.9995,-0.4448,879.5,1050.0,2.0
2.188,0.141,0.2712,0.8594,0.9995,-0.515,898.0,1094.0,3.0
6.88,0.2076,0.3965,0.878,0.9995,-0.5537,907.5,1204.0,4.0
4.656,0.1433,0.342,0.8257,0.9995,-0.3938,764.0,805.5,5.0
3.137,0.1544,0.338,0.8887,0.9995,-0.5757,1033.0,1147.0,6.0
3.104,0.1,0.3896,0.809,0.9995,-0.3716,1119.0,1010.5,7.0
2.578,0.0781,0.3833,0.7104,0.9995,-0.6006,924.5,1562.0,8.0
0.732,0.0673,0.3145,0.969,0.9995,-0.8154,1357.0,1233.0,9.0
6.277,0.1389,0.5728,0.826,0.9995,-0.581,1133.0,1056.0,10.0
0.698,0.04956,0.2703,0.853,0.9995,-0.6226,1340.0,1262.0,11.0
2.596,0.114,0.4346,0.862,0.9995,-0.603,1202.0,1115.0,12.0
0.732,0.0697,0.2379,0.9863,0.9995,-0.926,1220.0,1116.0,13.0
8.88,0.1917,0.525,0.829,0.9995,-0.6465,1004.5,934.0,14.0
0.991,0.1065,0.3113,0.8267,0.9995,-0.6763,681.5,767.0,15.0
3.572,0.09216,0.3528,0.7783,0.9995,-0.276,1241.0,757.0,1.0
6.65,0.1577,0.4001,0.8247,0.9995,-0.3342,975.0,920.0,2.0
6.7,0.1765,0.488,0.9136,0.9995,-0.3914,1054.0,1140.0,3.0
0.328,0.12067,0.2751,0.882,0.9995,-0.859,942.0,757.0,4.0
9.08,0.2114,0.426,0.8457,0.9995,-0.4163,1066.0,811.0,5.0
5.32,0.1505,0.392,0.821,0.9995,-0.4973,1090.0,800.5,6.0
5.375,0.1531,0.4773,0.869,0.9995,-0.55,942.0,1007.0,7.0
0.732,0.1294,0.1139,0.9014,0.9995,-0.767,656.0,501.8,8.0
2.088,0.11365,0.3062,0.8125,0.9995,-0.53,1118.0,811.5,9.0
1.982,0.1149,0.3538,0.8325,0.9995,-0.631,1068.0,790.0,10.0
1.88,0.1008,0.2847,0.8257,0.9995,-0.3398,946.0,710.5,11.0
10000.0,0.83,0.9043,0.3213,0.9995,-0.4294,77.6,30.45,12.0
0.732,0.03035,0.1632,0.7886,0.9995,-0.805,1083.0,581.0,13.0
10000.0,0.908,0.9854,0.1302,0.9995,-0.10406,638.0,926.5,14.0
11.445,0.2551,0.4246,0.8276,0.9995,-0.5566,884.5,779.5,15.0
5.586,0.1749,0.3267,0.83,0.9995,-0.4783,911.0,928.5,1.0
4.484,0.186,0.2815,0.888,0.9995,-0.3945,1122.0,925.5,2.0
0.5273,0.1523,0.1609,0.8965,1.0,-0.9507,1379.0,763.0,3.0
0.2286,0.1226,0.2252,0.965,0.9995,-0.649,1159.0,525.5,4.0
4.984,0.1874,0.296,0.9014,0.9995,-0.3237,1038.0,998.0,5.0
7.02,0.1935,0.358,0.852,0.9995,-0.3755,1027.0,770.0,6.0
0.732,0.0653,0.2317,0.899,0.9995,-0.9043,908.0,663.0,7.0
6.86,0.1942,0.3284,0.855,0.9995,-0.3093,1177.0,921.0,8.0
2.93,0.1869,0.3127,0.8994,0.9995,-0.8096,1119.0,664.5,9.0
3.49,0.1572,0.3208,0.8765,0.9995,-0.506,1079.0,830.0,10.0
2.314,0.1577,0.2798,0.898,0.9995,-0.5586,1022.5,852.5,11.0
3.674,0.1738,0.2808,0.8745,0.9995,-0.485,1031.0,722.5,12.0
3.785,0.2302,0.2173,0.919,0.9995,-0.4712,816.0,382.2,13.0
0.732,0.0339,0.319,0.898,0.9995,-0.862,1000.5,896.0,14.0
0.732,0.01616,0.2854,0.8906,1.0,-0.75,926.0,974.5,15.0
9.28,0.1835,0.4695,0.8,0.9995,-0.4707,1069.0,1095.0,1.0
0.732,0.0361,0.3584,0.9165,0.9995,-0.512,676.0,1118.0,2.0
6.168,0.08356,0.9585,0.8726,1.0,-0.001207,938.0,406.2,3.0
4.16,0.1278,0.4373,0.8374,0.9995,-0.5005,465.0,1007.0,4.0
5.348,0.1609,0.353,0.8364,0.9995,-0.4282,906.5,1020.5,5.0
0.732,0.0711,0.1467,0.8394,0.999,-0.6455,489.8,1465.0,6.0
7.49,0.1946,0.509,0.904,0.999,-0.559,800.5,915.5,7.0
3.57,0.0817,0.7104,0.8813,0.9995,-0.294,922.5,652.0,8.0
4.074,0.1373,0.4727,0.8955,0.9995,-0.545,823.5,1016.0,9.0
2.363,0.11774,0.3374,0.8677,0.9995,-0.4233,575.0,1280.0,10.0
3.607,0.09247,0.4705,0.828,0.9995,-0.2244,890.0,1143.0,11.0
0.732,0.012985,0.5366,0.897,0.999,-0.777,853.0,1218.0,12.0
0.732,0.01712,0.3872,0.8857,0.999,-0.875,1103.0,881.5,13.0
1.7,0.0754,0.568,0.884,0.9995,-0.4768,947.0,791.0,14.0
1.403,0.08887,0.4263,0.8535,0.9995,-0.5703,700.0,976.0,15.0
4.99,0.1273,0.4045,0.8555,0.9995,-0.1761,1041.0,1175.0,1.0
2.143,0.08124,0.2413,0.825,1.0,-0.07074,1332.0,1235.0,2.0
7.332,0.1406,0.4834,0.7993,0.9995,-0.3228,1012.5,1153.0,3.0
6.215,0.1628,0.342,0.819,0.9995,-0.3513,921.5,1016.5,4.0
4.63,0.1368,0.4,0.8354,0.9995,-0.4277,838.5,1009.0,5.0
6.734,0.1843,0.3755,0.86,0.9995,-0.3525,1019.0,1217.0,6.0
0.732,0.02441,0.2137,0.865,1.0,-0.3108,1027.0,1282.0,7.0
4.7,0.1283,0.3823,0.8193,0.9995,-0.3408,1032.0,1157.0,8.0
2.635,0.0757,0.265,0.7534,0.9995,-0.2037,969.5,830.0,9.0
3.477,0.1238,0.3245,0.8477,0.9995,-0.287,968.5,1181.0,10.0
27.38,0.4753,0.4983,0.814,0.9995,-0.2905,1320.0,1211.0,11.0
0.368,0.05463,0.1637,0.944,0.9995,-0.2277,712.5,1047.0,12.0
3.633,0.161,0.3267,0.934,0.9995,-0.3577,1375.0,1468.0,13.0
2.895,0.113,0.3284,0.847,0.9995,-0.2988,1090.0,1098.0,14.0
12.15,0.274,0.373,0.846,0.9995,-0.2856,1171.0,1101.0,15.0
7.28,0.1816,0.402,0.834,0.9995,-0.4336,837.0,905.5,1.0
10.55,0.2166,0.471,0.83,0.9995,-0.4363,1006.5,952.0,2.0
5.63,0.1517,0.5156,0.8955,0.9995,-0.4788,623.5,851.5,3.0
0.732,0.04407,0.3552,0.8467,0.9995,-0.743,1068.0,1161.0,4.0
4.316,0.1026,0.5386,0.86,0.9995,-0.2277,805.0,1019.5,5.0
4.227,0.127,0.4353,0.821,0.9995,-0.535,939.0,943.0,6.0
0.732,0.01764,0.502,0.794,0.9995,-0.738,1143.0,1018.5,7.0
3.727,0.0992,0.578,0.84,0.9995,-0.4734,1037.0,1320.0,8.0
0.732,0.01174,0.2651,0.7627,1.0,-0.508,1602.0,1381.0,9.0
5.09,0.1488,0.4148,0.8374,0.9995,-0.509,1087.0,1012.5,10.0
20.06,0.2947,0.486,0.78,0.9995,-0.1488,866.5,1203.0,11.0
2.984,0.1043,0.4553,0.818,0.9995,-0.5527,1119.0,1030.0,12.0
1.349,0.0763,0.4705,0.805,0.9995,-0.5938,1143.0,1017.0,13.0
2.271,0.09436,0.4172,0.804,1.0,-0.545,953.5,1138.0,14.0
4.29,0.10767,0.539,0.8354,0.9995,-0.4077,918.0,756.0,15.0
0.3232,0.0878,0.2113,0.8022,1.0,-0.7383,1349.0,1002.5,1.0
0.732,0.0175,0.1426,0.726,1.0,-0.7324,1173.0,1320.0,2.0
0.732,0.04074,0.1133,0.7275,1.0,-0.9727,1161.0,990.5,3.0
7.164,0.1927,0.3835,0.848,0.9995,-0.4424,917.0,1074.0,4.0
5.363,0.2266,0.1814,0.875,0.9995,-0.234,1349.0,1113.0,5.0
3.215,0.1725,0.26,0.8364,0.9995,-0.626,1132.0,1094.0,6.0
3.193,0.07697,0.359,0.67,1.0,-0.616,688.0,1191.0,7.0
0.285,0.0777,0.3687,0.847,0.9995,-0.758,1575.0,965.0,8.0
4.027,0.2029,0.2632,0.8345,0.9995,-0.7485,1485.0,754.0,9.0
1.953,0.06506,0.757,0.9814,0.9995,-0.2666,1634.0,991.5,10.0
2.63,0.1471,0.2593,0.8403,0.9995,-0.5054,1337.0,1113.0,11.0
2.436,0.0787,0.3767,0.715,0.9995,-0.602,746.0,1163.0,12.0
0.732,0.0882,0.1597,0.9214,1.0,-0.7046,1531.0,1058.0,13.0
0.7656,0.06,0.5713,0.901,0.9995,-0.49,1522.0,1022.5,14.0
0.2458,0.0922,0.2346,0.7954,1.0,-0.5986,1235.0,1226.0,15.0
5.5,0.11884,0.4846,0.8,0.9995,-0.3757,840.0,1378.0,1.0
8.305,0.181,0.4548,0.828,0.9995,-0.412,889.0,1000.0,2.0
0.28,0.06506,0.4753,0.897,0.9995,-0.8784,1366.0,894.5,3.0
11.14,0.2484,0.477,0.849,0.9995,-0.579,1149.0,841.0,4.0
0.732,0.03677,0.5166,0.916,0.9995,-0.915,1231.0,622.5,5.0
5.9,0.1788,0.3813,0.849,0.9995,-0.5327,929.0,838.0,6.0
3.19,0.1287,0.4226,0.872,0.9995,-0.5835,1018.0,816.5,7.0
2.303,0.09125,0.488,0.8384,0.9995,-0.5254,980.0,1063.0,8.0
15.37,0.2074,0.3997,0.7407,0.9995,-0.1713,797.0,651.0,9.0
4.363,0.1757,0.3098,0.8955,0.9995,-0.4026,1002.0,517.0,10.0
6.387,0.1702,0.4722,0.8535,0.9995,-0.601,1102.0,841.5,11.0
3.281,0.11334,0.528,0.863,0.9995,-0.664,1103.0,1147.0,12.0
6.63,0.1459,0.4363,0.7993,0.9995,-0.4243,947.5,795.5,13.0
2.75,0.1021,0.4685,0.8354,0.9995,-0.546,1031.0,789.0,14.0
2.236,0.1077,0.476,0.916,0.9995,-0.569,1198.0,827.5,15.0
0.732,0.01668,0.2605,0.909,0.9995,-0.9014,1467.0,781.5,1.0
0.732,0.04813,0.1517,0.914,0.9995,-0.534,1159.0,963.5,2.0
5.418,0.147,0.4573,0.844,0.9995,-0.5024,1044.0,938.0,3.0
4.332,0.1499,0.3845,0.8984,0.9995,-0.3735,1086.0,1178.0,4.0
2.158,0.1125,0.3965,0.8687,0.9995,-0.5713,1154.0,985.0,5.0
2.277,0.09985,0.4497,0.8257,0.9995,-0.6196,883.0,1092.0,6.0
0.732,0.03073,0.259,0.8364,0.9995,-0.897,1403.0,779.0,7.0
2.838,0.0672,0.5923,0.681,0.9995,-0.7925,616.5,682.5,8.0
0.762,0.0728,0.4436,0.7803,0.9995,-0.734,972.0,808.0,9.0
0.8066,0.11035,0.357,0.8755,0.999,-0.827,1407.0,754.5,10.0
1.744,0.0904,0.4905,0.912,0.9995,-0.4946,982.0,1326.0,11.0
2.09,0.10266,0.3857,0.8076,0.9995,-0.6177,1008.0,1048.0,12.0
1.855,0.1049,0.4155,0.8374,0.9995,-0.691,1113.0,1127.0,13.0
0.3752,0.06128,0.305,0.853,0.9995,-0.6367,1327.0,926.0,14.0
16.45,0.1348,0.598,0.6655,0.9995,-0.01468,974.5,982.5,15.0
2.592,0.11676,0.4873,0.9365,0.9995,-0.5674,554.0,343.2,1.0
0.5557,0.04065,0.56,0.9087,0.9995,-0.782,521.0,1039.0,2.0
10000.0,0.428,0.97,0.4832,1.0,0.2498,1606.0,1616.0,3.0
4.434,0.1208,0.3704,0.8457,1.0,-0.1824,844.0,586.5,4.0
9.55,0.2041,0.441,0.828,0.9995,-0.4072,891.5,1094.0,5.0
0.2245,0.0797,0.2673,0.962,0.9995,-0.4011,786.0,366.5,6.0
2.043,0.08966,0.357,0.8267,0.9995,-0.3313,501.2,441.8,7.0
0.732,0.04465,0.4905,0.984,0.9995,-0.9263,931.5,1127.0,8.0
4.996,0.1835,0.3267,0.8887,0.9995,-0.423,955.0,895.0,9.0
0.732,0.02129,0.4805,0.867,0.9995,-0.626,1164.0,1627.0,10.0
6.203,0.1552,0.441,0.8374,0.9995,-0.4258,952.5,969.5,11.0
24.12,0.2637,0.3455,0.749,0.9995,0.2008,409.5,1187.0,12.0
10000.0,0.8906,0.3582,0.1628,1.0,-0.81,429.2,512.5,13.0
2.6,0.10345,0.4446,0.8594,0.9995,-0.477,920.5,951.5,14.0
8.195,0.165,0.4224,0.8193,0.9995,-0.2184,641.0,1116.0,15.0
0.3052,0.05215,0.4346,0.8765,0.9995,-0.6562,1767.0,1116.0,1.0
3.445,0.0728,0.684,0.746,0.9995,-0.584,1097.0,1015.5,2.0
0.3289,0.03726,0.787,0.7896,0.999,-0.921,1088.0,1850.0,3.0
8.055,0.1736,0.453,0.827,0.9995,-0.369,1332.0,1028.0,4.0
33.38,0.4636,0.734,0.8325,0.999,-0.11743,1376.0,802.5,5.0
0.732,0.04996,0.2047,0.9785,0.999,-0.4878,1642.0,1117.0,6.0
5.305,0.1627,0.4177,0.8784,0.9995,-0.469,1167.0,1095.0,7.0
3.236,0.1028,0.4624,0.824,0.9995,-0.4592,1142.0,1047.0,8.0
0.732,0.02249,0.2426,0.8774,0.9995,-0.5234,1750.0,1368.0,9.0
2.066,0.0814,0.505,0.8984,0.999,-0.3125,1033.0,1157.0,10.0
15.664,0.281,0.5547,0.8516,0.9995,-0.294,1348.0,1003.0,11.0
7.227,0.1707,0.487,0.864,0.9995,-0.4045,1399.0,1129.0,12.0
0.7666,0.0547,0.5425,0.7993,0.9995,-0.5137,1315.0,1104.0,13.0
0.6016,0.0488,0.4724,0.873,0.9995,-0.2448,1482.0,1178.0,14.0
2.52,0.10767,0.4336,0.869,0.9995,-0.5063,1311.0,1175.0,15.0
0.732,0.01054,0.4866,0.9194,0.9995,-0.7554,422.5,811.0,1.0
29.77,0.2864,0.6445,0.696,0.9995,-0.095,924.5,1423.0,2.0
8.6,0.2384,0.3667,0.8735,0.9995,-0.4143,1010.5,1029.0,3.0
-0.05753,0.1383,0.1348,0.7866,1.0,-0.6846,196.0,107.4,4.0
0.732,0.06274,0.1942,0.922,1.0,-0.725,455.8,506.0,5.0
10.31,0.1765,0.5356,0.7935,0.9995,-0.4019,849.0,1136.0,6.0
5.01,0.1344,0.4553,0.8193,0.9995,-0.5244,756.5,1004.5,7.0
10.36,0.271,0.3452,0.8325,0.9995,-0.5635,1077.0,963.0,8.0
4.027,0.158,0.354,0.87,0.9995,-0.5254,839.0,928.0,9.0
0.732,0.03543,0.2966,0.924,0.9995,-0.873,725.5,490.5,10.0
2.836,0.12384,0.4055,0.82,0.9995,-0.7363,599.5,752.0,11.0
2.232,0.1085,0.4348,0.8726,0.9995,-0.594,795.0,939.5,12.0
3.76,0.1764,0.3003,0.929,1.0,-0.393,371.2,815.0,13.0
0.732,0.02292,0.286,0.8794,0.9995,-0.781,504.0,299.5,14.0
1.606,0.1136,0.3503,0.865,0.9995,-0.6104,752.0,843.0,15.0
0.421,0.04047,0.4617,0.9287,1.0,-0.0972,1759.0,1705.0,1.0
6.04,0.1377,0.5923,0.92,0.9995,-0.2668,947.0,1403.0,2.0
10000.0,0.523,0.694,0.443,0.9995,0.8433,503.5,561.5,3.0
30.03,0.36,0.557,0.7095,0.999,-0.4802,883.0,545.0,4.0
0.5522,0.03232,0.544,0.8975,0.9995,-0.581,1592.0,1224.0,5.0
4.48,0.1287,0.5054,0.8657,0.9995,-0.509,1314.0,1103.0,6.0
0.732,0.02898,0.3718,0.957,0.9995,-0.712,1508.0,1875.0,7.0
2.121,0.08685,0.507,0.8667,0.9995,-0.472,1322.0,1180.0,8.0
11.305,0.0151,0.981,0.56,1.0,0.2854,1661.0,1306.0,9.0
3.312,0.1283,0.4495,0.9136,0.9995,-0.491,1290.0,1536.0,10.0
1.353,0.08563,0.469,0.9155,0.9995,-0.4897,1276.0,1509.0,11.0
2.875,0.09015,0.566,0.8975,0.9995,-0.348,1161.0,1334.0,12.0
0.732,0.01285,0.405,0.945,0.9995,-0.4038,1189.0,1744.0,13.0
0.994,0.07043,0.51,0.9097,0.9995,-0.462,1144.0,1261.0,14.0
0.947,0.0648,0.5063,0.904,0.9995,-0.3867,1202.0,1415.0,15.0
6.33,0.1458,0.4011,0.829,0.9995,-0.2407,982.5,879.0,1.0
7.7,0.1821,0.4717,0.8677,0.9995,-0.3835,869.5,1042.0,2.0
6.547,0.1366,0.649,0.914,0.9995,-0.2854,713.0,1267.0,3.0
0.4067,0.147,0.249,0.976,0.9995,-0.724,796.0,880.0,4.0
10.78,0.317,0.285,0.89,0.9995,-0.2502,1044.0,1047.0,5.0
0.3235,0.1637,0.1847,0.9688,0.9995,-0.8755,916.0,632.5,6.0
4.45,0.1547,0.3547,0.866,0.9995,-0.4185,969.0,876.0,7.0
0.732,0.04053,0.1771,0.932,0.9995,-0.683,1088.0,857.0,8.0
0.732,0.1036,0.2181,0.9663,0.9995,-0.9478,613.5,783.5,9.0
1.134,0.10065,0.3823,0.8853,0.9995,-0.636,783.0,1123.0,10.0
6.156,0.239,0.279,0.908,0.9995,-0.404,942.0,898.0,11.0
3.186,0.167,0.2883,0.904,0.9995,-0.4668,992.5,904.0,12.0
3.918,0.1282,0.4714,0.911,0.9995,-0.3984,872.0,1074.0,13.0
0.732,0.04153,0.34,0.9634,0.999,-0.9253,488.8,1012.5,14.0
10000.0,0.58,0.4812,0.1766,0.9995,-0.6904,1773.0,613.0,15.0
4.996,0.1619,0.3682,0.8477,0.9995,-0.4983,1249.0,878.5,1.0
8.45,0.2189,0.4746,0.8716,0.9995,-0.673,1103.0,1044.0,2.0
0.4502,0.0683,0.2659,0.908,1.0,-0.604,965.5,772.0,3.0
0.732,0.0511,0.168,0.8506,0.9995,-0.7583,650.5,523.5,4.0
3.94,0.1072,0.2935,0.797,0.9995,-0.2031,811.0,769.5,5.0
4.133,0.1549,0.3875,0.8506,0.9995,-0.6543,1031.0,848.5,6.0
10.24,0.2666,0.3706,0.839,0.9995,-0.599,1135.0,696.5,7.0
10000.0,0.5254,0.4456,0.1792,0.999,-0.1436,1752.0,788.0,8.0
2.236,0.11255,0.2612,0.78,0.9995,-0.5205,985.0,540.0,9.0
5.375,0.2368,0.3328,0.925,0.9995,-0.6855,565.5,772.5,10.0
0.732,0.02809,0.3308,0.8594,0.9995,-0.872,843.5,824.0,11.0
4.324,0.1691,0.356,0.847,0.9995,-0.6797,1068.0,730.5,12.0
3.07,0.165,0.3308,0.888,0.9995,-0.6753,759.5,759.5,13.0
1.588,0.0972,0.302,0.819,0.9995,-0.4246,879.0,736.0,14.0
1.723,0.11774,0.3472,0.849,0.9995,-0.6626,947.0,778.5,15.0
0.732,0.03653,0.1523,0.7144,0.9995,-0.9814,1284.0,1040.0,1.0
10000.0,0.9297,0.458,0.425,1.0,-0.6826,247.4,1140.0,2.0
8.27,0.1865,0.4343,0.856,0.9995,-0.2615,922.5,888.0,3.0
4.582,0.0947,0.9907,0.9233,1.0,-0.862,1014.5,1777.0,4.0
3.629,0.1365,0.3752,0.837,0.9995,-0.561,883.5,1077.0,5.0
63.97,0.787,0.4001,0.656,0.9995,-0.6006,1387.0,728.0,6.0
4.992,0.0657,0.635,0.708,0.9995,-0.2333,572.5,1183.0,7.0
13.08,0.2251,0.4941,0.782,0.9995,-0.5044,805.0,1190.0,8.0
5.89,0.1366,0.465,0.8228,0.9995,-0.3757,946.0,1029.0,9.0
0.732,0.02686,0.4255,0.7456,0.9995,-0.8403,730.0,1109.0,10.0
14.79,0.2319,0.4912,0.7534,0.999,-0.597,1347.0,106.0,11.0
7.688,0.1566,0.4402,0.7773,0.9995,-0.5327,745.5,1110.0,12.0
4.098,0.1117,0.4045,0.767,0.9995,-0.5796,765.0,1070.0,13.0
2.93,0.07056,0.4739,0.725,0.9995,-0.4705,726.0,1122.0,14.0
1.804,0.07623,0.667,0.838,0.9995,-0.789,902.0,1397.0,15.0
5.22,0.148,0.4585,0.8667,0.9995,-0.4688,1185.0,1164.0,1.0
5.664,0.163,0.4167,0.8457,0.9995,-0.529,1047.0,977.5,2.0
11.93,0.2218,0.4004,0.7915,0.9995,-0.3333,1013.0,1023.0,3.0
6.473,0.1544,0.4453,0.8223,0.9995,-0.45,1018.0,963.0,4.0
6.453,0.1511,0.416,0.837,0.9995,-0.2708,1197.0,1008.0,5.0
6.484,0.1603,0.387,0.7944,0.9995,-0.536,1243.0,1063.0,6.0
0.732,0.02946,0.4575,0.8096,0.9995,-0.846,1139.0,1143.0,7.0
3.596,0.122,0.439,0.8423,0.9995,-0.538,1056.0,949.0,8.0
7.652,0.189,0.3857,0.804,0.9995,-0.574,980.0,818.0,9.0
10000.0,0.8525,0.947,0.4446,0.9995,0.02623,1435.0,678.5,10.0
59.0,0.6255,0.3533,0.782,1.0,0.7803,1892.0,1876.0,11.0
31.56,0.1604,0.2059,0.4846,0.999,-0.05743,1303.0,1249.0,12.0
9.2,0.11426,0.351,0.6665,0.9995,-0.3347,1169.0,1088.0,13.0
5.02,0.10645,0.4285,0.7607,0.9995,-0.4229,1082.0,1013.5,14.0
2.303,0.1024,0.47,0.9497,1.0,-0.3599,65.94,1206.0,15.0
6.938,0.1453,0.52,0.8306,0.9995,-0.3647,947.5,1016.0,1.0
4.656,0.0886,0.477,0.7617,0.9995,-0.2893,927.5,1207.0,2.0
4.656,0.1349,0.4448,0.8364,0.9995,-0.508,944.0,1027.0,3.0
6.855,0.1572,0.492,0.8774,0.9995,-0.2644,1014.5,1088.0,4.0
2.28,0.072,0.4075,0.6753,0.9995,-0.7515,767.5,1138.0,5.0
0.732,0.013115,0.4822,0.834,0.9995,-0.85,720.0,1169.0,6.0
8.01,0.2482,0.3816,0.88,0.9995,-0.6553,1216.0,890.5,7.0
5.492,0.1703,0.4248,0.8726,0.9995,-0.5625,1068.0,932.5,8.0
3.422,0.0853,0.715,0.92,1.0,-0.3157,1145.0,792.5,9.0
0.732,0.03256,0.4092,0.981,0.9995,-0.917,808.5,828.0,10.0
2.057,0.0977,0.4438,0.854,0.9995,-0.555,906.0,1022.5,11.0
2.623,0.08856,0.591,0.8613,0.9995,-0.5527,888.0,1166.0,12.0
2.047,0.0795,0.505,0.842,0.9995,-0.42,898.5,995.5,13.0
0.732,0.04944,0.2433,0.8457,0.999,-0.6714,823.0,1075.0,14.0
2.791,0.10736,0.449,0.86,0.9995,-0.4958,906.5,1022.5,15.0
0.2173,0.09045,0.2168,0.9106,0.9995,-0.4958,800.0,991.5,1.0
0.3777,0.074,0.2646,0.9,0.9995,-0.6245,561.5,868.5,2.0
0.4995,0.0542,0.622,0.94,0.9995,-0.5186,1127.0,700.0,3.0
0.8623,0.0782,0.4014,0.8687,0.9995,-0.4966,966.0,1018.0,4.0
2.158,0.11597,0.3857,0.8755,0.9995,-0.567,954.0,1113.0,5.0
0.259,0.04755,0.3582,0.8374,0.9995,-0.4602,1155.0,1192.0,6.0
4.086,0.0933,0.5894,0.881,0.9995,-0.1599,1230.0,1228.0,7.0
0.4268,0.0777,0.2065,0.92,0.9995,-0.5137,830.5,907.0,8.0
0.1656,0.1278,0.1732,0.9307,0.9995,-0.511,432.5,456.8,9.0
0.4607,0.07135,0.293,0.9336,0.9995,-0.671,1026.0,979.0,10.0
35.84,0.4363,0.4294,0.651,0.9995,-0.967,1898.0,398.2,11.0
11.56,0.2617,0.3704,0.7866,0.9995,-0.739,1329.0,610.5,12.0
10000.0,0.8286,0.425,0.5425,1.0,0.421,1283.0,1366.0,13.0
56.75,0.54,0.782,0.8936,1.0,0.882,650.0,1453.0,14.0
1.832,0.08527,0.4294,0.8833,0.9995,-0.3276,960.5,1027.0,15.0
0.732,0.0578,0.1578,0.696,1.0,-0.8374,946.0,1599.0,1.0
0.732,0.0407,0.1385,0.757,0.9995,-0.7095,1094.0,644.0,2.0
2.854,0.03958,0.628,0.679,1.0,-0.1278,1386.0,1186.0,3.0
2.082,0.1138,0.2927,0.793,0.9995,-0.582,1141.0,1079.0,4.0
0.732,0.05078,0.2178,0.7866,0.9995,-0.6797,1112.0,857.5,5.0
0.732,0.01564,0.2637,0.7676,1.0,-0.567,1149.0,1085.0,6.0
1.058,0.0512,0.447,0.758,0.9995,-0.3499,1315.0,1205.0,7.0
0.732,0.02739,0.3328,0.8774,0.9995,-0.88,1373.0,1577.0,8.0
0.2458,0.0565,0.371,0.8213,0.9995,-0.4995,1239.0,1165.0,9.0
0.1422,0.0723,0.2351,0.83,0.9995,-0.4421,1003.0,595.5,10.0
0.5073,0.0587,0.245,0.791,0.9995,-0.631,1135.0,947.5,11.0
0.6357,0.0444,0.258,0.7964,1.0,-0.5615,1132.0,1055.0,12.0
0.56,0.06274,0.2115,0.837,0.9995,-0.5674,971.0,1224.0,13.0
0.732,0.02711,0.3276,0.7695,1.0,-0.6216,1407.0,1184.0,14.0
2.533,0.10315,0.3975,0.8228,0.9995,-0.491,992.5,1072.0,15.0
1.367,0.09357,0.3577,0.836,0.9995,-0.516,918.0,867.0,1.0
4.914,0.1654,0.366,0.832,0.9995,-0.619,862.0,782.5,2.0
0.8716,0.0836,0.3403,0.789,0.9995,-0.618,760.0,952.0,3.0
1.909,0.122,0.3403,0.842,0.9995,-0.665,851.5,773.0,4.0
1.019,0.10706,0.389,0.914,0.9995,-0.711,707.5,853.0,5.0
0.732,0.0509,0.2732,0.8843,0.9995,-0.7573,656.0,828.5,6.0
0.732,0.04163,0.1759,0.908,0.9995,-0.641,599.5,656.5,7.0
0.301,0.09283,0.3071,0.895,0.9995,-0.66,737.5,727.5,8.0
0.732,0.05087,0.2205,0.8745,0.9995,-0.6147,717.0,693.5,9.0
2.31,0.1248,0.362,0.868,0.9995,-0.587,894.0,764.0,10.0
0.2825,0.09216,0.3054,0.8657,0.9995,-0.7207,1048.0,708.5,11.0
0.732,0.0571,0.1443,0.884,0.9995,-0.779,669.5,460.2,12.0
1.435,0.1135,0.3225,0.869,0.9995,-0.5605,759.0,901.0,13.0
0.732,0.06036,0.12225,0.9453,0.9995,-0.6104,1005.5,241.4,14.0
0.686,0.0716,0.1981,0.9062,0.9995,-0.6064,845.5,461.2,15.0
2.023,0.1153,0.3562,0.848,0.9995,-0.5845,987.0,951.0,1.0
1.019,0.08954,0.378,0.8877,0.9995,-0.5073,1003.5,1110.0,2.0
0.8384,0.09705,0.237,0.7646,0.9995,-0.61,1107.0,1173.0,3.0
0.4077,0.0951,0.29,0.86,0.9995,-0.63,1019.0,1017.5,4.0
5.76,0.1735,0.566,0.9976,0.9995,-0.4858,292.2,527.5,5.0
0.732,0.0721,0.1321,0.8506,1.0,-0.8584,1050.0,1227.0,6.0
0.5825,0.11,0.324,0.8916,0.9995,-0.762,1114.0,1106.0,7.0
0.732,0.07196,0.1667,0.946,0.9995,-0.8784,865.0,992.0,8.0
0.3052,0.0753,0.354,0.8975,0.9995,-0.564,1124.0,1232.0,9.0
1.363,0.0952,0.3774,0.849,0.9995,-0.558,1030.0,946.0,10.0
2.36,0.1274,0.4202,0.939,0.9995,-0.578,665.0,750.5,11.0
0.385,0.0896,0.306,0.869,0.9995,-0.61,1081.0,1143.0,12.0
0.732,0.0816,0.187,0.8594,1.0,-0.77,1068.0,1169.0,13.0
0.5015,0.09454,0.308,0.8647,0.9995,-0.6226,1035.0,1078.0,14.0
0.732,0.0689,0.1997,0.8486,0.9995,-0.724,902.0,852.5,15.0
0.496,0.0797,0.3357,0.8174,0.9995,-0.591,1126.0,954.5,1.0
1.728,0.0832,0.449,0.856,0.9995,-0.4277,962.0,992.5,2.0
0.732,0.01572,0.367,0.798,0.9995,-0.835,1193.0,1068.0,3.0
0.9204,0.0987,0.3918,0.8994,0.9995,-0.678,802.0,1066.0,4.0
0.732,0.012146,0.3933,0.7427,0.9995,-0.7095,1437.0,1052.0,5.0
1.303,0.08246,0.4912,0.876,0.9995,-0.5986,621.5,478.2,6.0
5.273,0.1647,0.3577,0.8438,0.9995,-0.46,1154.0,1038.0,7.0
0.36,0.0618,0.4167,0.8833,0.9995,-0.485,865.5,857.0,8.0
0.526,0.0679,0.4355,0.8853,0.9995,-0.5195,1020.5,915.0,9.0
2.143,0.1129,0.378,0.864,0.9995,-0.542,1043.0,1012.5,10.0
0.732,0.02568,0.2861,0.7544,0.9995,-0.589,1546.0,1618.0,11.0
0.3442,0.03827,0.5063,0.791,0.9995,-0.6445,872.0,1164.0,12.0
0.732,0.01923,0.3486,0.767,0.9995,-0.8604,1279.0,864.0,13.0
0.319,0.07916,0.3672,0.882,0.999,-0.6694,927.0,516.5,14.0
0.732,0.03137,0.2786,0.82,0.9995,-0.4495,1183.0,1119.0,15.0
0.732,0.03165,0.2236,0.8384,0.9995,-0.602,751.5,1443.0,1.0
3.033,0.10065,0.4458,0.867,0.9995,-0.3076,1160.0,1222.0,2.0
0.732,0.05356,0.2094,0.899,0.9995,-0.735,764.0,1058.0,3.0
1.124,0.0865,0.3787,0.8613,0.9995,-0.4863,998.5,1176.0,4.0
0.732,0.0914,0.2267,0.9873,0.9995,-0.8804,1002.0,437.8,5.0
0.573,0.0847,0.2495,0.9263,0.9995,-0.7646,923.0,776.0,6.0
1.381,0.1016,0.3867,0.862,0.9995,-0.6396,986.5,1110.0,7.0
0.732,0.05002,0.1698,0.8765,0.9995,-0.657,837.5,1296.0,8.0
0.3433,0.05475,0.3735,0.8413,0.9995,-0.677,997.0,1141.0,9.0
0.6895,0.05814,0.2495,0.851,0.9995,-0.679,845.5,1210.0,10.0
0.352,0.0877,0.3064,0.8633,0.9995,-0.6187,963.5,1099.0,11.0
0.59,0.0749,0.2258,0.9185,1.0,-0.63,1026.0,1317.0,12.0
0.661,0.10364,0.2727,0.8696,0.9995,-0.5312,1007.5,908.0,13.0
0.496,0.05573,0.3755,0.85,0.9995,-0.7817,832.5,1099.0,14.0
0.5493,0.08514,0.1931,0.8525,0.9995,-0.693,1032.0,950.0,15.0
3.727,0.11633,0.4666,0.8657,0.9995,-0.4119,1164.0,1130.0,1.0
0.3318,0.0601,0.3423,0.8413,0.9995,-0.3767,1093.0,1211.0,2.0
2.252,0.1167,0.368,0.867,0.9995,-0.523,994.0,865.5,3.0
1.114,0.0806,0.462,0.8613,0.9995,-0.599,1094.0,1230.0,4.0
0.815,0.0846,0.3765,0.868,0.9995,-0.549,845.5,1137.0,5.0
0.732,0.01189,0.2478,0.7334,0.999,-0.889,403.8,1034.0,6.0
0.2576,0.06097,0.407,0.8525,0.9995,-0.6235,843.0,1215.0,7.0
0.952,0.0873,0.3838,0.863,0.9995,-0.5674,968.0,1005.5,8.0
0.732,0.02118,0.4136,0.853,0.9995,-0.743,678.5,1089.0,9.0
1.282,0.08136,0.4473,0.8545,0.9995,-0.5366,1027.0,1124.0,10.0
0.732,0.0278,0.329,0.8833,0.9995,-0.6777,726.0,1342.0,11.0
0.2632,0.05542,0.44,0.8755,0.9995,-0.548,1018.0,1131.0,12.0
0.732,0.0361,0.3948,0.8687,0.9995,-0.669,814.5,1330.0,13.0
0.4429,0.0438,0.355,0.788,0.9995,-0.605,946.5,669.5,14.0
0.732,0.03888,0.3218,0.8633,0.9995,-0.6694,700.5,678.5,15.0
0.732,0.0495,0.2063,0.8926,0.9995,-0.7007,936.0,390.5,1.0
0.4092,0.0801,0.3765,0.904,0.9995,-0.598,902.0,948.5,2.0
1.248,0.0767,0.5063,0.913,0.9995,-0.4653,978.0,711.5,3.0
2.34,0.1125,0.3872,0.8633,0.9995,-0.5117,1158.0,914.0,4.0
0.7104,0.0865,0.3533,0.8765,0.9995,-0.538,1011.0,800.0,5.0
0.732,0.05115,0.2462,0.801,0.9995,-0.761,1079.0,892.5,6.0
0.4746,0.05847,0.2932,0.8438,0.9995,-0.6514,976.5,818.5,7.0
0.732,0.0548,0.1738,0.8613,0.9995,-0.6167,769.5,777.5,8.0
0.572,0.058,0.2527,0.8784,0.9995,-0.571,809.5,709.0,9.0
0.7085,0.04584,0.3352,0.8657,0.9995,-0.6636,882.0,778.5,10.0
0.4397,0.08905,0.3809,0.9263,0.9995,-0.673,784.0,396.8,11.0
0.732,0.03815,0.2102,0.949,0.9995,-0.615,428.5,342.8,12.0
4.742,0.1043,0.437,0.792,0.9995,-0.2852,855.0,813.0,13.0
0.712,0.04956,0.2766,0.917,0.9995,-0.555,661.0,483.5,14.0
0.3584,0.05588,0.3162,0.8975,0.9995,-0.522,780.0,584.5,15.0
1.186,0.1062,0.3145,0.8584,0.9995,-0.5483,1256.0,1067.0,1.0
0.732,0.05582,0.337,0.947,1.0,-0.8955,1568.0,1167.0,2.0
0.732,0.02086,0.3936,0.902,1.0,-0.8867,899.0,1245.0,3.0
1.223,0.0895,0.3706,0.853,0.9995,-0.4954,1034.0,1215.0,4.0
0.4106,0.0958,0.3333,0.864,0.9995,-0.7656,1089.0,1055.0,5.0
0.677,0.05432,0.4067,0.743,0.9995,-0.4927,432.0,1223.0,6.0
6.52,0.123,0.617,0.846,0.9995,-0.2466,1031.0,1138.0,7.0
3.191,0.1304,0.4712,0.865,0.9995,-0.7915,749.5,1084.0,8.0
2.32,0.1409,0.3215,0.928,0.9995,-0.464,919.5,896.5,9.0
0.732,0.01293,0.258,0.863,0.9995,-0.537,1193.0,1027.0,10.0
0.8296,0.1062,0.3154,0.8975,0.9995,-0.578,910.0,1025.0,11.0
0.6733,0.06085,0.337,0.826,0.9995,-0.928,767.5,916.0,12.0
0.732,0.04214,0.2778,0.8735,0.9995,-0.6562,1103.0,991.5,13.0
2.674,0.0987,0.4746,0.849,0.9995,-0.4868,943.0,1149.0,14.0
0.5493,0.05658,0.3262,0.866,0.9995,-0.7056,1066.0,994.0,15.0
0.924,0.08185,0.3257,0.8145,0.9995,-0.4683,998.0,974.0,1.0
0.732,0.05963,0.288,0.949,0.9995,-0.6997,1215.0,1541.0,2.0
0.2778,0.0741,0.3413,0.8535,0.9995,-0.6177,1034.0,1052.0,3.0
1.484,0.11993,0.333,0.8843,0.9995,-0.6157,1129.0,1047.0,4.0
3.945,0.3582,0.1946,0.909,0.9995,-0.999,1146.0,1354.0,5.0
3.697,0.2153,0.3042,0.8916,0.9995,-0.8765,1131.0,1371.0,6.0
0.8213,0.0808,0.4827,0.8667,0.9995,-0.7573,1021.5,1231.0,7.0
0.732,0.02837,0.3162,0.947,0.9995,-0.72,942.5,1072.0,8.0
0.732,0.05203,0.339,0.9175,0.9995,-0.7397,965.5,1059.0,9.0
0.452,0.0889,0.3535,0.8813,0.9995,-0.677,1045.0,1054.0,10.0
7.723,0.1887,0.3748,0.8203,0.9995,-0.4326,1028.0,1197.0,11.0
0.1793,0.0988,0.2109,0.8096,0.9995,-0.7393,1456.0,1313.0,12.0
0.4163,0.07654,0.276,0.9,0.9995,-0.707,1213.0,1316.0,13.0
1.015,0.11255,0.3132,0.87,0.9995,-0.6416,958.0,1043.0,14.0
0.732,0.06274,0.2927,0.9014,0.9995,-0.794,979.5,836.5,15.0
0.732,0.02905,0.133,0.84,0.9995,-0.6167,1224.0,1355.0,1.0
0.9785,0.0928,0.3364,0.8506,0.9995,-0.5283,952.5,964.5,2.0
0.2573,0.07385,0.3364,0.8438,0.9995,-0.6445,1157.0,1073.0,3.0
7.957,0.2267,0.314,0.8257,0.9995,-0.523,972.5,808.5,4.0
0.732,0.0362,0.2615,0.8765,0.9995,-0.7446,1277.0,879.0,5.0
2.662,0.142,0.2637,0.8135,0.9995,-0.565,1331.0,1374.0,6.0
0.2234,0.0702,0.2866,0.8447,0.9995,-0.548,1069.0,1030.0,7.0
0.732,0.0458,0.2009,0.84,0.9995,-0.6035,1107.0,1142.0,8.0
0.764,0.10144,0.3604,0.9106,0.9995,-0.6553,1065.0,1125.0,9.0
2.764,0.1449,0.2869,0.837,0.9995,-0.5615,977.0,880.0,10.0
0.732,0.01607,0.1965,0.755,1.0,-0.5317,1149.0,837.0,11.0
0.732,0.0371,0.243,0.801,0.9995,-0.547,1208.0,945.5,12.0
0.614,0.0984,0.26,0.8174,0.9995,-0.562,1211.0,1187.0,13.0
0.732,0.0526,0.2634,0.8555,0.9995,-0.701,1147.0,923.5,14.0
0.6353,0.0732,0.2612,0.8877,0.9995,-0.773,976.0,999.5,15.0
0.732,0.04422,0.2274,0.964,0.9995,-0.9766,1621.0,908.5,1.0
0.3105,0.0732,0.3123,0.871,0.9995,-0.473,1082.0,852.5,2.0
0.399,0.07684,0.3855,0.917,0.9995,-0.5576,1223.0,881.0,3.0
1.391,0.1041,0.313,0.851,0.9995,-0.484,1059.0,902.0,4.0
0.4556,0.0798,0.3232,0.8774,0.9995,-0.4832,1099.0,962.5,5.0
0.732,0.04456,0.1798,0.903,0.9995,-0.5806,1657.0,1031.0,6.0
0.3777,0.0746,0.3499,0.8555,0.9995,-0.5635,714.5,914.0,7.0
0.732,0.0489,0.26,0.9243,0.9995,-0.707,1321.0,936.0,8.0
3.09,0.1355,0.3125,0.852,0.9995,-0.4297,964.5,801.5,9.0
0.5234,0.052,0.3928,0.894,0.9995,-0.71,1232.0,792.5,10.0
0.5376,0.05856,0.2532,0.921,0.9995,-0.5103,1360.0,1033.0,11.0
1.036,0.1018,0.3003,0.8604,0.9995,-0.4963,1041.0,868.0,12.0
0.732,0.02036,0.7095,0.6943,1.0,-0.909,1403.0,1372.0,13.0
0.707,0.0685,0.2964,0.864,0.9995,-0.2103,880.0,983.0,14.0
0.3037,0.06696,0.2754,0.894,0.9995,-0.5303,1240.0,983.5,15.0
2.049,0.0806,0.493,0.8325,1.0,-0.4375,1072.0,1449.0,1.0
0.6343,0.0672,0.5977,0.9097,0.9995,-0.734,1200.0,865.0,2.0
0.9805,0.0871,0.42,0.849,0.9995,-0.678,804.0,879.5,3.0
3.01,0.1132,0.412,0.8506,0.9995,-0.4592,913.5,1088.0,4.0
0.732,0.01788,0.4016,0.896,0.9995,-0.9546,1458.0,795.5,5.0
0.562,0.0718,0.4434,0.8745,0.9995,-0.6035,1091.0,1213.0,6.0
1.349,0.0993,0.386,0.862,0.9995,-0.615,969.0,981.0,7.0
0.456,0.0705,0.3699,0.842,0.9995,-0.531,1073.0,1014.5,8.0
0.732,0.0405,0.4316,0.8506,0.9995,-0.739,1118.0,1008.0,9.0
0.692,0.0922,0.3174,0.835,0.9995,-0.596,1075.0,781.5,10.0
0.3547,0.0754,0.3892,0.875,0.9995,-0.6543,1078.0,975.0,11.0
0.4358,0.11487,0.3298,0.951,0.9995,-0.7803,946.5,860.0,12.0
0.732,0.04245,0.3958,0.897,0.9995,-0.8047,1280.0,899.0,13.0
0.3586,0.06506,0.378,0.893,0.9995,-0.774,1216.0,958.5,14.0
0.5083,0.05286,0.4197,0.901,0.9995,-0.7515,1020.5,910.0,15.0
2.451,0.1322,0.3413,0.892,0.9995,-0.5063,939.5,1054.0,1.0
0.936,0.09796,0.3208,0.8696,0.9995,-0.5225,1130.0,1101.0,2.0
0.732,0.0375,0.338,0.934,0.9995,-0.6167,1080.0,1516.0,3.0
0.438,0.134,0.2576,0.9204,0.9995,-0.7607,1355.0,1229.0,4.0
7.746,0.1299,0.6167,0.768,0.9995,-0.563,1071.0,1377.0,5.0
0.5044,0.0785,0.4333,0.9277,0.9995,-0.6147,860.5,1354.0,6.0
0.601,0.05145,0.2573,0.8784,0.9995,-0.525,1020.5,1196.0,7.0
3.057,0.1282,0.3928,0.871,0.9995,-0.5264,1021.5,1154.0,8.0
0.573,0.0533,0.3582,0.917,0.9995,-0.667,1071.0,1366.0,9.0
0.732,0.05118,0.311,0.8735,0.9995,-0.7812,1215.0,1010.0,10.0
0.227,0.04922,0.3447,0.9033,0.9995,-0.2825,819.5,1262.0,11.0
0.288,0.0808,0.2556,0.8555,0.9995,-0.6694,1027.0,1011.0,12.0
0.8022,0.092,0.3633,0.8794,0.9995,-0.596,1094.0,1114.0,13.0
0.644,0.04797,0.437,0.9365,0.9995,-0.7554,606.0,1422.0,14.0
0.652,0.05054,0.381,0.908,0.9995,-0.716,1178.0,1127.0,15.0
0.623,0.01588,0.4797,0.546,0.999,-0.7417,1766.0,454.0,1.0
3.848,0.1161,0.4656,0.828,0.9995,-0.5093,895.5,938.0,2.0
0.2888,0.05423,0.426,0.7817,0.9995,-0.561,896.0,1023.0,3.0
1.935,0.0875,0.4802,0.8345,0.9995,-0.56,1071.0,901.0,4.0
2.518,0.1087,0.4216,0.835,0.9995,-0.592,816.0,982.0,5.0
0.64,0.06506,0.4756,0.827,0.9995,-0.608,1099.0,950.5,6.0
12.875,0.2062,0.4915,0.76,0.9995,-0.536,1037.0,697.0,7.0
0.492,0.04123,0.727,0.733,0.9995,-0.685,1030.0,792.0,8.0
0.732,0.02954,0.4478,0.883,0.9995,-0.679,974.5,756.5,9.0
0.4065,0.05478,0.3286,0.814,0.9995,-0.6724,842.5,1171.0,10.0
0.5903,0.06415,0.1754,0.754,0.999,-0.66,509.0,1106.0,11.0
0.732,0.03525,0.3528,0.851,0.9995,-0.67,982.0,990.5,12.0
0.4907,0.05588,0.647,0.8594,0.999,-0.7456,1067.0,487.0,13.0
2.16,0.11414,0.4207,0.929,0.9995,-0.4932,1212.0,724.5,14.0
0.5376,0.0413,0.3867,0.811,0.9995,-0.6396,1058.0,962.5,15.0
3.88,0.1422,0.4248,0.8564,0.9995,-0.6523,862.5,925.0,1.0
1.104,0.10724,0.3657,0.8735,0.9995,-0.7134,975.5,1210.0,2.0
1.696,0.1401,0.295,0.8975,0.9995,-0.6055,536.5,1196.0,3.0
1.967,0.10876,0.4119,0.874,0.9995,-0.6055,834.0,1050.0,4.0
0.732,0.02986,0.4014,0.9717,1.0,-0.7734,807.5,1111.0,5.0
0.732,0.04837,0.12146,0.9497,0.9995,-0.6724,788.0,1005.0,6.0
0.6787,0.08923,0.2147,0.768,0.9995,-0.4873,1014.0,825.0,7.0
0.732,0.01811,0.188,0.824,0.9995,-0.561,901.5,518.0,8.0
0.7617,0.0531,0.5146,0.8765,0.9995,-0.309,1099.0,1397.0,9.0
0.2952,0.05835,0.386,0.8677,0.9995,-0.4463,1022.5,1148.0,10.0
0.7524,0.1021,0.3005,0.868,0.9995,-0.574,808.5,1120.0,11.0
0.732,0.03845,0.3901,0.891,0.9995,-0.671,709.5,913.5,12.0
0.732,0.05887,0.1981,0.905,0.9995,-0.635,842.5,1006.5,13.0
0.732,0.04477,0.2317,0.838,0.9995,-0.564,953.5,756.5,14.0
0.732,0.0325,0.2156,0.8535,0.9995,-0.523,1082.0,941.5,15.0
1.578,0.11316,0.3516,0.893,0.9995,-0.5464,706.5,1083.0,1.0
0.2844,0.0757,0.3643,0.8823,0.9995,-0.647,888.5,1158.0,2.0
0.612,0.0762,0.3281,0.814,0.9995,-0.4949,1164.0,1353.0,3.0
3.725,0.135,0.3774,0.8384,0.9995,-0.525,1002.0,1142.0,4.0
1.322,0.0979,0.4014,0.862,0.9995,-0.647,1066.0,1162.0,5.0
0.569,0.09247,0.37,0.8726,0.9995,-0.733,1406.0,1006.5,6.0
0.732,0.03333,0.308,0.9443,0.9995,-0.689,1283.0,1331.0,7.0
0.732,0.01176,0.194,0.799,0.9995,-0.859,816.5,1073.0,8.0
0.732,0.04428,0.324,0.893,0.9995,-0.6113,1089.0,1071.0,9.0
0.274,0.07336,0.3794,0.863,0.9995,-0.709,1061.0,1161.0,10.0
0.8916,0.09247,0.3044,0.793,0.9995,-0.6235,1183.0,1228.0,11.0
0.694,0.0408,0.3909,0.8164,0.9995,-0.721,1122.0,1236.0,12.0
10000.0,0.6294,0.812,0.1954,0.9995,0.1287,721.0,1055.0,13.0
0.732,0.02571,0.4536,0.9424,0.9995,-0.93,1007.5,1092.0,14.0
0.732,0.04846,0.3394,0.907,0.9995,-0.7163,1218.0,1292.0,15.0
1.7295,0.12115,0.3506,0.857,0.9995,-0.6924,939.5,781.0,1.0
2.514,0.09784,0.61,0.872,0.9995,-0.803,1099.0,1297.0,2.0
4.984,0.1758,0.2998,0.8286,0.9995,-0.5146,1038.0,1087.0,3.0
0.732,0.02426,0.3186,0.8823,0.999,-0.7983,1235.0,810.0,4.0
0.819,0.0758,0.3901,0.763,0.9995,-0.7173,938.5,958.5,5.0
1.579,0.1453,0.275,0.884,0.9995,-0.6436,955.0,571.5,6.0
0.6475,0.08026,0.4697,0.868,0.9995,-0.7886,1089.0,1023.5,7.0
0.887,0.1107,0.3245,0.87,0.9995,-0.7065,943.5,690.0,8.0
0.732,0.01677,0.432,0.897,0.9995,-0.773,1440.0,942.0,9.0
0.3071,0.07355,0.3884,0.8647,0.9995,-0.688,924.5,875.0,10.0
0.732,0.03296,0.3467,0.9536,0.9995,-0.843,1359.0,783.0,11.0
0.732,0.05594,0.341,0.9224,0.9995,-0.7915,1249.0,800.5,12.0
0.732,0.0234,0.3542,0.9653,0.999,-0.876,1133.0,859.5,13.0
0.732,0.0417,0.3433,0.9146,0.9995,-0.8438,1113.0,804.0,14.0
0.732,0.05484,0.3484,0.8877,0.9995,-0.827,1092.0,791.5,15.0
0.732,0.04193,0.2004,0.887,0.9995,-0.9355,573.0,300.2,1.0
1.113,0.09314,0.3901,0.8896,0.9995,-0.5513,848.0,884.5,2.0
0.2905,0.0742,0.248,0.824,0.9995,-0.3687,506.8,391.5,3.0
0.2751,0.07166,0.359,0.873,0.9995,-0.599,825.5,782.0,4.0
4.605,0.1383,0.3953,0.851,0.9995,-0.3728,768.0,582.5,5.0
0.3948,0.0639,0.4434,0.877,0.9995,-0.563,1179.0,841.5,6.0
10000.0,0.2866,0.8784,0.176,0.999,-0.7485,883.5,1503.0,7.0
0.732,0.010895,0.4102,0.9,0.9995,-0.637,657.5,428.0,8.0
0.271,0.1135,0.1799,0.836,0.9995,-0.739,876.0,990.5,9.0
1.84,0.102,0.3823,0.851,0.9995,-0.525,819.0,641.0,10.0
0.732,0.06384,0.1259,0.7314,0.999,-0.8105,1481.0,196.2,11.0
0.732,0.06995,0.2056,0.812,0.9995,-0.7866,1082.0,465.2,12.0
0.605,0.04846,0.383,0.7236,0.9995,-0.434,1151.0,846.5,13.0
0.732,0.05316,0.271,0.8667,0.9995,-0.7446,700.5,559.0,14.0
0.6675,0.0618,0.427,0.844,0.9995,-0.411,964.0,982.5,15.0
0.732,0.03,0.1714,0.852,0.9995,-0.4824,895.0,684.0,1.0
4.234,0.1654,0.3289,0.848,0.9995,-0.561,974.5,976.5,2.0
0.732,0.02026,0.2395,0.863,0.9995,-0.428,418.8,1192.0,3.0
0.2534,0.0442,0.4187,0.8203,0.9995,-0.4927,1148.0,1077.0,4.0
0.243,0.0676,0.291,0.853,0.9995,-0.418,748.5,1015.0,5.0
1.039,0.1023,0.2942,0.873,0.9995,-0.457,978.0,1003.5,6.0
0.732,0.04,0.1885,0.9,0.9995,-0.7183,1265.0,1381.0,7.0
0.6675,0.06683,0.5127,0.8896,0.9995,-0.584,1037.0,1451.0,8.0
0.732,0.04794,0.2615,0.8784,0.9995,-0.6274,1128.0,1198.0,9.0
78.0,0.7563,0.7715,0.722,0.9995,0.2844,321.5,1522.0,10.0
0.4153,0.1052,0.222,0.853,0.9995,-0.4941,683.5,426.5,11.0
1.663,0.1134,0.296,0.8403,0.9995,-0.4973,932.5,949.5,12.0
0.732,0.02782,0.3105,0.8726,0.9995,-0.5938,623.0,963.0,13.0
0.441,0.0653,0.363,0.8345,0.9995,-0.4475,543.0,782.5,14.0
0.664,0.03854,0.3364,0.8564,0.9995,-0.5444,762.5,1012.5,15.0
0.732,0.0485,0.153,0.925,0.9995,-0.737,929.5,708.5,1.0
0.732,0.05142,0.3667,0.8755,0.9995,-0.814,433.2,711.5,2.0
0.732,0.0606,0.251,0.895,0.9995,-0.7134,902.0,814.5,3.0
0.3167,0.08014,0.3835,0.898,0.9995,-0.706,948.0,859.0,4.0
0.3982,0.0709,0.3123,0.883,0.9995,-0.7485,927.0,864.0,5.0
0.3655,0.0684,0.3208,0.8887,0.9995,-0.7056,1025.0,819.0,6.0
0.2305,0.07764,0.2983,0.8237,0.9995,-0.6704,498.5,664.0,7.0
0.3198,0.0673,0.3262,0.831,0.9995,-0.7554,794.0,856.0,8.0
0.3064,0.0684,0.3796,0.863,0.9995,-0.586,966.5,883.0,9.0
0.672,0.0726,0.2266,0.868,0.9995,-0.739,674.0,630.0,10.0
0.188,0.0782,0.2487,0.801,0.9995,-0.5054,1308.0,981.5,11.0
0.3845,0.0785,0.413,0.874,0.9995,-0.7485,555.0,821.0,12.0
-0.1202,0.0787,0.1545,0.769,0.9995,-0.4539,1051.0,745.5,13.0
0.2311,0.0738,0.2927,0.822,0.9995,-0.6567,817.0,811.5,14.0
0.2466,0.07745,0.283,0.846,0.9995,-0.6714,865.0,841.0,15.0
0.509,0.0595,0.3794,0.899,0.9995,-0.7827,979.0,907.5,1.0
1.703,0.06125,0.5737,0.7607,0.9995,-0.5303,1341.0,473.8,2.0
0.4011,0.04446,0.3735,0.893,0.9995,-0.4978,1039.0,1324.0,3.0
0.2493,0.11285,0.2484,0.87,0.9995,-0.769,1154.0,820.0,4.0
0.3374,0.05774,0.314,0.817,0.9995,-0.6284,1153.0,948.0,5.0
0.732,0.04156,0.4287,0.8584,0.9995,-0.782,1283.0,966.0,6.0
0.3235,0.05865,0.3816,0.85,0.9995,-0.7236,1156.0,951.0,7.0
0.3452,0.06125,0.314,0.8706,0.9995,-0.61,1075.0,1060.0,8.0
0.2522,0.0665,0.3806,0.8267,0.9995,-0.7876,1026.0,737.0,9.0
0.3916,0.06824,0.41,0.835,0.9995,-0.6387,1053.0,931.5,10.0
0.3594,0.0959,0.1891,0.833,1.0,-0.6855,854.5,631.0,11.0
0.88,0.073,0.4324,0.798,0.9995,-0.6245,1165.0,633.5,12.0
0.3235,0.0668,0.3567,0.7964,0.9995,-0.576,648.5,985.5,13.0
0.2104,0.0889,0.2395,0.831,0.9995,-0.667,904.0,706.0,14.0
0.554,0.04852,0.2715,0.796,1.0,-0.5845,1236.0,1023.5,15.0
0.3845,0.0539,0.331,0.8745,0.9995,-0.5713,1013.5,990.5,1.0
0.5093,0.04962,0.3198,0.867,0.9995,-0.578,785.5,797.5,2.0
0.576,0.04,0.299,0.8516,0.9995,-0.4702,755.0,1103.0,3.0
0.467,0.0558,0.2866,0.853,0.9995,-0.587,839.5,985.0,4.0
1.94,0.10724,0.3525,0.845,0.9995,-0.5044,1001.5,1005.5,5.0
0.2223,0.0719,0.2874,0.8076,0.9995,-0.517,985.5,910.0,6.0
0.3442,0.0536,0.4111,0.8555,0.9995,-0.394,1237.0,1098.0,7.0
0.5225,0.0869,0.2563,0.9136,0.9995,-0.2913,682.0,836.0,8.0
0.732,0.01717,0.332,0.8027,0.9995,-0.371,1175.0,883.5,9.0
0.294,0.05267,0.3147,0.8584,0.9995,-0.475,865.0,995.5,10.0
0.2507,0.06,0.3284,0.839,0.9995,-0.5693,898.5,1030.0,11.0
0.2915,0.07434,0.2915,0.8804,0.9995,-0.423,825.0,904.5,12.0
0.732,0.03568,0.24,0.882,0.9995,-0.5728,868.0,736.0,13.0
0.2502,0.059,0.3186,0.8677,0.9995,-0.5034,834.5,846.0,14.0
0.2532,0.06055,0.3035,0.859,0.9995,-0.5117,864.5,946.5,15.0
0.3115,0.0636,0.3308,0.8594,0.9995,-0.664,1032.0,1150.0,1.0
1.294,0.088,0.3792,0.851,0.9995,-0.479,840.0,882.0,2.0
0.6523,0.0529,0.3525,0.883,0.9995,-0.731,988.0,1190.0,3.0
0.3333,0.0799,0.2489,0.9004,0.9995,-0.611,901.5,832.5,4.0
0.2915,0.05966,0.3325,0.894,0.9995,-0.5454,866.5,1121.0,5.0
0.202,0.0584,0.3545,0.802,0.9995,-0.5195,1008.0,962.0,6.0
0.732,0.04703,0.295,0.9272,0.9995,-0.6562,680.0,965.5,7.0
0.6704,0.0605,0.341,0.937,0.9995,-0.7603,882.5,974.0,8.0
0.4653,0.06015,0.304,0.903,0.9995,-0.613,856.0,1055.0,9.0
0.2588,0.07623,0.291,0.894,0.9995,-0.6177,717.5,1148.0,10.0
0.2451,0.07263,0.305,0.893,0.9995,-0.589,924.5,1116.0,11.0
0.6406,0.1023,0.2363,0.8696,0.9995,-0.407,1000.5,1141.0,12.0
0.2854,0.0649,0.2898,0.88,0.9995,-0.541,1056.0,1241.0,13.0
0.237,0.0694,0.3193,0.8643,0.9995,-0.6045,1035.0,1189.0,14.0
0.2878,0.0659,0.317,0.8677,0.9995,-0.6255,1052.0,1111.0,15.0
0.3867,0.10254,0.3225,0.9336,1.0,-0.6816,1053.0,1102.0,1.0
0.4695,0.06204,0.2786,0.834,0.9995,-0.6733,1101.0,1028.0,2.0
0.564,0.05115,0.3123,0.9043,0.9995,-0.5703,1009.5,985.5,3.0
0.3362,0.06586,0.3127,0.8423,0.9995,-0.7,981.0,1088.0,4.0
2.312,0.1249,0.3215,0.82,0.9995,-0.618,1099.0,1049.0,5.0
0.732,0.02463,0.3845,0.803,0.9995,-0.958,1435.0,867.5,6.0
0.3098,0.07117,0.3513,0.826,0.9995,-0.616,1146.0,1160.0,7.0
0.4663,0.05914,0.3594,0.8535,0.9995,-0.781,1093.0,855.5,8.0
0.3052,0.06946,0.3098,0.8545,0.9995,-0.6924,1080.0,1011.0,9.0
0.3323,0.0832,0.3303,0.8394,0.9995,-0.689,1063.0,989.0,10.0
0.2546,0.0669,0.3718,0.8374,0.9995,-0.7607,1106.0,898.0,11.0
0.3342,0.06052,0.3384,0.864,0.9995,-0.6523,1075.0,986.5,12.0
0.29,0.06854,0.3323,0.8706,0.9995,-0.694,1077.0,963.5,13.0
0.269,0.0695,0.3855,0.841,0.9995,-0.711,1122.0,950.5,14.0
0.2544,0.0705,0.336,0.8477,0.9995,-0.7095,1014.5,1007.5,15.0
0.732,0.04797,0.1572,0.831,0.9995,-0.808,1148.0,726.0,1.0
0.2708,0.08685,0.2422,0.8643,0.9995,-0.664,948.0,803.0,2.0
0.732,0.0547,0.258,0.8384,0.9995,-0.6987,1105.0,826.0,3.0
0.2969,0.09753,0.2076,0.882,0.9995,-0.649,835.5,668.0,4.0
0.2576,0.04602,0.5063,0.7773,0.9995,-0.7324,1272.0,1161.0,5.0
0.4253,0.05878,0.2688,0.842,0.9995,-0.5728,1014.5,820.0,6.0
0.3877,0.0788,0.3152,0.8296,0.9995,-0.553,1195.0,1048.0,7.0
2.68,0.11224,0.3652,0.8135,0.9995,-0.5376,1150.0,945.5,8.0
0.15,0.10126,0.1272,0.7993,0.9995,-0.5537,481.2,585.5,9.0
0.732,0.01932,0.2424,0.847,0.9995,-0.558,822.0,765.5,10.0
0.3567,0.08716,0.2827,0.88,0.9995,-0.5044,845.5,806.5,11.0
0.139,0.0651,0.2028,0.777,0.9995,-0.512,1082.0,802.5,12.0
0.315,0.0922,0.2417,0.784,0.9995,-0.63,1202.0,1127.0,13.0
0.273,0.04526,0.415,0.7905,0.9995,-0.369,1154.0,874.0,14.0
0.4016,0.0642,0.2585,0.8325,0.9995,-0.6084,1060.0,819.5,15.0
0.732,0.01312,0.4077,0.9473,0.9995,-0.8438,1286.0,1189.0,1.0
0.4336,0.0558,0.387,0.777,0.9995,-0.4636,852.5,581.0,2.0
0.732,0.04056,0.4043,0.897,0.9995,-0.698,1268.0,947.5,3.0
0.732,0.03638,0.376,0.8867,0.9995,-0.702,1192.0,1047.0,4.0
3.393,0.1272,0.366,0.824,0.9995,-0.525,943.0,1057.0,5.0
0.1895,0.07104,0.3228,0.799,0.9995,-0.6562,555.0,943.5,6.0
0.732,0.04285,0.379,0.8857,0.9995,-0.7607,1030.0,920.0,7.0
-0.1254,0.1097,0.1036,0.801,0.9995,-0.497,1447.0,655.5,8.0
0.607,0.05743,0.2634,0.874,0.9995,-0.612,1034.0,925.0,9.0
0.732,0.01964,0.266,0.8887,0.9995,-0.7754,897.0,657.0,10.0
0.0952,0.04755,0.319,0.7007,0.9995,-0.623,1058.0,980.0,11.0
0.1775,0.05078,0.305,0.8267,0.9995,-0.3848,1208.0,711.5,12.0
0.2688,0.06445,0.3047,0.8467,0.9995,-0.5938,1109.0,834.5,13.0
0.4243,0.05453,0.3538,0.861,0.9995,-0.6665,1061.0,863.0,14.0
0.2776,0.06323,0.2905,0.853,0.9995,-0.552,1112.0,860.5,15.0
0.732,0.05484,0.2395,0.826,0.9995,-0.699,1026.0,850.0,1.0
0.3513,0.05276,0.3506,0.8193,0.9995,-0.638,1078.0,967.5,2.0
3.357,0.1013,0.4663,0.785,0.9995,-0.5977,1076.0,1170.0,3.0
0.512,0.05518,0.2725,0.8525,0.9995,-0.5776,1034.0,970.5,4.0
0.639,0.0441,0.3713,0.811,0.9995,-0.723,1140.0,1071.0,5.0
0.8716,0.08746,0.3745,0.86,0.9995,-0.58,1171.0,882.5,6.0
0.2167,0.0995,0.1986,0.8047,0.9995,-0.751,1106.0,417.5,7.0
0.248,0.0643,0.374,0.8296,0.9995,-0.664,1055.0,1083.0,8.0
0.732,0.07635,0.1533,0.805,0.9995,-0.692,776.0,957.0,9.0
71.9,0.598,0.4634,0.6284,0.999,0.4656,144.2,999.0,10.0
24.7,0.3374,0.3738,0.7373,0.9995,-0.0692,546.5,924.0,11.0
11.31,0.205,0.3591,0.7666,0.9995,-0.3738,838.5,906.0,12.0
0.3494,0.0532,0.3838,0.6978,0.9995,-0.6895,1380.0,697.0,13.0
0.2825,0.05548,0.4219,0.825,0.9995,-0.553,1372.0,813.0,14.0
0.2559,0.06433,0.3057,0.84,0.9995,-0.589,1059.0,880.0,15.0
0.732,0.05457,0.3345,0.918,0.9995,-0.7607,838.0,1042.0,1.0
0.3718,0.1112,0.2998,0.874,1.0,-0.8394,1586.0,1125.0,2.0
0.6553,0.09955,0.2344,0.814,1.0,-0.4954,1624.0,1234.0,3.0
0.92,0.0771,0.414,0.85,0.9995,-0.525,1389.0,944.0,4.0
0.2137,0.0875,0.2468,0.838,0.9995,-0.553,1430.0,1211.0,5.0
0.4001,0.0658,0.3064,0.885,0.9995,-0.6704,1113.0,1051.0,6.0
4.805,0.1685,0.3564,0.8213,0.9995,-0.6963,1296.0,847.5,7.0
0.3347,0.075,0.2646,0.854,0.9995,-0.6694,1270.0,1296.0,8.0
0.375,0.06964,0.433,0.882,0.9995,-0.6455,1188.0,989.0,9.0
0.3406,0.04483,0.573,0.8755,0.9995,-0.7515,1313.0,1070.0,10.0
0.2747,0.0775,0.2817,0.881,0.9995,-0.6484,1257.0,1215.0,11.0
0.2693,0.0699,0.3691,0.8716,0.9995,-0.612,1230.0,1064.0,12.0
0.2783,0.0658,0.326,0.8784,0.9995,-0.616,1151.0,1047.0,13.0
0.3284,0.0744,0.3325,0.8535,0.9995,-0.553,1273.0,1060.0,14.0
0.2517,0.06,0.445,0.8647,0.9995,-0.6836,1293.0,1074.0,15.0
0.476,0.0678,0.2432,0.901,0.9995,-0.569,702.0,752.5,1.0
0.479,0.02055,0.5884,0.8735,1.0,-0.3376,273.8,1753.0,2.0
0.512,0.05902,0.2274,0.8945,0.9995,-0.4758,948.0,1010.0,3.0
0.4812,0.05786,0.3723,0.9346,0.9995,-0.682,922.0,1059.0,4.0
0.732,0.05075,0.2253,0.835,0.9995,-0.6123,767.0,916.5,5.0
0.4485,0.0608,0.2546,0.865,0.9995,-0.5503,923.0,971.0,6.0
0.4268,0.06824,0.3813,0.881,0.9995,-0.894,1299.0,1088.0,7.0
0.3254,0.0724,0.3765,0.885,0.9995,-0.584,1077.0,1138.0,8.0
0.619,0.0625,0.3337,0.8877,0.9995,-0.2012,1036.0,883.0,9.0
0.2917,0.06287,0.3455,0.9106,0.9995,-0.5884,901.5,1056.0,10.0
0.4812,0.07135,0.4146,0.884,0.9995,-0.5557,1394.0,1148.0,11.0
0.2496,0.0466,0.4524,0.881,0.9995,-0.451,682.5,1444.0,12.0
0.2832,0.0641,0.305,0.868,0.9995,-0.3494,991.5,993.0,13.0
0.4358,0.0803,0.333,0.886,0.9995,-0.9385,1104.0,1314.0,14.0
0.2778,0.06198,0.302,0.8784,0.9995,-0.526,1030.0,1059.0,15.0
0.732,0.05096,0.2496,0.791,0.9995,-0.7905,1082.0,988.0,1.0
0.615,0.01855,0.6465,0.866,1.0,-0.4185,939.0,999.0,2.0
0.314,0.0599,0.379,0.878,0.9995,-0.6865,985.0,1023.5,3.0
0.4023,0.06177,0.3423,0.843,0.9995,-0.7593,931.0,1057.0,4.0
0.6826,0.04297,0.353,0.815,0.9995,-0.7036,1097.0,961.5,5.0
0.3738,0.05457,0.3208,0.835,0.9995,-0.603,1032.0,1100.0,6.0
1.208,0.0957,0.4124,0.9,0.9995,-0.59,810.0,872.5,7.0
0.287,0.0653,0.4155,0.9087,0.9995,-0.7593,908.5,1307.0,8.0
0.2559,0.0419,0.5093,0.867,1.0,-0.5107,936.0,1055.0,9.0
0.732,0.0362,0.339,0.8423,0.9995,-0.67,975.5,1385.0,10.0
0.3196,0.0625,0.3474,0.861,0.9995,-0.4211,941.0,1039.0,11.0
0.357,0.05756,0.5615,0.932,0.9995,-0.931,465.0,1818.0,12.0
6.01,0.1666,0.3813,0.8574,0.9995,-0.338,918.5,1332.0,13.0
0.3218,0.05545,0.3835,0.8477,0.9995,-0.6787,949.5,1034.0,14.0
0.3518,0.05176,0.474,0.8804,0.9995,-0.4297,1053.0,1110.0,15.0
0.4136,0.0473,0.415,0.8613,0.9995,-0.65,1003.5,810.0,1.0
0.732,0.04788,0.352,0.876,0.9995,-0.74,969.5,849.0,2.0
0.4248,0.0541,0.3843,0.8687,0.9995,-0.7046,1058.0,903.5,3.0
0.4377,0.0659,0.4744,0.803,0.999,-0.777,1324.0,684.5,4.0
0.568,0.0863,0.3386,0.851,0.9995,-0.605,1237.0,994.0,5.0
0.3237,0.05283,0.3274,0.831,0.9995,-0.5557,856.5,922.0,6.0
0.4858,0.0505,0.272,0.868,0.9995,-0.4893,672.5,725.0,7.0
0.698,0.07336,0.5063,0.956,0.999,-0.5386,636.0,492.5,8.0
5.918,0.1488,0.4353,0.7983,0.9995,-0.601,1180.0,464.8,9.0
0.2874,0.07434,0.344,0.855,0.9995,-0.6143,1123.0,918.0,10.0
0.2896,0.06726,0.3997,0.8354,0.999,-0.689,1140.0,769.5,11.0
0.3096,0.06107,0.298,0.867,0.9995,-0.55,853.5,780.0,12.0
0.386,0.0845,0.2898,0.848,0.9995,-0.5254,1017.5,731.0,13.0
0.08124,0.062,0.2654,0.7197,0.9995,-0.6606,1321.0,1133.0,14.0
57.16,0.306,0.4937,0.667,0.9995,0.861,1035.0,896.5,15.0
0.5034,0.06683,0.317,0.9136,0.9995,-0.7266,1208.0,1064.0,1.0
0.2278,0.1236,0.168,0.941,0.9995,-0.34,973.0,665.5,2.0
0.4536,0.0773,0.3782,0.8677,0.9995,-0.6055,1087.0,911.0,3.0
0.4001,0.0672,0.275,0.87,0.9995,-0.633,1099.0,904.5,4.0
0.732,0.04883,0.2352,0.844,0.9995,-0.7246,918.5,952.5,5.0
0.3079,0.0885,0.2861,0.9106,0.9995,-0.517,1243.0,950.0,6.0
0.562,0.0778,0.1874,0.891,1.0,-0.568,1114.0,889.5,7.0
0.272,0.07904,0.2954,0.907,0.9995,-0.6504,1139.0,936.0,8.0
0.732,0.05508,0.1161,0.91,0.9995,-0.7993,987.0,709.5,9.0
0.2944,0.0804,0.2451,0.8965,0.9995,-0.5835,1033.0,870.0,10.0
9.62,0.2197,0.4285,0.846,0.9995,-0.4072,965.5,951.0,11.0
0.4763,0.06714,0.2554,0.865,0.9995,-0.6377,1000.0,894.0,12.0
0.03177,0.10626,0.1532,0.913,0.9995,-0.3433,1232.0,567.0,13.0
0.269,0.09717,0.3022,0.9185,0.9995,-0.686,1022.0,864.5,14.0
0.732,0.0711,0.1896,0.9077,0.9995,-0.6436,1015.5,733.5,15.0
0.4648,0.10333,0.331,0.952,0.9995,-0.6323,716.0,1093.0,1.0
0.705,0.068,0.2578,0.9194,0.9995,-0.7026,1030.0,938.5,2.0
0.3667,0.05923,0.363,0.8325,0.9995,-0.7563,866.0,1037.0,3.0
0.732,0.06195,0.2568,0.9,0.9995,-0.6924,928.5,674.5,4.0
0.732,0.01188,0.3872,0.935,0.9995,-0.716,1039.0,1171.0,5.0
0.394,0.0754,0.2642,0.8735,0.9995,-0.688,894.5,893.5,6.0
0.294,0.07544,0.285,0.8926,0.9995,-0.6333,900.0,857.5,7.0
0.327,0.07654,0.2983,0.9097,0.9995,-0.6855,928.0,869.0,8.0
0.293,0.082,0.3015,0.841,0.999,-0.8403,1297.0,745.5,9.0
0.3062,0.1375,0.1812,0.841,0.9995,-0.6494,1615.0,466.5,10.0
0.3237,0.1071,0.2976,0.956,0.9995,-0.926,992.5,848.0,11.0
0.2893,0.10596,0.26,0.909,0.9995,-0.841,1509.0,770.5,12.0
0.2496,0.08685,0.297,0.905,0.9995,-0.706,1029.0,842.0,13.0
0.388,0.0767,0.2861,0.9062,0.9995,-0.708,1106.0,943.5,14.0
0.2632,0.0796,0.3892,0.927,0.9995,-0.7334,1251.0,933.0,15.0
11.27,0.1625,0.2527,0.6943,0.9995,-0.2744,1029.0,455.8,1.0
0.732,0.05017,0.3237,0.9062,0.999,-0.8975,816.0,627.5,2.0
0.323,0.05908,0.573,0.873,0.9995,-0.789,681.5,1067.0,3.0
0.528,0.05408,0.3726,0.874,0.9995,-0.7344,762.5,961.5,4.0
0.4456,0.08704,0.391,0.8853,0.9995,-0.7563,978.5,939.0,5.0
0.595,0.0687,0.3103,0.8955,0.9995,-0.807,898.0,769.0,6.0
2.898,0.1245,0.285,0.7954,0.9995,-0.513,1016.0,645.5,7.0
0.3384,0.08813,0.2678,0.9126,0.9995,-0.73,875.5,814.5,8.0
0.732,0.0592,0.2175,0.997,0.9995,-0.857,982.5,980.0,9.0
0.3228,0.07574,0.3196,0.8965,0.9995,-0.7466,844.5,833.0,10.0
0.377,0.0883,0.2498,0.9053,0.9995,-0.7183,1228.0,952.5,11.0
0.7256,0.07574,0.277,0.947,0.9995,-0.803,957.5,893.0,12.0
0.251,0.0736,0.3574,0.8823,0.9995,-0.7344,859.0,902.5,13.0
0.3838,0.0807,0.3027,0.9233,0.9995,-0.765,957.0,861.0,14.0
0.4934,0.0669,0.2742,0.8887,0.9995,-0.659,747.0,773.5,15.0
0.3037,0.06256,0.3733,0.799,0.9995,-0.8306,698.5,1337.0,1.0
0.2595,0.08997,0.3635,0.976,0.9995,-0.758,1154.0,1247.0,2.0
1.884,0.122,0.3604,0.904,0.9995,-0.5645,1212.0,1323.0,3.0
0.732,0.05026,0.3157,0.8003,0.9995,-0.8228,719.5,1107.0,4.0
0.2844,0.068,0.3577,0.8467,0.9995,-0.778,888.0,1161.0,5.0
0.2595,0.06866,0.3782,0.8906,0.9995,-0.719,1045.0,1343.0,6.0
0.643,0.05493,0.352,0.869,0.9995,-0.7744,1127.0,1002.0,7.0
0.732,0.0486,0.2866,0.8516,0.9995,-0.9,974.5,763.5,8.0
0.576,0.06335,0.328,0.8516,0.9995,-0.837,1039.0,970.0,9.0
0.4294,0.0858,0.3816,0.8853,0.9995,-0.719,909.0,850.0,10.0
0.3425,0.0634,0.3713,0.9,0.9995,-0.7124,1086.0,1162.0,11.0
0.3733,0.06744,0.3186,0.841,0.9995,-0.7666,1034.0,875.5,12.0
0.3196,0.07007,0.3342,0.8613,0.9995,-0.7637,1091.0,1083.0,13.0
0.4817,0.06537,0.504,0.866,0.9995,-0.6797,995.5,1496.0,14.0
18.66,0.315,0.5493,0.882,0.9995,0.07056,857.0,1315.0,15.0
1.699,0.141,0.3298,0.9,0.9995,-0.737,1074.0,1204.0,1.0
0.732,0.06805,0.2546,0.9146,0.9995,-0.713,984.0,995.0,2.0
0.4097,0.11053,0.1484,0.8706,1.0,-0.2502,1245.0,795.0,3.0
0.4688,0.03885,0.441,0.811,0.9995,-0.1656,1765.0,1207.0,4.0
0.3457,0.04938,0.3914,0.8965,0.9995,-0.553,1031.0,825.0,5.0
0.3904,0.0805,0.3398,0.8965,0.9995,-0.536,1040.0,1073.0,6.0
0.3237,0.04968,0.4062,0.8535,0.9995,-0.341,1423.0,1174.0,7.0
0.819,0.10724,0.328,0.894,0.9995,-0.6436,1152.0,1123.0,8.0
42.72,0.5757,0.598,0.7246,1.0,-0.973,1342.0,392.0,9.0
0.331,0.0709,0.281,0.8926,0.9995,-0.6064,1096.0,987.0,10.0
0.732,0.03613,0.3628,0.8765,0.9995,-0.5693,1006.5,1036.0,11.0
0.337,0.08594,0.333,0.8857,0.9995,-0.642,1163.0,1106.0,12.0
0.2861,0.05356,0.3157,0.8896,0.9995,-0.4446,1391.0,1026.0,13.0
0.3528,0.0855,0.3079,0.8804,0.9995,-0.565,1068.0,980.5,14.0
0.3093,0.1082,0.2406,0.7764,0.9995,-0.823,1102.0,624.0,15.0
0.732,0.011055,0.2737,0.745,0.9995,-0.598,1088.0,875.0,1.0
0.425,0.03464,0.4727,0.888,0.9995,-0.4807,980.5,1354.0,2.0
0.489,0.04352,0.3643,0.8594,0.9995,-0.5605,879.5,935.0,3.0
1.278,0.07416,0.4607,0.842,0.9995,-0.4722,1005.5,1112.0,4.0
0.3687,0.04434,0.3542,0.846,0.9995,-0.4963,897.0,949.0,5.0
0.665,0.04822,0.256,0.851,0.9995,-0.561,956.5,1110.0,6.0
68.25,0.701,0.9585,0.825,0.9995,0.2311,950.5,555.0,7.0
0.55,0.04074,0.5273,0.9604,0.9995,-0.06775,1186.0,290.8,8.0
0.699,0.02904,0.3218,0.795,0.9995,-0.4722,1036.0,860.0,9.0
0.581,0.04565,0.4988,0.8486,0.9995,-0.2646,1260.0,457.5,10.0
0.5923,0.0656,0.3967,0.869,0.9995,-0.4053,945.5,941.5,11.0
0.3513,0.048,0.4187,0.841,0.9995,-0.3208,1132.0,621.0,12.0
0.5522,0.03262,0.304,0.7896,0.9995,-0.4158,1163.0,739.5,13.0
0.3013,0.04578,0.3594,0.8433,0.9995,-0.4717,928.5,913.5,14.0
0.4016,0.03084,0.37,0.8315,0.9995,-0.3435,1603.0,1008.0,15.0
1.276,0.0996,0.288,0.8984,0.9995,-0.3044,524.0,1439.0,1.0
0.2551,0.08765,0.342,0.893,0.9995,-0.7886,925.5,614.0,2.0
0.732,0.05865,0.1832,0.8965,0.9995,-0.663,1184.0,839.5,3.0
0.3862,0.11084,0.2676,0.982,0.9995,-0.4863,633.0,522.5,4.0
0.4155,0.0289,0.4812,0.8306,0.9995,-0.4304,1482.0,808.5,5.0
0.6216,0.0627,0.2659,0.888,0.9995,-0.6636,1137.0,863.0,6.0
0.732,0.05164,0.387,0.8843,0.9995,-0.9805,1552.0,68.56,7.0
0.3433,0.0676,0.3784,0.872,0.9995,-0.5234,984.0,891.5,8.0
0.571,0.0437,0.2598,0.8677,0.9995,-0.437,1106.0,853.5,9.0
0.357,0.05658,0.3066,0.8716,0.9995,-0.5425,1097.0,830.0,10.0
0.374,0.0954,0.3323,0.968,0.9995,-0.5713,1096.0,993.0,11.0
0.508,0.0917,0.3389,0.884,1.0,-0.6367,985.5,1109.0,12.0
0.533,0.06198,0.3684,0.895,0.9995,-0.8145,1247.0,398.2,13.0
0.2988,0.0704,0.3474,0.8853,0.9995,-0.7407,1130.0,640.5,14.0
0.2947,0.09186,0.2937,0.9204,0.9995,-0.5674,845.0,715.0,15.0
0.732,0.01921,0.3628,0.908,0.9995,-0.6504,1164.0,933.0,1.0
0.732,0.06232,0.253,0.903,0.9995,-0.6875,1086.0,956.5,2.0
0.732,0.0477,0.2607,0.854,0.9995,-0.6187,1419.0,1164.0,3.0
0.5464,0.0673,0.2893,0.8604,0.9995,-0.77,974.0,866.0,4.0
0.732,0.03955,0.3613,0.8867,0.9995,-0.649,1100.0,927.5,5.0
0.4067,0.064,0.3003,0.861,0.9995,-0.6724,1064.0,1006.5,6.0
0.6455,0.099,0.3071,0.81,0.9995,-0.7236,773.5,788.0,7.0
0.3606,0.0559,0.359,0.8506,0.9995,-0.667,1078.0,991.5,8.0
1.635,0.10345,0.3994,0.8706,0.9995,-0.6016,1000.0,976.5,9.0
0.4045,0.07684,0.2461,0.8306,0.9995,-0.7207,1024.0,1081.0,10.0
0.3975,0.07043,0.4126,0.8545,0.9995,-0.6416,1079.0,1209.0,11.0
0.528,0.06744,0.543,0.905,1.0,-0.6963,1793.0,838.5,12.0
0.3035,0.06,0.3682,0.853,0.9995,-0.694,1173.0,936.5,13.0
0.2429,0.07214,0.3096,0.8267,0.9995,-0.689,1091.0,1061.0,14.0
0.2793,0.06854,0.308,0.8643,0.9995,-0.635,1061.0,897.5,15.0
0.254,0.07996,0.2976,0.863,0.9995,-0.585,1057.0,957.0,1.0
0.2554,0.0927,0.2161,0.8564,0.9995,-0.429,1129.0,849.5,2.0
0.3408,0.0727,0.382,0.856,0.9995,-0.6406,1032.0,1198.0,3.0
0.342,0.06,0.4082,0.811,1.0,-0.554,1433.0,1209.0,4.0
0.4526,0.06616,0.279,0.8057,0.9995,-0.757,1246.0,639.0,5.0
0.2234,0.08527,0.1709,0.833,0.9995,-0.4912,1026.0,599.5,6.0
0.3125,0.0688,0.3503,0.8315,0.9995,-0.5674,1200.0,1077.0,7.0
