like1,parKperc,parKb,parKe,parCqq,parBias,parS_init,parG_init,chain
3.617,0.742,0.1699,0.8906,0.9995,-0.685,89.5,1259.0,0.0
10000.0,0.5684,0.4407,0.1581,0.9995,-0.4368,1718.0,217.5,0.0
20.9,0.2942,0.774,0.5635,0.9995,0.8853,689.0,1632.0,0.0
12.67,0.4814,0.762,0.861,0.9995,0.6084,1727.0,1376.0,0.0
10000.0,0.1493,0.1519,0.01357,0.999,-0.754,1199.0,1295.0,0.0
10000.0,0.2397,0.7725,0.2173,0.9995,-0.2974,1150.0,252.0,0.0
10000.0,0.1884,0.6187,0.196,0.9995,0.187,1279.0,610.5,0.0
0.0873,0.0613,0.3162,0.6816,1.0,-0.7256,1534.0,1526.0,0.0
0.9585,0.0959,0.873,0.8623,0.999,-0.5503,1699.0,1083.0,0.0
16.03,0.9873,0.7183,0.9766,0.9995,-0.167,1428.0,1726.0,0.0
13.37,0.34,0.803,0.699,0.9995,0.5312,197.1,1169.0,0.0
11.38,0.1608,0.5176,0.7417,1.0,0.8916,1344.0,607.5,0.0
26.62,0.302,0.981,0.5044,0.999,0.879,1684.0,382.0,0.0
22.39,0.979,0.896,0.8735,1.0,-0.1923,401.0,746.0,0.0
24.8,0.896,0.8037,0.7876,0.999,0.897,861.5,528.5,0.0
2.008,0.05908,0.6475,0.468,1.0,-0.737,274.0,1362.0,0.0
40.38,0.6772,0.1646,0.398,0.9995,0.1392,8.37,653.0,0.0
11.58,0.6323,0.163,0.651,0.9995,0.312,1838.0,1933.0,0.0
16.0,0.902,0.32,0.651,0.999,0.0544,1602.0,385.8,0.0
4.016,0.1109,0.8516,0.6494,0.9995,0.01843,1210.0,1594.0,0.0
27.14,0.1516,0.77,0.3464,0.9995,0.0684,1419.0,1039.0,0.0
91.9,0.8115,0.7466,0.3242,0.999,0.864,455.2,1049.0,0.0
10000.0,0.7466,0.3577,0.1188,1.0,0.5825,81.6,312.8,0.0
10.195,0.3489,0.61,0.624,1.0,-0.6206,1851.0,1682.0,0.0
52.9,0.5557,0.1935,0.336,0.999,0.2,1405.0,349.5,0.0
8.01,0.01557,0.1145,0.7466,1.0,0.8887,968.5,594.5,0.0
23.5,0.979,0.6025,0.6475,1.0,-0.282,909.0,1174.0,0.0
7.89,0.1137,0.976,0.924,1.0,0.7563,976.0,726.5,0.0
20.42,0.7295,0.667,0.682,0.9995,0.5386,788.0,228.5,0.0
10000.0,0.944,0.6826,0.0484,0.999,0.932,1870.0,1309.0,0.0
1.983,0.331,0.1882,0.7886,0.9995,-0.977,1884.0,1351.0,0.0
33.0,0.5645,0.685,0.452,0.9995,-0.8145,1382.0,923.5,0.0
10000.0,0.642,0.2983,0.04117,0.999,0.908,345.5,1001.5,0.0
10000.0,0.9023,0.2314,0.1292,0.9995,0.3987,1203.0,1913.0,0.0
17.28,0.9004,0.543,0.847,0.999,0.5977,1681.0,1038.0,0.0
30.0,0.9033,0.3723,0.4966,0.9995,-0.768,878.5,1430.0,0.0
0.792,0.01857,0.64,0.7925,0.999,0.1948,3.61,43.97,0.0
10000.0,0.4827,0.998,0.01294,0.999,-0.1169,629.0,1994.0,0.0
10000.0,0.476,0.379,0.1647,0.9995,-0.1466,1093.0,1448.0,0.0
10000.0,0.7397,0.8496,0.10925,0.9995,-0.5957,1319.0,1420.0,0.0
10000.0,0.8916,0.9375,0.3171,0.9995,0.6904,456.0,407.0,0.0
3.205,0.1703,0.283,0.638,0.999,-0.614,1647.0,111.9,0.0
28.14,0.3943,0.8354,0.4944,0.999,0.5283,94.3,209.4,0.0
53.5,0.6543,0.25,0.3696,0.999,0.5537,225.5,1327.0,0.0
27.5,0.2146,0.867,0.3582,1.0,-0.662,47.44,1747.0,0.0
14.01,0.5986,0.701,0.97,1.0,0.858,808.5,54.16,0.0
23.27,0.514,0.7183,0.5225,0.999,-0.5703,198.5,732.0,0.0
7.637,0.29,0.2703,0.802,1.0,0.4783,1768.0,946.5,0.0
27.5,0.8857,0.9165,0.6772,1.0,-0.07086,671.0,857.5,0.0
37.2,0.9854,0.3103,0.516,1.0,0.596,1865.0,1317.0,0.0
23.6,0.866,0.6,0.632,0.999,0.2676,1652.0,15.94,0.0
19.52,0.5283,0.4482,0.652,0.9995,0.942,1751.0,292.5,0.0
10000.0,0.4604,0.2076,0.0953,0.9995,-0.516,103.9,1155.0,0.0
12.37,0.4312,0.995,0.757,1.0,-0.1648,524.0,1023.0,0.0
18.77,0.5444,0.634,0.5864,1.0,0.03265,1576.0,1062.0,0.0
3.656,0.1406,0.819,0.8584,0.999,0.2017,226.6,545.5,0.0
86.1,0.3389,0.2822,0.2417,0.9995,-0.03943,776.0,640.5,0.0
18.9,0.7305,0.6685,0.6294,0.9995,-0.864,599.5,252.2,0.0
10000.0,0.5864,0.7256,0.1628,0.9995,0.7666,935.0,127.75,0.0
0.1204,0.09656,0.1893,0.694,1.0,-0.8423,279.5,364.5,0.0
14.1,0.7227,0.5005,0.969,1.0,0.8457,543.0,1476.0,0.0
10000.0,0.519,0.7744,0.2423,0.999,0.849,906.0,1888.0,0.0
17.77,0.422,0.5327,0.519,1.0,-0.4995,1365.0,1215.0,0.0
48.4,0.3303,0.8,0.3118,1.0,-0.965,313.2,45.6,0.0
9.66,0.2915,0.846,0.6606,0.999,-0.3242,1672.0,1394.0,0.0
31.98,0.3374,0.802,0.4067,0.9995,-0.10504,641.5,463.5,0.0
46.56,0.6367,0.1678,0.3708,1.0,0.2452,89.75,68.9,0.0
8.234,0.2056,0.6367,0.8257,0.999,0.5786,1766.0,447.0,0.0
11.87,0.3608,0.7466,0.6436,0.9995,-0.04877,374.8,1389.0,0.0
11.52,0.4,0.686,0.6387,1.0,-0.695,748.5,1005.0,0.0
36.9,0.648,0.2734,0.4236,1.0,0.06012,457.0,748.0,0.0
92.1,0.5566,0.9014,0.2683,0.999,-0.389,1522.0,1586.0,0.0
5.633,0.1276,0.5654,0.8823,0.9995,0.5054,993.0,1211.0,0.0
10000.0,0.874,0.7847,0.06885,0.9995,-0.53,1415.0,1964.0,0.0
11.48,0.583,0.571,0.7036,0.9995,-0.833,285.2,1546.0,0.0
5.266,0.269,0.8,0.8555,1.0,-0.3796,530.5,1643.0,0.0
14.914,0.4346,0.825,0.702,0.999,0.4453,584.5,155.8,0.0
86.06,0.531,0.555,0.2756,0.9995,0.4978,315.5,565.0,0.0
20.58,0.7886,0.9365,0.7676,0.999,-0.999,570.5,1023.0,0.0
10000.0,0.4146,0.524,0.1825,0.999,-0.05426,1735.0,1562.0,0.0
51.78,0.7876,0.5723,0.392,1.0,-0.9385,169.9,1743.0,0.0
10000.0,0.897,0.2917,0.26,0.9995,0.3333,112.44,1893.0,0.0
10000.0,0.04938,0.2715,0.08704,0.9995,-0.8022,964.5,979.0,0.0
69.4,0.9077,0.2091,0.3125,1.0,-0.5474,336.2,1344.0,0.0
11.055,0.5728,0.373,0.7324,0.9995,0.3137,1504.0,1097.0,0.0
14.71,0.1735,0.8745,0.5815,0.9995,0.7856,690.5,458.5,0.0
3.326,0.2241,0.6255,0.877,0.9995,-0.4092,1831.0,816.5,0.0
30.67,0.716,0.755,0.5386,1.0,-0.01624,712.0,1867.0,0.0
10000.0,0.3423,0.664,0.1353,1.0,-0.309,1892.0,371.5,0.0
10.66,0.2356,0.6807,0.6836,0.999,0.4968,1058.0,173.1,0.0
8.484,0.743,0.4067,0.8896,0.9995,-0.08624,1203.0,295.8,0.0
10.125,0.4617,0.875,0.8467,0.9995,-0.2947,1557.0,721.5,0.0
10000.0,0.8745,0.3596,0.2367,1.0,-0.7036,1330.0,352.5,0.0
9.47,0.02095,0.9854,0.555,0.999,0.9556,717.0,22.53,0.0
2.93,0.6685,0.2151,0.996,0.9995,-0.6943,459.5,476.0,0.0
99.25,0.7246,0.771,0.2698,0.9995,-0.6196,895.0,1345.0,0.0
10000.0,0.472,0.5493,0.2198,0.999,-0.301,213.6,347.2,0.0
10000.0,0.5527,0.8667,0.2238,0.9995,0.476,928.5,165.0,0.0
21.03,0.5005,0.7163,0.556,0.9995,7.04e-05,33.88,759.0,0.0
15.58,0.03293,0.3796,0.3435,0.9995,0.753,1597.0,1242.0,0.0
10000.0,0.3428,0.5913,0.07153,0.9995,0.501,880.0,1404.0,0.0
10000.0,0.3684,0.874,0.1208,1.0,0.2389,1823.0,1242.0,0.0
43.72,0.908,0.2979,0.4539,0.9995,0.4397,1309.0,227.1,0.0
13.02,0.2776,0.6875,0.732,1.0,0.7896,524.0,492.8,0.0
1.591,0.4827,0.1073,0.809,0.999,-0.6377,714.0,133.2,0.0
3.725,0.01897,0.4011,0.924,0.9995,0.4934,1421.0,639.5,0.0
10000.0,0.895,0.553,0.2205,0.9995,0.015396,1026.0,909.5,0.0
15.29,0.967,0.5566,0.9556,0.999,0.4104,1273.0,1079.0,0.0
57.97,0.819,0.6914,0.4092,0.999,0.08923,1429.0,546.5,0.0
10000.0,0.9053,0.725,0.06152,0.9995,-0.6357,1837.0,638.5,0.0
3.674,0.692,0.2478,0.9575,1.0,-0.981,713.0,421.2,0.0
41.88,0.997,0.4668,0.4873,1.0,0.0399,1097.0,766.0,0.0
11.56,0.506,0.8535,0.9834,0.999,0.5986,913.0,1544.0,0.0
10000.0,0.3687,0.4016,0.0832,0.9995,-0.10425,1368.0,450.5,0.0
2.143,0.08527,0.3086,0.8325,0.999,0.2168,510.2,482.2,0.0
17.14,0.4595,0.521,0.605,0.9995,0.4275,287.5,481.5,0.0
6.215,0.42,0.2101,0.921,0.9995,0.4167,5.22,1913.0,0.0
46.94,0.8433,0.424,0.4443,0.999,0.471,1257.0,662.0,0.0
20.67,0.2747,0.926,0.4812,0.999,0.10455,1351.0,1845.0,0.0
10000.0,0.9756,0.627,0.06506,0.999,0.1499,1340.0,1117.0,0.0
22.34,0.287,0.504,0.425,0.9995,-0.2195,565.0,362.8,0.0
13.46,0.3213,0.925,0.637,1.0,0.2148,541.0,1056.0,0.0
10.98,0.188,0.7715,0.5747,0.999,0.2812,518.0,729.0,0.0
54.8,0.837,0.232,0.366,0.999,-0.0737,1155.0,1963.0,0.0
57.1,0.608,0.2362,0.3462,0.9995,0.4932,307.8,712.0,0.0
19.56,0.768,0.7188,0.664,1.0,-0.385,1696.0,550.0,0.0
10000.0,0.2352,0.4907,0.1042,1.0,-0.6045,1692.0,1120.0,0.0
78.2,0.238,0.6514,0.2498,1.0,0.07776,344.5,672.0,0.0
50.7,0.1481,0.5034,0.2764,1.0,0.079,1430.0,1736.0,0.0
10.26,0.6187,0.4663,0.831,0.9995,0.3008,677.0,1758.0,0.0
10000.0,0.4229,0.6816,0.02855,0.9995,0.7563,1671.0,767.5,0.0
4.83,0.0761,0.1973,0.902,0.999,0.5303,1697.0,956.5,0.0
10000.0,0.4954,0.7275,0.1653,0.999,-0.7583,1856.0,1990.0,0.0
12.15,0.1971,0.7017,0.752,0.999,0.8906,77.0,1167.0,0.0
4.586,0.3994,0.5996,0.9473,0.9995,-0.978,1105.0,414.0,0.0
20.69,0.9634,0.54,0.803,0.999,0.8125,919.0,967.0,0.0
10000.0,0.3953,0.846,0.2168,0.999,0.00516,28.23,921.5,0.0
26.27,0.853,0.2134,0.4993,0.999,-0.1875,144.9,692.0,0.0
28.12,0.709,0.8877,0.6396,0.9995,0.83,1758.0,1150.0,0.0
9.24,0.3367,0.4514,0.7207,0.9995,0.3076,1364.0,1292.0,0.0
10000.0,0.9795,0.7617,0.0729,0.9995,-0.9287,494.8,800.0,0.0
93.75,0.6655,0.1366,0.2556,0.9995,0.6055,1822.0,1183.0,0.0
6.496,0.06122,0.2087,0.836,0.9995,0.6855,100.3,337.8,0.0
14.92,0.481,0.2198,0.5317,1.0,-0.1683,1263.0,386.5,0.0
2.432,0.0985,0.791,0.674,0.9995,-0.435,417.2,822.5,0.0
80.2,0.10406,0.4766,0.2344,0.999,0.6753,108.5,181.1,0.0
50.3,0.7856,0.895,0.4944,1.0,0.959,1230.0,9.01,0.0
4.254,0.1498,0.778,0.7197,1.0,-0.04123,274.2,1528.0,0.0
8.04,0.7793,0.279,0.728,0.9995,-0.8237,135.1,11.94,0.0
11.266,0.623,0.855,0.95,1.0,-0.5337,1148.0,269.0,0.0
35.62,0.8564,0.6426,0.5176,1.0,-0.02728,1799.0,801.0,0.0
10000.0,0.9473,0.3296,0.03775,0.999,-0.3877,398.2,193.5,0.0
3.145,0.1459,0.699,0.738,1.0,-0.554,210.1,1258.0,0.0
1.421,0.07916,0.727,0.664,0.999,-0.6226,1100.0,7.78,0.0
49.62,0.4504,0.472,0.3352,0.9995,-0.1788,1359.0,890.5,0.0
71.06,0.8433,0.528,0.3735,0.9995,0.8994,682.0,796.5,0.0
7.637,0.2522,0.9287,0.8003,0.9995,0.2393,384.5,1007.0,0.0
25.28,0.713,0.8384,0.6567,0.999,0.686,1347.0,1762.0,0.0
17.2,0.574,0.4023,0.55,0.999,-0.483,807.5,1277.0,0.0
10000.0,0.3752,0.9697,0.03043,0.999,-0.8496,1078.0,764.0,0.0
19.0,0.8257,0.608,0.883,0.9995,0.972,337.8,1358.0,0.0
0.501,0.122,0.406,0.8525,0.9995,-0.9287,955.0,457.2,0.0
1.3125,0.1138,0.9097,0.8945,0.9995,-0.492,388.5,1381.0,0.0
44.1,0.255,0.2263,0.2886,1.0,-0.7686,4.754,1404.0,0.0
84.4,0.7637,0.962,0.342,0.9995,0.1953,972.5,1520.0,0.0
23.52,0.7686,0.6763,0.6953,1.0,0.956,367.0,1412.0,0.0
10000.0,0.8145,0.988,0.2866,1.0,-0.52,962.0,1440.0,0.0
2.713,0.0949,0.9297,0.6167,1.0,-0.7803,1795.0,523.0,0.0
6.273,0.767,0.2203,0.944,0.9995,0.1256,883.0,869.0,0.0
14.51,0.12036,0.4097,0.5293,0.999,0.895,1148.0,314.5,0.0
10000.0,0.1544,0.6523,0.161,0.999,0.669,1821.0,961.5,0.0
9.47,0.464,0.593,0.7485,0.999,-0.1786,990.5,114.94,0.0
55.03,0.36,0.3652,0.3196,0.9995,0.752,585.5,1736.0,0.0
48.03,0.547,0.2225,0.3164,0.999,-0.949,954.0,422.2,0.0
49.4,0.7236,0.776,0.451,0.999,0.514,1638.0,1496.0,0.0
19.53,0.771,0.3523,0.561,0.9995,-0.345,297.2,688.5,0.0
8.12,0.2932,0.1548,0.576,1.0,0.02054,61.7,1756.0,0.0
10.51,0.5522,0.5386,0.7886,0.9995,0.2173,174.2,690.0,0.0
71.2,0.0655,0.4292,0.2256,1.0,0.05115,1800.0,1035.0,0.0
4.227,0.321,0.2751,0.715,0.9995,-0.8237,723.0,1680.0,0.0
27.03,0.7515,0.3806,0.4944,1.0,-0.5635,632.5,777.0,0.0
3.865,0.2275,0.7554,0.8545,0.9995,-0.7695,1179.0,1943.0,0.0
10000.0,0.3098,0.2263,0.03415,0.9995,-0.9297,1060.0,1265.0,0.0
0.04572,0.03915,0.504,0.6465,1.0,-0.5425,444.8,810.5,0.0
0.1085,0.0858,0.1077,0.693,0.999,-0.8623,1195.0,722.5,0.0
18.14,0.6323,0.685,0.617,1.0,-0.549,994.0,1551.0,0.0
10.46,0.284,0.614,0.8013,0.9995,0.659,1900.0,1735.0,0.0
63.3,0.883,0.653,0.3914,0.999,-0.1252,436.2,898.5,0.0
24.44,0.2866,0.532,0.4878,1.0,0.847,1472.0,1518.0,0.0
10000.0,0.443,0.3438,0.0655,1.0,0.3713,1280.0,471.0,0.0
10000.0,0.5493,0.314,0.03787,0.999,0.1282,478.0,865.0,0.0
40.2,0.2214,0.10803,0.2922,0.9995,-0.2311,47.12,524.0,0.0
10000.0,0.963,0.703,0.10516,1.0,0.1987,195.6,1333.0,0.0
5.418,0.52,0.3542,0.922,0.999,0.08496,1142.0,1537.0,0.0
63.38,0.772,0.633,0.3892,0.999,0.608,374.8,1512.0,0.0
8.8,0.0364,0.3333,0.3953,0.999,0.4868,1478.0,791.5,0.0
27.2,0.3113,0.1033,0.334,0.999,-0.6523,520.0,1553.0,0.0
92.4,0.7915,0.6665,0.2874,0.999,-0.4817,668.5,1629.0,0.0
10000.0,0.3105,0.567,0.131,0.9995,-0.4685,751.5,1034.0,0.0
6.75,0.663,0.2927,0.8384,0.999,0.0247,1323.0,1831.0,0.0
42.66,0.7163,0.9087,0.4993,0.9995,0.4036,136.5,1751.0,0.0
6.836,0.05737,0.87,0.7637,0.9995,0.6865,1583.0,1505.0,0.0
3.41,0.279,0.1401,0.594,0.9995,-0.9907,1337.0,1544.0,0.0
19.23,0.977,0.58,0.7334,0.999,0.0007358,933.5,1283.0,0.0
6.094,0.5083,0.4836,0.88,1.0,-0.715,1647.0,851.0,0.0
10000.0,0.07733,0.3892,0.1692,1.0,0.2576,1243.0,26.56,0.0
12.01,0.2502,0.837,0.5522,0.9995,-0.4946,1519.0,1187.0,0.0
10000.0,0.03635,0.3828,0.1404,0.999,0.3774,735.0,491.0,0.0
10000.0,0.1823,0.6914,0.036,1.0,0.7964,40.2,1772.0,0.0
31.2,0.03656,0.961,0.279,0.9995,0.434,1259.0,1899.0,0.0
57.44,0.672,0.9536,0.421,1.0,0.4739,1888.0,177.0,0.0
10000.0,0.1155,0.569,0.01223,0.9995,-0.6216,1032.0,1175.0,0.0
10000.0,0.12225,0.3857,0.09735,0.999,-0.0839,244.5,97.5,0.0
10000.0,0.9644,0.132,0.01816,0.9995,-0.6436,912.5,419.0,0.0
29.84,0.733,0.1602,0.5073,0.9995,0.791,1304.0,223.6,0.0
51.78,0.563,0.6587,0.3801,1.0,0.1947,646.0,603.0,0.0
4.176,0.2637,0.384,0.7905,0.9995,-0.1365,657.5,1759.0,0.0
6.39,0.2395,0.6523,0.659,0.999,-0.948,445.0,1970.0,0.0
67.44,0.383,0.1062,0.277,0.999,0.7085,306.8,627.0,0.0
10000.0,0.97,0.3354,0.2378,0.9995,-0.793,938.5,1465.0,0.0
45.53,0.624,0.8726,0.4485,0.999,0.2935,1033.0,1622.0,0.0
12.805,0.1798,0.825,0.4658,0.9995,-0.5103,1600.0,472.8,0.0
25.8,0.401,0.583,0.4634,0.9995,0.0612,758.5,438.2,0.0
10.72,0.616,0.743,0.8936,0.9995,-0.3823,1778.0,108.4,0.0
59.25,0.592,0.627,0.3604,0.9995,0.318,509.5,531.5,0.0
13.18,0.4,0.7275,0.94,1.0,0.9707,1558.0,86.94,0.0
21.08,0.2268,0.782,0.431,0.9995,0.01224,336.5,90.25,0.0
56.5,0.8257,0.4958,0.3694,0.999,-0.9536,27.89,650.0,0.0
10000.0,0.05594,0.5664,0.1089,0.9995,0.08636,970.0,499.0,0.0
10000.0,0.602,0.6416,0.11334,1.0,0.3623,383.2,1133.0,0.0
34.4,0.9326,0.905,0.6016,0.9995,-0.3484,592.5,1179.0,0.0
20.61,0.5986,0.4211,0.648,1.0,0.9624,1623.0,762.0,0.0
22.22,0.8975,0.1776,0.556,0.9995,0.2343,1677.0,889.5,0.0
10000.0,0.893,0.8633,0.2769,0.999,0.3943,1535.0,1901.0,0.0
15.79,0.4424,0.2969,0.709,0.9995,0.9766,387.8,415.5,0.0
12.85,0.6724,0.8516,0.9624,0.999,0.1686,1212.0,382.2,0.0
14.25,0.7505,0.3706,0.737,0.999,0.5347,1652.0,225.2,0.0
0.2651,0.063,0.654,0.7227,0.9995,-0.9355,18.8,1938.0,0.0
26.61,0.641,0.924,0.626,1.0,0.663,796.5,1563.0,0.0
5.09,0.4475,0.3315,0.7793,0.9995,-0.877,1310.0,1893.0,0.0
23.53,0.9624,0.9844,0.9214,0.9995,0.282,223.4,867.5,0.0
5.676,0.4053,0.4927,0.829,1.0,-0.7686,1720.0,1144.0,0.0
9.15,0.0965,0.4902,0.7,0.9995,0.7783,1423.0,1503.0,0.0
38.75,0.708,0.3662,0.416,0.999,-0.4976,1721.0,1745.0,0.0
21.3,0.988,0.8896,0.909,0.9995,-0.4106,223.8,459.2,0.0
10000.0,0.7856,0.3154,0.1339,0.9995,0.978,293.2,1422.0,0.0
0.1818,0.10516,0.477,0.9062,1.0,-0.949,1018.0,1768.0,0.0
10000.0,0.718,0.6636,0.16,1.0,-0.8516,1478.0,297.2,0.0
13.664,0.3354,0.7505,0.856,0.999,0.9717,1458.0,87.06,0.0
51.5,0.346,0.907,0.3152,0.9995,-0.7197,1744.0,1250.0,0.0
10.49,0.514,0.3396,0.8145,0.9995,0.57,805.5,1627.0,0.0
10000.0,0.994,0.6636,0.2798,1.0,-0.4153,959.0,436.8,0.0
10000.0,0.858,0.3813,0.1984,0.9995,-0.736,1484.0,1221.0,0.0
10000.0,0.1877,0.5283,0.1182,0.9995,0.8447,1825.0,1590.0,0.0
7.145,0.4678,0.5977,0.843,0.999,-0.9907,1101.0,610.5,0.0
13.016,0.6523,0.638,0.871,0.9995,0.4893,814.0,339.5,0.0
7.184,0.8027,0.1943,0.9414,0.999,0.2477,1748.0,448.0,0.0
56.94,0.825,0.833,0.4226,1.0,-0.586,1851.0,1196.0,0.0
44.78,0.755,0.522,0.4424,0.9995,0.303,117.6,276.2,0.0
18.86,0.851,0.5693,0.6914,0.9995,0.2264,1576.0,1258.0,0.0
10000.0,0.2803,0.274,0.0891,0.9995,0.5063,266.2,637.0,0.0
10000.0,0.9316,0.7354,0.1678,0.9995,0.718,386.0,1745.0,0.0
13.69,0.435,0.3335,0.7173,0.999,0.7617,757.0,1534.0,0.0
1.893,0.0993,0.4062,0.6,1.0,-0.7676,414.2,1158.0,0.0
10000.0,0.4707,0.3413,0.0797,0.999,0.4465,152.9,989.0,0.0
30.25,0.8037,0.2722,0.4614,1.0,-0.5884,1134.0,1335.0,0.0
19.08,0.794,0.894,0.8105,0.9995,-0.3801,243.8,1808.0,0.0
10000.0,0.6177,0.928,0.2256,0.999,0.4053,609.5,1475.0,0.0
10000.0,0.6157,0.3123,0.0694,0.999,0.9165,1850.0,871.5,0.0
4.336,0.551,0.1968,0.755,0.999,-0.747,285.0,864.0,0.0
10000.0,0.983,0.1353,0.2443,0.9995,0.09424,793.5,13.11,0.0
10000.0,0.75,0.9663,0.01843,0.9995,0.0996,1390.0,285.5,0.0
9.414,0.842,0.265,0.805,0.9995,0.1183,891.0,1063.0,0.0
19.6,0.672,0.924,0.82,0.9995,0.731,488.0,659.5,0.0
78.0,0.575,0.441,0.2761,0.9995,-0.3782,1507.0,1587.0,0.0
10000.0,0.8447,0.9697,0.251,0.999,-0.975,1352.0,1724.0,0.0
14.33,0.861,0.3809,0.9395,1.0,0.7583,911.5,242.8,0.0
10000.0,0.4485,0.2512,0.0781,0.9995,-0.679,382.5,1143.0,0.0
10.87,0.834,0.4287,0.9194,0.9995,0.213,692.0,517.5,0.0
13.5,0.4119,0.5947,0.6357,0.9995,0.2007,91.0,1890.0,0.0
0.3374,0.03503,0.259,0.926,0.999,-0.2411,1089.0,103.06,0.0
10000.0,0.319,0.668,0.04352,0.9995,0.2135,251.6,1343.0,0.0
75.44,0.3735,0.4214,0.2559,1.0,-0.672,921.0,1763.0,0.0
6.36,0.02597,0.2754,0.8354,0.999,0.724,425.5,108.94,0.0
10000.0,0.5806,0.717,0.2112,1.0,0.904,538.0,1508.0,0.0
7.086,0.2874,0.9487,0.826,1.0,-0.05536,102.44,1111.0,0.0
5.484,0.1237,0.6816,0.548,1.0,-0.3728,394.5,696.0,0.0
34.28,0.821,0.5786,0.537,0.9995,0.542,1245.0,1304.0,0.0
10000.0,0.322,0.1467,0.0343,0.9995,-0.765,1712.0,171.4,0.0
66.06,0.7856,0.534,0.358,0.9995,0.141,1681.0,1242.0,0.0
1.323,0.04892,0.8706,0.901,1.0,0.2141,601.0,1773.0,0.0
10000.0,0.4082,0.1779,0.02206,0.9995,-0.11896,1848.0,423.5,0.0
55.78,0.6475,0.5615,0.3787,1.0,0.3347,296.0,1609.0,0.0
10000.0,0.8916,0.2913,0.2169,0.999,0.7773,1384.0,724.0,0.0
13.305,0.3557,0.826,0.6426,0.9995,0.1586,181.0,1130.0,0.0
3.32,0.2524,0.1923,0.894,1.0,0.2034,1642.0,693.0,0.0
53.88,0.665,0.947,0.4253,0.9995,0.2029,1275.0,903.0,0.0
7.043,0.603,0.3967,0.812,0.999,-0.7754,180.1,802.0,0.0
21.64,0.508,0.7524,0.5854,0.9995,0.3794,347.2,340.8,0.0
10000.0,0.221,0.7783,0.1043,1.0,0.48,839.5,689.0,0.0
9.15,0.283,0.515,0.5996,0.9995,-0.3616,1888.0,662.5,1.0
14.44,0.3293,0.7036,0.5483,0.9995,-0.4841,455.2,1294.0,2.0
4.953,0.10077,0.672,0.551,0.9995,-0.02438,146.9,326.2,3.0
10000.0,0.02443,0.3486,0.06073,0.9995,0.2239,1629.0,505.8,4.0
4.242,0.0646,0.8823,0.5186,0.9995,0.09686,160.2,348.0,5.0
10.2,0.3333,0.6147,0.6265,0.9995,-0.358,442.2,950.0,6.0
10.39,0.3123,0.7363,0.648,1.0,-0.0403,538.5,768.5,7.0
19.02,0.5103,0.7324,0.5923,0.9995,0.0861,372.2,1267.0,8.0
4.43,0.3945,0.3652,0.8276,1.0,-0.7036,434.8,761.5,9.0
3.152,0.2935,0.294,0.805,0.9995,-0.5713,384.2,719.5,10.0
4.49,0.3035,0.3457,0.7573,0.9995,-0.4768,591.5,8.7,11.0
7.168,0.2908,0.4958,0.6724,0.9995,-0.3423,1186.0,636.0,12.0
11.65,0.8027,0.1403,0.771,1.0,0.6426,634.5,933.0,13.0
10.33,0.4292,0.4614,0.6343,0.9995,-0.4285,887.0,846.5,14.0
10000.0,0.197,0.2915,0.09546,0.9995,-0.947,1328.0,85.6,15.0
3.838,0.4492,0.169,0.7305,0.999,-0.6284,499.8,1222.0,1.0
14.17,0.508,0.8843,0.728,0.9995,0.01564,265.5,712.5,2.0
8.95,0.3381,0.7417,0.688,0.999,-0.86,1670.0,998.5,3.0
33.12,0.9375,0.67,0.5703,0.999,0.2145,828.5,431.2,4.0
21.92,0.67,0.441,0.5605,0.9995,0.1415,924.5,641.0,5.0
12.38,0.3909,0.6367,0.628,0.9995,-0.03204,504.8,754.0,6.0
0.61,0.03195,0.1559,0.732,0.9995,0.1472,264.5,1164.0,7.0
0.3271,0.1013,0.2595,0.758,0.9995,-0.7334,1231.0,1521.0,8.0
9.69,0.9478,0.1815,0.661,1.0,-0.853,790.5,660.0,9.0
15.95,0.8594,0.1042,0.5835,0.9995,0.2612,323.2,1919.0,10.0
19.39,0.9097,0.822,0.8975,0.999,0.2559,686.5,1146.0,11.0
8.33,0.5522,0.3057,0.668,0.9995,-0.6465,778.5,967.0,12.0
6.535,0.3623,0.327,0.6743,0.9995,-0.5264,689.0,1137.0,13.0
0.3557,0.0643,0.7817,0.858,0.999,-0.2081,943.0,1298.0,14.0
6.21,0.2576,0.5894,0.6934,0.9995,-0.6587,1183.0,1162.0,15.0
0.2861,0.02255,0.9243,0.7954,0.9995,-0.5537,1316.0,1979.0,1.0
23.28,0.9365,0.856,0.758,0.999,-0.782,377.0,729.5,2.0
99.56,0.795,0.8354,0.2927,1.0,0.002735,1810.0,270.5,3.0
11.28,0.614,0.8286,0.9097,0.9995,-0.812,556.5,1338.0,4.0
24.56,0.998,0.9653,0.883,0.9995,0.05862,1266.0,702.5,5.0
17.98,0.8667,0.936,0.9604,1.0,-0.4246,68.2,307.2,6.0
6.29,0.3452,0.921,0.987,0.999,0.12225,984.0,994.5,7.0
14.39,0.6875,0.802,0.83,0.9995,-0.1322,1191.0,752.0,8.0
10.23,0.4097,0.615,0.6943,0.9995,-0.0988,1449.0,923.5,9.0
8.85,0.4414,0.6904,0.809,0.9995,-0.132,1263.0,832.5,10.0
32.6,0.6045,0.4558,0.4553,1.0,-0.0396,1251.0,806.0,11.0
-0.284,0.01139,0.602,0.431,0.9995,-0.1095,963.5,808.0,12.0
34.47,0.9717,0.7437,0.5894,0.999,0.3208,703.0,511.5,13.0
2.195,0.1365,0.563,0.7905,1.0,-0.3801,1607.0,1078.0,14.0
17.42,0.6113,0.64,0.6436,0.9995,0.1638,1013.0,540.0,15.0
10.74,0.6963,0.4292,0.7344,0.999,-0.1891,1020.5,658.0,1.0
67.0,0.983,0.914,0.438,1.0,-0.236,697.5,1570.0,2.0
17.62,0.8506,0.1392,0.5435,0.9995,-0.1975,345.8,1013.5,3.0
18.78,0.661,0.603,0.6006,0.9995,-0.3425,1511.0,1022.5,4.0
15.09,0.4368,0.6304,0.6333,0.9995,0.2979,704.0,530.0,5.0
11.88,0.603,0.4836,0.72,0.9995,0.1385,1321.0,1024.0,6.0
11.11,0.333,0.4617,0.5874,0.9995,-0.1289,856.0,540.0,7.0
2.373,0.0962,0.2354,0.8984,0.9995,0.2659,783.5,412.2,8.0
10000.0,0.3347,0.5146,0.2003,0.9995,-0.915,300.2,1447.0,9.0
7.277,0.536,0.149,0.615,0.9995,-0.415,373.8,1166.0,10.0
9.99,0.4377,0.479,0.7144,0.9995,0.156,909.0,713.0,11.0
7.875,0.4358,0.4016,0.736,0.9995,0.01262,1161.0,864.0,12.0
11.3,0.2448,0.77,0.586,0.999,0.0709,692.5,700.5,13.0
9.47,0.4797,0.852,0.892,0.9995,-0.2815,653.0,609.5,14.0
9.7,0.122,0.191,0.454,0.9995,0.156,1420.0,710.5,15.0
2.416,0.2925,0.2177,0.7803,0.9995,-0.7485,795.0,1183.0,1.0
7.996,0.0815,0.918,0.7773,0.9995,0.746,602.0,1288.0,2.0
23.05,0.8477,0.6895,0.6733,0.999,0.3928,228.6,54.66,3.0
21.58,0.7974,0.3286,0.6147,0.999,0.6904,20.8,21.28,4.0
13.95,0.513,0.3523,0.6157,0.9995,0.2118,1124.0,658.0,5.0
21.56,0.6646,0.934,0.655,0.9995,-0.5933,125.25,1652.0,6.0
8.51,0.3875,0.435,0.688,0.9995,-0.0671,1109.0,918.0,7.0
0.4192,0.0844,0.687,0.8486,0.9995,-0.739,1436.0,914.5,8.0
9.58,0.2988,0.4014,0.5693,0.9995,-0.474,1206.0,178.9,9.0
10.88,0.8677,0.11554,0.9043,0.9995,0.6895,26.56,1997.0,10.0
5.055,0.1483,0.3328,0.672,1.0,0.1927,1891.0,597.0,11.0
10.47,0.4673,0.561,0.6763,0.9995,-0.639,933.5,595.5,12.0
18.38,0.2146,0.862,0.4868,0.9995,0.3914,314.5,980.0,13.0
6.59,0.2715,0.2443,0.555,0.9995,-0.8765,813.0,1085.0,14.0
1.262,0.1268,0.587,0.916,1.0,-0.06903,1216.0,1764.0,15.0
31.84,0.59,0.3154,0.4602,0.9995,0.3162,1384.0,1229.0,1.0
14.69,0.647,0.9023,0.8926,0.9995,0.2637,60.22,1588.0,2.0
74.7,0.4167,0.66,0.2815,0.9995,0.2268,415.5,137.5,3.0
5.902,0.03772,0.8853,0.3691,0.999,-0.183,56.75,506.5,4.0
29.86,0.1707,0.3003,0.336,1.0,0.1149,101.5,1753.0,5.0
8.53,0.787,0.3347,0.8223,0.9995,-0.2998,541.0,1815.0,6.0
21.81,0.4016,0.905,0.5127,0.9995,-0.8154,1263.0,1907.0,7.0
12.35,0.627,0.569,0.8228,0.9995,0.4124,502.5,1455.0,8.0
12.664,0.2617,0.966,0.845,0.9995,0.908,1601.0,333.0,9.0
2.334,0.3252,0.2668,0.966,0.9995,0.03967,1641.0,470.5,10.0
19.98,0.4783,0.879,0.672,1.0,0.797,1008.0,1214.0,11.0
9.35,0.4934,0.48,0.8486,0.9995,0.3896,627.5,1404.0,12.0
7.418,0.2355,0.12463,0.935,0.9995,0.6885,42.28,676.0,13.0
12.3,0.4065,0.669,0.716,0.9995,0.3657,782.0,1157.0,14.0
3.0,0.4382,0.399,0.9756,0.9995,-0.9985,824.0,1318.0,15.0
20.12,0.9106,0.7754,0.9746,0.999,0.8735,1755.0,1991.0,1.0
19.36,0.4578,0.9517,0.577,0.9995,-0.899,72.2,738.0,2.0
11.02,0.4958,0.8677,0.8223,0.999,-0.657,343.8,1546.0,3.0
9.266,0.8086,0.2361,0.8164,0.9995,0.2465,379.8,486.5,4.0
17.31,0.553,0.3467,0.5234,1.0,-0.706,975.0,964.0,5.0
9.164,0.5586,0.3562,0.6914,0.9995,-0.2898,942.5,895.0,6.0
12.73,0.7,0.6255,0.8994,0.999,0.406,1334.0,1486.0,7.0
9.92,0.647,0.4248,0.808,0.999,0.2141,1226.0,662.5,8.0
9.02,0.6284,0.464,0.864,0.9995,0.1799,1094.0,1141.0,9.0
25.48,0.572,0.607,0.5137,0.9995,-0.1654,899.0,876.0,10.0
58.3,0.853,0.983,0.4556,0.9995,-0.006138,1047.0,1866.0,11.0
21.77,0.7686,0.7227,0.6396,0.9995,0.01686,878.0,1469.0,12.0
11.57,0.497,0.6445,0.697,0.9995,-0.4685,478.0,786.0,13.0
16.84,0.3328,0.935,0.726,1.0,0.991,847.5,508.8,14.0
8.76,0.547,0.586,0.8354,0.9995,-0.3608,579.5,1160.0,15.0
12.125,0.9893,0.1779,0.6294,0.9995,-0.648,1816.0,127.3,1.0
18.62,0.97,0.6772,0.8696,1.0,0.2715,1798.0,692.0,2.0
46.5,0.991,0.5815,0.5117,0.9995,0.8057,1679.0,1585.0,3.0
16.45,0.386,0.5273,0.552,1.0,0.0842,572.0,1745.0,4.0
9.73,0.1768,0.2065,0.677,0.9995,0.6787,160.5,1859.0,5.0
15.01,0.6265,0.5503,0.656,0.9995,0.02707,841.5,1378.0,6.0
0.745,0.093,0.657,0.943,0.999,0.05463,1413.0,1694.0,7.0
0.3845,0.049,0.3247,0.8623,0.999,-0.8105,1564.0,872.0,8.0
10.02,0.4326,0.4453,0.6616,0.9995,-0.0918,951.5,1410.0,9.0
16.78,0.663,0.4675,0.6504,0.9995,0.3552,1271.0,1152.0,10.0
7.91,0.616,0.317,0.73,0.9995,-0.3762,1367.0,503.0,11.0
0.702,0.1501,0.4106,0.975,0.999,-0.2117,927.5,588.0,12.0
9.836,0.517,0.493,0.7427,0.9995,0.04974,844.0,1144.0,13.0
1.649,0.4238,0.1537,0.872,1.0,-0.6187,597.5,1043.0,14.0
7.305,0.54,0.38,0.893,0.9995,0.2517,917.5,668.5,15.0
8.6,0.2852,0.8057,0.7295,0.9995,0.1166,373.2,232.2,1.0
12.945,0.1526,0.972,0.5176,0.999,0.3765,483.2,720.5,2.0
10000.0,0.1819,0.194,0.1076,1.0,0.68,1201.0,1291.0,3.0
22.44,0.8716,0.7383,0.6685,0.9995,-0.5054,1122.0,1702.0,4.0
32.16,0.6816,0.727,0.5376,0.999,0.443,1423.0,1882.0,5.0
12.555,0.4197,0.5166,0.6875,0.9995,0.403,1165.0,466.8,6.0
14.04,0.4656,0.686,0.8926,1.0,0.928,1527.0,1477.0,7.0
9.77,0.41,0.643,0.819,0.9995,0.361,1054.0,1070.0,8.0
14.93,0.681,0.8203,0.817,0.9995,-0.008255,406.8,888.0,9.0
3.463,0.0851,0.4731,0.649,0.9995,0.1757,1307.0,1713.0,10.0
7.426,0.3525,0.9556,0.875,0.9995,-0.8667,182.5,1361.0,11.0
4.367,0.04755,0.3928,0.6265,0.9995,0.4097,1207.0,1013.0,12.0
25.45,0.966,0.9863,0.8994,1.0,0.562,94.4,1341.0,13.0
8.64,0.3235,0.6445,0.702,0.9995,-0.01736,590.5,1023.5,14.0
7.3,0.3474,0.637,0.7925,0.9995,0.01439,785.0,1018.5,15.0
20.78,0.4612,0.7114,0.5737,0.9995,0.3665,1279.0,1064.0,1.0
15.78,0.3328,0.6963,0.5566,0.9995,0.0813,832.5,506.8,2.0
7.84,0.9077,0.1775,0.725,0.9995,-0.5693,622.5,32.06,3.0
10000.0,0.2522,0.9956,0.01055,0.9995,-0.1252,74.2,1956.0,4.0
22.95,0.538,0.595,0.5537,0.9995,0.3047,721.0,1103.0,5.0
13.78,0.393,0.6,0.638,0.9995,0.3071,827.0,811.0,6.0
56.25,0.824,0.6343,0.3977,0.999,-0.497,1509.0,206.8,7.0
4.594,0.1643,0.875,0.942,0.9995,0.349,1874.0,212.9,8.0
11.24,0.04538,0.666,0.5073,0.9995,0.9385,680.5,639.5,9.0
9.23,0.2235,0.6772,0.6543,0.9995,0.2678,939.0,521.0,10.0
11.57,0.452,0.5205,0.662,0.9995,0.04364,672.0,599.0,11.0
11.7,0.3494,0.65,0.678,0.9995,0.3027,1158.0,756.0,12.0
2.127,0.1768,0.6025,0.89,0.9995,-0.4814,1836.0,760.0,13.0
8.95,0.2424,0.615,0.693,0.9995,0.3186,941.5,691.5,14.0
1.112,0.1225,0.5527,0.906,0.9995,-0.1602,1435.0,403.5,15.0
13.94,0.88,0.3755,0.6997,0.9995,-0.04028,1196.0,931.5,1.0
13.56,0.6084,0.4963,0.907,0.9995,0.8623,1704.0,1351.0,2.0
13.0,0.597,0.672,0.7324,0.9995,-0.1816,1386.0,989.0,3.0
9.64,0.633,0.3914,0.727,1.0,-0.1846,814.0,190.1,4.0
23.72,0.5806,0.5864,0.5415,0.9995,0.0947,1342.0,1226.0,5.0
14.29,0.3738,0.5903,0.635,0.9995,0.4224,1301.0,1393.0,6.0
11.35,0.4392,0.4304,0.593,0.9995,-0.6836,1014.0,1541.0,7.0
12.68,0.4846,0.10126,0.4834,0.999,-0.5547,86.4,1932.0,8.0
11.914,0.4153,0.7134,0.7173,0.9995,0.2379,846.5,719.5,9.0
3.744,0.364,0.5645,0.9917,0.9995,-0.3237,672.5,1171.0,10.0
9.42,0.4197,0.3691,0.631,0.999,-0.3252,471.2,1623.0,11.0
10.48,0.604,0.5093,0.749,0.9995,-0.14,1050.0,1211.0,12.0
8.016,0.3008,0.6245,0.7725,0.999,0.2517,474.0,1348.0,13.0
1.709,0.137,0.7437,0.891,0.9995,-0.3792,813.5,1435.0,14.0
98.5,0.1487,0.697,0.2097,0.999,-0.5903,1882.0,1555.0,15.0
60.12,0.4233,0.945,0.34,0.999,0.573,1276.0,1219.0,1.0
28.94,0.894,0.2515,0.4849,0.999,-0.4841,1804.0,739.0,2.0
10000.0,0.328,0.8745,0.2047,0.999,-0.5854,1317.0,1818.0,3.0
23.2,0.584,0.8896,0.6416,0.9995,0.6284,1103.0,562.0,4.0
28.45,0.4883,0.847,0.522,0.9995,0.3982,1148.0,1054.0,5.0
45.1,0.5483,0.963,0.4307,0.9995,0.0883,1433.0,1559.0,6.0
3.914,0.627,0.1605,0.7734,0.9995,-0.596,1256.0,632.5,7.0
56.1,0.4316,0.719,0.3262,0.999,-0.02158,220.6,1428.0,8.0
30.88,0.8447,0.9585,0.653,0.9995,0.463,8.125,1399.0,9.0
9.08,0.3845,0.834,0.761,0.9995,-0.984,982.0,741.5,10.0
18.39,0.5986,0.6323,0.6343,0.9995,0.2942,1157.0,1224.0,11.0
10.87,0.996,0.144,0.6235,0.9995,-0.7246,1100.0,1241.0,12.0
44.6,0.551,0.487,0.3906,1.0,0.1076,141.9,1183.0,13.0
10.516,0.4302,0.4475,0.639,0.9995,-0.1948,1150.0,801.0,14.0
19.42,0.3835,0.7393,0.646,0.9995,0.9634,937.5,1014.5,15.0
17.97,0.9307,0.11005,0.6553,1.0,0.818,1820.0,1146.0,1.0
3.545,0.429,0.3723,0.9346,0.999,-0.53,1066.0,683.0,2.0
0.793,0.1664,0.2937,0.844,0.999,-0.898,1612.0,1902.0,3.0
3.543,0.10895,0.918,0.6113,1.0,-0.7207,935.0,1081.0,4.0
19.06,0.926,0.1919,0.6313,0.9995,0.553,1337.0,1878.0,5.0
11.016,0.641,0.3826,0.72,0.9995,0.1416,1266.0,1502.0,6.0
12.7,0.11383,0.878,0.4421,0.999,0.2096,1677.0,1560.0,7.0
11.39,0.2377,0.5,0.5225,0.9995,-0.2135,1202.0,1421.0,8.0
9.914,0.6523,0.541,0.839,0.999,0.001132,1094.0,1058.0,9.0
11.695,0.0564,0.815,0.4714,1.0,0.8076,101.5,1566.0,10.0
7.953,0.4043,0.6294,0.8145,0.9995,0.0512,1350.0,1241.0,11.0
8.75,0.2385,0.6763,0.6147,0.999,-0.151,1379.0,1344.0,12.0
7.414,0.2573,0.5293,0.6396,0.9995,-0.3252,1161.0,1270.0,13.0
7.746,0.4624,0.5293,0.798,0.999,-0.2856,1027.0,1065.0,14.0
10.0,0.612,0.3208,0.7183,0.9995,0.1494,1403.0,1107.0,15.0
7.08,0.686,0.4568,0.968,0.999,-0.3542,183.2,643.5,1.0
58.34,0.48,0.926,0.364,0.9995,0.549,99.3,683.0,2.0
18.25,0.753,0.1976,0.5327,0.9995,-0.3901,303.5,444.0,3.0
17.72,0.6504,0.5674,0.609,0.9995,-0.1759,1333.0,897.0,4.0
2.873,0.3445,0.4053,0.953,0.9995,-0.4404,840.5,1573.0,5.0
8.28,0.5605,0.6934,0.944,0.9995,-0.3906,1446.0,1636.0,6.0
9.3,0.638,0.311,0.6826,0.9995,-0.3752,574.5,816.5,7.0
0.3171,0.0713,0.4812,0.8267,0.9995,-0.2976,631.5,1098.0,8.0
21.55,0.6694,0.4565,0.5415,0.999,-0.4011,404.8,1532.0,9.0
43.25,0.7925,0.621,0.456,0.9995,-0.0598,1597.0,449.5,10.0
45.94,0.7925,0.565,0.4238,1.0,-0.5947,356.0,167.1,11.0
10.734,0.2773,0.3838,0.5933,0.9995,0.1821,1167.0,1210.0,12.0
7.113,0.5864,0.1643,0.641,0.999,-0.4417,1758.0,967.0,13.0
82.44,0.514,0.6157,0.2847,1.0,0.614,555.5,1696.0,14.0
10.1,0.537,0.4414,0.6836,0.9995,-0.4138,471.5,1270.0,15.0
11.52,0.395,0.519,0.9604,0.999,0.904,245.5,465.8,1.0
10000.0,0.5767,0.8906,0.1696,0.9995,0.2722,64.5,545.0,2.0
51.28,0.4797,0.3596,0.367,0.9995,0.828,287.0,1278.0,3.0
27.12,0.703,0.9707,0.608,0.9995,-0.268,651.5,877.0,4.0
20.69,0.4473,0.5054,0.562,0.9995,0.5293,595.0,1132.0,5.0
10000.0,0.6357,0.57,0.06073,0.9995,-0.2166,1559.0,316.0,6.0
5.062,0.32,0.902,0.988,0.999,-0.3772,738.5,870.0,7.0
15.125,0.508,0.7153,0.779,0.9995,0.721,585.5,309.8,8.0
0.0768,0.03848,0.4377,0.6753,0.9995,-0.6577,633.0,1207.0,9.0
59.8,0.4663,0.2983,0.3171,0.999,0.585,468.8,1577.0,10.0
0.1342,0.08905,0.537,0.9546,0.9995,-0.506,820.5,902.0,11.0
10.41,0.4617,0.1633,0.8193,0.999,0.7397,283.0,596.0,12.0
8.93,0.3625,0.4177,0.7524,0.9995,0.3416,532.0,664.0,13.0
44.7,0.1112,0.7905,0.295,0.999,0.8296,920.0,831.0,14.0
7.566,0.3035,0.499,0.8604,0.9995,0.4353,469.8,789.5,15.0
7.12,0.3665,0.756,0.935,1.0,0.2467,1657.0,106.7,1.0
15.95,0.8164,0.7563,0.8584,1.0,-0.1937,230.6,605.5,2.0
36.62,0.613,0.3804,0.4695,0.999,0.794,1016.5,337.8,3.0
18.0,0.5786,0.5903,0.6025,0.9995,0.078,852.5,678.5,4.0
17.19,0.761,0.4038,0.6357,0.9995,0.2308,1491.0,1143.0,5.0
14.51,0.451,0.694,0.6367,0.9995,0.0831,1180.0,1314.0,6.0
13.34,0.4163,0.5835,0.881,0.9995,0.939,414.5,1901.0,7.0
10.87,0.6685,0.4211,0.7437,0.9995,0.08936,1276.0,953.0,8.0
18.4,0.254,0.9766,0.5444,0.9995,0.5366,976.0,1898.0,9.0
12.44,0.415,0.7075,0.698,0.9995,0.2422,1018.0,1331.0,10.0
4.777,0.1836,0.1361,0.7954,0.9995,0.3682,1808.0,1435.0,11.0
10000.0,0.516,0.3987,0.0243,0.9995,0.1322,1118.0,392.2,12.0
11.44,0.3704,0.8027,0.903,0.9995,0.725,1354.0,1050.0,13.0
9.24,0.445,0.4773,0.844,0.9995,0.4316,898.5,1414.0,14.0
10.38,0.682,0.3674,0.753,0.9995,0.1588,1412.0,689.0,15.0
10000.0,0.4336,0.681,0.2366,0.999,0.2964,161.9,670.0,1.0
15.91,0.5625,0.879,0.908,0.9995,0.8525,543.0,1977.0,2.0
9.734,0.7915,0.1953,0.6846,0.9995,0.03516,1038.0,569.5,3.0
10000.0,0.5146,0.87,0.03867,0.9995,-0.893,1496.0,155.6,4.0
22.62,0.575,0.501,0.524,0.9995,-0.191,1144.0,1238.0,5.0
11.35,0.8574,0.2668,0.685,0.9995,-0.2001,289.0,1530.0,6.0
13.22,0.0894,0.8022,0.4001,1.0,0.259,1170.0,524.5,7.0
9.66,0.7095,0.1509,0.979,0.9995,0.6885,1363.0,1637.0,8.0
11.59,0.4924,0.6733,0.8164,0.9995,0.407,710.0,1496.0,9.0
9.67,0.3809,0.4805,0.6787,0.9995,0.0786,1542.0,1503.0,10.0
3.193,0.324,0.244,0.7964,1.0,-0.4856,835.5,1537.0,11.0
4.316,0.2954,0.2595,0.969,1.0,0.324,1007.5,1348.0,12.0
8.25,0.4324,0.5347,0.79,0.9995,0.095,842.5,1365.0,13.0
0.00026,0.2401,0.1171,0.8755,0.9995,-0.9556,1621.0,1630.0,14.0
8.61,0.6143,0.3425,0.7324,0.9995,-0.1615,696.5,1391.0,15.0
15.37,0.712,0.8574,0.8564,0.999,-0.1775,229.6,938.5,1.0
12.55,0.5894,0.474,0.8247,0.9995,0.6284,1179.0,1685.0,2.0
17.6,0.2375,0.5728,0.4832,0.9995,0.283,1875.0,165.2,3.0
10000.0,0.1704,0.9556,0.08356,0.999,-0.5303,1031.0,166.1,4.0
8.59,0.5596,0.12164,0.626,0.9995,0.0498,1600.0,774.0,5.0
11.16,0.3098,0.545,0.6543,0.9995,0.3171,1449.0,506.2,6.0
10.42,0.571,0.7607,0.987,0.999,0.3914,786.0,411.0,7.0
17.03,0.5356,0.877,0.645,1.0,-0.7812,239.5,250.8,8.0
8.31,0.2966,0.626,0.646,1.0,-0.6816,1471.0,1955.0,9.0
10.14,0.5186,0.6646,0.8267,0.9995,0.12213,713.0,862.0,10.0
11.63,0.4065,0.5327,0.7305,0.9995,0.4534,679.5,573.5,11.0
2.594,0.1749,0.6577,0.8916,0.999,-0.07776,1212.0,1097.0,12.0
9.26,0.3481,0.5933,0.8657,0.9995,0.5386,1402.0,485.0,13.0
12.3,0.5405,0.4553,0.639,0.9995,-0.2164,870.5,923.5,14.0
1.927,0.2024,0.436,0.935,0.9995,-0.0841,916.0,1425.0,15.0
31.81,0.5684,0.426,0.452,1.0,0.02252,144.5,1687.0,1.0
10000.0,0.466,0.5444,0.1288,0.9995,-0.6665,398.5,1708.0,2.0
10000.0,0.625,0.4673,0.03452,0.999,-0.4932,244.6,1455.0,3.0
0.5874,0.1243,0.741,0.968,0.999,-0.868,1300.0,903.0,4.0
4.227,0.06125,0.854,0.935,0.9995,0.4895,1153.0,1810.0,5.0
19.81,0.4868,0.8066,0.577,0.9995,-0.0425,1009.0,1065.0,6.0
8.625,0.554,0.4639,0.739,0.999,-0.9043,1501.0,1884.0,7.0
13.664,0.43,0.565,0.604,0.9995,-0.0805,683.0,1435.0,8.0
11.0,0.2048,0.5156,0.466,0.999,-0.906,531.5,606.0,9.0
15.38,0.4534,0.4285,0.5645,0.9995,-0.0395,423.5,868.0,10.0
1.652,0.2482,0.4119,0.972,0.999,-0.458,1891.0,83.7,11.0
8.41,0.3723,0.601,0.727,0.9995,-0.2666,997.0,1176.0,12.0
9.43,0.3547,0.6943,0.705,0.9995,-0.11847,591.5,909.0,13.0
12.086,0.1965,0.605,0.5454,0.9995,0.2827,704.5,510.0,14.0
2.45,0.09357,0.791,0.663,0.9995,-0.3264,1066.0,1447.0,15.0
73.1,0.6523,0.784,0.332,0.999,0.05508,289.0,668.0,1.0
48.9,0.903,0.5127,0.42,1.0,-0.75,350.0,1787.0,2.0
22.67,0.568,0.399,0.5117,0.9995,-0.04877,937.5,1417.0,3.0
12.38,0.2937,0.3728,0.496,0.9995,-0.657,429.0,1530.0,4.0
35.28,0.5396,0.736,0.4543,0.9995,-0.011505,891.5,1239.0,5.0
8.71,0.799,0.3057,0.84,1.0,0.0504,1549.0,330.8,6.0
16.58,0.494,0.647,0.6025,0.9995,0.0373,985.5,957.5,7.0
10000.0,0.4355,0.976,0.1366,1.0,-0.817,1749.0,208.9,8.0
3.799,0.2512,0.6616,0.918,1.0,-0.02058,1331.0,473.8,9.0
7.07,0.4119,0.1515,0.5747,0.999,-0.6377,1654.0,1705.0,10.0
15.13,0.0498,0.473,0.3086,0.9995,-0.5923,614.0,1851.0,11.0
0.1704,0.01772,0.4756,0.3872,0.9995,-0.9883,1510.0,1173.0,12.0
0.8037,0.02614,0.9277,0.8804,1.0,0.1956,1786.0,586.5,13.0
7.79,0.2646,0.45,0.6084,0.9995,-0.4094,910.0,1163.0,14.0
7.477,0.6763,0.1858,0.931,1.0,0.4153,205.2,258.8,15.0
10.75,0.379,0.6167,0.6787,0.9995,0.0898,1100.0,1046.0,1.0
2.17,0.1052,0.2296,0.8486,0.9995,0.2057,1415.0,1088.0,2.0
47.88,0.2715,0.9883,0.3145,0.999,-0.3281,1477.0,80.0,3.0
8.58,0.3855,0.3628,0.7837,0.9995,0.3948,945.0,1280.0,4.0
7.47,0.4053,0.444,0.7896,0.9995,0.1462,1078.0,1099.0,5.0
8.516,0.2527,0.6216,0.726,0.9995,0.3206,703.5,1060.0,6.0
7.523,0.2688,0.466,0.697,0.9995,0.1439,1306.0,1278.0,7.0
1.409,0.1077,0.3357,0.792,0.9995,0.01878,888.5,607.5,8.0
0.3235,0.02571,0.4639,0.741,0.9995,-0.5244,146.0,1735.0,9.0
15.336,0.2286,0.7925,0.4768,0.9995,-0.3787,1102.0,642.5,10.0
5.72,0.2213,0.5156,0.8003,0.9995,0.2484,1304.0,695.5,11.0
5.84,0.2776,0.3828,0.7886,0.9995,0.199,986.0,1199.0,12.0
3.662,0.1453,0.4663,0.7515,0.9995,0.1116,1162.0,939.5,13.0
5.566,0.4402,0.3062,0.8433,0.9995,0.10535,949.5,1027.0,14.0
8.734,0.1399,0.887,0.4812,0.9995,-0.7734,1559.0,50.47,15.0
7.74,0.3328,0.5054,0.701,0.9995,-0.1266,520.0,1368.0,1.0
7.625,0.3376,0.5327,0.6953,0.9995,-0.4956,869.0,1052.0,2.0
6.12,0.3215,0.6445,0.7974,0.9995,-0.66,956.0,855.0,3.0
7.48,0.3855,0.5,0.7583,0.9995,-0.02602,488.2,776.5,4.0
0.604,0.03094,0.3652,0.787,0.9995,-0.874,894.5,517.5,5.0
6.195,0.1935,0.3887,0.6064,0.9995,-0.1116,1097.0,838.5,6.0
11.37,0.4294,0.7505,0.696,0.9995,-0.453,523.5,1272.0,7.0
0.732,0.01176,0.5757,0.8525,0.999,-0.9487,1630.0,1082.0,8.0
4.09,0.2185,0.4836,0.7583,0.9995,-0.402,1081.0,1068.0,9.0
0.3157,0.02939,0.4392,0.8584,0.9995,-0.3801,775.5,412.0,10.0
2.701,0.1515,0.3872,0.7275,0.9995,-0.3098,1080.0,832.0,11.0
6.008,0.2917,0.5713,0.7505,0.9995,-0.4668,756.0,1050.0,12.0
3.86,0.2225,0.538,0.788,0.9995,-0.5747,970.5,858.0,13.0
4.348,0.2438,0.4485,0.7637,0.9995,-0.357,733.0,1108.0,14.0
1.46,0.0748,0.617,0.562,0.9995,-0.9795,286.0,1782.0,15.0
10.68,0.4949,0.5996,0.7314,0.9995,-0.0189,925.5,1195.0,1.0
-0.02773,0.05902,0.338,0.9126,0.9995,0.00887,1222.0,643.5,2.0
6.71,0.3662,0.6704,0.9097,0.999,0.1892,956.0,1202.0,3.0
6.2,0.1757,0.301,0.749,0.9995,0.3892,466.5,1321.0,4.0
3.78,0.1627,0.8433,0.7266,0.9995,-0.9634,1816.0,919.5,5.0
2.105,0.10034,0.3965,0.8257,0.999,0.16,795.5,471.5,6.0
5.562,0.3713,0.5713,0.875,0.9995,-0.29,1179.0,1251.0,7.0
4.785,0.1534,0.4888,0.762,0.9995,0.246,1219.0,1180.0,8.0
6.29,0.3098,0.436,0.727,0.9995,-0.1373,1032.0,855.0,9.0
4.81,0.2766,0.586,0.8516,0.9995,-0.01749,980.5,1083.0,10.0
7.67,0.39,0.4563,0.8657,0.9995,0.3643,1281.0,1078.0,11.0
3.66,0.198,0.4075,0.7715,0.9995,-0.02136,769.0,1034.0,12.0
4.477,0.2754,0.5493,0.8394,0.9995,-0.3005,1186.0,1083.0,13.0
0.6597,0.1122,0.429,0.851,0.9995,-0.588,736.5,460.2,14.0
0.0678,0.06204,0.406,0.8145,0.9995,-0.59,1091.0,711.0,15.0
7.168,0.323,0.639,0.842,0.9995,0.2263,1095.0,523.0,1.0
3.32,0.1853,0.3313,0.797,0.9995,0.0864,768.5,856.0,2.0
5.984,0.2218,0.6196,0.728,0.999,0.04605,896.5,648.5,3.0
3.43,0.11755,0.3862,0.5757,1.0,-0.4253,1106.0,1413.0,4.0
5.55,0.2952,0.684,0.8203,0.9995,-0.6045,426.0,1196.0,5.0
7.05,0.3716,0.4446,0.722,0.9995,-0.3828,792.0,954.5,6.0
10.88,0.5347,0.608,0.7324,0.9995,-0.4202,967.0,1251.0,7.0
2.064,0.3315,0.2903,0.891,1.0,-0.9365,533.0,1067.0,8.0
6.99,0.5264,0.3,0.7456,0.9995,-0.1556,901.0,689.5,9.0
0.07263,0.07935,0.467,0.9287,0.9995,-0.6167,598.5,888.5,10.0
4.207,0.2397,0.521,0.8228,0.9995,-0.05222,925.0,686.0,11.0
8.47,0.3416,0.7964,0.793,0.999,0.09424,785.0,24.61,12.0
5.94,0.3037,0.577,0.7935,0.9995,-0.1416,794.5,516.0,13.0
0.686,0.1901,0.16,0.8228,1.0,-0.5186,852.0,1421.0,14.0
1.086,0.192,0.2012,0.792,0.9995,-0.7104,481.8,1229.0,15.0
8.12,0.3726,0.664,0.775,0.9995,-0.04956,624.0,783.0,1.0
10.97,0.3828,0.669,0.722,0.9995,0.258,971.0,758.5,2.0
0.3267,0.01799,0.1741,0.9365,0.9995,0.1334,1186.0,701.0,3.0
16.58,0.362,0.569,0.5776,0.9995,0.3774,774.0,1097.0,4.0
7.27,0.4263,0.6323,0.856,0.9995,-0.1643,1386.0,407.2,5.0
6.863,0.372,0.4614,0.7773,0.9995,0.04572,841.5,939.0,6.0
0.4275,0.1171,0.5957,0.9287,0.999,-0.8936,982.5,862.5,7.0
6.934,0.2429,0.495,0.708,0.9995,0.1459,802.0,946.0,8.0
5.453,0.3994,0.3203,0.8804,0.9995,0.2,626.5,570.0,9.0
8.1,0.0843,0.775,0.403,1.0,-0.4685,673.5,493.0,10.0
5.02,0.2028,0.544,0.7603,0.9995,0.0963,868.0,679.0,11.0
4.312,0.2227,0.4768,0.7812,0.9995,-0.006664,854.0,916.0,12.0
4.664,0.2903,0.5234,0.845,0.9995,-0.1345,1315.0,659.0,13.0
6.35,0.3005,0.513,0.75,0.9995,-0.048,951.5,744.0,14.0
3.771,0.2212,0.508,0.822,0.9995,-0.0937,1046.0,750.5,15.0
8.15,0.4841,0.2837,0.7256,0.9995,0.1373,1517.0,1368.0,1.0
0.07513,0.0719,0.4202,0.886,0.9995,-0.7427,613.0,424.2,2.0
6.332,0.3123,0.3572,0.7144,0.9995,0.00987,1078.0,1024.0,3.0
4.723,0.2915,0.4153,0.8228,0.9995,0.03595,811.0,859.5,4.0
5.566,0.381,0.368,0.8105,0.9995,0.02267,955.5,1191.0,5.0
6.633,0.451,0.4111,0.817,0.9995,0.03072,1211.0,725.5,6.0
0.732,0.01863,0.2954,0.8447,0.9995,-0.812,995.5,884.0,7.0
10.73,0.526,0.4863,0.713,0.9995,0.05933,1442.0,486.8,8.0
5.242,0.05902,0.8813,0.7554,0.999,0.525,426.0,1866.0,9.0
6.793,0.03458,0.3237,0.758,1.0,0.7363,1885.0,1800.0,10.0
0.358,0.1677,0.3003,0.932,0.9995,-0.815,1279.0,811.5,11.0
2.098,0.1252,0.2993,0.8027,0.9995,0.09625,1472.0,1297.0,12.0
2.443,0.2051,0.2563,0.8135,0.9995,-0.0307,1432.0,1110.0,13.0
3.611,0.2563,0.3699,0.819,0.9995,-0.1453,1119.0,1044.0,14.0
0.03876,0.11615,0.2422,0.969,0.9995,-0.2446,1522.0,674.0,15.0
7.2,0.424,0.4402,0.763,0.9995,-0.12256,1110.0,738.5,1.0
8.484,0.4155,0.6836,0.8345,0.9995,0.1173,653.5,1240.0,2.0
1.663,0.1403,0.866,0.9136,1.0,-0.6255,1452.0,1285.0,3.0
2.656,0.1696,0.4785,0.7817,0.9995,-0.5107,276.2,744.5,4.0
11.914,0.5166,0.6914,0.7915,0.9995,0.294,924.5,709.5,5.0
7.652,0.3572,0.636,0.782,0.9995,0.01782,1053.0,850.5,6.0
10.44,0.2107,0.511,0.744,0.9995,0.7065,1566.0,187.0,7.0
0.574,0.01448,0.78,0.8765,0.9995,-0.5327,1167.0,940.5,8.0
4.93,0.2273,0.488,0.767,0.9995,0.0496,1239.0,1042.0,9.0
3.396,0.2026,0.409,0.8013,0.9995,-0.006863,1392.0,912.0,10.0
2.83,0.1567,0.504,0.793,0.9995,-0.0711,1196.0,929.5,11.0
5.473,0.283,0.537,0.772,0.9995,-0.314,1070.0,860.0,12.0
0.5103,0.07227,0.4875,0.8574,0.9995,0.03067,1152.0,748.0,13.0
4.73,0.2408,0.619,0.8022,0.9995,-0.23,1034.0,856.0,14.0
4.28,0.205,0.4194,0.6904,0.9995,-0.536,1041.0,1019.0,15.0
7.61,0.4937,0.4321,0.8003,0.9995,0.03995,1171.0,1097.0,1.0
9.734,0.432,0.1577,0.994,1.0,0.8477,565.0,65.56,2.0
3.658,0.2457,0.5776,0.8354,0.999,-0.828,561.0,1760.0,3.0
7.867,0.1638,0.6816,0.6636,0.9995,0.3533,490.2,1313.0,4.0
23.56,0.817,0.964,0.8794,1.0,0.906,830.5,1696.0,5.0
6.277,0.979,0.1442,0.943,0.9995,0.0545,1860.0,1091.0,6.0
5.96,0.3503,0.3792,0.901,0.9995,0.313,730.5,528.5,7.0
1.329,0.2559,0.2551,0.8765,0.9995,-0.8477,1481.0,1632.0,8.0
20.78,0.65,0.928,0.6523,0.9995,-0.932,1485.0,1196.0,9.0
6.15,0.2438,0.5806,0.7485,0.9995,0.0827,773.0,1128.0,10.0
10.44,0.4556,0.734,0.742,0.9995,-0.59,1152.0,1135.0,11.0
6.406,0.328,0.6294,0.7915,0.9995,-0.4573,1066.0,1125.0,12.0
5.7,0.4377,0.4124,0.8423,0.9995,-0.1885,1173.0,1472.0,13.0
0.4465,0.03415,0.6484,0.887,0.9995,-0.9346,958.5,1477.0,14.0
3.934,0.265,0.4675,0.851,0.9995,-0.10455,808.5,908.0,15.0
8.35,0.551,0.4714,0.826,0.9995,0.07635,936.0,822.5,1.0
6.19,0.1338,0.5146,0.5195,0.9995,-0.3643,943.5,1530.0,2.0
6.152,0.2961,0.5576,0.7607,0.9995,-0.1886,1205.0,1114.0,3.0
11.87,0.578,0.3213,0.6143,1.0,-0.27,1327.0,1142.0,4.0
76.2,0.343,0.451,0.264,0.9995,0.1638,727.0,1873.0,5.0
13.3,0.4353,0.7573,0.7236,1.0,0.3743,1068.0,1308.0,6.0
7.656,0.515,0.3984,0.7812,0.9995,0.006657,786.5,813.0,7.0
0.107,0.02599,0.561,0.815,0.999,-0.0813,1198.0,1000.5,8.0
7.258,0.361,0.4883,0.7295,0.9995,-0.2761,899.5,1130.0,9.0
16.06,0.2725,0.4648,0.4841,0.9995,-0.00936,1057.0,1466.0,10.0
0.3667,0.1914,0.1014,0.8945,0.9995,-0.11707,1654.0,1938.0,11.0
3.668,0.1066,0.687,0.7524,0.9995,0.212,1438.0,1347.0,12.0
6.402,0.3438,0.3274,0.7114,0.9995,-0.05667,1483.0,1015.0,13.0
3.352,0.1234,0.5005,0.64,0.9995,-0.2485,1195.0,1402.0,14.0
7.113,0.3665,0.4834,0.755,0.9995,-0.05057,1156.0,965.5,15.0
12.63,0.1121,0.3179,0.5254,0.9995,0.76,955.0,1418.0,1.0
9.05,0.442,0.3452,0.6777,0.999,0.0325,1749.0,345.5,2.0
0.0628,0.036,0.977,0.8057,1.0,-0.0929,472.8,1944.0,3.0
8.44,0.4958,0.4644,0.755,0.9995,-0.1771,1003.5,970.5,4.0
8.02,0.2856,0.6855,0.675,0.9995,-0.4675,1139.0,1196.0,5.0
2.402,0.2439,0.412,0.868,0.999,-0.798,780.5,1279.0,6.0
5.043,0.151,0.4846,0.6553,0.9995,0.07935,913.0,1375.0,7.0
7.16,0.3752,0.7075,0.8315,0.9995,-0.435,1107.0,1007.0,8.0
6.207,0.3774,0.562,0.8154,0.9995,-0.6313,526.0,1054.0,9.0
6.21,0.256,0.714,0.753,0.9995,-0.2382,673.0,754.5,10.0
8.67,0.645,0.4272,0.764,1.0,-0.8447,1021.5,1153.0,11.0
5.625,0.2427,0.5347,0.7065,0.9995,-0.4236,847.0,1237.0,12.0
0.44,0.02605,0.6357,0.805,0.9995,-0.7495,1103.0,1962.0,13.0
2.514,0.2642,0.366,0.8594,0.999,-0.7627,1490.0,530.5,14.0
15.01,0.7603,0.7017,0.81,0.9995,0.05402,107.4,1826.0,15.0
7.277,0.644,0.304,0.855,0.9995,0.1558,356.2,1674.0,1.0
8.81,0.3164,0.5474,0.6665,0.9995,-0.01065,831.5,941.5,2.0
2.912,0.3845,0.345,0.9414,0.999,-0.4646,716.5,1594.0,3.0
7.223,0.434,0.503,0.8086,0.9995,-0.02722,689.5,1410.0,4.0
0.2683,0.0862,0.6133,0.842,0.9995,-0.986,1082.0,1711.0,5.0
40.56,0.385,0.3508,0.337,0.9995,-0.4539,895.0,1981.0,6.0
5.758,0.434,0.423,0.841,0.9995,-0.2092,613.0,1711.0,7.0
12.76,0.534,0.7505,0.7397,0.9995,-0.0556,439.2,1574.0,8.0
5.367,0.3306,0.542,0.837,0.9995,-0.27,705.5,1580.0,9.0
7.965,0.2119,0.983,0.816,0.9995,0.4373,428.2,1533.0,10.0
6.15,0.2915,0.732,0.8276,0.9995,-0.005505,626.5,1500.0,11.0
9.79,0.32,0.4163,0.5767,0.9995,-0.5215,892.0,1861.0,12.0
6.363,0.2917,0.4902,0.702,0.9995,-0.4634,917.0,1782.0,13.0
1.894,0.2354,0.606,0.9897,0.9995,-0.816,732.0,1691.0,14.0
4.742,0.364,0.4685,0.8633,0.9995,-0.4348,775.5,1712.0,15.0
8.414,0.423,0.534,0.722,0.9995,-0.568,1405.0,1319.0,1.0
4.41,0.923,0.1647,0.9443,0.9995,-0.8164,1170.0,1811.0,2.0
8.164,0.3518,0.511,0.6636,0.9995,-0.689,669.5,847.5,3.0
12.99,0.4956,0.4915,0.6157,0.9995,-0.28,1140.0,959.0,4.0
92.1,0.9224,0.3875,0.2932,0.9995,0.1273,1351.0,1426.0,5.0
7.88,0.639,0.3684,0.7944,0.9995,-0.2089,975.0,1019.0,6.0
5.77,0.1877,0.7217,0.682,1.0,-0.1276,257.0,105.9,7.0
7.188,0.404,0.4963,0.7476,0.9995,-0.6133,745.0,827.5,8.0
0.295,0.02408,0.842,0.756,0.9995,-0.677,819.0,1049.0,9.0
9.086,0.4536,0.542,0.7227,0.9995,-0.447,1017.5,1182.0,10.0
6.91,0.4163,0.4602,0.773,0.9995,-0.2732,980.0,841.0,11.0
4.863,0.3845,0.502,0.8813,0.9995,-0.596,1284.0,1114.0,12.0
6.426,0.51,0.5015,0.888,0.9995,-0.4285,547.0,764.5,13.0
0.61,0.1482,0.1417,0.7803,1.0,-0.334,1540.0,1001.0,14.0
2.281,0.2903,0.4348,0.957,0.9995,-0.6094,567.5,710.0,15.0
27.31,0.272,0.8213,0.44,1.0,0.4788,273.5,1148.0,1.0
1.74,0.1111,0.7666,0.844,0.9995,-0.0829,1864.0,547.5,2.0
6.83,0.328,0.4863,0.7246,0.9995,-0.2527,722.0,1272.0,3.0
10.32,0.7334,0.4954,0.872,0.999,0.0818,200.6,467.2,4.0
1.848,0.4111,0.2925,0.976,0.9995,-0.908,393.0,421.2,5.0
16.48,0.8525,0.506,0.894,0.9995,0.777,88.06,188.0,6.0
4.984,0.141,0.4565,0.6074,0.9995,-0.01222,1775.0,1851.0,7.0
5.684,0.262,0.72,0.8013,0.9995,-0.1829,573.5,1049.0,8.0
0.06665,0.09503,0.3435,0.931,0.999,-0.7354,668.0,1066.0,9.0
3.977,0.1934,0.4597,0.733,0.9995,-0.2664,1338.0,1367.0,10.0
2.707,0.2426,0.565,0.9404,0.9995,-0.3464,1266.0,807.5,11.0
0.223,0.01917,0.594,0.6636,1.0,-0.3462,93.7,1594.0,12.0
0.493,0.02718,0.3625,0.805,0.9995,-0.565,1197.0,1147.0,13.0
13.74,0.3062,0.382,0.659,1.0,0.7344,660.0,1761.0,14.0
0.0855,0.0936,0.544,0.9775,0.9995,-0.6973,532.0,798.5,15.0
12.164,0.8687,0.487,0.834,0.999,-0.572,1321.0,20.17,1.0
8.49,0.611,0.433,0.7773,0.9995,-0.4858,1132.0,538.5,2.0
4.227,0.3596,0.331,0.7725,1.0,-0.971,593.5,861.5,3.0
7.676,0.359,0.5327,0.7217,0.9995,-0.3193,748.0,931.5,4.0
19.83,0.8525,0.806,0.7593,1.0,-0.661,1470.0,781.0,5.0
8.57,0.894,0.2113,0.957,0.9995,0.3013,1020.5,790.0,6.0
6.98,0.503,0.3862,0.793,0.9995,-0.1065,835.0,1421.0,7.0
5.87,0.637,0.2937,0.868,0.9995,-0.06445,941.0,969.5,8.0
10.555,0.6235,0.5654,0.7734,1.0,-0.5605,1173.0,932.5,9.0
3.738,0.2969,0.252,0.775,0.9995,-0.1709,687.5,1724.0,10.0
7.05,0.4963,0.43,0.789,0.9995,-0.4805,982.5,1131.0,11.0
0.754,0.01219,0.4448,0.738,1.0,-0.557,32.38,1871.0,12.0
6.516,0.432,0.2937,0.6997,0.9995,-0.4624,1193.0,1090.0,13.0
0.2433,0.03061,0.3594,0.686,1.0,-0.607,632.5,1331.0,14.0
5.43,0.3337,0.424,0.76,1.0,-0.5557,755.0,1178.0,15.0
5.367,0.6274,0.1375,0.909,0.9995,0.279,158.8,1342.0,1.0
5.695,0.2634,0.5312,0.746,0.9995,-0.1515,1182.0,1047.0,2.0
0.05157,0.06107,0.7417,0.8955,1.0,-0.769,778.0,1467.0,3.0
9.48,0.4333,0.564,0.7197,0.9995,-0.13,911.5,710.5,4.0
6.133,0.3296,0.508,0.7676,0.9995,-0.3264,975.5,730.5,5.0
6.125,0.3757,0.68,0.9004,0.999,-0.152,1316.0,1661.0,6.0
6.715,0.3445,0.5415,0.777,0.9995,-0.0868,937.5,1103.0,7.0
2.416,0.04898,0.9067,0.4636,0.9995,-0.3867,98.4,988.5,8.0
4.918,0.2805,0.6665,0.8726,0.9995,-0.05417,1352.0,487.5,9.0
0.08075,0.0657,0.5117,0.8545,0.999,-0.6455,819.0,1184.0,10.0
2.965,0.1647,0.534,0.85,0.9995,0.082,830.5,1055.0,11.0
0.483,0.0514,0.1455,0.875,0.9995,-0.512,384.2,40.53,12.0
0.1329,0.1763,0.2568,0.9883,0.9995,-0.662,413.8,911.0,13.0
5.098,0.286,0.555,0.8213,0.9995,-0.1409,1009.5,1021.0,14.0
3.166,0.1937,0.574,0.835,0.9995,-0.2625,1013.5,709.5,15.0
7.895,0.1481,0.6475,0.671,0.9995,0.4373,874.5,977.0,1.0
6.133,0.2952,0.628,0.8267,1.0,0.0941,1871.0,1689.0,2.0
5.848,0.0831,0.965,0.492,0.999,-0.0223,416.8,571.5,3.0
8.52,0.4216,0.5684,0.7773,0.9995,0.0759,1243.0,1004.0,4.0
9.04,0.0699,0.4722,0.3943,0.9995,0.08264,1835.0,958.0,5.0
5.867,0.08344,0.928,0.4456,1.0,-0.661,1846.0,1210.0,6.0
5.316,0.178,0.673,0.7036,0.9995,0.02914,996.5,1085.0,7.0
13.87,0.5054,0.634,0.646,0.9995,-0.1335,1350.0,901.0,8.0
7.96,0.411,0.617,0.7803,0.9995,-0.4111,859.5,1116.0,9.0
0.422,0.01895,0.935,0.6904,0.9995,-0.8125,1000.0,1261.0,10.0
5.777,0.312,0.657,0.8135,0.9995,-0.6514,1042.0,952.5,11.0
3.186,0.0709,0.656,0.655,0.999,0.1981,1799.0,1827.0,12.0
0.594,0.01744,0.7944,0.729,0.999,-0.9014,503.0,1082.0,13.0
3.781,0.11005,0.8296,0.599,0.9995,-0.5776,1320.0,1186.0,14.0
3.059,0.0884,0.8228,0.7646,0.9995,0.2089,840.5,1358.0,15.0
8.72,0.4175,0.617,0.795,0.9995,0.1192,1044.0,493.8,1.0
7.336,0.3115,0.3206,0.7295,0.9995,0.2391,677.0,613.0,2.0
8.516,0.377,0.7427,0.767,0.9995,-0.4727,645.5,957.5,3.0
10.54,0.522,0.572,0.7207,0.999,-0.426,458.8,1961.0,4.0
5.86,0.349,0.5537,0.8022,0.9995,-0.7,1304.0,205.5,5.0
7.164,0.8364,0.1267,0.6465,0.9995,-0.621,1064.0,1334.0,6.0
8.26,0.372,0.543,0.705,0.9995,-0.3877,675.5,1301.0,7.0
7.953,0.3096,0.6113,0.7026,0.9995,-0.1311,864.0,605.5,8.0
16.55,0.8853,0.2069,0.613,1.0,0.1903,667.5,1768.0,9.0
10.52,0.3596,0.7065,0.645,0.999,-0.684,171.9,1421.0,10.0
6.395,0.2306,0.579,0.67,0.9995,-0.3027,884.0,577.0,11.0
7.55,0.271,0.606,0.654,0.999,-0.5503,506.5,1053.0,12.0
6.848,0.2996,0.398,0.679,0.9995,-0.1326,806.5,630.0,13.0
0.02092,0.03192,0.6553,0.6133,0.9995,-0.4578,297.2,592.0,14.0
5.543,0.2189,0.4624,0.665,0.9995,-0.3403,844.0,602.5,15.0
0.0631,0.0703,0.5166,0.9507,0.9995,-0.4104,1355.0,726.5,1.0
7.203,0.293,0.6606,0.74,0.9995,-0.06097,929.5,800.5,2.0
0.1046,0.0696,0.3333,0.7056,1.0,-0.9663,1473.0,1385.0,3.0
13.984,0.2927,0.771,0.602,1.0,0.3237,1792.0,1370.0,4.0
3.867,0.04355,0.567,0.4844,0.9995,0.191,1415.0,1402.0,5.0
4.71,0.2345,0.56,0.7773,0.9995,-0.2104,1171.0,928.5,6.0
5.51,0.283,0.5957,0.8003,0.9995,-0.1979,1240.0,993.0,7.0
6.67,0.4556,0.3901,0.7773,0.9995,-0.2018,1135.0,590.0,8.0
4.96,0.234,0.553,0.7754,0.9995,-0.002941,900.5,1227.0,9.0
5.152,0.2983,0.459,0.7817,0.9995,-0.2734,1211.0,850.5,10.0
5.965,0.177,0.707,0.6763,0.9995,0.0497,885.0,860.0,11.0
9.54,0.8945,0.1536,0.6177,0.9995,-0.8296,1094.0,1363.0,12.0
0.716,0.01532,0.4497,0.807,1.0,-0.5244,1531.0,1080.0,13.0
0.1276,0.0807,0.2146,0.882,1.0,-0.658,1853.0,1376.0,14.0
0.1307,0.05557,0.8574,0.791,1.0,-0.7524,1285.0,322.0,15.0
8.15,0.914,0.2006,0.7817,0.9995,-0.1571,910.0,1532.0,1.0
2.533,0.3147,0.3352,0.954,0.9995,-0.04553,1161.0,230.4,2.0
6.887,0.565,0.5693,0.9946,0.9995,0.09406,62.3,1225.0,3.0
6.746,0.3118,0.6147,0.749,0.9995,-0.4133,1419.0,1081.0,4.0
5.773,0.11115,0.9717,0.5464,0.9995,-0.3137,1632.0,777.5,5.0
6.473,0.4055,0.338,0.7153,0.9995,-0.4387,809.0,1013.0,6.0
5.79,0.369,0.4192,0.802,0.9995,-0.05307,787.0,781.0,7.0
4.92,0.394,0.3228,0.809,0.9995,-0.1588,301.2,562.5,8.0
9.484,0.3848,0.5454,0.928,0.9995,0.642,1651.0,1250.0,9.0
10000.0,0.3474,0.86,0.02725,0.9995,-0.908,1051.0,895.0,10.0
7.652,0.6064,0.3472,0.7646,0.9995,-0.2935,1057.0,1228.0,11.0
90.0,0.5527,0.1835,0.2593,1.0,0.72,540.5,390.0,12.0
5.062,0.329,0.4744,0.888,0.9995,0.1248,1455.0,1064.0,13.0
2.15,0.1412,0.6255,0.822,0.9995,-0.4084,1533.0,745.5,14.0
2.041,0.2189,0.3555,0.8994,0.999,-0.1974,1302.0,1582.0,15.0
0.1996,0.209,0.1118,0.7676,0.9995,-0.9126,118.7,1332.0,1.0
5.95,0.4954,0.2688,0.8447,0.9995,0.1594,981.5,1464.0,2.0
5.89,0.2279,0.4546,0.7417,0.9995,0.1543,1035.0,910.0,3.0
0.5767,0.1338,0.1714,0.932,0.9995,0.05997,656.0,2000.0,4.0
54.56,0.3342,0.941,0.3052,1.0,-0.749,642.0,103.56,5.0
4.836,0.312,0.1884,0.685,0.9995,-0.1226,346.5,1594.0,6.0
4.516,0.367,0.2913,0.7915,0.9995,-0.2288,799.0,1417.0,7.0
5.2,0.2798,0.4822,0.768,0.9995,-0.2642,737.5,1234.0,8.0
0.598,0.1058,0.1793,0.7227,0.9995,-0.3416,996.0,134.6,9.0
3.668,0.323,0.281,0.834,0.9995,-0.08026,360.2,1593.0,10.0
19.06,0.597,0.741,0.641,0.9995,0.229,543.5,338.2,11.0
4.043,0.2443,0.3975,0.756,0.9995,-0.4563,723.5,1199.0,12.0
7.14,0.2886,0.58,0.7075,0.9995,-0.1904,406.8,1138.0,13.0
5.29,0.2332,0.4446,0.725,0.9995,-0.005108,821.5,963.5,14.0
-0.02258,0.1537,0.1063,0.725,0.9995,-0.983,454.2,1655.0,15.0
2.844,0.1693,0.4348,0.781,0.9995,-0.197,1037.0,941.5,1.0
3.738,0.2769,0.346,0.7773,0.9995,-0.562,1152.0,1460.0,2.0
2.986,0.1849,0.367,0.7505,0.9995,-0.3728,1124.0,1146.0,3.0
2.906,0.2074,0.159,0.8237,0.9995,0.1576,1716.0,300.8,4.0
3.37,0.154,0.4421,0.703,0.9995,-0.2373,873.0,648.0,5.0
2.072,0.1332,0.354,0.748,0.9995,-0.1919,943.5,670.5,6.0
1.774,0.1422,0.2432,0.7803,0.9995,-0.000645,1298.0,499.0,7.0
2.352,0.1525,0.5303,0.796,0.9995,-0.4707,1020.5,1331.0,8.0
-0.02176,0.01659,0.314,0.6787,0.9995,0.0658,830.5,474.2,9.0
1.594,0.1176,0.3892,0.785,0.9995,-0.1174,1041.0,806.0,10.0
1.715,0.11475,0.42,0.744,0.9995,-0.3118,977.0,1033.0,11.0
3.893,0.166,0.4753,0.6904,0.9995,-0.3054,652.0,865.0,12.0
0.295,0.01262,0.2683,0.6377,0.9995,-0.10876,890.0,846.0,13.0
0.00797,0.0351,0.3152,0.576,0.9995,-0.6094,1578.0,734.5,14.0
1.612,0.1178,0.358,0.771,0.9995,-0.1154,969.0,792.0,15.0
4.832,0.2242,0.678,0.7944,0.9995,-0.1273,653.0,905.5,1.0
0.256,0.03143,0.1896,0.7666,1.0,-0.2666,941.5,595.5,2.0
2.621,0.1373,0.3162,0.611,1.0,-0.768,287.2,1636.0,3.0
3.18,0.1987,0.342,0.7407,0.9995,-0.4111,811.5,460.5,4.0
3.098,0.1913,0.4622,0.7993,0.9995,-0.2717,986.5,959.5,5.0
2.236,0.0862,0.48,0.6226,0.9995,-0.1532,1131.0,1163.0,6.0
0.1678,0.0708,0.497,0.8623,0.9995,-0.4011,1161.0,936.5,7.0
3.734,0.2312,0.3413,0.758,0.9995,-0.2354,1247.0,873.5,8.0
2.201,0.1407,0.4358,0.7637,0.9995,-0.3538,957.0,848.0,9.0
0.02977,0.0608,0.501,0.9736,0.9995,-0.03604,1814.0,18.03,10.0
0.98,0.08105,0.4285,0.729,0.9995,-0.2251,1130.0,928.5,11.0
0.8237,0.0964,0.812,0.8945,0.999,-0.394,470.5,238.8,12.0
0.6597,0.01581,0.2172,0.87,0.9995,-0.245,1354.0,434.2,13.0
0.822,0.0787,0.5713,0.755,0.9995,-0.429,1142.0,315.5,14.0
2.252,0.1587,0.409,0.7983,0.9995,-0.2773,1153.0,714.0,15.0
0.3274,0.01391,0.497,0.649,0.9995,0.1328,1471.0,1543.0,1.0
4.254,0.2482,0.479,0.7812,0.9995,-0.4412,1033.0,1309.0,2.0
5.55,0.403,0.3516,0.776,0.9995,-0.3574,1081.0,1219.0,3.0
0.732,0.01453,0.2988,0.8975,0.9995,-0.66,1559.0,1083.0,4.0
0.02385,0.04004,0.603,0.934,1.0,-0.004967,1582.0,367.2,5.0
3.262,0.2146,0.4211,0.7925,0.9995,-0.4062,1151.0,1077.0,6.0
3.69,0.2727,0.366,0.7964,0.9995,-0.478,1075.0,1264.0,7.0
0.199,0.03577,0.3835,0.7773,0.9995,-0.4998,795.0,1113.0,8.0
0.81,0.08057,0.4897,0.692,0.9995,-0.734,726.5,1414.0,9.0
1.968,0.2339,0.3474,0.89,0.9995,-0.4878,996.5,1318.0,10.0
1.625,0.1553,0.3809,0.822,0.9995,-0.4805,1145.0,1065.0,11.0
0.7173,0.1036,0.2957,0.83,0.9995,-0.1101,1300.0,1147.0,12.0
0.451,0.0813,0.4102,0.7637,0.9995,-0.5884,1042.0,1277.0,13.0
2.328,0.2477,0.3809,0.89,0.9995,-0.4858,1195.0,824.0,14.0
4.484,0.2233,0.4194,0.722,0.9995,-0.317,1049.0,793.5,15.0
5.133,0.3713,0.4976,0.865,0.9995,-0.3335,799.0,927.5,1.0
3.791,0.3347,0.3865,0.862,0.9995,-0.4397,950.0,961.0,2.0
3.438,0.3198,0.4556,0.8926,0.9995,-0.7197,1128.0,735.5,3.0
2.502,0.1288,0.628,0.798,0.9995,0.006172,875.0,1516.0,4.0
3.615,0.2815,0.3552,0.8325,0.9995,-0.2003,1061.0,1134.0,5.0
4.418,0.3127,0.4185,0.85,0.9995,-0.02783,1181.0,1053.0,6.0
5.94,0.3264,0.6196,0.8794,0.9995,0.1254,1149.0,994.0,7.0
1.562,0.2394,0.169,0.818,0.9995,-0.3289,1004.0,1389.0,8.0
0.0547,0.05154,0.3345,0.8027,1.0,-0.4375,1678.0,1487.0,9.0
1.919,0.2654,0.3008,0.8677,1.0,-0.8115,1282.0,906.0,10.0
0.74,0.1244,0.3567,0.7964,1.0,-0.9043,1346.0,791.0,11.0
2.594,0.435,0.263,0.915,0.9995,-0.677,914.0,753.0,12.0
3.045,0.2484,0.3694,0.8423,0.9995,-0.2808,1214.0,1105.0,13.0
2.412,0.2983,0.3054,0.875,0.9995,-0.622,1170.0,1003.5,14.0
0.1738,0.03842,0.4094,0.773,1.0,-0.573,1496.0,1349.0,15.0
3.914,0.139,0.6943,0.6855,0.9995,-0.212,645.0,769.5,1.0
26.94,0.1714,0.6406,0.3896,1.0,0.7324,1711.0,1782.0,2.0
4.11,0.2734,0.4321,0.814,0.9995,-0.313,731.5,860.0,3.0
4.523,0.5386,0.1271,0.868,0.9995,0.1976,37.78,1574.0,4.0
2.904,0.214,0.6206,0.924,0.9995,-0.05466,1303.0,553.5,5.0
3.385,0.3599,0.2612,0.861,0.9995,-0.11487,402.0,1210.0,6.0
3.51,0.2341,0.5903,0.862,0.9995,-0.453,629.5,1220.0,7.0
2.879,0.156,0.558,0.7773,0.9995,-0.3013,746.5,786.0,8.0
2.291,0.1409,0.1548,0.6675,0.9995,-0.00717,429.2,771.5,9.0
7.684,0.6587,0.3184,0.751,0.999,-0.4927,1870.0,1400.0,10.0
0.2003,0.0489,0.2861,0.8306,0.9995,-0.564,690.0,729.5,11.0
6.234,0.1964,0.3772,0.7876,0.9995,0.3887,663.0,577.5,12.0
2.652,0.1963,0.3867,0.843,0.9995,-0.03912,729.5,732.0,13.0
2.809,0.251,0.3276,0.845,0.9995,-0.2583,491.8,968.5,14.0
0.2935,0.1576,0.1843,0.7944,0.9995,-0.959,591.0,534.5,15.0
4.113,0.3096,0.3596,0.7983,0.9995,-0.476,1203.0,1013.5,1.0
0.1736,0.0847,0.328,0.948,0.9995,-0.845,1113.0,1215.0,2.0
1.23,0.08307,0.739,0.6675,0.9995,-0.9844,1636.0,1005.5,3.0
1.785,0.1354,0.651,0.87,0.9995,-0.245,748.0,780.5,4.0
3.178,0.1787,0.5425,0.8,0.9995,-0.2336,1200.0,925.5,5.0
2.186,0.1737,0.4412,0.8184,0.9995,-0.535,1073.0,1019.0,6.0
5.586,0.512,0.321,0.8,0.9995,-0.5557,1005.0,436.5,7.0
1.935,0.2174,0.3923,0.917,0.9995,-0.273,1417.0,700.5,8.0
1.619,0.1328,0.531,0.833,0.9995,-0.4087,1229.0,932.0,9.0
2.463,0.2317,0.398,0.862,0.9995,-0.5464,1254.0,948.5,10.0
4.395,0.3484,0.4246,0.8403,0.9995,-0.59,1164.0,636.5,11.0
1.24,0.1276,0.5737,0.8774,0.9995,-0.4214,1063.0,799.5,12.0
3.066,0.2474,0.4592,0.8555,0.9995,-0.5815,1270.0,714.5,13.0
2.03,0.1843,0.6387,0.9272,0.999,-0.4766,1030.0,1339.0,14.0
0.1114,0.0497,0.4436,0.8003,1.0,-0.717,1460.0,509.5,15.0
5.07,0.2402,0.555,0.7515,0.9995,-0.3127,952.5,1182.0,1.0
5.586,0.3557,0.4417,0.797,0.9995,-0.2925,954.0,1046.0,2.0
4.777,0.1963,0.623,0.713,0.9995,-0.4424,1114.0,1110.0,3.0
0.1159,0.02841,0.4905,0.6963,0.9995,-0.4006,873.5,963.5,4.0
3.066,0.1515,0.567,0.749,0.9995,-0.325,1137.0,987.0,5.0
2.695,0.1378,0.6016,0.751,0.9995,-0.3904,1068.0,1048.0,6.0
3.87,0.1959,0.58,0.7754,0.9995,-0.3418,846.0,1309.0,7.0
6.96,0.2075,0.446,0.6826,0.9995,0.2142,792.5,1367.0,8.0
1.709,0.1095,0.584,0.7637,0.9995,-0.4092,1086.0,983.5,9.0
2.812,0.1381,0.6006,0.7393,0.9995,-0.3958,942.5,1199.0,10.0
2.898,0.1409,0.5757,0.7266,0.9995,-0.456,1055.0,1093.0,11.0
1.514,0.1022,0.5874,0.7534,0.9995,-0.476,1047.0,1032.0,12.0
1.502,0.0854,0.738,0.754,0.9995,-0.1572,909.5,1217.0,13.0
0.884,0.0764,0.5996,0.723,0.9995,-0.5137,1073.0,1030.0,14.0
1.395,0.0945,0.5913,0.7456,0.9995,-0.42,951.0,1083.0,15.0
3.191,0.699,0.1217,0.808,1.0,-0.4226,1244.0,1434.0,1.0
2.635,0.191,0.475,0.829,0.9995,-0.4365,727.0,1519.0,2.0
3.51,0.2544,0.4275,0.8345,0.9995,-0.3296,831.0,1073.0,3.0
4.043,0.2233,0.5747,0.7944,0.9995,-0.4832,1122.0,1157.0,4.0
4.0,0.1378,0.6377,0.634,1.0,-0.5186,676.5,920.0,5.0
3.797,0.3745,0.3477,0.8896,0.9995,-0.1979,539.0,1321.0,6.0
2.262,0.1288,0.603,0.7485,0.9995,-0.594,740.0,1085.0,7.0
0.073,0.10724,0.3716,0.9717,0.999,-0.8,1462.0,1438.0,8.0
3.285,0.5293,0.1615,0.838,0.9995,-0.2264,385.8,1239.0,9.0
45.62,0.4248,0.696,0.3481,0.9995,-0.7393,268.8,500.5,10.0
2.145,0.1844,0.474,0.855,0.9995,-0.5293,886.0,1205.0,11.0
9.04,0.294,0.5713,0.605,0.9995,-0.6973,570.5,921.5,12.0
0.0829,0.10333,0.3584,0.9775,0.9995,-0.7925,689.0,1538.0,13.0
1.53,0.1797,0.4648,0.883,0.9995,-0.7793,858.5,1308.0,14.0
3.057,0.3162,0.3264,0.8633,0.9995,-0.484,659.5,1225.0,15.0
0.477,0.02023,0.498,0.8325,0.9995,-0.411,828.5,1755.0,1.0
14.06,0.6074,0.251,0.566,0.9995,-0.354,463.5,347.0,2.0
5.367,0.2737,0.5083,0.7705,0.9995,-0.1321,768.5,1065.0,3.0
0.3757,0.08386,0.6396,0.809,0.9995,-0.9854,498.0,1632.0,4.0
4.77,0.1145,0.732,0.5747,0.9995,-0.2457,445.0,947.5,5.0
2.467,0.11163,0.638,0.699,0.9995,-0.3848,566.5,1262.0,6.0
4.125,0.3066,0.4592,0.868,0.9995,-0.2054,1027.0,1496.0,7.0
0.141,0.06207,0.703,0.8545,0.9995,-0.5166,1024.0,1623.0,8.0
13.05,0.07135,0.2961,0.3335,0.9995,-0.582,1151.0,1732.0,9.0
3.744,0.2148,0.4424,0.737,0.9995,-0.713,625.5,1568.0,10.0
3.154,0.176,0.5635,0.794,0.9995,-0.334,806.0,1304.0,11.0
0.0821,0.05765,0.685,0.914,0.9995,-0.2467,722.0,1360.0,12.0
0.967,0.095,0.664,0.845,0.9995,-0.3105,1340.0,1085.0,13.0
2.37,0.1827,0.452,0.8257,0.9995,-0.491,598.0,1193.0,14.0
1.137,0.06396,0.7944,0.6597,0.9995,-0.3613,526.0,1270.0,15.0
0.1595,0.04404,0.4104,0.891,0.9995,-0.391,400.0,1136.0,1.0
5.695,0.2073,0.463,0.651,0.9995,-0.2297,847.0,1371.0,2.0
4.47,0.3672,0.5273,0.936,0.9995,-0.1323,445.2,1301.0,3.0
3.244,0.242,0.474,0.849,0.9995,-0.469,679.0,1519.0,4.0
0.732,0.01675,0.2484,0.7017,1.0,-0.8677,341.5,1361.0,5.0
0.4673,0.07404,0.6523,0.8823,0.9995,-0.0706,832.0,1518.0,6.0
2.615,0.2095,0.4062,0.8477,0.9995,-0.2612,556.5,1437.0,7.0
2.576,0.1471,0.4568,0.74,0.9995,-0.4302,679.0,1299.0,8.0
1.906,0.1603,0.472,0.836,0.9995,-0.504,680.5,1402.0,9.0
3.918,0.2024,0.5435,0.7905,0.9995,-0.1256,709.5,1047.0,10.0
1.536,0.1267,0.54,0.8325,0.9995,-0.383,839.5,1013.0,11.0
0.1072,0.10034,0.536,0.9844,0.9995,-0.6777,670.0,921.0,12.0
0.548,0.089,0.528,0.8423,0.9995,-0.4556,752.0,1130.0,13.0
1.835,0.231,0.418,0.9165,0.9995,-0.6963,506.5,871.0,14.0
0.908,0.1074,0.4875,0.8296,0.9995,-0.4937,631.5,1353.0,15.0
4.277,0.3086,0.45,0.826,0.9995,-0.585,1119.0,843.0,1.0
3.229,0.2156,0.4065,0.7656,0.9995,-0.675,579.5,845.5,2.0
3.975,0.2336,0.4233,0.8,0.9995,-0.02269,677.0,754.5,3.0
1.448,0.0865,0.582,0.7485,0.9995,-0.0843,1027.0,1123.0,4.0
0.7056,0.0796,0.3098,0.8296,0.9995,0.0577,1168.0,929.0,5.0
6.348,0.6304,0.2634,0.848,0.999,0.08777,1683.0,1623.0,6.0
2.955,0.1971,0.4373,0.7944,0.9995,-0.4534,886.5,866.0,7.0
2.037,0.1421,0.4365,0.7617,0.9995,-0.548,543.0,822.0,8.0
1.18,0.0741,0.5376,0.709,0.9995,-0.12115,1236.0,1376.0,9.0
4.66,0.3525,0.3398,0.809,0.9995,-0.1747,1104.0,1210.0,10.0
4.777,0.2413,0.5923,0.782,0.9995,-0.3542,684.5,915.5,11.0
2.143,0.1384,0.4697,0.7656,0.9995,-0.4424,723.0,906.0,12.0
1.312,0.0835,0.613,0.723,0.9995,-0.3257,578.5,822.0,13.0
2.635,0.157,0.519,0.785,0.9995,-0.364,616.5,832.5,14.0
3.254,0.2152,0.3823,0.793,0.9995,-0.2432,840.0,955.0,15.0
3.861,0.2115,0.512,0.776,0.9995,-0.3945,925.5,1036.0,1.0
4.605,0.2686,0.4539,0.7676,0.9995,-0.4724,797.5,1226.0,2.0
15.41,0.533,0.678,0.6377,0.9995,-0.1285,22.25,404.2,3.0
1.836,0.2438,0.382,0.9097,0.9995,-0.7373,844.5,1186.0,4.0
2.975,0.11456,0.66,0.6777,0.9995,-0.2642,563.0,889.0,5.0
0.732,0.0148,0.627,0.9062,0.9995,-0.9966,1512.0,1180.0,6.0
5.52,0.345,0.4563,0.7676,0.9995,-0.7524,1255.0,1604.0,7.0
0.07495,0.1025,0.3591,0.9326,1.0,-0.8545,638.0,932.0,8.0
1.695,0.1154,0.5557,0.7686,0.9995,-0.496,791.5,1152.0,9.0
2.186,0.1664,0.4849,0.8184,0.9995,-0.563,965.5,1194.0,10.0
3.191,0.2068,0.6006,0.8506,0.9995,-0.4172,781.5,1463.0,11.0
0.10675,0.03326,0.3354,0.6543,0.999,-0.5435,1299.0,608.5,12.0
1.199,0.155,0.531,0.897,0.9995,-0.7856,871.0,1478.0,13.0
3.309,0.3867,0.3357,0.8745,0.9995,-0.8394,831.5,810.0,14.0
1.215,0.162,0.417,0.866,0.9995,-0.767,933.0,1249.0,15.0
3.73,0.255,0.518,0.8394,0.9995,-0.5444,1201.0,1052.0,1.0
3.764,0.176,0.5874,0.7607,0.9995,-0.1989,867.5,991.0,2.0
5.48,0.2715,0.367,0.676,0.9995,-0.543,1368.0,1283.0,3.0
3.484,0.1974,0.4807,0.762,0.9995,-0.5063,1227.0,1182.0,4.0
3.02,0.1528,0.6255,0.774,0.9995,-0.3044,656.0,1238.0,5.0
0.8145,0.121,0.4795,0.845,0.9995,-0.794,1180.0,1258.0,6.0
0.1476,0.04752,0.6104,0.9062,0.9995,-0.648,616.5,1225.0,7.0
2.465,0.11255,0.6504,0.6963,0.9995,-0.4617,719.0,874.0,8.0
2.244,0.1385,0.4517,0.739,0.9995,-0.527,1320.0,650.0,9.0
1.285,0.0911,0.678,0.76,0.9995,-0.4707,1071.0,1207.0,10.0
1.521,0.1132,0.5728,0.7803,0.9995,-0.558,835.5,981.0,11.0
0.732,0.02066,0.5996,0.9023,0.9995,-0.8926,1494.0,884.0,12.0
0.1875,0.0588,0.6406,0.9873,0.9995,-0.8457,769.5,1683.0,13.0
1.246,0.1439,0.5083,0.9,0.9995,-0.3933,897.5,1352.0,14.0
0.652,0.099,0.5513,0.842,0.9995,-0.645,883.0,1044.0,15.0
3.107,0.1841,0.4802,0.7725,0.9995,-0.4844,1099.0,1053.0,1.0
10.72,0.381,0.4468,0.6523,0.999,0.1493,1146.0,667.0,2.0
5.008,0.2632,0.529,0.7847,0.9995,-0.1984,1201.0,1009.0,3.0
0.1724,0.05283,0.6113,0.906,0.9995,-0.885,1004.0,841.0,4.0
5.816,0.2776,0.478,0.731,0.9995,-0.2238,1169.0,788.0,5.0
0.2234,0.04657,0.586,0.9487,0.9995,-0.6304,851.0,846.5,6.0
2.922,0.1653,0.4954,0.758,0.9995,-0.4731,987.5,818.5,7.0
2.943,0.2462,0.54,0.9077,0.9995,-0.4536,911.5,1101.0,8.0
3.045,0.1791,0.571,0.8096,0.9995,-0.3606,1163.0,1000.5,9.0
1.953,0.1526,0.4243,0.8296,0.9995,-0.2167,857.0,844.5,10.0
1.725,0.1348,0.528,0.817,0.9995,-0.4822,1047.0,1004.0,11.0
0.1995,0.08105,0.6577,0.9155,0.9995,-0.565,1572.0,1424.0,12.0
16.23,0.706,0.4614,0.6157,0.9995,-0.2051,1023.5,1799.0,13.0
1.717,0.1696,0.5044,0.8687,0.9995,-0.6772,1310.0,797.0,14.0
3.727,0.1428,0.6987,0.673,0.9995,-0.6265,1288.0,439.5,15.0
4.684,0.2644,0.556,0.7954,0.9995,-0.5405,681.5,1043.0,1.0
6.438,0.642,0.4465,0.9165,0.9995,-0.939,861.0,1786.0,2.0
3.832,0.2211,0.5977,0.814,0.9995,-0.4968,653.0,1050.0,3.0
2.885,0.1055,0.62,0.644,0.9995,-0.285,422.2,717.0,4.0
3.537,0.1982,0.552,0.786,0.9995,-0.4805,794.0,988.0,5.0
5.688,0.3794,0.5176,0.8228,0.9995,-0.7144,774.5,1408.0,6.0
0.1267,0.02956,0.411,0.54,0.999,-0.8325,189.6,1412.0,7.0
5.21,0.1997,0.545,0.682,0.9995,-0.302,731.0,1051.0,8.0
0.0627,0.03635,0.2607,0.6714,0.9995,-0.4495,932.0,971.5,9.0
2.785,0.162,0.513,0.785,0.9995,-0.314,871.0,860.0,10.0
2.271,0.1846,0.323,0.8203,0.9995,-0.1445,1215.0,832.0,11.0
0.2263,0.02806,0.566,0.6694,0.9995,-0.722,688.5,1150.0,12.0
21.1,0.6562,0.9883,0.699,0.999,0.10284,1854.0,64.06,13.0
12.41,0.307,0.4973,0.5493,0.9995,-0.2422,402.8,1129.0,14.0
1.777,0.1214,0.4019,0.737,0.9995,-0.414,894.5,1015.0,15.0
4.22,0.0696,0.2113,0.7417,1.0,0.4219,624.5,6.465,1.0
3.744,0.2169,0.5063,0.787,0.9995,-0.4456,1146.0,1111.0,2.0
3.158,0.1757,0.546,0.8022,0.9995,-0.1804,1086.0,798.5,3.0
2.682,0.1584,0.6606,0.8037,0.9995,-0.5776,1501.0,967.5,4.0
0.0487,0.0579,0.526,0.9326,0.9995,-0.1862,1105.0,967.5,5.0
2.059,0.208,0.3784,0.9175,0.9995,-0.003702,1059.0,1184.0,6.0
4.04,0.258,0.598,0.8667,0.9995,-0.319,1133.0,1050.0,7.0
3.467,0.2825,0.3704,0.8643,0.9995,-0.0852,990.0,1106.0,8.0
2.39,0.2015,0.416,0.874,0.9995,-0.1436,974.5,1099.0,9.0
2.627,0.1886,0.583,0.8706,0.9995,-0.3337,1186.0,943.0,10.0
1.783,0.1086,0.307,0.809,0.9995,0.1045,788.5,593.5,11.0
0.2336,0.05817,0.1214,0.8687,0.9995,-0.3188,622.5,1142.0,12.0
1.913,0.1705,0.4978,0.882,0.9995,-0.3184,1368.0,938.5,13.0
1.321,0.1354,0.4792,0.8755,0.9995,-0.276,1036.0,950.0,14.0
0.1082,0.04782,0.5156,0.9116,0.9995,-0.3967,1272.0,807.5,15.0
5.312,0.3013,0.53,0.79,0.9995,-0.4827,914.5,1147.0,1.0
14.57,0.6675,0.501,0.9897,0.9995,0.9985,1852.0,1138.0,2.0
97.06,0.3945,0.1974,0.2301,0.999,0.1058,1205.0,1228.0,3.0
0.1952,0.03677,0.6646,0.931,0.9995,-0.4087,1104.0,1126.0,4.0
3.459,0.2172,0.53,0.8154,0.9995,-0.4827,901.0,1128.0,5.0
2.395,0.1266,0.689,0.7515,0.9995,-0.5576,1104.0,1156.0,6.0
0.08466,0.05603,0.5376,0.9204,0.9995,-0.5107,641.0,1087.0,7.0
12.39,0.92,0.2123,0.646,0.9995,-0.3132,119.06,365.8,8.0
6.074,0.4878,0.332,0.7603,0.9995,-0.623,890.5,1157.0,9.0
7.223,0.527,0.3635,0.756,0.9995,-0.3982,452.2,753.5,10.0
4.957,0.329,0.4639,0.813,0.9995,-0.4775,664.0,913.5,11.0
2.08,0.12396,0.5303,0.7793,0.9995,-0.2004,863.5,1225.0,12.0
3.209,0.2168,0.529,0.833,0.9995,-0.5103,771.5,972.0,13.0
1.875,0.1685,0.539,0.876,0.9995,-0.526,811.0,1046.0,14.0
4.535,0.316,0.4363,0.8105,0.9995,-0.553,847.5,1141.0,15.0
5.164,0.291,0.6094,0.93,0.9995,0.2183,710.0,725.5,1.0
3.26,0.2019,0.565,0.852,0.9995,-0.09875,795.5,1008.5,2.0
4.15,0.2078,0.4766,0.745,0.9995,-0.2983,934.0,1068.0,3.0
14.555,0.3284,0.567,0.5537,0.9995,0.0365,699.0,629.5,4.0
2.94,0.2145,0.4082,0.7686,0.9995,-0.907,1630.0,1624.0,5.0
2.773,0.1753,0.5977,0.8467,1.0,-0.2214,1088.0,870.0,6.0
2.395,0.1533,0.553,0.8164,0.9995,-0.312,881.0,1184.0,7.0
0.1362,0.03748,0.4473,0.7744,1.0,-0.5024,1482.0,1373.0,8.0
6.895,0.2617,0.5527,0.6816,0.9995,-0.224,833.5,945.0,9.0
4.18,0.1857,0.505,0.7197,0.9995,-0.2598,1086.0,1019.5,10.0
2.47,0.1344,0.532,0.745,0.9995,-0.3926,987.0,1138.0,11.0
2.074,0.1461,0.491,0.769,0.9995,-0.7285,1238.0,1485.0,12.0
2.305,0.1442,0.4856,0.7905,0.9995,-0.2495,1140.0,1134.0,13.0
2.297,0.1214,0.4146,0.729,1.0,-0.09717,1449.0,986.5,14.0
0.6743,0.015594,0.53,0.802,0.9995,-0.55,917.5,1584.0,15.0
4.277,0.2422,0.434,0.7666,0.9995,-0.2908,996.5,1052.0,1.0
4.05,0.2703,0.4077,0.822,0.9995,-0.1132,1137.0,1203.0,2.0
3.45,0.241,0.3987,0.831,0.9995,-0.1104,1219.0,1049.0,3.0
5.695,0.3025,0.4485,0.7617,0.9995,-0.0905,1026.0,961.0,4.0
0.495,0.04785,0.1797,0.8247,0.9995,-0.691,1436.0,988.5,5.0
2.39,0.1803,0.3965,0.829,0.9995,-0.1879,1123.0,1049.0,6.0
2.494,0.1823,0.3894,0.8174,0.9995,-0.2079,1156.0,1011.0,7.0
12.99,0.661,0.1859,0.771,0.999,0.8105,157.1,270.5,8.0
3.27,0.2751,0.2922,0.7905,0.9995,-0.4358,815.0,1121.0,9.0
0.4062,0.269,0.2474,0.992,0.9995,-0.9185,1039.0,621.0,10.0
2.062,0.1902,0.3313,0.8237,0.9995,-0.3804,956.5,1057.0,11.0
2.98,0.2084,0.2932,0.731,0.9995,-0.5396,1174.0,1263.0,12.0
1.448,0.1326,0.3706,0.819,0.9995,-0.2377,1110.0,970.5,13.0
3.623,0.2395,0.6133,0.8994,0.9995,-0.0384,1016.5,900.5,14.0
2.123,0.1649,0.4995,0.868,0.9995,-0.1505,1062.0,897.5,15.0
4.664,0.2046,0.5693,0.725,0.9995,-0.3894,762.5,654.0,1.0
3.404,0.2174,0.691,0.874,0.9995,-0.4902,1051.0,961.0,2.0
4.75,0.2375,0.5566,0.735,0.9995,-0.804,852.5,1554.0,3.0
0.1888,0.04196,0.3535,0.805,0.9995,-0.5493,1543.0,1372.0,4.0
5.04,0.3872,0.4165,0.8535,0.9995,-0.1595,1049.0,882.0,5.0
0.23,0.2515,0.1876,0.949,0.999,-0.865,1686.0,1865.0,6.0
5.395,0.3289,0.5044,0.8164,0.9995,-0.28,1055.0,1080.0,7.0
2.504,0.1348,0.449,0.704,0.9995,-0.5054,1310.0,1286.0,8.0
3.52,0.2489,0.441,0.7954,0.9995,-0.772,1073.0,1469.0,9.0
4.188,0.534,0.2957,0.873,0.9995,-0.739,1300.0,1575.0,10.0
3.209,0.3333,0.3389,0.8555,0.9995,-0.6865,1299.0,1421.0,11.0
1.751,0.2039,0.6235,0.963,0.999,-0.781,1569.0,1594.0,12.0
2.17,0.2317,0.3555,0.853,0.9995,-0.681,1335.0,1389.0,13.0
1.541,0.1753,0.3887,0.8525,0.9995,-0.6523,1379.0,1311.0,14.0
2.508,0.1888,0.458,0.81,0.9995,-0.6567,1200.0,1380.0,15.0
1.489,0.1481,0.3342,0.7886,0.9995,-0.566,1010.0,1130.0,1.0
0.9917,0.1018,0.4226,0.775,0.9995,-0.4785,812.0,931.5,2.0
1.303,0.1445,0.3708,0.8247,0.9995,-0.5386,1142.0,956.5,3.0
4.598,0.2269,0.4812,0.7285,0.9995,-0.4724,859.0,1246.0,4.0
1.021,0.1307,0.4275,0.8423,0.9995,-0.626,996.5,1148.0,5.0
1.168,0.1448,0.403,0.8496,0.9995,-0.599,690.0,900.0,6.0
0.5005,0.10016,0.3809,0.8237,0.9995,-0.5635,855.5,946.0,7.0
0.7256,0.0716,0.596,0.7383,0.9995,-0.4275,832.5,1131.0,8.0
0.9663,0.1112,0.3748,0.7866,0.9995,-0.509,1004.5,1000.5,9.0
0.4458,0.02957,0.311,0.8223,0.9995,-0.4924,808.5,826.5,10.0
0.4314,0.079,0.4224,0.7847,0.9995,-0.46,877.5,906.0,11.0
3.012,0.06415,0.895,0.4905,0.9995,-0.4868,40.4,1825.0,12.0
0.824,0.05994,0.6323,0.633,0.9995,-0.492,487.8,1373.0,13.0
0.1255,0.072,0.1976,0.879,0.9995,-0.512,1411.0,785.0,14.0
0.743,0.1041,0.38,0.8022,0.9995,-0.5,1079.0,923.5,15.0
0.851,0.1128,0.4575,0.8403,0.9995,-0.531,1139.0,1203.0,1.0
1.683,0.11554,0.4844,0.7646,0.9995,-0.3713,763.5,983.5,2.0
0.4775,0.04492,0.3682,0.872,0.9995,-0.9077,813.5,627.0,3.0
0.979,0.11505,0.5254,0.844,0.9995,-0.58,867.0,1074.0,4.0
1.27,0.12006,0.5195,0.8315,0.9995,-0.4639,991.5,976.5,5.0
0.441,0.04575,0.5327,0.9937,1.0,-0.856,405.2,655.5,6.0
1.1455,0.11926,0.548,0.845,0.9995,-0.543,804.5,1029.0,7.0
0.511,0.0898,0.466,0.829,0.9995,-0.483,821.5,937.5,8.0
0.479,0.0871,0.5625,0.839,0.9995,-0.585,868.0,1031.0,9.0
0.6025,0.092,0.5493,0.84,0.9995,-0.521,857.0,984.0,10.0
0.554,0.1293,0.2869,0.8477,1.0,-0.548,716.5,714.0,11.0
0.4075,0.03757,0.4546,0.887,0.9995,-0.709,948.0,651.0,12.0
5.574,0.4387,0.3948,0.8403,0.9995,-0.1902,1153.0,676.0,13.0
0.2329,0.0812,0.4685,0.8555,0.9995,-0.535,944.0,1077.0,14.0
0.2269,0.03885,0.4639,0.8286,1.0,-0.599,783.5,755.0,15.0
2.062,0.1562,0.4595,0.822,0.9995,-0.3608,815.5,1075.0,1.0
1.261,0.11847,0.4304,0.7734,0.9995,-0.647,1030.0,1183.0,2.0
0.5366,0.07275,0.2399,0.9507,0.9995,-0.965,361.8,1064.0,3.0
0.76,0.1214,0.3838,0.8306,0.9995,-0.672,937.5,1189.0,4.0
0.875,0.1046,0.391,0.7554,0.9995,-0.709,605.0,1137.0,5.0
0.579,0.1362,0.4138,0.9033,0.9995,-0.7314,766.0,1290.0,6.0
0.6064,0.1117,0.3657,0.8174,0.9995,-0.677,699.5,1155.0,7.0
1.574,0.194,0.3394,0.8706,0.9995,-0.492,974.0,1056.0,8.0
0.0852,0.0676,0.463,0.869,0.9995,-0.8486,1178.0,1048.0,9.0
0.1465,0.1074,0.2664,0.9546,0.9995,-0.8926,397.5,773.5,10.0
0.7085,0.1492,0.333,0.8794,0.9995,-0.6533,819.5,1008.5,11.0
0.987,0.1378,0.394,0.8574,0.9995,-0.5664,744.0,1007.0,12.0
0.08374,0.1227,0.3618,0.9688,0.9995,-0.8696,888.0,840.5,13.0
0.1332,0.1116,0.2074,0.904,0.9995,-0.9297,726.0,556.5,14.0
0.1522,0.08997,0.2915,0.9243,0.9995,-0.887,547.0,980.5,15.0
2.361,0.1898,0.4756,0.8613,0.9995,-0.338,1001.5,1032.0,1.0
3.803,0.1652,0.4585,0.79,0.9995,0.1382,1317.0,655.5,2.0
2.27,0.194,0.4275,0.84,0.9995,-0.5293,814.5,1102.0,3.0
10000.0,0.9473,0.3694,0.146,0.999,-0.010124,706.0,868.5,4.0
0.03867,0.04645,0.4128,0.862,0.9995,-0.1877,890.0,755.0,5.0
6.184,0.11163,0.2284,0.4155,1.0,-0.6797,117.0,271.2,6.0
1.608,0.146,0.4412,0.829,0.9995,-0.4768,879.0,1014.5,7.0
0.719,0.1182,0.435,0.8574,0.9995,-0.6167,1012.0,1150.0,8.0
1.038,0.11926,0.4998,0.8604,0.9995,-0.4182,1174.0,929.0,9.0
0.44,0.02597,0.4824,0.9204,0.9995,-0.3882,1459.0,1009.0,10.0
1.522,0.1137,0.4329,0.799,0.9995,-0.1104,1157.0,858.5,11.0
0.04727,0.05917,0.3516,0.8223,0.9995,-0.4067,865.5,1165.0,12.0
1.37,0.1293,0.4277,0.834,0.9995,-0.3022,1040.0,1041.0,13.0
0.4087,0.04163,0.504,0.8994,0.9995,-0.8745,970.5,1388.0,14.0
0.2333,0.04218,0.533,0.8564,0.9995,-0.7383,1253.0,1148.0,15.0
0.0444,0.1484,0.1753,0.868,0.9995,-0.809,1685.0,1250.0,1.0
1.157,0.10474,0.554,0.7515,0.9995,-0.891,1471.0,1158.0,2.0
1.92,0.2007,0.387,0.854,0.9995,-0.644,1292.0,1038.0,3.0
2.26,0.1931,0.3677,0.8267,0.9995,-0.3918,1048.0,1029.0,4.0
1.527,0.184,0.3677,0.8413,0.9995,-0.813,1209.0,1092.0,5.0
1.809,0.165,0.429,0.833,0.9995,-0.559,836.0,1363.0,6.0
1.623,0.1501,0.4065,0.8125,0.9995,-0.5645,1117.0,1153.0,7.0
0.2319,0.0875,0.3418,0.804,0.9995,-0.658,1397.0,1507.0,8.0
1.082,0.1143,0.4126,0.803,0.9995,-0.4595,1079.0,1063.0,9.0
0.0413,0.1566,0.1371,0.9443,0.9995,-0.658,1154.0,1825.0,10.0
0.302,0.0446,0.4087,0.84,0.999,-0.791,984.5,1797.0,11.0
1.056,0.1356,0.4033,0.8315,0.9995,-0.6943,1108.0,1264.0,12.0
0.0905,0.10913,0.278,0.861,0.9995,-0.8657,1351.0,1503.0,13.0
0.482,0.0632,0.2188,0.857,0.9995,-0.972,1685.0,1784.0,14.0
0.547,0.1295,0.3313,0.8325,0.9995,-0.867,1327.0,1154.0,15.0
3.08,0.1027,0.896,0.5977,0.9995,-0.9604,424.8,301.5,1.0
0.561,0.01761,0.3616,0.854,0.999,-0.3054,513.0,1061.0,2.0
0.6396,0.02011,0.608,0.913,0.9995,-0.704,1313.0,1558.0,3.0
1.626,0.1266,0.513,0.8203,0.9995,-0.3252,924.0,1246.0,4.0
0.0811,0.187,0.1602,0.996,1.0,-0.802,1469.0,1663.0,5.0
0.364,0.0359,0.3037,0.879,0.9995,-0.4265,1137.0,1603.0,6.0
1.157,0.1454,0.391,0.871,0.9995,-0.396,1270.0,882.0,7.0
0.541,0.0407,0.185,0.8604,0.9995,-0.553,1466.0,926.0,8.0
0.4128,0.10614,0.3464,0.857,0.9995,-0.4863,1268.0,1053.0,9.0
1.179,0.0878,0.6626,0.728,0.9995,-0.6763,737.0,813.5,10.0
0.2888,0.085,0.47,0.903,0.9995,-0.2418,1298.0,1416.0,11.0
0.3574,0.0945,0.264,0.784,0.9995,-0.4412,1128.0,675.0,12.0
0.0915,0.04898,0.339,0.844,0.9995,-0.4016,870.0,1115.0,13.0
0.0683,0.05676,0.3367,0.8564,0.9995,-0.4514,1098.0,1395.0,14.0
0.644,0.08545,0.522,0.7847,0.9995,-0.589,983.0,1050.0,15.0
0.724,0.02623,0.4768,0.843,0.9995,-0.922,36.7,1578.0,1.0
0.815,0.11346,0.4165,0.8384,0.9995,-0.4883,710.0,1042.0,2.0
0.682,0.02864,0.4087,0.788,0.9995,-0.973,79.94,1067.0,3.0
0.1614,0.0767,0.4243,0.828,0.9995,-0.628,568.0,1173.0,4.0
2.564,0.1555,0.4836,0.774,0.9995,-0.3962,797.5,1136.0,5.0
1.131,0.1159,0.4663,0.807,0.9995,-0.569,595.0,1341.0,6.0
1.249,0.1197,0.4998,0.827,0.9995,-0.465,836.5,973.0,7.0
0.4688,0.1414,0.4456,0.9214,0.999,-0.963,936.5,401.0,8.0
0.882,0.0991,0.473,0.787,0.9995,-0.5747,630.5,1128.0,9.0
0.9727,0.1255,0.4792,0.861,0.9995,-0.578,1015.0,939.0,10.0
0.2042,0.04736,0.4343,0.8027,0.9995,-0.842,371.0,1018.0,11.0
0.1141,0.08234,0.4097,0.837,0.9995,-0.843,569.0,1134.0,12.0
0.08026,0.06128,0.389,0.803,0.9995,-0.8003,745.0,788.0,13.0
0.0713,0.0781,0.397,0.872,0.9995,-0.8115,680.0,948.0,14.0
8.55,0.1293,0.1387,0.3691,0.999,-0.919,417.8,262.0,15.0
1.574,0.1315,0.5293,0.844,0.9995,-0.3254,741.0,1210.0,1.0
2.312,0.159,0.4287,0.7925,0.9995,-0.348,896.0,1029.0,2.0
0.789,0.10724,0.4167,0.84,0.9995,-0.371,1036.0,1035.0,3.0
0.461,0.02477,0.3225,0.9883,0.9995,0.1583,940.0,1133.0,4.0
1.204,0.1466,0.4001,0.874,0.9995,-0.3748,961.0,1161.0,5.0
10.766,0.4756,0.744,0.7695,0.999,-0.0891,1207.0,517.5,6.0
3.463,0.1076,0.7544,0.5737,1.0,-0.886,414.2,1811.0,7.0
0.601,0.0947,0.481,0.8906,0.9995,-0.1219,1063.0,1350.0,8.0
0.2988,0.0796,0.421,0.8545,0.9995,-0.2812,1008.5,989.5,9.0
-0.01121,0.04172,0.3044,0.809,0.9995,-0.0718,628.5,1027.0,10.0
0.5713,0.0913,0.4836,0.8594,0.9995,-0.2852,883.0,1042.0,11.0
1.449,0.1343,0.432,0.8506,0.9995,-0.2014,849.0,807.0,12.0
1.178,0.08527,0.6323,0.7295,0.9995,-0.522,655.0,1316.0,13.0
0.729,0.09607,0.4656,0.8525,0.9995,-0.216,875.0,792.5,14.0
0.1925,0.0712,0.4607,0.8667,0.9995,-0.2651,954.5,957.5,15.0
0.1445,0.06366,0.549,0.7974,1.0,-0.6846,1199.0,1528.0,1.0
9.695,0.4995,0.1854,0.6025,0.9995,-0.1188,736.5,1266.0,2.0
2.764,0.2537,0.3057,0.808,0.999,-0.543,483.2,1069.0,3.0
1.756,0.1896,0.4722,0.8965,0.9995,-0.5986,832.5,916.0,4.0
0.0754,0.08673,0.311,0.9336,0.9995,-0.6333,1460.0,919.5,5.0
0.4885,0.0185,0.948,0.8223,0.999,-0.752,1120.0,1866.0,6.0
1.847,0.1686,0.4324,0.8364,0.999,-0.5654,728.5,1019.5,7.0
1.243,0.1268,0.4915,0.8315,0.9995,-0.584,958.0,1112.0,8.0
1.71,0.1371,0.505,0.8237,0.9995,-0.4265,927.5,1030.0,9.0
0.625,0.1159,0.432,0.8477,0.9995,-0.749,1319.0,1479.0,10.0
0.866,0.1036,0.5347,0.8364,0.9995,-0.501,1016.0,1109.0,11.0
0.1943,0.04312,0.469,0.9014,0.9995,-0.463,1564.0,721.0,12.0
5.13,0.2854,0.381,0.7266,0.9995,-0.3882,833.0,1283.0,13.0
2.076,0.1478,0.508,0.825,0.9995,-0.29,1033.0,953.5,14.0
0.2457,0.0517,0.5884,0.703,0.9995,-0.486,1524.0,1513.0,15.0
1.795,0.11487,0.3567,0.7144,0.9995,-0.2844,876.5,882.0,1.0
0.2482,0.03528,0.637,0.5674,1.0,-0.2386,1004.0,1495.0,2.0
1.506,0.12415,0.4302,0.767,0.9995,-0.5835,935.5,917.5,3.0
1.462,0.1038,0.44,0.7217,0.9995,-0.472,1051.0,989.0,4.0
7.28,0.2866,0.5767,0.69,0.9995,-0.3074,1346.0,972.5,5.0
4.332,0.1818,0.547,0.695,0.9995,-0.468,1203.0,1046.0,6.0
0.2205,0.045,0.2603,0.7437,0.9995,-0.672,1071.0,1042.0,7.0
0.678,0.06946,0.5547,0.7236,0.9995,-0.4243,968.5,997.0,8.0
2.242,0.1375,0.511,0.7627,0.9995,-0.4707,1306.0,996.0,9.0
0.1538,0.0478,0.7314,0.7954,0.9995,-0.2522,1462.0,922.5,10.0
0.732,0.0195,0.3145,0.7324,0.9995,-0.9136,1134.0,1315.0,11.0
0.732,0.01145,0.4773,0.727,0.9995,-0.6167,1650.0,1139.0,12.0
0.732,0.0152,0.4453,0.7734,0.9995,-0.783,1729.0,1108.0,13.0
0.2827,0.03207,0.4353,0.7354,0.9995,-0.6797,1524.0,1136.0,14.0
0.1779,0.03072,0.5073,0.7017,0.9995,-0.615,1474.0,1209.0,15.0
1.483,0.1126,0.466,0.775,0.9995,-0.3674,1191.0,1044.0,1.0
2.89,0.2019,0.4863,0.815,0.9995,-0.584,1004.0,1232.0,2.0
1.59,0.09955,0.5176,0.715,0.9995,-0.4597,1122.0,1257.0,3.0
1.517,0.1528,0.4539,0.863,0.9995,-0.4446,1156.0,1386.0,4.0
0.732,0.02505,0.4656,0.8525,0.9995,-0.9736,1020.0,1273.0,5.0
0.628,0.0885,0.722,0.8477,0.9995,-0.6245,706.5,1263.0,6.0
0.999,0.1069,0.689,0.849,0.9995,-0.6465,1233.0,1294.0,7.0
4.7,0.368,0.711,0.9917,0.9995,-0.3884,1478.0,1114.0,8.0
1.767,0.1404,0.4922,0.8,0.9995,-0.623,1005.0,1194.0,9.0
0.5366,0.07947,0.5327,0.7847,0.9995,-0.562,1100.0,1202.0,10.0
0.8433,0.1047,0.517,0.827,0.9995,-0.589,1120.0,1321.0,11.0
0.7466,0.0227,0.4712,0.7764,0.9995,-0.9824,868.5,962.0,12.0
0.6997,0.0789,0.5474,0.7446,0.9995,-0.604,1105.0,1318.0,13.0
0.732,0.01305,0.514,0.737,0.9995,-0.8154,832.0,1420.0,14.0
0.4587,0.08636,0.5166,0.8027,0.9995,-0.7383,1090.0,1288.0,15.0
2.035,0.149,0.5737,0.8325,0.9995,-0.476,1073.0,892.5,1.0
0.961,0.03247,0.9507,0.527,0.9995,0.015594,536.5,1492.0,2.0
3.826,0.2384,0.4392,0.801,0.9995,-0.2478,660.5,781.0,3.0
0.681,0.0974,0.4675,0.839,0.9995,-0.402,1015.0,955.5,4.0
1.368,0.10504,0.4387,0.751,0.9995,-0.3892,1039.0,832.5,5.0
1.453,0.1077,0.504,0.774,0.9995,-0.3694,1046.0,1011.5,6.0
0.3135,0.05582,0.2225,0.8296,0.9995,-0.7197,1111.0,387.0,7.0
0.136,0.03336,0.3667,0.7295,0.999,-0.4214,1158.0,316.2,8.0
0.1935,0.0783,0.3982,0.8276,0.9995,-0.5347,1049.0,833.0,9.0
0.732,0.011154,0.3254,0.744,0.9995,-0.5845,989.0,483.2,10.0
0.992,0.131,0.391,0.8735,0.9995,-0.3008,1086.0,1007.0,11.0
0.505,0.132,0.349,0.889,0.9995,-0.618,1133.0,906.0,12.0
1.823,0.1588,0.408,0.823,0.9995,-0.4446,849.0,833.0,13.0
10.336,0.8525,0.2354,0.7363,0.9995,0.0971,834.0,775.0,14.0
0.5864,0.0911,0.4287,0.8213,0.9995,-0.3848,1078.0,937.0,15.0
1.749,0.1486,0.577,0.878,0.9995,-0.3347,1079.0,1074.0,1.0
0.605,0.02878,0.6406,0.978,0.9995,-0.979,644.5,446.2,2.0
1.488,0.1306,0.468,0.827,0.9995,-0.3772,917.5,1075.0,3.0
0.8833,0.0999,0.585,0.857,0.9995,-0.33,942.0,1034.0,4.0
1.597,0.1505,0.4692,0.8564,0.9995,-0.4211,1075.0,992.5,5.0
0.849,0.1018,0.6445,0.8677,0.9995,-0.4539,908.0,1264.0,6.0
0.07635,0.04608,0.678,0.852,0.9995,-0.12225,810.0,1425.0,7.0
0.3186,0.071,0.579,0.8296,0.9995,-0.4263,963.5,1271.0,8.0
0.664,0.0914,0.5347,0.8374,0.9995,-0.4128,890.5,1055.0,9.0
0.8584,0.1,0.504,0.831,0.9995,-0.3887,1039.0,1097.0,10.0
0.394,0.07294,0.676,0.85,0.9995,-0.3752,737.0,720.5,11.0
0.3162,0.0699,0.5347,0.818,0.9995,-0.3936,941.5,1105.0,12.0
0.195,0.044,0.598,0.8926,0.9995,-0.6885,762.5,802.5,13.0
0.4043,0.07416,0.5195,0.815,0.9995,-0.3813,1016.0,1126.0,14.0
0.3513,0.02084,0.6396,0.8315,0.9995,-0.344,731.5,978.5,15.0
1.931,0.1124,0.683,0.735,1.0,-0.7183,1406.0,938.0,1.0
0.4744,0.04413,0.4587,0.9834,1.0,-0.771,1480.0,1441.0,2.0
2.19,0.1691,0.5425,0.8447,0.9995,-0.5415,866.0,1247.0,3.0
0.281,0.1013,0.5483,0.9136,1.0,-0.758,999.0,1376.0,4.0
7.336,0.485,0.347,0.7334,1.0,-0.2295,876.0,1535.0,5.0
0.4507,0.572,0.10956,0.945,0.999,-0.9526,661.5,311.0,6.0
0.18,0.1735,0.2844,0.9805,0.9995,-0.748,1363.0,1235.0,7.0
0.0656,0.0793,0.606,0.9624,0.9995,-0.687,594.0,677.0,8.0
20.19,0.651,0.582,0.658,0.999,0.6895,34.16,225.8,9.0
1.978,0.2396,0.3875,0.89,0.9995,-0.782,813.0,1087.0,10.0
0.7944,0.09534,0.608,0.816,0.9995,-0.656,1258.0,1096.0,11.0
6.86,0.3857,0.527,0.8022,0.9995,-0.03906,512.5,720.5,12.0
0.11316,0.1011,0.4573,0.9443,0.9995,-0.752,1226.0,1252.0,13.0
3.861,0.2754,0.4731,0.849,0.9995,-0.366,799.0,886.5,14.0
0.4404,0.05347,0.4043,0.9497,0.9995,-0.92,1317.0,1426.0,15.0
1.422,0.1288,0.531,0.852,0.9995,-0.361,1011.5,956.5,1.0
6.934,0.0273,0.308,0.9966,1.0,0.794,657.0,347.5,2.0
0.4236,0.0915,0.3801,0.887,0.9995,-0.0913,848.5,793.5,3.0
0.922,0.11053,0.493,0.8257,0.9995,-0.5996,1079.0,1285.0,4.0
0.566,0.0954,0.49,0.8633,0.9995,-0.3796,959.5,979.0,5.0
0.6284,0.0847,0.52,0.8096,0.9995,-0.4224,947.0,1009.0,6.0
0.0843,0.0378,0.4365,0.928,0.9995,-0.05533,795.5,527.5,7.0
0.2502,0.07697,0.478,0.847,0.9995,-0.4553,768.0,1186.0,8.0
0.625,0.1067,0.4856,0.865,0.9995,-0.5522,1094.0,923.0,9.0
0.3105,0.098,0.432,0.9214,0.9995,-0.2937,908.0,790.5,10.0
3.055,0.211,0.4373,0.8193,0.9995,-0.3174,921.5,1033.0,11.0
0.2438,0.03583,0.352,0.9053,0.9995,-0.266,884.5,612.0,12.0
1.306,0.1256,0.503,0.8447,0.9995,-0.4077,812.0,963.5,13.0
0.2086,0.0792,0.451,0.8643,0.9995,-0.4402,999.5,840.5,14.0
1.226,0.05093,0.3884,0.9453,0.9995,0.2184,745.5,655.5,15.0
3.059,0.1664,0.432,0.759,0.9995,-0.1658,949.0,920.0,1.0
1.698,0.09344,0.7183,0.7085,0.9995,-0.5586,1021.5,1123.0,2.0
0.747,0.01915,0.2988,0.836,0.9995,-0.582,977.0,807.0,3.0
8.99,0.3782,0.7144,0.751,0.9995,-0.126,1395.0,606.0,4.0
1.644,0.1155,0.4758,0.7754,0.9995,-0.307,1052.0,1030.0,5.0
1.468,0.1305,0.421,0.8154,0.9995,-0.3533,1143.0,1033.0,6.0
0.3928,0.03104,0.484,0.8486,0.9995,-0.6123,968.0,1054.0,7.0
0.2563,0.1616,0.3306,0.96,0.9995,-0.848,911.5,396.5,8.0
4.223,0.2211,0.5737,0.788,0.9995,-0.3376,1176.0,831.5,9.0
0.9287,0.10095,0.493,0.805,0.9995,-0.494,1004.0,1022.5,10.0
0.8066,0.09906,0.404,0.8096,0.9995,-0.3364,1020.5,996.0,11.0
0.3862,0.0889,0.3857,0.8174,0.9995,-0.5063,1016.0,887.5,12.0
1.986,0.1675,0.391,0.824,0.9995,-0.3691,769.5,1011.0,13.0
0.5635,0.0302,0.431,0.818,0.9995,-0.8193,1055.0,1362.0,14.0
0.1545,0.04575,0.363,0.8276,0.9995,-0.5347,986.5,962.5,15.0
1.092,0.11224,0.5425,0.844,0.9995,-0.4214,1123.0,1111.0,1.0
0.2512,0.0642,0.368,0.764,0.999,-0.274,408.2,4.258,2.0
1.163,0.1028,0.5127,0.797,0.9995,-0.3882,904.5,842.0,3.0
0.3872,0.07855,0.515,0.8286,0.9995,-0.4482,1075.0,1033.0,4.0
3.037,0.2057,0.539,0.8633,0.9995,-0.1724,1252.0,1011.0,5.0
0.7524,0.0959,0.4016,0.8267,0.9995,-0.2119,1277.0,1132.0,6.0
1.594,0.137,0.5244,0.857,0.9995,-0.3013,1243.0,974.5,7.0
0.8994,0.1033,0.4922,0.8364,0.9995,-0.363,1095.0,914.5,8.0
0.732,0.096,0.4216,0.819,0.9995,-0.331,1092.0,933.5,9.0
0.3464,0.07306,0.57,0.838,0.9995,-0.383,1177.0,979.0,10.0
0.2126,0.0693,0.4443,0.815,0.9995,-0.4128,1040.0,940.5,11.0
5.043,0.1165,0.5684,0.622,1.0,0.1415,1473.0,1366.0,12.0
0.9365,0.1327,0.552,0.9043,0.9995,-0.618,1334.0,1187.0,13.0
0.4321,0.02715,0.5024,0.896,1.0,-0.4744,1271.0,1193.0,14.0
0.3828,0.09155,0.5063,0.869,0.9995,-0.543,1244.0,1116.0,15.0
0.5967,0.0312,0.316,0.802,0.9995,-0.7637,1382.0,1505.0,1.0
1.129,0.08734,0.471,0.725,0.9995,-0.371,765.0,878.5,2.0
0.8135,0.09845,0.3188,0.7915,0.9995,-0.1947,1127.0,774.5,3.0
0.459,0.06915,0.4453,0.7783,0.9995,-0.2225,1092.0,1075.0,4.0
0.9424,0.08923,0.5234,0.768,0.9995,-0.4602,1114.0,1081.0,5.0
3.674,0.379,0.411,0.8984,0.9995,-0.764,1355.0,1994.0,6.0
0.7227,0.01988,0.2275,0.896,0.9995,-0.3833,1287.0,1075.0,7.0
0.6006,0.04477,0.2365,0.8857,0.9995,-0.7446,1036.0,1231.0,8.0
1.796,0.1632,0.3638,0.8125,0.9995,-0.467,1063.0,1177.0,9.0
27.19,0.4146,0.7715,0.5366,0.999,0.8813,901.5,1375.0,10.0
0.683,0.10785,0.352,0.8228,0.9995,-0.4307,1078.0,1085.0,11.0
0.1654,0.07294,0.3186,0.815,0.9995,-0.2944,1099.0,928.0,12.0
0.4434,0.06015,0.4307,0.76,0.9995,-0.02942,1006.5,722.5,13.0
0.305,0.078,0.3232,0.8145,0.9995,-0.208,1184.0,1048.0,14.0
0.328,0.03433,0.2893,0.8564,0.9995,-0.3767,1144.0,1037.0,15.0
2.365,0.2036,0.3298,0.788,0.9995,-0.619,847.0,1081.0,1.0
0.3354,0.07446,0.1581,0.915,1.0,-0.5757,478.5,1394.0,2.0
1.535,0.1483,0.5117,0.8784,0.9995,-0.3708,1135.0,723.0,3.0
0.652,0.02966,0.2925,0.751,0.9995,-0.8843,727.0,1303.0,4.0
2.994,0.172,0.3691,0.746,0.9995,-0.2186,777.5,1180.0,5.0
1.46,0.1388,0.371,0.781,0.9995,-0.632,897.0,1042.0,6.0
1.501,0.1252,0.393,0.7725,0.9995,-0.4536,885.5,1071.0,7.0
1.104,0.0962,0.524,0.778,0.9995,-0.4243,865.0,1145.0,8.0
0.878,0.1116,0.369,0.7847,0.9995,-0.602,895.5,1036.0,9.0
0.732,0.0207,0.3936,0.891,0.9995,-0.833,1132.0,888.5,10.0
0.5767,0.1293,0.269,0.8057,0.9995,-0.714,706.0,1158.0,11.0
0.5044,0.0372,0.395,0.827,0.9995,-0.8896,1133.0,1068.0,12.0
1.041,0.124,0.4165,0.8433,0.9995,-0.426,994.5,994.5,13.0
0.5767,0.09076,0.4385,0.789,0.9995,-0.609,904.5,1094.0,14.0
0.097,0.05902,0.3435,0.7827,0.9995,-0.809,838.0,1100.0,15.0
4.785,0.4697,0.3184,0.866,0.9995,-0.11816,1297.0,776.0,1.0
1.321,0.126,0.4854,0.8345,0.9995,-0.4375,1338.0,923.0,2.0
2.287,0.1826,0.4639,0.834,0.9995,-0.53,1026.0,1023.5,3.0
3.56,0.2812,0.3594,0.8276,0.9995,-0.3147,1105.0,937.0,4.0
1.921,0.1603,0.474,0.839,0.9995,-0.465,894.0,1125.0,5.0
0.2323,0.1791,0.1891,0.929,0.9995,-0.4592,1667.0,1984.0,6.0
0.7773,0.09735,0.3625,0.8145,0.9995,-0.1943,933.5,873.0,7.0
1.525,0.1556,0.3025,0.8184,0.9995,-0.2952,1157.0,1167.0,8.0
0.0957,0.05478,0.2505,0.7983,0.9995,-0.5156,1237.0,1128.0,9.0
54.5,0.78,0.6177,0.4072,1.0,0.0947,459.0,1617.0,10.0
0.07776,0.0687,0.1721,0.793,0.9995,-0.5654,764.5,1389.0,11.0
12.43,0.4473,0.457,0.608,0.9995,-0.1509,790.0,1447.0,12.0
1.051,0.09766,0.436,0.755,0.9995,-0.477,979.5,1206.0,13.0
0.00754,0.08356,0.1636,0.79,0.999,-0.5996,748.0,1558.0,14.0
0.827,0.1128,0.4194,0.853,0.9995,-0.3625,1091.0,867.0,15.0
0.2065,0.02797,0.368,0.851,0.9995,-0.1566,839.5,1048.0,1.0
0.2544,0.0666,0.4556,0.785,0.9995,-0.4304,779.0,1104.0,2.0
-0.03903,0.083,0.1542,0.8057,0.9995,-0.4001,516.5,654.5,3.0
0.2795,0.0817,0.2883,0.7803,0.9995,-0.3843,1308.0,306.0,4.0
0.04053,0.0444,0.2747,0.7646,1.0,-0.3213,886.5,801.5,5.0
0.1278,0.04727,0.399,0.82,0.9995,-0.5835,863.5,805.5,6.0
2.516,0.2175,0.3843,0.8247,0.9995,-0.6025,1080.0,1474.0,7.0
0.617,0.03574,0.2258,0.829,0.9995,-0.6997,354.2,666.0,8.0
0.1276,0.0661,0.3193,0.769,0.9995,-0.4116,1025.0,641.5,9.0
0.518,0.0707,0.495,0.74,0.9995,-0.4814,729.5,1135.0,10.0
0.1462,0.0485,0.296,0.8003,0.9995,-0.5596,591.0,807.0,11.0
0.0835,0.04446,0.3574,0.8315,0.9995,-0.338,798.5,1003.5,12.0
0.10034,0.04022,0.364,0.6924,1.0,-0.6504,495.8,851.0,13.0
0.1195,0.03714,0.2219,0.693,1.0,-0.444,729.5,790.0,14.0
0.01148,0.06445,0.2037,0.779,0.9995,-0.1604,1158.0,851.5,15.0
0.2834,0.0767,0.5396,0.879,0.9995,-0.309,823.5,1222.0,1.0
0.4036,0.088,0.5884,0.835,0.9995,-0.807,544.0,978.0,2.0
0.5073,0.0202,0.6875,0.861,0.9995,-0.5713,819.5,1286.0,3.0
0.07074,0.04874,0.583,0.858,0.9995,-0.496,827.5,1128.0,4.0
0.11743,0.0699,0.4312,0.8257,0.9995,-0.586,847.5,692.0,5.0
0.01608,0.06204,0.33,0.967,0.9995,0.06287,1315.0,877.5,6.0
7.363,0.524,0.691,0.962,0.999,-0.436,595.5,388.8,7.0
0.2568,0.0629,0.506,0.8027,0.9995,-0.3062,999.0,972.5,8.0
0.4922,0.10724,0.4175,0.8867,0.9995,-0.4128,997.0,1045.0,9.0
0.0468,0.076,0.3,0.9067,0.9995,-0.4636,902.0,594.0,10.0
0.1553,0.0524,0.431,0.882,0.9995,-0.6226,950.5,1072.0,11.0
0.04022,0.05832,0.359,0.8496,0.9995,-0.3232,550.5,831.5,12.0
0.2834,0.02664,0.514,0.805,0.9995,-0.4038,615.5,795.0,13.0
5.348,0.2384,0.4778,0.6865,0.999,-0.5884,1306.0,150.2,14.0
0.00398,0.1289,0.1455,0.945,0.9995,-0.457,1100.0,589.0,15.0
0.2104,0.0521,0.3933,0.797,0.9995,-0.9424,797.5,1466.0,1.0
0.04703,0.05872,0.3774,0.8564,0.9995,-0.253,917.5,907.0,2.0
1.96,0.1464,0.4495,0.792,0.9995,-0.493,898.5,1152.0,3.0
0.3706,0.1082,0.389,0.8433,0.9995,-0.8257,1016.5,788.5,4.0
0.9434,0.10876,0.3914,0.7837,0.9995,-0.548,960.0,1116.0,5.0
0.0965,0.047,0.51,0.7812,0.9995,-0.2223,526.5,587.5,6.0
0.511,0.0714,0.3997,0.776,0.9995,-0.1476,1035.0,401.8,7.0
0.3308,0.0854,0.3794,0.8022,0.9995,-0.5693,1029.0,1141.0,8.0
0.07166,0.05872,0.3838,0.7915,0.9995,-0.716,896.5,1187.0,9.0
0.1873,0.0671,0.5073,0.7837,0.9995,-0.693,463.2,1424.0,10.0
0.1,0.02878,0.3408,0.74,0.9995,-0.2069,1122.0,1130.0,11.0
0.1619,0.0771,0.3264,0.7905,0.9995,-0.5566,1054.0,1228.0,12.0
0.05444,0.06726,0.3088,0.8,0.9995,-0.5547,606.0,1080.0,13.0
0.043,0.0685,0.3113,0.8506,0.9995,-0.4822,878.0,906.0,14.0
0.08923,0.05948,0.3342,0.7026,0.9995,-0.6377,544.0,1111.0,15.0
0.1581,0.04108,0.515,0.8276,0.9995,-0.585,844.0,1427.0,1.0
0.2805,0.0735,0.5615,0.8135,0.9995,-0.6436,999.0,1093.0,2.0
0.1731,0.0675,0.576,0.8184,0.9995,-0.67,1093.0,1016.5,3.0
2.775,0.2141,0.614,0.905,0.9995,-0.409,1209.0,1097.0,4.0
0.04315,0.03065,0.484,0.716,0.9995,-0.2383,1137.0,1264.0,5.0
0.708,0.0893,0.4763,0.794,0.9995,-0.469,860.5,1046.0,6.0
1.612,0.1349,0.5703,0.839,0.9995,-0.5205,1040.0,1208.0,7.0
0.2369,0.07263,0.487,0.8267,0.9995,-0.4895,877.5,1056.0,8.0
0.5405,0.02895,0.453,0.942,0.9995,-0.558,658.0,794.5,9.0
0.1244,0.069,0.5674,0.828,0.9995,-0.795,918.5,1410.0,10.0
0.09045,0.0602,0.4883,0.8145,0.9995,-0.5596,830.5,1081.0,11.0
0.2983,0.06714,0.4778,0.77,0.9995,-0.4927,847.5,1100.0,12.0
0.1403,0.0624,0.7817,0.8916,0.9995,-0.405,760.0,890.5,13.0
0.2426,0.02687,0.4443,0.8257,0.9995,-0.2664,706.5,914.5,14.0
0.68,0.08624,0.534,0.805,0.9995,-0.4583,885.0,1138.0,15.0
0.0698,0.04556,0.6455,0.7886,0.9995,-0.713,1042.0,1213.0,1.0
0.4026,0.0405,0.3992,0.8613,0.9995,-0.7637,527.5,1377.0,2.0
0.2815,0.076,0.3564,0.8306,0.9995,-0.2013,1095.0,1762.0,3.0
0.3076,0.0981,0.353,0.8315,0.9995,-0.6494,791.5,1212.0,4.0
0.1163,0.05466,0.4014,0.852,0.9995,-0.6406,729.0,1349.0,5.0
2.877,0.2264,0.4236,0.8423,0.9995,-0.4077,978.0,1074.0,6.0
0.1255,0.0504,0.3477,0.859,0.9995,-0.478,1033.0,1139.0,7.0
0.444,0.097,0.3984,0.8506,0.9995,-0.447,1025.0,1119.0,8.0
0.328,0.0358,0.4434,0.8594,0.9995,-0.581,745.0,1433.0,9.0
0.1368,0.06903,0.3455,0.834,0.9995,-0.2411,1026.0,1079.0,10.0
0.12006,0.08496,0.4617,0.892,0.9995,-0.687,1033.0,1290.0,11.0
0.2113,0.05756,0.4043,0.8823,0.9995,-0.8228,986.0,577.5,12.0
0.0717,0.0659,0.3845,0.8457,0.9995,-0.4187,963.5,1120.0,13.0
0.1569,0.0838,0.3633,0.874,0.9995,-0.3906,817.5,1741.0,14.0
1.289,0.1458,0.4167,0.853,0.9995,-0.5093,940.5,1111.0,15.0
0.4373,0.10657,0.3984,0.8535,0.9995,-0.6465,932.0,990.5,1.0
0.1237,0.1014,0.443,0.9355,0.9995,-0.744,1132.0,885.0,2.0
0.09,0.0792,0.3699,0.9185,0.9995,-0.7456,1134.0,1124.0,3.0
0.654,0.03268,0.479,0.8955,1.0,-0.9424,1199.0,919.5,4.0
0.08936,0.10266,0.344,0.889,0.9995,-0.8906,1509.0,857.0,5.0
0.07996,0.0673,0.4058,0.809,0.9995,-0.711,1370.0,1093.0,6.0
0.3425,0.0964,0.4004,0.8745,0.9995,-0.4307,1077.0,870.0,7.0
0.0996,0.0663,0.464,0.8853,0.9995,-0.8423,1183.0,928.5,8.0
1.896,0.1083,0.516,0.7334,0.9995,-0.2883,1347.0,1092.0,9.0
0.3384,0.07404,0.531,0.802,0.9995,-0.5757,1175.0,590.5,10.0
0.2686,0.0501,0.399,0.834,0.9995,-0.8877,1109.0,1071.0,11.0
0.0685,0.05927,0.4497,0.83,0.9995,-0.6626,1310.0,1076.0,12.0
0.0537,0.0848,0.2898,0.881,0.9995,-0.667,905.0,1184.0,13.0
0.9263,0.10175,0.4414,0.79,0.9995,-0.4946,1288.0,1075.0,14.0
0.1266,0.156,0.1608,0.809,1.0,-0.8857,1478.0,1206.0,15.0
0.1633,0.0989,0.257,0.876,0.9995,-0.2913,943.0,1603.0,1.0
0.0778,0.07184,0.3376,0.8447,0.9995,-0.7856,1397.0,1570.0,2.0
1.098,0.1504,0.2698,0.8213,0.9995,-0.425,1083.0,1390.0,3.0
2.662,0.1699,0.3975,0.7563,0.9995,-0.4512,929.0,1242.0,4.0
0.4954,0.1078,0.3027,0.819,0.9995,-0.493,1049.0,1247.0,5.0
0.573,0.10785,0.26,0.741,0.999,-0.673,721.5,1781.0,6.0
0.1255,0.04773,0.3367,0.857,0.9995,-0.4155,1096.0,821.5,7.0
0.1794,0.04657,0.4868,0.8354,0.9995,-0.7524,809.0,1013.0,8.0
0.2778,0.0968,0.4956,0.8857,0.9995,-0.724,1048.0,1132.0,9.0
0.0762,0.04242,0.6353,0.809,0.9995,-0.556,1198.0,1645.0,10.0
0.013214,0.0626,0.2339,0.7812,0.9995,-0.4382,805.0,1677.0,11.0
1.133,0.12256,0.369,0.79,0.9995,-0.5405,890.0,1283.0,12.0
0.06903,0.059,0.42,0.831,0.9995,-0.6436,892.5,1165.0,13.0
0.04202,0.09814,0.1735,0.9556,0.9995,-0.3552,463.8,1609.0,14.0
0.2114,0.0948,0.2798,0.8076,0.9995,-0.6045,801.5,1544.0,15.0
0.08014,0.0786,0.3948,0.867,0.9995,-0.9185,978.0,1269.0,1.0
0.98,0.1672,0.3657,0.9014,0.9995,-0.581,1461.0,516.0,2.0
0.10364,0.0669,0.2502,0.8496,0.9995,-0.6016,727.0,544.0,3.0
0.11743,0.1115,0.313,0.9907,0.9995,-0.8643,1108.0,1079.0,4.0
0.0664,0.0693,0.3884,0.8467,0.9995,-0.71,948.0,900.5,5.0
0.1759,0.0863,0.3948,0.8726,0.9995,-0.5015,1149.0,1150.0,6.0
0.2377,0.0825,0.4438,0.8457,0.9995,-0.564,1142.0,985.5,7.0
0.561,0.11975,0.3665,0.8584,0.9995,-0.6143,1240.0,721.0,8.0
2.916,0.2632,0.3723,0.857,0.9995,-0.4336,1080.0,842.5,9.0
0.4136,0.0644,0.3118,0.917,1.0,-0.986,742.5,1395.0,10.0
0.1221,0.08044,0.389,0.842,0.9995,-0.666,1097.0,991.5,11.0
0.06757,0.0457,0.4585,0.7637,0.9995,-0.5356,1414.0,1358.0,12.0
0.22,0.08075,0.3994,0.8247,0.9995,-0.564,1051.0,996.0,13.0
0.1109,0.0727,0.344,0.871,0.9995,-0.8384,950.5,1240.0,14.0
0.109,0.07806,0.3813,0.8403,0.9995,-0.6284,1139.0,1143.0,15.0
1.609,0.1028,0.3408,0.634,0.9995,-0.6416,486.8,632.0,1.0
0.2084,0.08514,0.2465,0.7373,1.0,-0.5903,451.2,1502.0,2.0
0.06384,0.05807,0.4663,0.863,0.9995,-0.539,1039.0,1219.0,3.0
0.1957,0.0321,0.71,0.937,0.9995,-0.28,1218.0,1851.0,4.0
0.06274,0.0552,0.703,0.835,0.9995,-0.683,1010.5,1625.0,5.0
0.0907,0.0781,0.344,0.806,0.9995,-0.7812,804.5,1658.0,6.0
0.6743,0.085,0.4485,0.744,0.9995,-0.626,655.5,979.5,7.0
33.16,0.3342,0.5938,0.3672,1.0,-0.6865,662.5,488.5,8.0
0.1176,0.0483,0.616,0.915,0.9995,-0.559,752.5,1379.0,9.0
0.2605,0.03857,0.519,0.8374,0.9995,-0.7075,429.2,1412.0,10.0
0.077,0.04526,0.572,0.8364,0.9995,-0.4858,753.0,1100.0,11.0
0.09045,0.0535,0.525,0.8555,0.9995,-0.6753,657.5,1395.0,12.0
0.7314,0.0231,0.3503,0.97,0.9995,-0.4954,518.0,1003.0,13.0
0.07263,0.05252,0.5615,0.8667,0.9995,-0.5625,760.0,1275.0,14.0
0.1067,0.07153,0.5254,0.8833,0.9995,-0.546,799.0,1085.0,15.0
0.1941,0.0752,0.459,0.8657,0.9995,-0.371,1082.0,929.5,1.0
4.152,0.2688,0.3943,0.779,0.9995,-0.3909,1048.0,1267.0,2.0
2.258,0.1705,0.4434,0.817,0.9995,-0.4326,1059.0,1257.0,3.0
0.2507,0.0738,0.497,0.8477,0.9995,-0.398,1064.0,1012.0,4.0
0.1661,0.0638,0.6187,0.867,0.9995,-0.3438,1068.0,1140.0,5.0
0.1436,0.03827,0.6055,0.7866,0.9995,-0.687,901.5,1044.0,6.0
0.1359,0.05087,0.3596,0.8354,0.9995,-0.59,1456.0,911.0,7.0
0.7227,0.09985,0.4473,0.807,0.9995,-0.576,1103.0,1170.0,8.0
0.1815,0.04004,0.4497,0.8765,0.9995,-0.4138,1344.0,980.5,9.0
0.974,0.11,0.439,0.816,0.9995,-0.4568,1121.0,1106.0,10.0
0.3323,0.0847,0.4543,0.84,0.9995,-0.5146,1184.0,1072.0,11.0
0.04312,0.03812,0.3745,0.7446,0.9995,-0.289,1063.0,904.5,12.0
0.1047,0.0726,0.3977,0.8354,0.9995,-0.5664,1311.0,1221.0,13.0
0.1064,0.06885,0.4456,0.8413,0.9995,-0.541,1159.0,1071.0,14.0
0.2673,0.0737,0.4646,0.8135,0.9995,-0.4937,1151.0,996.0,15.0
0.371,0.0547,0.3164,0.9644,0.9995,-0.5986,1440.0,1298.0,1.0
0.03278,0.11694,0.2236,0.9478,0.9995,-0.3013,1584.0,331.2,2.0
0.732,0.0252,0.3103,0.9775,0.9995,-0.584,1685.0,642.5,3.0
0.0657,0.0663,0.569,0.964,0.9995,-0.5244,1600.0,1342.0,4.0
0.137,0.06104,0.3862,0.9224,0.9995,-0.5674,1351.0,1088.0,5.0
0.0682,0.0468,0.6235,0.829,0.9995,-0.5767,1125.0,985.5,6.0
0.3525,0.0455,0.3596,0.9277,0.9995,-0.57,1474.0,786.5,7.0
0.2029,0.04144,0.4563,0.8105,0.9995,-0.6714,1051.0,1126.0,8.0
1.216,0.0952,0.2954,0.619,0.9995,-0.704,887.0,579.5,9.0
0.2251,0.0754,0.7075,0.9517,0.9995,-0.1825,1564.0,871.5,10.0
0.3965,0.0843,0.3625,0.763,0.9995,-0.6143,1083.0,703.5,11.0
0.07385,0.09985,0.3604,0.956,0.9995,-0.5234,1428.0,917.0,12.0
0.07275,0.05612,0.399,0.856,0.9995,-0.5146,1457.0,1120.0,13.0
0.1206,0.0561,0.3857,0.8555,0.9995,-0.6514,1318.0,1215.0,14.0
0.1488,0.0764,0.554,0.9243,0.9995,-0.3496,1417.0,821.5,15.0
0.07574,0.07104,0.4294,0.8555,0.9995,-0.8335,855.0,547.0,1.0
0.11804,0.0687,0.4011,0.9,0.9995,-0.7715,1163.0,1141.0,2.0
0.1512,0.0734,0.4368,0.85,0.9995,-0.4658,1001.5,991.5,3.0
0.941,0.11707,0.4321,0.829,0.9995,-0.538,904.5,913.5,4.0
0.2927,0.03574,0.5347,0.853,0.9995,-0.65,1087.0,997.5,5.0
3.34,0.1749,0.4946,0.7256,0.9995,-0.635,822.5,938.0,6.0
0.7246,0.02905,0.404,0.853,0.9995,-0.918,910.5,1047.0,7.0
1.134,0.11414,0.456,0.7856,0.9995,-0.656,950.0,967.0,8.0
0.4277,0.0372,0.3733,0.872,0.9995,-0.642,1282.0,1065.0,9.0
0.5723,0.09296,0.474,0.843,0.9995,-0.4136,1175.0,935.5,10.0
0.0932,0.05115,0.4956,0.8467,0.9995,-0.6094,1030.0,976.5,11.0
0.253,0.06433,0.3535,0.909,0.9995,-0.851,777.0,677.5,12.0
0.0871,0.0668,0.3882,0.8745,0.9995,-0.711,869.0,777.0,13.0
0.3408,0.05652,0.3362,0.9346,0.9995,-0.7173,1134.0,911.0,14.0
0.1266,0.06122,0.391,0.8877,0.9995,-0.675,1048.0,920.0,15.0
0.548,0.10876,0.328,0.866,0.9995,-0.2512,1242.0,732.0,1.0
0.1111,0.0836,0.2206,0.872,0.9995,-0.7153,1443.0,746.0,2.0
0.516,0.1149,0.263,0.8184,0.9995,-0.4402,1378.0,1038.0,3.0
0.1857,0.092,0.4087,0.85,0.9995,-0.8003,1057.0,688.5,4.0
0.1882,0.09454,0.3218,0.8545,0.9995,-0.5386,1265.0,1030.0,5.0
12.51,0.496,0.4229,0.837,0.9995,0.786,437.0,1913.0,6.0
5.477,0.4673,0.3152,0.8027,0.9995,-0.2496,1046.0,875.0,7.0
0.1725,0.09045,0.3333,0.87,0.9995,-0.4343,1220.0,825.5,8.0
0.0569,0.07715,0.3103,0.839,0.9995,-0.7085,1506.0,980.0,9.0
1.072,0.1588,0.371,0.866,0.9995,-0.6772,1058.0,969.0,10.0
3.104,0.1642,0.676,0.7607,0.999,-0.822,1388.0,1486.0,11.0
0.1641,0.06143,0.4214,0.918,0.9995,-0.712,862.5,803.5,12.0
0.5024,0.11707,0.3633,0.8545,0.9995,-0.654,1164.0,915.0,13.0
1.183,0.11957,0.5054,0.804,0.9995,-0.736,1326.0,1141.0,14.0
4.152,0.2917,0.371,0.864,0.9995,0.08215,869.5,1374.0,15.0
0.09216,0.0566,0.3774,0.843,0.9995,-0.61,1022.0,1101.0,1.0
1.058,0.1212,0.4138,0.835,0.9995,-0.4043,901.5,1111.0,2.0
4.21,0.10034,0.5776,0.4917,0.9995,-0.7793,998.5,243.5,3.0
0.3057,0.05048,0.2842,0.899,0.9995,-0.5615,907.5,1309.0,4.0
0.1481,0.0768,0.4995,0.8496,0.9995,-0.714,724.0,1401.0,5.0
1.037,0.0783,0.4836,0.6626,0.9995,-0.591,953.5,673.5,6.0
0.2019,0.02579,0.4023,0.8867,0.9995,-0.06696,724.0,683.0,7.0
0.327,0.0424,0.336,0.8667,0.9995,-0.592,960.0,982.5,8.0
0.1448,0.06476,0.3926,0.826,0.9995,-0.265,930.0,939.5,9.0
0.07733,0.05936,0.376,0.868,0.9995,-0.5347,925.5,1096.0,10.0
0.1041,0.05746,0.3264,0.8867,0.9995,-0.4595,941.0,1214.0,11.0
0.04477,0.06866,0.262,0.877,0.9995,-0.4202,776.0,1156.0,12.0
0.0966,0.062,0.503,0.9136,0.9995,-0.6895,705.0,1524.0,13.0
0.0568,0.0823,0.2434,0.9365,0.9995,-0.408,930.0,1142.0,14.0
0.3577,0.04868,0.668,0.708,0.9995,-0.2222,732.5,1264.0,15.0
0.4883,0.03105,0.608,0.8877,1.0,-0.8374,626.0,1285.0,1.0
0.1085,0.05484,0.518,0.8745,0.9995,-0.716,792.5,1137.0,2.0
0.2542,0.0422,0.5605,0.8833,0.9995,-0.738,1112.0,944.5,3.0
4.21,0.1929,0.4963,0.713,0.9995,-0.4158,627.5,1062.0,4.0
0.963,0.1155,0.4592,0.8403,0.9995,-0.469,1037.0,989.0,5.0
0.1038,0.05426,0.511,0.8623,0.9995,-0.712,969.5,1035.0,6.0
0.3193,0.04303,0.39,0.801,0.9995,-0.8477,511.5,1079.0,7.0
0.1444,0.0797,0.718,0.891,0.9995,-0.921,607.0,1290.0,8.0
0.4712,0.04544,0.2896,0.8696,0.9995,-0.754,748.0,868.5,9.0
0.3047,0.1023,0.415,0.871,0.9995,-0.6885,983.5,994.5,10.0
0.1754,0.0828,0.4514,0.8496,0.9995,-0.7046,901.0,1086.0,11.0
0.073,0.05145,0.424,0.7666,0.9995,-0.673,759.5,1253.0,12.0
0.65,0.0319,0.3943,0.832,0.9995,-0.908,766.0,1209.0,13.0
0.1272,0.06012,0.3696,0.857,0.9995,-0.7256,819.5,1004.0,14.0
0.07996,0.06036,0.4258,0.8457,0.9995,-0.697,806.5,1199.0,15.0
0.439,0.0793,0.3398,0.769,0.9995,-0.3323,761.0,507.5,1.0
0.3652,0.0898,0.435,0.836,0.9995,-0.5747,881.5,968.0,2.0
-0.07275,0.073,0.1157,0.771,0.9995,-0.1761,971.0,284.2,3.0
0.2444,0.04254,0.2766,0.75,0.9995,-0.662,581.5,1045.0,4.0
0.1164,0.06946,0.4033,0.8257,0.9995,-0.503,871.0,918.0,5.0
0.1186,0.07544,0.4387,0.9062,0.9995,-0.295,1014.5,703.0,6.0
0.138,0.05447,0.36,0.853,0.9995,-0.625,1199.0,824.0,7.0
0.3452,0.04718,0.3352,0.8667,0.9995,-0.7236,973.0,1210.0,8.0
0.1661,0.06494,0.4207,0.838,0.9995,-0.2227,1048.0,768.5,9.0
0.06445,0.0497,0.516,0.872,0.9995,-0.3972,1008.0,968.5,10.0
0.0806,0.05936,0.3115,0.834,0.9995,-0.5684,1006.0,573.5,11.0
0.10486,0.046,0.3708,0.861,0.9995,-0.3623,926.0,676.5,12.0
0.07043,0.0651,0.3982,0.8594,0.9995,-0.3623,964.0,745.0,13.0
-0.0416,0.0668,0.1665,0.6987,0.9995,-0.453,466.2,749.0,14.0
0.0747,0.03622,0.3003,0.6265,0.9995,-0.01874,1021.0,582.0,15.0
10000.0,0.837,0.3757,0.02855,0.9995,0.06836,1683.0,1685.0,1.0
10000.0,0.6875,0.532,0.032,1.0,-0.3967,1499.0,677.5,2.0
0.2764,0.03897,0.362,0.7646,0.9995,-0.7197,1043.0,1090.0,3.0
1.09,0.1065,0.4463,0.7935,0.9995,-0.4275,979.0,999.0,4.0
4.617,0.1577,0.5273,0.959,0.9995,0.4229,1209.0,109.94,5.0
3.367,0.1921,0.5063,0.8755,1.0,0.1236,263.8,1290.0,6.0
1.755,0.1354,0.468,0.828,0.9995,-0.2097,668.5,1153.0,7.0
0.4707,0.09503,0.41,0.8257,0.9995,-0.5527,841.0,1005.0,8.0
0.444,0.04086,0.266,0.797,0.9995,-0.747,815.5,892.0,9.0
0.1888,0.0756,0.3877,0.8022,0.9995,-0.5825,911.0,954.5,10.0
0.8384,0.09973,0.4392,0.8145,0.9995,-0.374,818.5,998.0,11.0
0.3271,0.07574,0.4216,0.788,0.9995,-0.499,950.5,1002.0,12.0
5.91,0.3625,0.295,0.784,0.9995,0.1405,579.5,556.5,13.0
0.2457,0.03023,0.454,0.7246,0.9995,-0.605,1126.0,1164.0,14.0
0.2178,0.07306,0.4324,0.811,0.9995,-0.5117,893.0,903.0,15.0
0.2391,0.04465,0.4482,0.87,0.9995,-0.6567,1105.0,1012.5,1.0
0.611,0.0921,0.4526,0.8164,0.9995,-0.4634,995.5,1074.0,2.0
0.536,0.02222,0.4438,0.868,0.9995,-0.46,1445.0,1031.0,3.0
7.36,0.3835,0.4727,0.7295,0.9995,-0.356,1061.0,1450.0,4.0
1.689,0.1351,0.452,0.8027,0.9995,-0.4333,990.5,1053.0,5.0
0.3342,0.02638,0.5864,0.7705,0.9995,-0.6157,1417.0,1247.0,6.0
0.8975,0.09875,0.486,0.807,0.9995,-0.4417,1029.0,1128.0,7.0
0.1432,0.0345,0.6396,0.8696,0.9995,-0.349,1212.0,908.0,8.0
0.173,0.03256,0.6147,0.836,0.9995,-0.419,1142.0,1280.0,9.0
3.76,0.2167,0.4922,0.7817,0.9995,-0.4287,1093.0,1243.0,10.0
0.288,0.0751,0.4868,0.823,0.9995,-0.4888,1074.0,1063.0,11.0
0.07336,0.0765,0.4622,0.94,0.9995,-0.3735,845.0,731.5,12.0
0.124,0.04428,0.584,0.726,0.9995,-0.3396,1071.0,1268.0,13.0
0.1715,0.04108,0.4814,0.8657,0.9995,-0.4788,1292.0,1022.5,14.0
0.10785,0.06726,0.581,0.883,0.9995,-0.5073,1322.0,1179.0,15.0
0.05728,0.1166,0.296,0.966,0.9995,-0.603,546.5,1310.0,1.0
1.84,0.2467,0.3418,0.8857,0.9995,-0.777,885.0,1048.0,2.0
0.10254,0.11475,0.3857,0.9663,0.9995,-0.7085,267.2,1702.0,3.0
0.5015,0.0941,0.1887,0.9893,0.9995,-0.862,690.5,1415.0,4.0
0.0987,0.1016,0.2793,0.947,0.9995,-0.774,670.0,1398.0,5.0
0.2715,0.2112,0.2382,0.964,1.0,-0.7905,586.0,1666.0,6.0
0.1443,0.02745,0.3232,0.9526,0.9995,0.1077,473.2,356.5,7.0
0.07526,0.0724,0.307,0.8906,0.9995,-0.59,1139.0,1154.0,8.0
0.2483,0.1006,0.4019,0.894,0.9995,-0.5625,730.5,858.0,9.0
0.0925,0.1466,0.3223,0.992,1.0,-0.8037,1400.0,1322.0,10.0
0.2021,0.0886,0.4248,0.8916,0.9995,-0.4626,784.5,1175.0,11.0
0.1818,0.09436,0.404,0.895,0.9995,-0.5625,820.0,1283.0,12.0
30.52,0.5146,0.4978,0.504,1.0,0.8027,118.9,1957.0,13.0
0.0728,0.1212,0.3464,0.992,1.0,-0.865,921.5,1559.0,14.0
0.8115,0.1758,0.3623,0.918,0.9995,-0.754,851.5,1232.0,15.0
0.1696,0.04285,0.4656,0.8003,0.9995,-0.6875,855.5,949.0,1.0
9.48,0.2277,0.3345,0.5303,0.9995,-0.1882,1056.0,1146.0,2.0
0.3728,0.0965,0.3894,0.825,0.9995,-0.672,1084.0,1090.0,3.0
0.2352,0.05396,0.4646,0.8906,0.9995,-0.8726,635.5,1240.0,4.0
0.1935,0.03882,0.3306,0.847,0.9995,-0.359,1134.0,709.0,5.0
2.03,0.1714,0.399,0.8306,0.9995,-0.3665,1014.0,904.0,6.0
0.3147,0.0636,0.1522,0.8076,0.9995,-0.672,897.5,1273.0,7.0
1.107,0.1208,0.4368,0.8296,0.9995,-0.4531,876.0,950.5,8.0
0.4216,0.0887,0.4346,0.831,0.9995,-0.4915,835.0,971.5,9.0
0.3096,0.03072,0.514,0.8345,0.9995,-0.5293,831.0,1167.0,10.0
0.1473,0.07654,0.4302,0.8345,0.9995,-0.639,960.5,1153.0,11.0
0.375,0.0857,0.4482,0.8237,0.9995,-0.559,656.0,1108.0,12.0
0.1787,0.04773,0.4888,0.8804,0.9995,-0.6465,804.0,1195.0,13.0
0.1149,0.0626,0.5186,0.839,0.9995,-0.4622,960.0,1224.0,14.0
0.07306,0.0519,0.4004,0.8477,0.9995,-0.458,1014.5,978.0,15.0
3.71,0.449,0.3152,0.9297,0.9995,-0.11523,1764.0,790.0,1.0
0.1921,0.0777,0.4563,0.8555,0.9995,-0.498,904.0,1013.0,2.0
0.072,0.0483,0.575,0.876,0.9995,-0.4297,1170.0,1362.0,3.0
0.4548,0.08154,0.417,0.7856,0.9995,-0.482,1092.0,1029.0,4.0
0.04868,0.04593,0.4229,0.7847,0.9995,-0.304,1084.0,1077.0,5.0
0.04785,0.0404,0.4902,0.608,0.9995,-0.695,1279.0,1099.0,6.0
0.03342,0.03323,0.5386,0.697,0.9995,-0.3035,1404.0,1123.0,7.0
0.0693,0.0513,0.4565,0.7705,1.0,-0.536,1342.0,768.0,8.0
0.05444,0.0513,0.4229,0.8306,0.9995,-0.4097,1145.0,952.0,9.0
26.66,0.8438,0.619,0.557,0.9995,-0.8823,1768.0,1507.0,10.0
0.2104,0.03482,0.498,0.8574,0.9995,-0.415,1428.0,1033.0,11.0
4.844,0.614,0.2527,0.799,0.9995,-0.9565,1305.0,808.0,12.0
0.01006,0.04196,0.2844,0.59,0.9995,-0.742,1535.0,623.0,13.0
3.447,0.2485,0.3835,0.8174,0.9995,-0.2644,1497.0,861.5,14.0
4.03,0.3506,0.3237,0.796,0.9995,-0.697,1322.0,866.0,15.0
0.258,0.0625,0.504,0.7803,0.9995,-0.3987,747.5,1079.0,1.0
0.1087,0.09924,0.2249,0.802,1.0,-0.642,276.2,884.0,2.0
0.10846,0.0689,0.4526,0.8223,1.0,-0.658,928.5,1255.0,3.0
0.1809,0.05722,0.3503,0.8306,1.0,-0.8315,1120.0,1849.0,4.0
0.4146,0.0534,0.3008,0.969,0.9995,-0.596,338.2,1328.0,5.0
0.08057,0.101,0.3228,0.9062,1.0,-0.6714,873.5,562.5,6.0
17.33,0.829,0.753,0.7827,0.999,-0.9395,1321.0,1742.0,7.0
7.156,0.453,0.5464,0.81,0.9995,-0.7485,1030.0,1328.0,8.0
0.01365,0.04022,0.1952,0.6943,0.9995,-0.3315,185.2,411.2,9.0
0.076,0.06305,0.3381,0.821,1.0,-0.6978,904.0,1367.0,10.0
0.10834,0.06042,0.4355,0.792,0.9995,-0.496,726.0,1035.0,11.0
0.01076,0.06152,0.1559,0.7925,0.9995,-0.3418,402.8,513.0,12.0
0.0319,0.101,0.2542,0.952,0.9995,-0.4182,610.5,801.5,13.0
0.076,0.06726,0.3604,0.821,0.9995,-0.5,640.0,959.0,14.0
0.1549,0.0652,0.2903,0.92,0.9995,-0.5303,526.0,1052.0,15.0
0.1726,0.04843,0.2095,0.7324,1.0,-0.6094,488.0,1301.0,1.0
0.07275,0.06415,0.2888,0.733,1.0,-0.874,615.0,1342.0,2.0
0.2913,0.1102,0.3088,0.841,0.9995,-0.7046,1083.0,932.5,3.0
0.1368,0.0823,0.2903,0.7827,0.9995,-0.6484,957.0,1029.0,4.0
0.05136,0.06476,0.2737,0.8027,0.9995,-0.5923,745.0,922.0,5.0
0.07715,0.06793,0.3142,0.7686,0.9995,-0.6216,933.0,1075.0,6.0
0.03564,0.0631,0.2438,0.757,1.0,-0.6016,662.5,1200.0,7.0
16.64,0.1274,0.1132,0.3293,0.9995,-0.6553,322.0,255.1,8.0
5.52,0.5063,0.3235,0.841,0.999,-0.1099,1555.0,241.0,9.0
0.007645,0.05386,0.1665,0.739,1.0,-0.3765,727.5,1124.0,10.0
0.0485,0.0631,0.2847,0.7554,0.9995,-0.601,827.0,1073.0,11.0
0.06058,0.05234,0.417,0.7954,0.9995,-0.524,745.5,1064.0,12.0
0.08734,0.08563,0.3293,0.8584,0.9995,-0.6196,503.2,1367.0,13.0
-0.04337,0.0493,0.165,0.7183,1.0,-0.2744,682.0,857.5,14.0
0.4055,0.08826,0.327,0.775,0.9995,-0.526,829.5,1095.0,15.0
0.0682,0.05527,0.3428,0.7144,0.9995,-0.808,228.1,1537.0,1.0
0.0676,0.0598,0.3926,0.914,0.9995,-0.385,504.8,1773.0,2.0
0.05545,0.04898,0.3816,0.8433,0.9995,-0.3325,688.0,1052.0,3.0
0.07043,0.0531,0.3772,0.701,0.999,-0.665,492.2,1320.0,4.0
0.05713,0.0667,0.3652,0.8403,0.9995,-0.551,823.5,1200.0,5.0
0.04626,0.0708,0.2788,0.8364,0.9995,-0.5723,678.5,940.5,6.0
0.05902,0.0969,0.344,0.9805,0.9995,-0.5215,860.5,1619.0,7.0
0.0815,0.1074,0.1576,0.9004,0.9995,-0.625,756.0,1343.0,8.0
0.0793,0.06024,0.4277,0.8203,0.9995,-0.4473,681.0,1324.0,9.0
0.4666,0.09845,0.4136,0.826,0.9995,-0.6494,992.0,1289.0,10.0
0.03674,0.0961,0.1561,0.845,0.9995,-0.621,762.5,1056.0,11.0
0.3416,0.04474,0.1373,0.9053,0.999,-0.251,1699.0,580.5,12.0
0.05017,0.0746,0.349,0.892,0.9995,-0.4788,667.0,1524.0,13.0
-0.05927,0.1277,0.1158,0.911,0.9995,-0.1953,426.5,1411.0,14.0
10000.0,0.405,0.323,0.2382,0.999,0.8936,1147.0,181.8,15.0
-0.008415,0.02278,0.5933,0.7925,0.9995,0.01828,1120.0,1659.0,1.0
0.264,0.0614,0.6553,0.855,0.9995,-0.1589,872.0,1509.0,2.0
0.1027,0.04987,0.4111,0.867,0.9995,-0.4617,1065.0,1136.0,3.0
0.1393,0.05942,0.317,0.8545,0.9995,-0.656,1030.0,896.0,4.0
0.0635,0.06305,0.416,0.859,0.9995,-0.5923,831.0,1172.0,5.0
0.088,0.04007,0.691,0.786,0.9995,-0.11914,606.0,1719.0,6.0
0.0593,0.04462,0.553,0.8267,0.9995,-0.3813,986.0,1364.0,7.0
0.0548,0.0516,0.461,0.849,0.9995,-0.38,907.0,1343.0,8.0
0.05328,0.04272,0.4688,0.7744,0.9995,-0.34,849.5,1179.0,9.0
0.08374,0.0786,0.3865,0.871,0.9995,-0.59,1210.0,1069.0,10.0
0.0557,0.035,0.77,0.905,0.9995,-0.0871,1096.0,968.5,11.0
0.06183,0.05276,0.5283,0.864,0.9995,-0.462,927.0,1186.0,12.0
0.0711,0.0653,0.5063,0.897,0.9995,-0.4143,741.5,1113.0,13.0
0.0731,0.0459,0.5835,0.8257,0.9995,-0.1737,773.5,1473.0,14.0
-0.04272,0.03143,0.5044,0.849,0.9995,0.05957,590.5,1578.0,15.0
0.1666,0.0639,0.3997,0.915,0.9995,-0.739,1091.0,1157.0,1.0
0.082,0.0706,0.4924,0.9575,0.9995,-0.6196,1359.0,692.0,2.0
0.1103,0.1087,0.3018,0.9004,0.9995,-0.641,1419.0,904.5,3.0
0.09827,0.07007,0.4827,0.8535,0.9995,-0.627,1110.0,1060.0,4.0
0.07776,0.09576,0.4507,0.9775,0.9995,-0.8994,1071.0,1629.0,5.0
0.0998,0.05316,0.4587,0.8184,0.9995,-0.732,607.5,1462.0,6.0
0.0708,0.0739,0.4023,0.8906,0.9995,-0.713,1016.5,1176.0,7.0
0.258,0.09503,0.554,0.9243,1.0,-0.5845,1114.0,1584.0,8.0
0.05923,0.08636,0.3142,0.893,0.9995,-0.6987,1038.0,1257.0,9.0
0.044,0.09485,0.2458,0.867,0.9995,-0.6978,861.0,1387.0,10.0
0.06995,0.066,0.3674,0.888,0.9995,-0.55,940.0,1224.0,11.0
0.06396,0.0825,0.3606,0.8906,0.9995,-0.6978,1021.5,1161.0,12.0
0.917,0.1304,0.3855,0.8423,0.9995,-0.5913,1002.5,1098.0,13.0
0.01247,0.1082,0.10974,0.7583,1.0,-0.758,415.2,1813.0,14.0
0.06287,0.07715,0.3406,0.8643,0.9995,-0.715,1165.0,1418.0,15.0
0.10803,0.0655,0.4373,0.8267,0.9995,-0.4863,991.0,948.5,1.0
1.321,0.1332,0.3865,0.8,0.9995,-0.5615,1073.0,1260.0,2.0
-0.0001276,0.02138,0.4521,0.6187,0.9995,-0.1378,1236.0,826.0,3.0
0.4429,0.0671,0.5547,0.7827,0.9995,-0.3296,728.5,904.5,4.0
0.662,0.09125,0.4211,0.7837,0.9995,-0.509,994.5,1139.0,5.0
0.0474,0.0636,0.3057,0.819,1.0,-0.534,1504.0,1179.0,6.0
0.0722,0.05865,0.4087,0.807,0.9995,-0.453,986.5,970.5,7.0
0.0701,0.0574,0.365,0.7373,0.9995,-0.683,1316.0,1192.0,8.0
-0.05588,0.0414,0.1544,0.613,0.9995,-0.1041,1797.0,751.0,9.0
-0.0632,0.02199,0.3716,0.7295,0.9995,0.02481,948.5,819.0,10.0
0.3376,0.02596,0.1696,0.6743,0.9995,-0.363,1720.0,1022.0,11.0
-0.000507,0.0408,0.3,0.662,0.9995,-0.2216,1016.0,890.5,12.0
0.0439,0.03528,0.2666,0.7017,0.9995,-0.3235,1459.0,979.0,13.0
0.07324,0.05356,0.3997,0.775,0.9995,-0.396,1086.0,927.0,14.0
0.0994,0.05023,0.4062,0.7344,0.9995,-0.3333,1018.0,959.0,15.0
0.0871,0.05417,0.4453,0.8564,0.9995,-0.579,879.5,1146.0,1.0
1.592,0.1627,0.385,0.8447,0.9995,-0.4539,995.5,976.0,2.0
0.2365,0.0914,0.3794,0.851,0.9995,-0.585,1074.0,1081.0,3.0
0.1163,0.08093,0.3423,0.838,0.9995,-0.5674,864.0,1361.0,4.0
0.11053,0.05057,0.4258,0.8345,0.9995,-0.6143,993.0,1453.0,5.0
0.10486,0.0858,0.4055,0.911,0.9995,-0.487,1023.0,1637.0,6.0
0.0642,0.0854,0.37,0.9155,0.9995,-0.678,1006.0,1150.0,7.0
0.06433,0.05954,0.4116,0.849,0.9995,-0.5654,954.0,1368.0,8.0
0.0784,0.0695,0.3809,0.843,0.9995,-0.4993,906.0,1292.0,9.0
0.1715,0.04065,0.404,0.858,0.9995,-0.414,764.5,1435.0,10.0
0.055,0.05405,0.414,0.8413,0.9995,-0.4326,456.0,1290.0,11.0
0.702,0.1129,0.3958,0.8506,0.9995,-0.459,934.0,1104.0,12.0
0.062,0.06067,0.4314,0.859,0.9995,-0.5522,896.0,1208.0,13.0
0.07825,0.07275,0.4104,0.88,0.9995,-0.4666,940.0,1439.0,14.0
0.0619,0.0633,0.408,0.8496,0.9995,-0.587,828.5,1227.0,15.0
0.3433,0.0767,0.4307,0.815,0.9995,-0.3765,1030.0,632.0,1.0
1.945,0.1696,0.4268,0.8203,0.9995,-0.623,1192.0,1226.0,2.0
0.0813,0.047,0.421,0.737,0.9995,-0.6924,882.5,1050.0,3.0
0.2532,0.08167,0.4077,0.827,0.9995,-0.534,1019.5,883.0,4.0
10000.0,0.718,0.5474,0.011826,0.999,0.419,1225.0,531.0,5.0
0.1263,0.049,0.4053,0.8184,0.9995,-0.638,1232.0,840.0,6.0
0.8696,0.1245,0.406,0.838,0.9995,-0.633,1135.0,1127.0,7.0
0.1057,0.07886,0.3506,0.888,0.9995,-0.8813,1130.0,1251.0,8.0
0.7183,0.02512,0.3293,0.83,0.9995,-0.739,968.5,1085.0,9.0
23.03,0.542,0.6807,0.526,1.0,-0.664,1053.0,1399.0,10.0
0.096,0.06573,0.3215,0.831,0.9995,-0.76,1076.0,1159.0,11.0
0.06647,0.0617,0.4043,0.8296,0.9995,-0.6567,1093.0,910.5,12.0
16.94,0.2627,0.1586,0.55,1.0,0.858,334.0,815.5,13.0
0.1015,0.1362,0.2534,0.886,0.9995,-0.9688,1462.0,1573.0,14.0
89.94,0.8794,0.8335,0.3262,1.0,-0.3306,1028.0,320.8,15.0
0.2434,0.11176,0.328,0.9097,0.9995,-0.4395,1525.0,1038.0,1.0
0.1229,0.09454,0.352,0.9033,0.9995,-0.5024,1347.0,1045.0,2.0
16.98,0.4038,0.5127,0.541,0.999,-0.003494,233.1,1844.0,3.0
0.06274,0.0599,0.4258,0.8784,0.9995,-0.495,1240.0,1054.0,4.0
2.588,0.03004,0.8643,0.8765,0.999,0.3667,1348.0,251.0,5.0
0.0998,0.05875,0.5464,0.844,0.9995,-0.4016,629.5,1769.0,6.0
0.0742,0.07007,0.4082,0.8887,0.9995,-0.6875,1100.0,1228.0,7.0
0.2167,0.0746,0.4297,0.817,0.9995,-0.5186,929.5,1082.0,8.0
0.1589,0.0886,0.3105,0.98,0.9995,-0.69,1339.0,1093.0,9.0
0.0769,0.08746,0.3596,0.904,0.9995,-0.55,1247.0,1065.0,10.0
0.0796,0.08636,0.337,0.949,0.9995,-0.626,1278.0,1109.0,11.0
10000.0,0.0374,0.771,0.0461,1.0,-0.8857,443.5,1661.0,12.0
31.78,0.9,0.8555,0.63,0.999,0.423,481.0,1560.0,13.0
0.0981,0.07166,0.4373,0.864,0.9995,-0.5083,841.5,1438.0,14.0
0.1644,0.086,0.2754,0.9663,0.9995,-0.6387,1140.0,1095.0,15.0
0.1139,0.0803,0.4163,0.8477,0.9995,-0.7383,918.5,1367.0,1.0
0.06192,0.04062,0.4788,0.7354,1.0,-0.4736,513.5,1304.0,2.0
0.163,0.07605,0.388,0.8457,0.9995,-0.414,830.0,899.0,3.0
0.0805,0.0537,0.359,0.817,0.9995,-0.564,950.0,998.0,4.0
0.108,0.0651,0.345,0.772,0.9995,-0.5083,252.5,1070.0,5.0
0.2678,0.05566,0.1862,0.8105,0.9995,-0.604,370.5,849.5,6.0
0.0985,0.0864,0.499,0.9233,0.9995,-0.704,970.0,1297.0,7.0
0.0812,0.0587,0.2861,0.8047,0.9995,-0.5996,584.0,956.5,8.0
0.07446,0.0647,0.437,0.8413,0.9995,-0.55,796.5,1065.0,9.0
0.0858,0.07166,0.443,0.858,0.9995,-0.6187,866.0,1201.0,10.0
1.8,0.1257,0.437,0.75,0.9995,-0.4941,700.0,1046.0,11.0
0.0618,0.0533,0.373,0.82,0.9995,-0.491,803.5,1044.0,12.0
0.0902,0.049,0.3848,0.7915,0.9995,-0.5845,1147.0,1019.0,13.0
0.06152,0.05386,0.388,0.7925,0.9995,-0.5645,958.0,1045.0,14.0
0.05698,0.05844,0.3518,0.8115,0.9995,-0.5576,879.5,834.0,15.0
0.2272,0.04703,0.426,0.906,0.9995,-0.5557,783.5,830.5,1.0
0.1026,0.0761,0.4092,0.8438,0.9995,-0.6685,1029.0,758.5,2.0
0.132,0.1013,0.1759,0.955,0.999,-0.515,1443.0,600.0,3.0
0.0772,0.06042,0.4111,0.8677,0.9995,-0.5996,945.5,968.0,4.0
0.0939,0.05554,0.3945,0.8594,0.9995,-0.564,916.0,815.0,5.0
0.0832,0.05392,0.3347,0.849,0.9995,-0.4614,936.0,958.5,6.0
0.04443,0.0834,0.278,0.9004,0.999,-0.5327,1197.0,734.5,7.0
0.0827,0.06525,0.2605,0.833,0.9995,-0.5977,960.0,1057.0,8.0
0.0596,0.05096,0.3406,0.7466,0.999,-0.5703,1155.0,757.0,9.0
0.0862,0.0812,0.2798,0.824,0.999,-0.4993,1065.0,520.5,10.0
0.0628,0.06113,0.3875,0.845,0.9995,-0.5723,973.0,848.5,11.0
1.694,0.1482,0.473,0.8374,0.9995,-0.4614,1061.0,894.0,12.0
0.05316,0.0647,0.3157,0.8286,0.9995,-0.568,1013.5,927.5,13.0
0.05655,0.0999,0.2847,0.9087,0.9995,-0.7363,981.0,1302.0,14.0
0.6753,0.10516,0.4153,0.8335,0.9995,-0.4963,1065.0,868.5,15.0
10.38,0.5796,0.4766,0.69,1.0,-0.857,554.0,886.5,1.0
0.1065,0.06024,0.3708,0.8564,0.9995,-0.6772,1030.0,1178.0,2.0
2.291,0.3406,0.3687,0.949,1.0,-0.804,104.9,1979.0,3.0
0.1298,0.08276,0.3447,0.8584,0.9995,-0.4663,953.5,1363.0,4.0
1.402,0.2102,0.3584,0.9077,1.0,-0.6465,645.5,1554.0,5.0
0.04294,0.161,0.1925,0.9727,0.9995,-0.765,786.5,830.0,6.0
11.4,0.6196,0.6934,0.921,0.9995,0.3552,1809.0,627.5,7.0
4.625,0.343,0.3909,0.7905,1.0,-0.725,793.0,1027.0,8.0
0.783,0.142,0.3596,0.8823,0.9995,-0.537,889.0,1280.0,9.0
2.443,0.2085,0.3975,0.824,0.9995,-0.6147,913.5,1058.0,10.0
0.11914,0.0997,0.364,0.918,0.9995,-0.5728,1401.0,880.5,11.0
0.2273,0.1547,0.22,0.896,1.0,-0.633,1649.0,1816.0,12.0
0.2505,0.04584,0.2764,0.898,0.9995,-0.3948,1393.0,819.5,13.0
0.1565,0.0733,0.433,0.8247,0.9995,-0.5835,833.0,1213.0,14.0
4.87,0.3528,0.5234,0.899,0.9995,-0.04538,1497.0,827.0,15.0
0.2491,0.05185,0.2827,0.86,0.9995,-0.6123,1157.0,797.5,1.0
0.0715,0.06256,0.414,0.891,0.9995,-0.5425,1140.0,1117.0,2.0
0.5024,0.03265,0.262,0.8354,1.0,-0.5376,1062.0,1180.0,3.0
0.2197,0.05338,0.4854,0.733,0.9995,-0.33,835.5,1418.0,4.0
0.2046,0.0512,0.4844,0.9355,0.9995,-0.6133,977.0,840.5,5.0
0.104,0.05792,0.482,0.9126,0.9995,-0.5757,917.0,1056.0,6.0
0.1472,0.08295,0.2668,0.82,0.9995,-0.3533,1048.0,616.0,7.0
2.281,0.1495,0.4255,0.7534,0.9995,-0.5225,1134.0,614.5,8.0
0.1802,0.04465,0.3147,0.825,0.9995,-0.499,1042.0,1127.0,9.0
0.0616,0.05692,0.4473,0.8633,0.9995,-0.4915,935.5,1070.0,10.0
-0.05768,0.0585,0.1405,0.691,0.9995,-0.22,1283.0,583.0,11.0
0.05295,0.05356,0.3474,0.8203,0.9995,-0.4316,986.0,1093.0,12.0
0.1055,0.06964,0.3386,0.8203,0.9995,-0.3894,1026.0,860.5,13.0
0.1875,0.0368,0.278,0.7925,0.9995,-0.3562,1154.0,1139.0,14.0
0.09064,0.07965,0.4458,0.9,0.9995,-0.574,845.5,982.0,15.0
0.2128,0.0926,0.3408,0.91,0.9995,-0.1884,986.5,869.0,1.0
0.1381,0.055,0.574,0.904,0.9995,-0.8066,945.5,1317.0,2.0
0.184,0.04324,0.5996,0.9395,0.9995,-0.488,690.5,1213.0,3.0
0.0991,0.0685,0.4785,0.9956,0.9995,-0.4634,1408.0,1001.0,4.0
0.1307,0.0887,0.5474,0.9604,0.9995,-0.488,950.5,1385.0,5.0
0.1058,0.05838,0.401,0.864,0.9995,-0.6562,806.5,1084.0,6.0
0.01672,0.0838,0.2397,0.8965,0.9995,-0.199,1030.0,829.5,7.0
0.2532,0.0966,0.4258,0.895,0.9995,-0.5234,1028.0,1085.0,8.0
0.0938,0.0827,0.252,0.983,0.9995,-0.3525,767.0,859.0,9.0
-0.03055,0.1108,0.1685,0.9224,0.9995,-0.34,1215.0,783.5,10.0
2.549,0.2184,0.317,0.8354,0.9995,-0.1497,816.0,751.0,11.0
0.06573,0.0799,0.3462,0.8833,0.9995,-0.499,1074.0,994.5,12.0
0.05704,0.07166,0.417,0.956,0.9995,-0.381,1249.0,950.5,13.0
0.05518,0.06586,0.39,0.888,0.9995,-0.4795,983.0,998.5,14.0
0.0861,0.0831,0.4346,0.943,0.9995,-0.3865,1010.0,1143.0,15.0
0.1136,0.06082,0.638,0.86,0.9995,-0.4685,754.5,899.0,1.0
0.07745,0.05783,0.4841,0.8516,0.9995,-0.668,697.0,1156.0,2.0
0.1239,0.03937,0.3303,0.88,0.9995,-0.1906,947.0,866.5,3.0
0.2998,0.04156,0.419,0.9077,0.9995,-0.535,656.5,986.0,4.0
2.809,0.1409,0.3945,0.6924,0.9995,-0.3357,917.5,1066.0,5.0
0.0597,0.0533,0.4146,0.8496,0.9995,-0.432,864.0,872.0,6.0
28.22,0.234,0.7256,0.3738,0.999,-0.0841,814.0,1392.0,7.0
0.12286,0.0479,0.4639,0.8633,0.9995,-0.535,676.5,957.0,8.0
0.0942,0.06305,0.4407,0.8125,0.9995,-0.552,827.5,1008.5,9.0
11.01,0.7593,0.693,0.997,0.999,-0.2488,1301.0,1651.0,10.0
0.07526,0.04913,0.482,0.8374,0.9995,-0.506,699.5,983.5,11.0
0.08856,0.07874,0.4548,0.893,0.9995,-0.631,950.0,935.5,12.0
5.71,0.4062,0.6006,0.9067,0.9995,-0.3984,1026.0,1359.0,13.0
0.0658,0.0597,0.2458,0.739,0.9995,-0.692,944.0,1136.0,14.0
0.06696,0.04865,0.4187,0.819,0.9995,-0.453,783.5,1045.0,15.0
0.1411,0.07306,0.4487,0.844,0.9995,-0.544,995.0,1031.0,1.0
0.09033,0.06415,0.4407,0.894,0.9995,-0.6694,922.0,1025.0,2.0
0.1019,0.05823,0.503,0.814,0.9995,-0.4663,1068.0,1146.0,3.0
0.4739,0.124,0.4143,0.896,0.9995,-0.703,919.0,1190.0,4.0
0.0888,0.0661,0.4807,0.875,0.9995,-0.413,994.5,1046.0,5.0
0.0718,0.07227,0.4043,0.944,0.9995,-0.5073,1147.0,901.5,6.0
0.2211,0.0983,0.4204,0.895,0.9995,-0.6143,995.0,1078.0,7.0
0.0915,0.059,0.4563,0.8745,0.9995,-0.653,1040.0,1108.0,8.0
4.723,0.258,0.4512,0.7563,0.9995,-0.3472,916.0,1237.0,9.0
0.09607,0.0685,0.559,0.8774,0.9995,-0.595,1006.0,1359.0,10.0
0.07227,0.0681,0.4639,0.9087,0.9995,-0.623,922.0,1254.0,11.0
0.0641,0.0895,0.3662,0.9414,0.9995,-0.4688,1216.0,828.5,12.0
0.04846,0.08307,0.3022,0.9336,0.9995,-0.4644,1227.0,526.0,13.0
0.0741,0.09344,0.325,0.9287,0.9995,-0.3958,1440.0,682.5,14.0
1.983,0.1667,0.4321,0.833,0.9995,-0.43,1033.0,1043.0,15.0
0.0952,0.0666,0.4565,0.8633,0.9995,-0.416,1064.0,906.5,1.0
0.0927,0.06287,0.5225,0.866,0.9995,-0.4177,1097.0,1005.5,2.0
0.2438,0.05814,0.529,0.7373,0.9995,-0.5215,662.5,1231.0,3.0
9.44,0.979,0.2018,0.72,1.0,-0.6514,882.5,1770.0,4.0
-0.0679,0.05707,0.277,0.942,0.9995,0.007267,1290.0,196.4,5.0
0.01804,0.0725,0.4556,0.9917,0.999,0.03943,1512.0,412.0,6.0
0.1089,0.04797,0.4258,0.882,0.9995,-0.409,942.0,1024.0,7.0
0.11945,0.0613,0.466,0.811,0.9995,-0.455,912.0,1019.0,8.0
0.07166,0.0632,0.433,0.862,0.9995,-0.3706,1079.0,842.0,9.0
0.02,0.05264,0.3782,0.9463,0.999,-0.05835,1223.0,351.5,10.0
-0.0189,0.0976,0.1947,0.959,0.999,-0.2378,1401.0,394.5,11.0
0.01791,0.08026,0.183,0.971,0.9995,-0.1704,1467.0,190.2,12.0
0.03223,0.0559,0.3865,0.938,0.9995,-0.1278,1113.0,476.0,13.0
0.05325,0.07227,0.353,0.881,0.9995,-0.4287,1174.0,830.0,14.0
0.03513,0.0702,0.3462,0.9204,0.9995,-0.256,1288.0,560.5,15.0
0.1582,0.05026,0.3823,0.8706,0.9995,-0.553,915.5,1651.0,1.0
0.1037,0.06934,0.426,0.8057,0.9995,-0.7236,402.5,1856.0,2.0
0.1155,0.0569,0.4985,0.783,0.9995,-0.5146,1306.0,1277.0,3.0
0.745,0.02971,0.35,0.935,0.9995,-0.7583,750.0,1260.0,4.0
0.0727,0.0617,0.3965,0.8687,0.9995,-0.5835,948.5,1391.0,5.0
0.1103,0.07874,0.3916,0.8994,0.9995,-0.9326,942.5,1735.0,6.0
8.02,0.1316,0.1945,0.715,1.0,0.6494,1264.0,239.4,7.0
0.04285,0.0882,0.2854,0.9033,1.0,-0.5293,1009.0,1730.0,8.0
0.1183,0.1175,0.3472,0.9204,1.0,-0.8584,799.0,1429.0,9.0
0.08344,0.0953,0.3542,0.894,0.9995,-0.7583,935.5,1447.0,10.0
0.2769,0.051,0.3647,0.895,0.9995,-0.674,919.0,1291.0,11.0
0.0759,0.0761,0.3904,0.8823,0.9995,-0.797,981.0,1525.0,12.0
0.05225,0.08545,0.3042,0.9487,1.0,-0.4575,1859.0,737.0,13.0
0.06396,0.07526,0.3823,0.878,0.9995,-0.674,1132.0,1294.0,14.0
0.05618,0.0496,0.5137,0.8403,0.9995,-0.3032,1677.0,826.0,15.0
