like1,parKperc,parKb,parKe,parCqq,parBias,parS_init,parG_init,chain
1.444,0.02757,0.1967,0.3372,1.0,-0.4973,1712.0,491.2,0.0
10000.0,0.8857,0.1549,0.0615,0.9995,-0.2769,1444.0,18.03,0.0
10000.0,0.786,0.926,0.311,0.9995,0.95,564.5,1994.0,0.0
5.586,0.888,0.8394,0.964,0.9995,0.2457,429.0,1467.0,0.0
9.4,0.1971,0.6006,0.8535,0.9995,0.7114,672.0,195.6,0.0
10000.0,0.4753,0.1973,0.03436,0.999,-0.7153,659.0,1531.0,0.0
51.28,0.516,0.5195,0.3875,0.9995,-0.675,1816.0,1942.0,0.0
12.34,0.09296,0.3853,0.7134,1.0,0.902,1884.0,1185.0,0.0
10000.0,0.2224,0.8457,0.2382,0.9995,0.08014,629.5,1710.0,0.0
0.2502,0.07056,0.938,0.645,0.9995,-0.8784,1183.0,70.7,0.0
1.636,0.8916,0.1617,0.811,1.0,-0.787,40.44,1665.0,0.0
2.734,0.635,0.3564,0.8286,0.9995,-0.6484,1201.0,1073.0,0.0
10000.0,0.7563,0.525,0.184,0.999,-0.3755,400.0,1850.0,0.0
33.78,0.885,0.743,0.59,0.999,0.228,1507.0,704.5,0.0
54.9,0.266,0.8486,0.3506,0.9995,0.05875,207.4,668.0,0.0
10000.0,0.995,0.7603,0.2568,0.9995,0.4846,151.6,1460.0,0.0
5.742,0.26,0.6333,0.63,0.999,-0.5117,1530.0,549.5,0.0
11.54,0.779,0.8228,0.883,0.9995,0.5405,1029.0,1778.0,0.0
10000.0,0.8145,0.3083,0.1545,0.9995,-0.7744,342.5,676.5,0.0
4.85,0.7085,0.588,0.863,1.0,-0.651,217.6,622.0,0.0
35.84,0.9707,0.5396,0.5273,0.9995,-0.2224,364.0,1733.0,0.0
0.4595,0.036,0.692,0.556,1.0,0.03008,1254.0,1328.0,0.0
10000.0,0.8467,0.4346,0.1439,0.999,-0.99,1321.0,92.7,0.0
14.47,0.4343,0.3933,0.722,1.0,0.8643,1550.0,991.5,0.0
10000.0,0.875,0.1785,0.3079,0.9995,-0.326,1365.0,105.06,0.0
10000.0,0.9307,0.9634,0.012276,1.0,-0.1368,923.0,914.5,0.0
18.84,0.2727,0.452,0.4883,0.9995,0.4211,611.5,1732.0,0.0
55.53,0.777,0.395,0.421,1.0,0.2294,555.5,1865.0,0.0
26.78,0.594,0.3452,0.4778,0.9995,0.08575,1008.5,1712.0,0.0
2.904,0.3447,0.2954,0.8438,0.9995,0.2269,881.5,1924.0,0.0
21.45,0.8677,0.6045,0.6553,0.9995,0.11224,1844.0,1475.0,0.0
48.97,0.3228,0.5366,0.3542,1.0,-0.4624,593.0,1753.0,0.0
10000.0,0.2512,0.3223,0.2075,0.9995,-0.1478,1649.0,15.195,0.0
11.93,0.9473,0.371,0.7056,1.0,-0.489,1572.0,1808.0,0.0
8.67,0.15,0.7217,0.682,0.9995,0.5728,1110.0,1586.0,0.0
75.06,0.702,0.2688,0.3577,0.9995,0.3196,1308.0,1101.0,0.0
10000.0,0.5474,0.624,0.2146,0.9995,-0.497,1567.0,251.5,0.0
25.39,0.924,0.833,0.7617,0.999,0.9204,638.0,1806.0,0.0
18.38,0.858,0.555,0.662,0.9995,-0.1743,527.5,238.1,0.0
3.928,0.4678,0.11255,0.8496,0.9995,0.301,480.5,409.0,0.0
4.133,0.273,0.646,0.7114,1.0,-0.2115,129.4,1369.0,0.0
9.68,0.4233,0.8306,0.914,0.999,0.6855,849.0,938.5,0.0
10000.0,0.388,0.4343,0.02727,0.9995,-0.03036,1554.0,1020.0,0.0
12.92,0.357,0.6953,0.5825,0.999,-0.10614,618.0,174.6,0.0
98.6,0.6475,0.4004,0.3357,1.0,0.8696,1148.0,1483.0,0.0
95.94,0.3145,0.5767,0.2722,0.999,-0.942,794.0,543.5,0.0
9.55,0.54,0.5073,0.871,0.999,0.6235,77.06,226.6,0.0
19.66,0.555,0.979,0.665,0.999,0.225,745.5,890.0,0.0
7.656,0.99,0.8403,0.945,0.9995,0.2683,1350.0,766.0,0.0
21.02,0.7314,0.7153,0.7646,1.0,0.995,1120.0,1739.0,0.0
0.43,0.262,0.8936,0.9663,0.999,-0.0311,267.5,513.5,0.0
12.21,0.01828,0.991,0.895,0.9995,0.9355,161.4,942.5,0.0
4.867,0.2852,0.827,0.7446,0.999,-0.1116,913.5,1956.0,0.0
52.2,0.1404,0.1464,0.2778,0.9995,-0.2878,1085.0,1149.0,0.0
10000.0,0.3137,0.471,0.0944,0.999,0.0568,1833.0,1603.0,0.0
16.17,0.1415,0.6562,0.3865,0.9995,-0.934,242.4,1787.0,0.0
10000.0,0.687,0.4282,0.2727,0.9995,0.998,363.0,831.5,0.0
10000.0,0.0815,0.7026,0.02441,0.999,0.6885,1825.0,1847.0,0.0
12.484,0.6504,0.626,0.6865,1.0,-0.579,194.0,710.0,0.0
10000.0,0.722,0.4187,0.1342,0.9995,0.5767,1669.0,601.0,0.0
5.527,0.7583,0.5767,0.9556,1.0,0.371,1030.0,846.5,0.0
0.4756,0.1348,0.406,0.6562,1.0,-0.6274,772.5,1047.0,0.0
10000.0,0.4324,0.17,0.1307,0.9995,0.814,747.0,975.5,0.0
57.78,0.603,0.374,0.3699,1.0,-0.6772,962.5,701.5,0.0
31.33,0.935,0.448,0.505,0.9995,-0.724,841.5,1712.0,0.0
10000.0,0.897,0.9785,0.105,0.999,0.52,1266.0,1063.0,0.0
24.88,0.872,0.992,0.7236,0.9995,-0.1707,1289.0,1026.0,0.0
21.11,0.4187,0.9136,0.5586,1.0,0.04663,38.72,1533.0,0.0
4.91,0.6675,0.4026,0.8,1.0,-0.4167,1312.0,285.8,0.0
9.03,0.617,0.268,0.764,0.9995,0.4434,184.4,312.0,0.0
10.25,0.1624,0.3657,0.4646,0.9995,0.01793,17.52,1955.0,0.0
0.2732,0.1942,0.759,0.928,0.9995,-0.11865,1452.0,352.0,0.0
2.91,0.3328,0.8535,0.8574,0.999,-0.1608,1698.0,726.0,0.0
10000.0,0.597,0.2103,0.2683,0.999,0.5894,1204.0,1468.0,0.0
10.016,0.747,0.2079,0.8735,0.999,0.6553,1283.0,1008.5,0.0
13.66,0.352,0.8413,0.727,0.9995,0.7373,1230.0,297.0,0.0
16.03,0.986,0.6885,0.8945,0.9995,0.894,890.5,492.8,0.0
35.72,0.779,0.2722,0.4946,1.0,0.93,1399.0,1655.0,0.0
6.773,0.6255,0.605,0.7866,0.9995,-0.823,1361.0,1211.0,0.0
10000.0,0.436,0.1439,0.1299,0.9995,-0.867,1781.0,1456.0,0.0
17.08,0.9224,0.2712,0.616,0.999,0.1875,1523.0,1618.0,0.0
21.17,0.1633,0.3252,0.3723,1.0,-0.2832,1751.0,967.5,0.0
10000.0,0.427,0.696,0.2284,1.0,0.8535,944.0,385.0,0.0
3.94,0.522,0.3213,0.773,0.999,-0.0162,560.5,1202.0,0.0
0.766,0.1473,0.853,0.8286,0.9995,-0.1019,966.0,1831.0,0.0
10000.0,0.745,0.8765,0.3147,1.0,-0.0968,1692.0,1582.0,0.0
10000.0,0.2079,0.3164,0.1473,0.9995,0.888,1130.0,1346.0,0.0
5.043,0.4744,0.4597,0.94,1.0,0.4028,48.56,1754.0,0.0
10000.0,0.0861,0.602,0.1863,0.999,-0.5913,379.8,488.0,0.0
12.05,0.0861,0.564,0.4456,1.0,0.414,299.2,915.0,0.0
5.016,0.577,0.4075,0.7334,0.9995,-0.841,1407.0,305.5,0.0
60.97,0.04266,0.847,0.2573,0.9995,0.667,379.8,1240.0,0.0
28.05,0.652,0.2754,0.4592,0.9995,-0.189,1106.0,357.5,0.0
14.56,0.3848,0.6904,0.575,0.9995,-0.02776,606.5,1516.0,0.0
26.39,0.795,0.741,0.63,0.9995,0.3247,1723.0,707.0,0.0
10000.0,0.6494,0.689,0.173,1.0,-0.2479,1617.0,650.0,0.0
10000.0,0.7334,0.5073,0.1498,0.9995,-0.3997,1245.0,588.5,0.0
8.04,0.578,0.3418,0.7017,0.999,0.1681,1593.0,1264.0,0.0
10000.0,0.0861,0.3733,0.02374,0.999,0.2903,1180.0,632.5,0.0
15.21,0.7334,0.341,0.8286,0.999,0.9146,253.0,1763.0,0.0
15.484,0.9565,0.4133,0.663,0.9995,-0.5854,1574.0,1984.0,0.0
11.055,0.6074,0.4875,0.6577,0.9995,-0.2422,186.8,497.0,0.0
10000.0,0.3848,0.8916,0.1893,0.9995,-0.3916,1750.0,1082.0,0.0
56.25,0.608,0.8975,0.441,0.999,0.02026,1280.0,1433.0,0.0
2.234,0.1686,0.2676,0.9316,1.0,0.2544,701.5,1414.0,0.0
12.68,0.8438,0.3784,0.898,0.9995,0.815,1718.0,631.5,0.0
10000.0,0.592,0.3113,0.137,0.999,0.683,1007.5,1923.0,0.0
0.2983,0.2534,0.6763,0.941,0.9995,0.013214,551.0,1255.0,0.0
10000.0,0.9175,0.7354,0.2018,0.9995,-0.2783,839.5,147.6,0.0
25.22,0.832,0.301,0.5806,0.999,0.779,1314.0,1745.0,0.0
45.75,0.5127,0.735,0.4358,1.0,0.00254,1800.0,1170.0,0.0
95.5,0.05252,0.6406,0.2267,0.9995,0.4856,1188.0,1935.0,0.0
0.732,0.2847,0.2341,0.9844,0.9995,-0.7646,1833.0,803.5,0.0
10000.0,0.3435,0.8174,0.1306,0.9995,0.7393,462.0,623.5,0.0
10000.0,0.4126,0.8643,0.03275,0.9995,-0.186,84.25,1641.0,0.0
23.81,0.7188,0.1616,0.4878,0.999,0.2734,441.2,1394.0,0.0
6.297,0.707,0.3708,0.7446,0.9995,-0.6465,1236.0,358.0,0.0
11.18,0.1802,0.503,0.873,0.9995,0.8413,1495.0,22.6,0.0
12.72,0.1033,0.86,0.916,1.0,0.962,1146.0,537.5,0.0
33.38,0.809,0.4055,0.5312,1.0,0.854,568.0,285.8,0.0
4.164,0.551,0.982,0.9297,1.0,-0.00926,170.5,54.8,0.0
10000.0,0.2556,0.3489,0.11835,0.999,-0.6924,818.5,1467.0,0.0
10000.0,0.6387,0.2079,0.09045,0.9995,0.4648,1674.0,751.0,0.0
10000.0,0.3494,0.4617,0.267,0.999,0.1477,1599.0,1696.0,0.0
8.92,0.0873,0.346,0.7153,1.0,0.678,265.2,1345.0,0.0
10000.0,0.3481,0.4236,0.10364,0.999,-0.8936,1330.0,1149.0,0.0
8.95,0.6,0.614,0.7197,0.999,-0.9766,1444.0,1613.0,0.0
10000.0,0.8667,0.3252,0.1755,1.0,0.007286,77.8,304.5,0.0
16.89,0.834,0.943,0.782,0.9995,-0.7134,106.6,699.5,0.0
10000.0,0.495,0.7305,0.0297,1.0,0.4595,1078.0,695.0,0.0
12.17,0.3787,0.8506,0.659,0.9995,0.2113,1011.0,421.2,0.0
12.23,0.7534,0.994,0.836,0.999,-0.4443,592.5,1974.0,0.0
1.782,0.1523,0.2213,0.7437,0.9995,0.177,518.0,847.0,0.0
10000.0,0.2034,0.642,0.04578,0.9995,-0.0585,574.0,1343.0,0.0
17.34,0.884,0.6553,0.7256,1.0,0.0214,881.5,1196.0,0.0
0.6704,0.3135,0.5137,0.872,1.0,-0.4446,280.8,1470.0,0.0
10000.0,0.571,0.9375,0.02994,0.9995,-0.3074,1671.0,35.34,0.0
0.732,0.145,0.2158,0.99,1.0,-0.7734,1333.0,485.0,0.0
10000.0,0.4998,0.8833,0.05994,0.999,-0.1539,283.5,1961.0,0.0
95.94,0.8213,0.613,0.3787,0.9995,0.8887,470.8,710.5,0.0
47.28,0.4473,0.7754,0.4338,0.999,0.5103,1634.0,1427.0,0.0
2.549,0.3735,0.693,0.8696,0.9995,0.02895,1638.0,1612.0,0.0
25.22,0.8657,0.739,0.667,0.999,0.374,752.5,1486.0,0.0
10000.0,0.7437,0.9614,0.254,0.9995,-0.4475,254.8,401.0,0.0
23.36,0.2344,0.9785,0.465,1.0,0.2028,12.99,625.5,0.0
19.53,0.1824,0.603,0.437,0.9995,0.1993,1142.0,1591.0,0.0
20.78,0.541,0.2253,0.5405,0.9995,0.7056,1553.0,285.2,0.0
17.22,0.373,0.8574,0.591,1.0,0.317,258.8,1634.0,0.0
90.0,0.4673,0.842,0.3513,0.9995,0.898,385.5,1462.0,0.0
58.3,0.015495,0.3367,0.252,1.0,0.5186,1201.0,513.0,0.0
21.16,0.2556,0.661,0.472,1.0,0.2893,1145.0,1114.0,0.0
1.852,0.738,0.8994,0.986,0.999,-0.7764,5.11,309.5,0.0
10000.0,0.6343,0.1884,0.2615,0.9995,0.4392,1230.0,1889.0,0.0
10000.0,0.949,0.99,0.2844,0.9995,-0.838,1734.0,1323.0,0.0
13.734,0.3245,0.2147,0.7456,0.9995,0.9233,829.5,819.5,0.0
10000.0,0.648,0.371,0.1552,0.999,-0.3926,974.0,617.0,0.0
10000.0,0.3535,0.2037,0.2186,0.9995,0.313,163.9,495.2,0.0
10000.0,0.35,0.563,0.07623,0.999,-0.397,774.0,1859.0,0.0
0.5073,0.2245,0.1034,0.72,0.9995,-0.5366,324.0,865.0,0.0
8.125,0.4885,0.903,0.838,1.0,0.3018,1035.0,1391.0,0.0
10000.0,0.3804,0.8003,0.03333,0.9995,-0.624,1885.0,1851.0,0.0
1.87,0.8354,0.1283,0.7236,0.999,-0.8496,124.4,758.0,0.0
6.86,0.0612,0.4304,0.555,0.999,0.4663,1281.0,1646.0,0.0
12.64,0.3613,0.6147,0.566,1.0,-0.2422,1040.0,250.0,0.0
10.664,0.5884,0.859,0.9937,0.9995,0.7935,304.0,651.0,0.0
10000.0,0.05362,0.726,0.10266,0.9995,-0.5576,1132.0,1484.0,0.0
4.375,0.664,0.4714,0.8145,1.0,-0.9287,1244.0,748.5,0.0
41.75,0.2668,0.369,0.364,0.9995,0.2544,1161.0,1631.0,0.0
1.737,0.4714,0.3755,0.8496,0.9995,-0.25,1435.0,717.5,0.0
10000.0,0.4612,0.7627,0.0523,0.9995,-0.3618,165.0,81.06,0.0
10.055,0.7964,0.9116,0.8545,0.999,-0.8286,956.5,425.2,0.0
27.27,0.694,0.667,0.555,0.999,0.09546,58.7,1513.0,0.0
0.2349,0.2367,0.278,0.9854,0.9995,0.004284,1772.0,1814.0,0.0
11.914,0.7065,0.888,0.9644,0.999,0.819,544.0,787.0,0.0
10000.0,0.9897,0.8574,0.1997,0.9995,-0.7344,1749.0,1165.0,0.0
26.61,0.1915,0.661,0.3853,0.9995,-0.354,771.0,1359.0,0.0
10000.0,0.3284,0.42,0.2133,0.999,0.6226,773.5,1070.0,0.0
58.88,0.105,0.6597,0.2917,0.999,0.8613,899.5,1596.0,0.0
10000.0,0.6724,0.972,0.2343,0.9995,0.507,1264.0,84.44,0.0
10000.0,0.6216,0.869,0.2474,1.0,-0.674,45.97,1835.0,0.0
44.97,0.975,0.2231,0.4429,0.9995,0.138,386.5,588.5,0.0
10000.0,0.0492,0.5503,0.188,1.0,0.502,1871.0,1113.0,0.0
4.69,0.1573,0.6177,0.7603,0.9995,0.3606,148.4,1252.0,0.0
31.1,0.702,0.587,0.5205,1.0,0.2668,1483.0,130.0,0.0
10000.0,0.974,0.649,0.1251,1.0,-0.8813,1293.0,121.44,0.0
14.76,0.678,0.642,0.6763,0.9995,-0.2313,385.8,782.5,0.0
10000.0,0.1385,0.8457,0.2267,0.9995,0.9033,647.5,1035.0,0.0
2.367,0.177,0.549,0.643,0.9995,-0.551,1220.0,412.8,0.0
10000.0,0.04617,0.411,0.03287,0.9995,0.4744,886.5,337.8,0.0
28.22,0.9917,0.629,0.611,0.999,-0.629,54.78,1004.0,0.0
10.266,0.2112,0.368,0.523,1.0,0.2157,1473.0,613.0,0.0
9.82,0.444,0.941,0.744,1.0,-0.2537,1472.0,1976.0,0.0
27.81,0.878,0.8584,0.6523,0.9995,-0.4863,853.5,526.0,0.0
10000.0,0.6465,0.4812,0.2333,1.0,-0.833,1122.0,856.0,0.0
97.4,0.548,0.5654,0.3267,1.0,0.3245,301.8,1194.0,0.0
10000.0,0.8203,0.6562,0.1777,0.999,-0.4048,1189.0,1683.0,0.0
10000.0,0.6484,0.8247,0.3174,0.9995,-0.8857,359.5,1744.0,0.0
10000.0,0.3813,0.576,0.1431,0.9995,0.9307,263.8,466.5,0.0
0.3774,0.06232,0.7935,0.689,0.9995,-0.0661,368.2,216.0,0.0
21.22,0.3887,0.933,0.629,1.0,0.8755,123.25,1370.0,0.0
1.08,0.1875,0.7026,0.7466,0.999,-0.8535,781.5,839.5,0.0
76.8,0.4768,0.331,0.3162,0.9995,-0.518,1452.0,241.2,0.0
43.5,0.3374,0.6143,0.3845,0.999,-0.2412,1000.5,1881.0,0.0
12.68,0.2483,0.827,0.733,0.9995,0.802,663.0,733.0,0.0
0.732,0.03061,0.2576,0.8975,0.9995,-0.7246,677.0,1629.0,0.0
15.664,0.863,0.774,0.868,1.0,0.795,1272.0,982.0,0.0
10000.0,0.902,0.54,0.3062,0.9995,-0.1462,980.5,60.2,0.0
0.455,0.2333,0.2717,0.8066,0.9995,0.0441,1780.0,5.55,0.0
1.809,0.3042,0.4988,0.756,0.999,-0.6553,1607.0,252.5,0.0
10.85,0.2196,0.792,0.982,0.9995,0.8354,930.0,676.0,0.0
26.72,0.3015,0.6377,0.4946,0.9995,0.875,66.56,80.5,0.0
1.523,0.0675,0.7163,0.6343,1.0,0.112,417.5,1929.0,0.0
10000.0,0.3467,0.45,0.1044,0.9995,-0.987,553.0,1964.0,0.0
0.1642,0.1852,0.3137,0.8945,1.0,-0.047,1795.0,856.5,0.0
10000.0,0.7363,0.4937,0.03314,1.0,0.5493,179.1,1265.0,0.0
0.181,0.06082,0.8203,0.66,0.999,-0.793,1810.0,0.1321,0.0
10000.0,0.7305,0.3071,0.2477,0.999,-0.2233,960.0,541.5,0.0
0.732,0.0888,0.3462,0.8657,0.9995,-0.711,563.5,1975.0,0.0
28.92,0.923,0.4163,0.513,0.9995,-0.5347,1073.0,552.0,0.0
36.16,0.04846,0.6147,0.2678,0.999,-0.7725,344.5,862.0,0.0
10000.0,0.9346,0.621,0.3484,0.9995,-0.906,122.5,948.5,0.0
75.75,0.5483,0.548,0.3643,1.0,0.4397,777.5,1241.0,0.0
10000.0,0.7505,0.631,0.079,0.999,-0.3015,1847.0,313.2,0.0
8.195,0.78,0.47,0.9805,0.9995,0.6094,1233.0,1072.0,0.0
6.633,0.2668,0.784,0.6284,1.0,-0.8765,826.5,1564.0,0.0
81.9,0.4019,0.9136,0.332,0.9995,-0.6514,1764.0,1296.0,0.0
10000.0,0.935,0.3618,0.06995,0.999,0.7246,1535.0,776.5,0.0
49.94,0.59,0.9526,0.4548,1.0,-0.4702,532.5,1644.0,0.0
10000.0,0.804,0.6777,0.06113,0.999,-0.315,1133.0,1639.0,0.0
25.28,0.8955,0.5273,0.6484,0.999,0.6904,1019.5,1510.0,0.0
10000.0,0.8335,0.631,0.1209,1.0,-0.2345,477.0,1979.0,0.0
4.395,0.4966,0.5703,0.7925,0.9995,-0.675,1112.0,330.5,0.0
6.707,0.1427,0.278,0.54,0.9995,0.2522,184.6,1105.0,0.0
68.3,0.9194,0.408,0.428,0.999,0.9937,1134.0,1499.0,0.0
10000.0,0.7183,0.8076,0.0744,0.9995,0.2383,1253.0,906.5,0.0
16.88,0.645,0.6606,0.7485,0.999,0.746,1771.0,709.5,0.0
3.3,0.11383,0.809,0.9673,0.9995,0.337,1150.0,1684.0,0.0
10000.0,0.9917,0.4988,0.08167,0.9995,0.02873,1712.0,234.8,0.0
53.6,0.5386,0.2827,0.3687,0.9995,-0.2708,1044.0,1078.0,0.0
5.285,0.2058,0.517,0.698,0.9995,0.3054,103.9,624.0,0.0
29.75,0.1903,0.8833,0.395,0.9995,0.01805,324.0,216.8,0.0
2.164,0.064,0.948,0.5366,0.9995,-0.2256,1793.0,637.0,0.0
10000.0,0.777,0.1859,0.072,1.0,-0.9307,277.5,933.0,0.0
47.94,0.591,0.499,0.4387,1.0,0.6,604.0,1045.0,0.0
16.17,0.2361,0.874,0.4941,0.999,-0.2393,1697.0,1994.0,0.0
5.895,0.9673,0.558,0.902,1.0,-0.2157,1057.0,835.0,0.0
15.34,0.5464,0.4158,0.634,1.0,0.537,452.5,1803.0,0.0
25.48,0.2472,0.3818,0.4426,0.9995,0.5923,442.8,980.5,0.0
0.176,0.435,0.2277,0.883,0.9995,-0.6514,1419.0,928.5,0.0
10000.0,0.5957,0.5996,0.308,0.9995,0.807,732.0,772.0,0.0
10000.0,0.575,0.6177,0.08813,0.999,0.4802,1419.0,719.0,0.0
27.33,0.2107,0.1041,0.3691,1.0,0.1802,1274.0,1583.0,0.0
11.55,0.5557,0.6455,0.8423,1.0,0.6763,1015.0,311.2,0.0
10000.0,0.998,0.3525,0.12286,0.9995,0.883,63.66,533.0,0.0
0.732,0.02057,0.695,0.7334,1.0,-0.4324,405.0,1085.0,0.0
17.28,0.2942,0.2712,0.52,0.9995,0.6206,1374.0,128.5,0.0
10000.0,0.0432,0.3884,0.1398,0.999,-0.758,998.0,938.5,0.0
28.33,0.9087,0.8057,0.6445,0.999,-0.3464,264.0,151.5,0.0
20.38,0.1121,0.51,0.38,0.9995,0.2139,229.5,1121.0,0.0
13.8,0.4238,0.2944,0.5674,0.9995,0.3945,482.5,1652.0,0.0
4.35,0.3318,0.785,0.871,0.9995,0.2864,1689.0,1487.0,0.0
62.34,0.6685,0.3906,0.3674,0.999,-0.8584,1041.0,1786.0,0.0
41.7,0.1886,0.5835,0.3672,1.0,0.7866,771.5,1796.0,0.0
5.24,0.5103,0.2659,0.6387,0.9995,-0.514,977.5,1229.0,0.0
17.97,0.1595,0.9336,0.4797,0.999,0.5273,769.0,544.0,0.0
82.8,0.663,0.843,0.3796,0.999,-0.594,1003.0,1103.0,0.0
0.752,0.9917,0.3303,0.9893,1.0,-0.1615,1849.0,346.0,0.0
10000.0,0.555,0.5776,0.136,1.0,-0.6064,1153.0,1077.0,0.0
25.33,0.309,0.7607,0.5225,0.9995,0.883,1280.0,1147.0,0.0
46.75,0.2072,0.518,0.3245,0.9995,-0.395,1624.0,377.8,0.0
1.1045,0.2164,0.4565,0.757,0.999,-0.2319,1792.0,1968.0,0.0
12.125,0.6377,0.897,0.8086,0.9995,0.2952,430.5,799.5,0.0
18.9,0.655,0.11334,0.552,1.0,0.6904,225.2,134.1,0.0
58.5,0.4365,0.3037,0.331,0.9995,-0.882,532.0,1933.0,0.0
19.45,0.866,0.1948,0.705,0.999,0.9917,1241.0,1026.0,0.0
10000.0,0.48,0.9116,0.2452,0.9995,0.7017,1677.0,482.2,0.0
10000.0,0.556,0.574,0.2634,0.9995,0.3594,40.22,408.2,0.0
10000.0,0.3806,0.4666,0.11896,0.9995,0.825,1096.0,183.8,0.0
6.035,0.069,0.4668,0.996,0.9995,0.522,553.5,456.8,0.0
19.25,0.9873,0.3481,0.5933,1.0,-0.552,1779.0,1195.0,0.0
12.28,0.1771,0.4465,0.5854,0.999,0.67,211.1,830.0,0.0
91.06,0.3884,0.8506,0.3088,0.999,-0.819,1041.0,285.8,0.0
35.47,0.2178,0.9316,0.4226,0.999,0.8115,786.0,387.2,0.0
12.56,0.879,0.328,0.9478,1.0,0.8687,1282.0,820.5,0.0
74.25,0.4668,0.149,0.3306,0.9995,0.828,1442.0,199.4,0.0
10.58,0.4944,0.534,0.678,0.9995,0.2438,484.2,917.0,0.0
10000.0,0.8037,0.958,0.05884,0.9995,-0.3809,1582.0,1097.0,0.0
10000.0,0.5093,0.567,0.2751,1.0,0.3264,985.0,1751.0,0.0
10000.0,0.5728,0.334,0.1833,0.999,0.661,56.16,1320.0,0.0
32.2,0.855,0.6914,0.5835,0.999,0.3086,1181.0,1763.0,0.0
10.38,0.1605,0.4438,0.828,0.9995,0.7812,798.0,1917.0,0.0
10000.0,0.3442,0.1578,0.08966,0.9995,-0.4473,690.0,992.5,0.0
10000.0,0.5396,0.782,0.3179,0.9995,-0.768,933.5,653.5,0.0
7.996,0.2347,0.279,0.4534,0.999,-0.9346,593.0,1177.0,0.0
10000.0,0.885,0.996,0.06494,0.999,0.9033,1368.0,1029.0,0.0
41.78,0.4102,0.979,0.4514,0.9995,0.2896,1786.0,560.0,0.0
21.89,0.645,0.1509,0.445,1.0,-0.572,1160.0,1066.0,0.0
10000.0,0.8643,0.38,0.1776,0.9995,-0.744,239.2,1274.0,0.0
34.38,0.6245,0.2021,0.3972,1.0,-0.997,998.5,134.2,0.0
10000.0,0.7036,0.5225,0.1578,0.999,-0.64,174.1,1149.0,0.0
22.64,0.9365,0.738,0.685,1.0,-0.561,1467.0,997.0,1.0
10000.0,0.85,0.3503,0.1971,0.999,-0.618,1870.0,1249.0,2.0
69.2,0.9463,0.974,0.498,1.0,0.806,949.5,345.2,3.0
31.0,0.754,0.7554,0.575,0.9995,0.2825,1038.0,771.0,4.0
10000.0,0.2299,0.512,0.06464,0.9995,-0.8657,31.44,307.0,5.0
13.69,0.2847,0.5864,0.5845,1.0,0.491,1098.0,734.5,6.0
0.2244,0.1171,0.315,0.767,0.9995,-0.299,1637.0,1200.0,7.0
17.47,0.704,0.4744,0.5806,0.9995,-0.4434,1152.0,885.0,8.0
7.27,0.186,0.7603,0.89,0.999,0.581,1243.0,1243.0,9.0
5.723,0.2976,0.5728,0.662,0.9995,-0.1599,1127.0,733.0,10.0
42.47,0.8467,0.632,0.4753,0.9995,-0.8896,1304.0,968.0,11.0
8.93,0.586,0.3877,0.671,0.9995,0.001957,1360.0,1380.0,12.0
13.03,0.629,0.6333,0.6772,1.0,-0.3542,1285.0,1072.0,13.0
3.324,0.4695,0.2452,0.6836,0.999,-0.376,1434.0,1549.0,14.0
7.027,0.4626,0.549,0.706,0.9995,-0.2085,1278.0,1112.0,15.0
18.98,0.4617,0.706,0.5493,0.9995,-0.2659,804.0,1161.0,1.0
8.02,0.1178,0.2339,0.3755,0.999,-0.905,1826.0,1199.0,2.0
3.254,0.1411,0.652,0.951,0.9995,0.3303,450.0,247.6,3.0
31.83,0.6616,0.5596,0.5083,0.999,0.3445,1556.0,1887.0,4.0
7.543,0.3442,0.6226,0.6597,0.9995,-0.1008,718.0,1090.0,5.0
19.75,0.7725,0.707,0.6523,0.999,-0.6543,1638.0,577.0,6.0
0.53,0.2456,0.2307,0.858,0.9995,-0.848,72.4,737.5,7.0
8.15,0.245,0.7144,0.606,0.9995,-0.01518,299.5,883.0,8.0
2.988,0.1996,0.4685,0.7925,0.9995,0.2479,637.5,1395.0,9.0
2.57,0.1893,0.3706,0.588,0.999,-0.6016,1214.0,1072.0,10.0
9.164,0.2615,0.676,0.582,0.9995,-0.1537,601.0,540.5,11.0
0.732,0.028,0.351,0.5366,0.9995,-0.9014,495.8,1714.0,12.0
4.555,0.2437,0.6226,0.7324,0.9995,0.2104,648.5,898.5,13.0
3.455,0.2296,0.5845,0.6797,0.9995,-0.2744,475.5,935.0,14.0
8.914,0.4817,0.57,0.6636,0.999,-0.528,1112.0,856.5,15.0
10000.0,0.5073,0.512,0.1779,1.0,-0.552,1251.0,149.2,1.0
0.1843,0.545,0.4253,0.985,0.999,-0.3882,691.0,626.0,2.0
57.53,0.611,0.884,0.4258,0.9995,-0.9053,882.0,980.0,3.0
4.746,0.1638,0.9067,0.6523,0.999,0.04276,560.0,761.5,4.0
0.2374,0.0936,0.715,0.6694,0.999,-0.9097,1886.0,114.1,5.0
16.78,0.8335,0.345,0.7183,1.0,0.701,1509.0,1421.0,6.0
13.945,0.5957,0.5938,0.656,0.9995,0.1092,1332.0,333.8,7.0
20.3,0.4333,0.7266,0.561,0.9995,0.3499,788.5,1095.0,8.0
5.676,0.8804,0.913,0.944,0.9995,-0.551,1232.0,661.5,9.0
11.18,0.51,0.702,0.7,0.9995,0.1271,838.5,895.0,10.0
8.02,0.4495,0.6426,0.7085,0.9995,-0.09155,1194.0,484.2,11.0
6.414,0.4011,0.5938,0.712,0.9995,-0.1063,906.0,827.5,12.0
0.5234,0.0706,0.6978,0.8325,0.999,-0.8115,1395.0,348.2,13.0
7.715,0.5586,0.511,0.755,0.9995,0.11957,1393.0,967.5,14.0
0.4233,0.10425,0.6978,0.8755,0.999,-0.837,1277.0,641.0,15.0
10000.0,0.6206,0.3545,0.3035,0.9995,-0.3286,486.8,458.2,1.0
8.92,0.5576,0.404,0.652,0.9995,-0.2131,532.0,586.0,2.0
13.2,0.986,0.7153,0.815,0.999,-0.541,545.5,1027.0,3.0
12.51,0.5933,0.754,0.722,0.9995,-0.01175,1288.0,1067.0,4.0
15.57,0.481,0.532,0.552,0.9995,-0.3567,1563.0,1594.0,5.0
10000.0,0.3567,0.2917,0.1311,0.999,-0.1394,1430.0,1836.0,6.0
16.67,0.749,0.281,0.5864,0.9995,0.2637,1883.0,533.0,7.0
10000.0,0.169,0.812,0.02888,0.9995,0.9087,1785.0,518.0,8.0
12.56,0.863,0.573,0.8257,0.9995,0.473,1375.0,1432.0,9.0
0.07556,0.1423,0.4333,0.8403,0.999,0.06586,1384.0,943.5,10.0
9.01,0.4812,0.415,0.686,0.9995,0.2805,1605.0,807.5,11.0
14.125,0.1812,0.782,0.4478,0.9995,-0.773,1239.0,1316.0,12.0
6.96,0.4355,0.6187,0.735,0.9995,0.05884,1264.0,1078.0,13.0
10.19,0.903,0.406,0.9966,0.999,0.752,1143.0,1728.0,14.0
10000.0,0.2191,0.4016,0.1385,1.0,0.6123,1546.0,1514.0,15.0
10.08,0.851,0.5454,0.793,0.9995,-0.2358,561.0,1110.0,1.0
10000.0,0.212,0.7593,0.1488,0.999,-0.7705,1647.0,1853.0,2.0
9.34,0.4907,0.1548,0.531,0.999,-0.1354,332.0,35.62,3.0
22.53,0.2297,0.11993,0.474,1.0,0.974,863.5,757.0,4.0
15.78,0.596,0.3677,0.5835,0.9995,0.2512,1426.0,1420.0,5.0
29.42,0.6504,0.7603,0.5405,0.9995,-0.0755,1837.0,263.2,6.0
10000.0,0.2101,0.1393,0.02083,0.9995,-0.972,984.5,755.5,7.0
18.38,0.688,0.599,0.633,0.9995,0.1505,975.5,1276.0,8.0
14.64,0.5103,0.647,0.618,0.9995,-0.05612,1313.0,512.0,9.0
14.91,0.3418,0.3228,0.4824,0.9995,-0.144,977.0,993.0,10.0
11.98,0.9688,0.986,0.8794,0.999,-0.8726,958.0,1256.0,11.0
3.396,0.303,0.7437,0.756,0.9995,-0.791,789.0,473.0,12.0
0.1783,0.1103,0.6416,0.7944,0.9995,-0.4846,262.0,661.5,13.0
3.334,0.3022,0.718,0.8564,0.9995,0.215,863.5,672.5,14.0
12.6,0.6104,0.613,0.678,0.9995,-0.1252,922.0,879.0,15.0
2.803,0.8394,0.815,0.9795,1.0,-0.2615,1327.0,1357.0,1.0
4.348,0.3691,0.2118,0.673,0.9995,0.1145,1805.0,707.0,2.0
14.39,0.9395,0.2827,0.6357,0.9995,-0.11414,426.8,704.5,3.0
17.25,0.46,0.588,0.533,0.9995,-0.5796,817.0,610.0,4.0
10000.0,0.522,0.4902,0.2544,0.9995,0.276,396.0,723.5,5.0
14.92,0.7124,0.6357,0.6953,0.9995,0.04,796.5,1183.0,6.0
12.23,0.959,0.855,0.9985,0.9995,0.86,751.5,1847.0,7.0
10000.0,0.29,0.7637,0.1987,0.9995,0.9487,75.75,8.695,8.0
0.9062,0.3262,0.157,0.8906,0.999,0.1342,1537.0,523.0,9.0
0.3992,0.599,0.1433,0.8643,1.0,-0.2428,877.5,609.0,10.0
4.023,0.0811,0.811,0.924,1.0,0.3857,131.1,1526.0,11.0
2.885,0.698,0.2595,0.7715,0.9995,-0.872,436.0,97.7,12.0
6.305,0.552,0.4917,0.7554,0.9995,-0.2343,575.0,716.0,13.0
10.33,0.7217,0.3796,0.642,1.0,-0.85,893.5,862.0,14.0
2.465,0.1151,0.1582,0.7285,1.0,0.2408,856.5,1071.0,15.0
2.05,0.664,0.3826,0.8916,1.0,-0.4038,1657.0,845.0,1.0
23.62,0.6294,0.53,0.5776,0.9995,0.604,778.0,848.0,2.0
8.125,0.3882,0.5005,0.7847,0.9995,0.483,639.0,950.5,3.0
10000.0,0.7725,0.5073,0.0935,1.0,-0.678,382.8,1498.0,4.0
27.11,0.6787,0.3018,0.5137,1.0,0.6,586.5,1864.0,5.0
26.56,0.4805,0.6494,0.5107,0.9995,0.2812,489.5,253.4,6.0
13.37,0.933,0.844,0.968,0.9995,0.8774,741.0,1658.0,7.0
8.97,0.5796,0.5522,0.9688,0.999,0.6714,841.5,1646.0,8.0
13.0,0.3125,0.701,0.5815,0.9995,0.2008,503.8,769.5,9.0
2.285,0.686,0.2832,0.881,0.999,-0.0244,153.6,1335.0,10.0
14.45,0.4,0.902,0.638,0.999,0.1576,1701.0,1402.0,11.0
7.406,0.6406,0.1393,0.8833,1.0,0.527,1238.0,1080.0,12.0
0.732,0.0289,0.3782,0.983,1.0,-0.1283,397.5,705.0,13.0
0.7817,0.4592,0.6934,0.9463,1.0,-0.7676,499.0,1250.0,14.0
3.506,0.3853,0.4834,0.839,0.9995,0.1951,743.0,982.5,15.0
18.84,0.508,0.9395,0.6157,0.9995,-0.7993,1540.0,9.75,1.0
10000.0,0.0931,0.929,0.11633,0.999,-0.995,185.5,1470.0,2.0
10000.0,0.8027,0.8965,0.237,1.0,0.3545,1797.0,760.5,3.0
10.69,0.3975,0.1482,0.6743,0.9995,0.6167,658.5,866.5,4.0
8.91,0.1372,0.9893,0.508,1.0,-0.2155,1491.0,1626.0,5.0
21.1,0.552,0.4512,0.526,0.9995,0.1298,674.5,1413.0,6.0
0.2438,0.4148,0.1403,0.694,0.9995,-0.812,841.5,954.5,7.0
2.666,0.1084,0.1006,0.9395,0.999,0.2568,1810.0,1200.0,8.0
6.992,0.556,0.618,0.83,0.9995,0.2578,903.5,1325.0,9.0
0.732,0.01199,0.697,0.9966,0.9995,-0.8267,1363.0,1908.0,10.0
8.8,0.4104,0.481,0.6323,0.9995,-0.06204,727.0,1210.0,11.0
10.35,0.2815,0.715,0.6245,0.9995,0.2812,1151.0,1070.0,12.0
0.4543,0.1304,0.978,0.971,0.9995,-0.7417,1147.0,351.8,13.0
1.176,0.3157,0.7,0.874,1.0,-0.6406,421.0,719.5,14.0
1.56,0.6904,0.365,0.918,0.9995,-0.3164,1619.0,440.0,15.0
10000.0,0.511,0.9785,0.2947,1.0,-0.863,268.0,357.8,1.0
40.97,0.7124,0.958,0.523,0.9995,-0.6655,924.0,731.5,2.0
10000.0,0.2385,0.4385,0.1536,0.999,-0.7817,136.6,610.5,3.0
20.06,0.4805,0.8765,0.589,0.999,-0.09467,87.8,1919.0,4.0
10000.0,0.95,0.515,0.1539,1.0,0.2423,563.0,730.0,5.0
0.1946,0.382,0.4727,0.9575,0.9995,-0.3762,757.0,727.5,6.0
15.6,0.8467,0.2866,0.6567,0.9995,0.392,414.5,421.2,7.0
35.1,0.791,0.965,0.6426,0.9995,0.9155,389.2,409.8,8.0
15.75,0.7705,0.3652,0.5625,0.9995,-0.868,1287.0,606.0,9.0
10.48,0.7236,0.454,0.703,0.9995,-0.3164,1434.0,1035.0,10.0
13.59,0.707,0.682,0.7744,0.999,0.4097,884.5,1220.0,11.0
4.21,0.9756,0.3716,0.8906,0.9995,-0.3162,645.5,300.5,12.0
9.54,0.6885,0.4375,0.7554,0.9995,0.2186,721.5,577.0,13.0
12.35,0.1602,0.3887,0.6885,0.999,0.8486,1399.0,1468.0,14.0
7.773,0.392,0.4617,0.78,0.9995,0.4575,1134.0,1058.0,15.0
3.27,0.6304,0.5127,0.862,0.9995,-0.7217,879.5,579.0,1.0
10000.0,0.2415,0.783,0.04156,0.999,-0.737,1034.0,24.3,2.0
10000.0,0.8926,0.8364,0.3691,0.999,0.7866,1440.0,1802.0,3.0
9.43,0.325,0.1832,0.8926,0.999,0.714,155.1,143.1,4.0
30.6,0.604,0.9624,0.5557,0.999,-0.4785,1687.0,1790.0,5.0
10000.0,0.4885,0.678,0.2129,0.9995,-0.2908,1399.0,483.2,6.0
5.832,0.9253,0.741,0.9727,0.999,0.3416,842.5,712.0,7.0
10.81,0.6963,0.3723,0.773,0.999,0.4697,998.0,772.0,8.0
3.951,0.1059,0.8564,0.566,1.0,-0.1353,283.0,491.0,9.0
15.84,0.6875,0.4446,0.6855,0.9995,0.5664,1023.0,1177.0,10.0
14.97,0.611,0.46,0.585,0.9995,-0.3242,950.5,692.0,11.0
0.1957,0.11786,0.727,0.8257,0.9995,-0.6753,580.5,199.1,12.0
82.06,0.823,0.5117,0.3813,0.9995,0.2334,1029.0,1575.0,13.0
7.06,0.4023,0.6377,0.713,0.9995,0.006176,695.0,995.0,14.0
4.176,0.409,0.4062,0.8516,0.9995,0.2788,521.5,355.0,15.0
0.9893,0.7173,0.3083,0.975,0.999,0.1008,630.0,1321.0,1.0
10000.0,0.3887,0.777,0.1287,0.999,0.6455,953.0,552.5,2.0
2.168,0.5146,0.6284,0.8877,0.9995,-0.878,1365.0,870.0,3.0
10000.0,0.8174,0.111,0.2537,0.999,-0.41,955.5,796.0,4.0
13.305,0.6733,0.57,0.685,0.9995,0.01382,1326.0,925.0,5.0
0.3137,0.147,0.424,0.89,1.0,-0.3826,1486.0,683.5,6.0
36.28,0.316,0.6636,0.4019,0.999,-0.3623,236.0,107.7,7.0
9.195,0.3274,0.629,0.5874,0.9995,-0.743,510.5,567.5,8.0
10.16,0.353,0.5283,0.593,0.9995,-0.05463,1044.0,1232.0,9.0
7.81,0.562,0.5146,0.7246,0.9995,-0.2476,1147.0,879.0,10.0
9.836,0.586,0.54,0.69,0.9995,-0.318,766.5,890.5,11.0
0.316,0.3823,0.3467,0.879,0.9995,-0.558,1351.0,865.0,12.0
4.41,0.7485,0.2869,0.7915,1.0,-0.3794,918.0,445.0,13.0
24.45,0.8564,0.1617,0.5903,0.999,0.979,1826.0,1124.0,14.0
0.2148,0.5596,0.2761,0.951,0.9995,-0.74,749.0,473.8,15.0
7.598,0.171,0.497,0.6577,0.9995,0.4592,627.5,1203.0,1.0
20.42,0.539,0.805,0.585,0.999,-0.4739,1655.0,37.7,2.0
12.38,0.4185,0.7217,0.6226,0.9995,-0.2605,1237.0,594.5,3.0
0.2476,0.1864,0.1603,0.7524,1.0,-0.3145,1019.0,1570.0,4.0
10000.0,0.55,0.266,0.2026,0.9995,-0.8623,1821.0,263.0,5.0
6.703,0.1852,0.791,0.9595,0.9995,0.5586,166.9,1793.0,6.0
7.188,0.3113,0.645,0.649,0.9995,-0.181,1056.0,924.0,7.0
6.086,0.1827,0.5693,0.595,1.0,0.1096,599.5,1125.0,8.0
1.613,0.2622,0.886,0.859,0.999,-0.592,1745.0,749.5,9.0
8.71,0.5273,0.64,0.9204,0.9995,0.612,1802.0,132.4,10.0
8.195,0.501,0.4653,0.7812,0.9995,0.3958,669.0,1447.0,11.0
4.85,0.3691,0.6006,0.8174,0.9995,0.2496,1373.0,643.5,12.0
0.1542,0.11444,0.5605,0.865,1.0,-0.01561,700.0,1554.0,13.0
0.3716,0.2124,0.6157,0.8584,1.0,-0.4912,829.5,1506.0,14.0
5.625,0.1499,0.589,0.522,0.9995,-0.472,597.0,1143.0,15.0
16.2,0.9434,0.948,0.824,0.9995,-0.38,144.5,1715.0,1.0
9.29,0.364,0.701,0.6284,1.0,-0.6553,917.5,1691.0,2.0
13.56,0.4114,0.545,0.6274,0.9995,0.4446,263.0,621.5,3.0
19.38,0.07385,0.988,0.3574,1.0,0.1755,579.0,1846.0,4.0
10.37,0.675,0.6577,0.765,0.9995,-0.1918,345.2,1424.0,5.0
12.93,0.2622,0.6743,0.5415,1.0,0.119,521.5,1471.0,6.0
9.86,0.259,0.51,0.55,0.9995,0.01913,416.0,1196.0,7.0
1.977,0.3289,0.544,0.7856,1.0,-0.6436,781.5,1910.0,8.0
10000.0,0.789,0.5503,0.0569,1.0,-0.8574,677.0,1062.0,9.0
10000.0,0.02866,0.756,0.2025,0.9995,-0.3098,1832.0,8.85,10.0
0.4482,0.6514,0.2998,0.9565,0.9995,-0.2153,575.0,896.5,11.0
0.732,0.0416,0.11145,0.7236,0.9995,-0.4626,996.0,1204.0,12.0
29.78,0.3245,0.1554,0.3535,0.9995,-0.888,397.8,170.0,13.0
4.426,0.984,0.27,0.8755,1.0,0.04456,1800.0,492.8,14.0
5.754,0.516,0.6123,0.8057,0.9995,-0.01063,650.5,1005.0,15.0
14.336,0.4722,0.3362,0.725,0.9995,0.8477,301.0,1268.0,1.0
10000.0,0.2175,0.10767,0.08875,0.9995,0.7925,1800.0,1908.0,2.0
11.42,0.7905,0.9263,0.969,0.9995,0.765,370.5,75.1,3.0
83.25,0.649,0.8145,0.3774,0.999,-0.221,1835.0,234.0,4.0
1.328,0.3425,0.4824,0.8223,1.0,-0.5156,1482.0,1833.0,5.0
0.6187,0.464,0.112,0.893,0.9995,-0.747,537.5,1943.0,6.0
10000.0,0.901,0.9526,0.3457,0.9995,-0.479,1697.0,1830.0,7.0
9.06,0.48,0.3215,0.65,0.9995,0.232,1169.0,823.5,8.0
17.06,0.4944,0.65,0.578,0.9995,-0.128,1293.0,639.0,9.0
0.1786,0.3374,0.2666,0.9146,0.9995,-0.0676,503.0,1131.0,10.0
7.58,0.4426,0.39,0.646,0.9995,-0.05063,847.0,1399.0,11.0
0.5586,0.4937,0.4866,0.935,0.9995,-0.6143,658.5,338.5,12.0
7.645,0.6357,0.4392,0.729,0.9995,-0.3232,1116.0,1349.0,13.0
3.984,0.4397,0.5225,0.74,1.0,-0.963,440.0,1502.0,14.0
6.27,0.5815,0.7046,0.8667,0.9995,0.2258,593.0,568.0,15.0
12.79,0.07306,0.568,0.9326,0.9995,0.9697,1370.0,1715.0,1.0
10000.0,0.452,0.841,0.229,0.9995,0.88,476.5,1499.0,2.0
93.06,0.341,0.506,0.2869,1.0,-0.2054,859.0,637.0,3.0
15.44,0.542,0.533,0.582,0.9995,-0.226,1051.0,1449.0,4.0
22.1,0.6045,0.3347,0.5176,0.9995,0.2747,1569.0,830.5,5.0
0.732,0.4297,0.1399,0.9893,0.999,-0.5522,1294.0,56.53,6.0
3.064,0.975,0.2097,0.9893,0.9995,0.2664,1703.0,80.44,7.0
31.14,0.635,0.4424,0.4583,0.9995,-0.6543,120.75,1612.0,8.0
6.42,0.4973,0.509,0.744,0.9995,-0.0219,1063.0,1126.0,9.0
10.6,0.548,0.468,0.635,0.9995,-0.3064,566.0,1219.0,10.0
3.959,0.0762,0.984,0.528,0.999,-0.00993,829.0,1415.0,11.0
13.11,0.6606,0.571,0.656,0.9995,-0.6934,946.5,1592.0,12.0
5.684,0.2328,0.7676,0.8623,0.9995,0.4429,649.5,915.5,13.0
5.43,0.4937,0.5254,0.8506,0.9995,0.2866,607.0,557.5,14.0
10.3,0.6084,0.6836,0.721,0.9995,-0.9316,473.8,138.4,15.0
10000.0,0.8525,0.8433,0.3372,0.9995,0.4978,299.2,1600.0,1.0
10000.0,0.3462,0.9766,0.066,0.9995,-0.7227,1478.0,1903.0,2.0
4.695,0.734,0.2251,0.748,0.9995,-0.2695,545.0,983.5,3.0
21.12,0.698,0.4558,0.591,0.9995,0.4624,925.0,1407.0,4.0
27.17,0.7144,0.7017,0.56,0.999,-0.2966,701.5,372.5,5.0
1.666,0.2295,0.879,0.8184,0.9995,-0.7065,1288.0,640.5,6.0
31.86,0.2404,0.7705,0.4106,0.999,0.1389,1268.0,551.5,7.0
12.43,0.1646,0.4731,0.4377,0.9995,-0.2969,366.8,1780.0,8.0
11.79,0.3425,0.3647,0.532,0.9995,-0.01604,993.5,1314.0,9.0
0.1528,0.04163,0.5063,0.4832,0.999,-0.8237,1395.0,1349.0,10.0
11.34,0.1954,0.1278,0.444,0.9995,0.04068,531.5,1711.0,11.0
9.94,0.1869,0.4368,0.989,0.9995,0.7773,1195.0,685.0,12.0
5.93,0.3499,0.4126,0.655,0.9995,-0.0129,898.0,1283.0,13.0
2.447,0.3064,0.4966,0.8984,0.9995,0.2285,1053.0,919.5,14.0
10000.0,0.522,0.4817,0.02736,1.0,-0.2566,573.5,1628.0,15.0
10000.0,0.8174,0.439,0.3496,1.0,0.721,133.6,1506.0,1.0
0.546,0.0658,0.7515,0.901,0.9995,-0.5596,1686.0,493.0,2.0
10000.0,0.5063,0.10034,0.2764,0.999,0.6484,1731.0,1354.0,3.0
20.19,0.3938,0.3755,0.4985,0.9995,0.3093,1260.0,700.0,4.0
0.4573,0.2515,0.4216,0.976,0.999,-0.5264,1027.0,1300.0,5.0
10000.0,0.5054,0.3481,0.02107,0.9995,-0.6943,479.0,1572.0,6.0
26.56,0.9087,0.1455,0.4702,0.9995,-0.0877,1120.0,1349.0,7.0
10000.0,0.958,0.701,0.3704,1.0,-0.531,1626.0,1858.0,8.0
20.72,0.4995,0.3804,0.536,0.999,0.5054,1045.0,1816.0,9.0
4.91,0.7603,0.498,0.934,0.9995,0.2905,1791.0,582.0,10.0
22.6,0.05896,0.694,0.3062,0.9995,-0.3281,928.5,257.2,11.0
7.637,0.3616,0.4727,0.6504,0.9995,0.1072,1244.0,896.5,12.0
12.67,0.581,0.6875,0.6777,0.9995,-0.3835,986.5,869.5,13.0
6.09,0.1698,0.602,0.549,0.9995,-0.2527,1039.0,602.0,14.0
5.74,0.2537,0.5317,0.6772,0.9995,0.213,805.0,872.0,15.0
30.48,0.0647,0.3967,0.3213,0.9995,0.6978,1197.0,1287.0,1.0
0.55,0.4268,0.1539,0.946,0.999,-0.543,763.0,682.5,2.0
2.588,0.5435,0.3088,0.7573,0.9995,-0.7964,238.9,403.8,3.0
5.11,0.951,0.7905,0.94,0.999,-0.8633,1057.0,1787.0,4.0
11.26,0.8813,0.578,0.787,1.0,-0.3254,150.0,1849.0,5.0
12.58,0.06805,0.991,0.555,0.999,0.819,1859.0,1568.0,6.0
7.074,0.3103,0.581,0.6157,0.9995,-0.585,745.0,1392.0,7.0
7.64,0.3132,0.457,0.5938,0.9995,-0.2188,1563.0,1006.0,8.0
3.219,0.646,0.3525,0.865,0.999,0.04688,1170.0,978.0,9.0
4.426,0.2751,0.83,0.9087,0.9995,0.364,339.2,757.5,10.0
4.254,0.1353,0.611,0.857,1.0,0.3833,53.16,662.0,11.0
4.984,0.4084,0.51,0.719,0.9995,-0.3237,1259.0,975.0,12.0
3.516,0.674,0.6113,0.8975,0.9995,-0.586,1030.0,1267.0,13.0
5.16,0.675,0.507,0.838,0.9995,-0.2717,464.5,1290.0,14.0
3.74,0.684,0.513,0.881,0.9995,-0.3071,1019.5,812.0,15.0
17.73,0.9067,0.2377,0.737,0.9995,0.8677,1170.0,500.5,1.0
10000.0,0.1196,0.14,0.1744,0.999,0.10297,1143.0,1852.0,2.0
5.7,0.2844,0.9946,0.851,1.0,0.3591,1054.0,530.0,3.0
10000.0,0.673,0.3657,0.1344,0.9995,-0.0447,904.0,44.9,4.0
10000.0,0.5137,0.2007,0.10486,0.999,-0.12244,1891.0,350.5,5.0
93.06,0.628,0.605,0.3381,0.9995,-0.3198,50.16,1279.0,6.0
32.97,0.8423,0.1075,0.468,0.9995,0.579,1725.0,1542.0,7.0
0.2128,0.5,0.2673,0.9287,0.9995,-0.36,213.8,1164.0,8.0
0.3872,0.0553,0.2585,0.643,0.9995,-0.3032,593.0,1693.0,9.0
0.732,0.1732,0.1549,0.9355,0.999,-0.963,49.5,1295.0,10.0
7.555,0.8574,0.452,0.8247,0.999,-0.04645,190.9,168.1,11.0
10000.0,0.301,0.5903,0.1292,1.0,-0.1503,306.0,1644.0,12.0
47.75,0.9985,0.4387,0.481,0.999,0.603,912.5,200.1,13.0
2.963,0.1377,0.992,0.8926,0.9995,0.297,1420.0,1790.0,14.0
7.13,0.5044,0.622,0.7974,0.9995,0.2195,1278.0,832.5,15.0
0.732,0.01232,0.5815,0.8325,0.9995,-0.1864,1460.0,1365.0,1.0
11.984,0.026,0.6934,0.9707,0.9995,0.9204,646.5,956.5,2.0
0.5522,0.11066,0.2357,0.6523,1.0,0.01099,1227.0,1280.0,3.0
30.22,0.9614,0.6157,0.636,0.999,0.6865,1166.0,1072.0,4.0
0.805,0.1904,0.3708,0.9307,0.9995,0.151,14.336,1219.0,5.0
12.99,0.676,0.507,0.7456,0.9995,0.4797,994.0,1041.0,6.0
10000.0,0.7295,0.6895,0.1367,0.9995,-0.573,1583.0,258.0,7.0
9.8,0.1337,0.2274,0.734,0.999,0.7236,448.5,1903.0,8.0
7.043,0.5957,0.6304,0.7974,0.9995,-0.2693,492.5,875.0,9.0
9.055,0.666,0.4873,0.7563,0.9995,0.1071,1408.0,1188.0,10.0
0.3662,0.195,0.244,0.778,1.0,-0.7466,938.5,841.5,11.0
3.57,0.272,0.301,0.773,0.9995,0.2568,805.0,1423.0,12.0
4.906,0.5674,0.4707,0.839,1.0,0.1545,1013.5,1826.0,13.0
3.295,0.553,0.333,0.7876,0.9995,-0.3257,1070.0,703.5,14.0
3.172,0.679,0.4631,0.9595,1.0,0.2388,1651.0,1290.0,15.0
8.664,0.5703,0.525,0.714,0.9995,-0.1711,1154.0,837.5,1.0
4.117,0.497,0.4949,0.8145,0.9995,-0.05023,999.5,834.5,2.0
4.242,0.4883,0.3394,0.8926,0.9995,0.3162,965.0,950.5,3.0
5.336,0.4377,0.588,0.7603,0.9995,-0.2113,955.5,900.5,4.0
0.2664,0.0842,0.758,0.974,0.9995,0.007607,779.0,440.0,5.0
2.0,0.2334,0.5454,0.9355,0.9995,0.231,778.0,559.0,6.0
2.2,0.5215,0.4841,0.9263,0.9995,0.1432,1284.0,725.0,7.0
4.1,0.4878,0.5815,0.811,0.9995,-0.4883,732.0,487.8,8.0
10000.0,0.6274,0.547,0.2085,1.0,-0.2278,716.0,344.8,9.0
1.881,0.3918,0.5493,0.864,0.9995,-0.1971,791.5,681.0,10.0
0.162,0.2195,0.4485,0.934,0.9995,-0.02026,847.5,663.0,11.0
2.088,0.3433,0.537,0.837,0.9995,-0.02422,956.0,784.5,12.0
11.25,0.23,0.1261,0.3933,0.999,-0.855,827.0,1184.0,13.0
3.25,0.257,0.3857,0.6343,0.9995,-0.497,820.5,907.0,14.0
1.57,0.4407,0.4417,0.896,0.9995,0.06573,987.5,903.5,15.0
11.375,0.8496,0.4102,0.914,0.999,0.738,1363.0,1377.0,1.0
5.4,0.5903,0.471,0.831,0.9995,0.1526,1222.0,1123.0,2.0
8.19,0.6035,0.366,0.768,0.9995,0.3218,1169.0,670.5,3.0
2.654,0.212,0.4998,0.698,0.9995,-0.04016,870.0,941.5,4.0
10.57,0.2053,0.283,0.554,0.999,0.461,202.8,837.5,5.0
3.758,0.2284,0.353,0.65,0.9995,0.066,754.0,891.5,6.0
4.836,0.4448,0.5337,0.7383,0.9995,-0.6084,1300.0,1278.0,7.0
0.2206,0.3108,0.2554,0.8745,0.999,-0.5674,1870.0,829.0,8.0
5.254,0.4678,0.3904,0.6772,0.9995,-0.5923,1083.0,949.0,9.0
0.3384,0.1669,0.3066,0.8276,0.999,-0.5503,1515.0,860.5,10.0
0.1469,0.1223,0.156,0.9404,0.9995,0.05005,1421.0,265.2,11.0
4.855,0.4243,0.10706,0.8813,0.999,0.3828,5.984,1558.0,12.0
0.3682,0.5376,0.1104,0.8,0.9995,-0.96,111.7,343.0,13.0
2.861,0.4153,0.4185,0.796,0.9995,-0.098,1299.0,1020.5,14.0
0.732,0.1865,0.1888,0.917,0.9995,-0.7866,1729.0,624.0,15.0
8.04,0.4421,0.7876,0.9404,0.9995,0.5947,1663.0,1040.0,1.0
7.07,0.6777,0.4817,0.7837,0.9995,-0.2207,661.5,574.0,2.0
3.166,0.5176,0.4832,0.898,0.999,0.1835,881.5,1210.0,3.0
4.844,0.3916,0.5093,0.7153,0.9995,-0.324,980.5,652.5,4.0
0.1791,0.4033,0.318,0.9736,0.9995,-0.174,1073.0,1238.0,5.0
3.363,0.4136,0.5933,0.916,0.9995,0.2593,1283.0,1110.0,6.0
10000.0,0.7017,0.2917,0.04828,0.999,0.9155,1354.0,1197.0,7.0
2.232,0.4036,0.4546,0.8164,0.9995,-0.2854,918.5,848.5,8.0
0.732,0.0468,0.4001,0.957,0.9995,-0.9863,1178.0,56.34,9.0
1.078,0.4814,0.4482,0.8965,0.9995,-0.5034,889.0,774.0,10.0
2.389,0.4922,0.4233,0.8223,0.9995,-0.535,1211.0,605.0,11.0
1.842,0.639,0.4053,0.9077,0.9995,-0.2852,786.0,613.5,12.0
1.124,0.4277,0.4211,0.874,0.9995,-0.3584,928.0,796.0,13.0
0.6377,0.11475,0.4143,0.944,0.9995,-0.501,1065.0,1143.0,14.0
0.732,0.08295,0.3179,0.9204,1.0,-0.9346,1082.0,524.5,15.0
3.58,0.4214,0.3806,0.7485,0.9995,-0.1169,790.5,1193.0,1.0
1.818,0.977,0.3267,0.959,0.9995,-0.052,417.0,1752.0,2.0
1.375,0.2966,0.49,0.8423,0.9995,0.0369,451.2,868.0,3.0
10000.0,0.563,0.5225,0.2615,0.999,-0.01941,739.0,1450.0,4.0
0.286,0.3125,0.2441,0.755,0.999,-0.638,1355.0,1621.0,5.0
1.709,0.2246,0.29,0.6206,0.999,-0.6226,536.5,918.0,6.0
0.4832,0.1965,0.3171,0.9556,0.9995,-0.3489,1185.0,1080.0,7.0
4.055,0.48,0.3562,0.761,0.9995,-0.02324,1134.0,1086.0,8.0
10.664,0.964,0.2822,0.9795,0.9995,0.7676,666.5,627.5,9.0
1.63,0.447,0.297,0.8315,1.0,-0.0744,1651.0,134.4,10.0
1.618,0.6377,0.3403,0.9023,0.9995,-0.2169,762.5,1400.0,11.0
0.3284,0.1725,0.3613,0.855,0.9995,-0.6,781.0,1482.0,12.0
0.62,0.255,0.31,0.7373,0.9995,-0.4944,787.5,1041.0,13.0
0.865,0.3633,0.3286,0.825,0.9995,-0.3157,1296.0,660.5,14.0
0.732,0.142,0.1534,0.9194,0.9995,-0.837,1465.0,1105.0,15.0
5.543,0.2957,0.611,0.6855,0.9995,-0.006824,798.5,989.5,1.0
4.555,0.4626,0.3853,0.7725,0.9995,0.1158,649.0,652.0,2.0
0.1661,0.176,0.3518,0.7944,0.9995,-0.3276,1762.0,1416.0,3.0
6.664,0.392,0.4116,0.6665,0.9995,0.0683,1091.0,1504.0,4.0
0.385,0.2927,0.4124,0.9546,1.0,-0.7266,1296.0,1149.0,5.0
1.67,0.3147,0.329,0.748,0.9995,-0.1874,1517.0,985.5,6.0
0.732,0.1844,0.11035,0.999,0.9995,-0.9863,838.5,173.4,7.0
1.458,0.4539,0.4678,0.8384,0.9995,-0.99,723.5,205.8,8.0
0.499,0.3577,0.4258,0.856,0.9995,-0.771,948.5,718.0,9.0
2.012,0.3218,0.4148,0.7617,0.9995,-0.2421,1218.0,1007.0,10.0
3.7,0.4539,0.632,0.9033,0.9995,0.2375,700.0,894.5,11.0
0.617,0.2201,0.3044,0.9224,0.9995,-0.8,1384.0,1191.0,12.0
3.197,0.619,0.2612,0.97,1.0,0.2888,653.5,272.8,13.0
0.5303,0.2299,0.4421,0.77,0.9995,-0.612,1176.0,709.5,14.0
0.4644,0.4343,0.3176,0.9146,0.9995,-0.1432,977.5,697.0,15.0
0.3188,0.114,0.528,0.88,0.9995,-0.3943,1136.0,1450.0,1.0
1.972,0.04736,0.401,0.9146,0.999,0.2427,1245.0,877.5,2.0
0.697,0.757,0.475,0.9644,0.999,-0.8486,17.66,1302.0,3.0
4.188,0.4778,0.4841,0.7734,0.9995,-0.4236,966.5,1272.0,4.0
91.7,0.711,0.412,0.325,0.999,-0.917,1530.0,1741.0,5.0
2.027,0.359,0.5513,0.8223,0.9995,-0.4285,813.5,1149.0,6.0
2.83,0.3774,0.4292,0.742,0.9995,-0.4617,997.5,1252.0,7.0
1.551,0.2612,0.6777,0.849,0.9995,0.03065,1236.0,1179.0,8.0
4.215,0.432,0.5327,0.786,0.9995,-0.10596,1078.0,1046.0,9.0
0.732,0.1165,0.6294,0.9863,0.999,-0.6724,602.0,1402.0,10.0
1.621,0.3284,0.484,0.8086,0.9995,-0.3489,910.5,1164.0,11.0
2.97,0.05414,0.4253,0.3853,0.9995,-0.68,930.5,1504.0,12.0
0.357,0.205,0.56,0.8857,0.9995,-0.04077,970.5,1009.5,13.0
1.069,0.423,0.887,0.9565,1.0,-0.638,258.0,1699.0,14.0
0.654,0.1027,0.532,0.6235,0.9995,-0.5854,827.0,1289.0,15.0
10.67,0.5674,0.501,0.706,0.9995,0.2825,852.0,1128.0,1.0
5.46,0.607,0.618,0.857,0.9995,0.09503,1108.0,1015.0,2.0
5.406,0.1991,0.4666,0.8237,0.9995,0.4338,1136.0,560.0,3.0
2.904,0.401,0.5186,0.83,0.9995,0.03442,1047.0,1102.0,4.0
0.2812,0.2416,0.3352,0.9097,1.0,-0.4717,1841.0,1910.0,5.0
1.12,0.2505,0.4343,0.8296,0.9995,0.08154,1171.0,934.5,6.0
0.732,0.3862,0.1176,0.9463,0.999,-0.838,210.5,1788.0,7.0
2.422,0.3755,0.4373,0.7935,0.9995,-0.1787,1041.0,1336.0,8.0
2.912,0.407,0.3225,0.751,0.9995,-0.06247,1107.0,1084.0,9.0
0.732,0.0731,0.176,0.8467,0.9995,-0.5957,902.0,1800.0,10.0
0.65,0.2847,0.3735,0.82,0.9995,-0.2595,997.5,1427.0,11.0
10000.0,0.1117,0.717,0.0859,0.9995,-0.5645,1225.0,1346.0,12.0
4.223,0.59,0.5127,0.8306,0.9995,-0.4407,750.0,1272.0,13.0
1.243,0.2756,0.517,0.836,0.9995,-0.05508,962.0,1113.0,14.0
0.2385,0.3328,0.518,0.9556,0.9995,-0.825,1080.0,1857.0,15.0
0.1862,0.0667,0.3157,0.5166,0.9995,-0.7456,304.0,15.09,1.0
5.047,0.2524,0.3547,0.5854,0.9995,-0.2722,791.0,1184.0,2.0
0.397,0.0921,0.4932,0.8433,0.9995,-0.4634,1630.0,956.0,3.0
2.566,0.631,0.3857,0.89,0.9995,0.011826,524.0,1747.0,4.0
3.355,0.3308,0.521,0.7515,0.9995,-0.1091,923.0,617.0,5.0
0.7114,0.0945,0.2883,0.706,0.9995,-0.858,835.0,678.5,6.0
2.797,0.2517,0.5376,0.682,1.0,-0.6934,928.5,1138.0,7.0
0.5034,0.2014,0.565,0.965,0.9995,-0.7803,1643.0,191.2,8.0
0.626,0.1975,0.2378,0.9624,0.9995,-0.4023,1432.0,161.0,9.0
0.732,0.1517,0.2396,0.8115,0.9995,-0.995,1166.0,666.0,10.0
0.4067,0.1658,0.3228,0.802,0.9995,-0.83,1186.0,542.5,11.0
0.3457,0.1186,0.2622,0.5933,1.0,-0.5513,1456.0,457.0,12.0
0.732,0.2032,0.3125,0.9,0.9995,-0.932,1442.0,989.0,13.0
1.152,0.2742,0.532,0.8193,0.9995,-0.3218,1389.0,1041.0,14.0
0.732,0.03302,0.2969,0.8184,0.9995,-0.4524,1239.0,957.5,15.0
5.004,0.431,0.5796,0.827,0.9995,0.2241,959.5,737.5,1.0
7.492,0.9326,0.6157,0.948,0.9995,0.4363,1406.0,404.0,2.0
0.9854,0.2595,0.6304,0.881,0.9995,0.0674,519.0,1356.0,3.0
2.666,0.3506,0.4695,0.7944,0.9995,0.00564,971.0,1032.0,4.0
4.707,0.6313,0.6006,0.8887,0.9995,0.1508,1088.0,728.0,5.0
4.797,0.2605,0.5586,0.6816,0.9995,0.06866,948.5,932.5,6.0
2.186,0.8564,0.3328,0.8906,0.9995,-0.8027,87.25,1665.0,7.0
9.03,0.6255,0.3147,0.712,0.999,0.2751,1265.0,1156.0,8.0
2.486,0.3013,0.513,0.7607,0.9995,-0.199,854.5,1064.0,9.0
2.068,0.3286,0.4492,0.7236,0.9995,-0.903,469.5,1466.0,10.0
3.266,0.4656,0.5522,0.8403,0.9995,-0.1628,875.0,1062.0,11.0
2.33,0.2705,0.454,0.7046,0.9995,-0.511,915.0,1161.0,12.0
1.205,0.7676,0.6904,0.9893,1.0,-0.488,1032.0,1436.0,13.0
0.257,0.2502,0.662,0.9014,0.9995,-0.793,576.5,1574.0,14.0
2.977,0.4744,0.4302,0.799,0.9995,-0.4229,793.0,937.0,15.0
14.6,0.799,0.7607,0.772,0.9995,0.06027,1517.0,876.0,1.0
0.2244,0.3792,0.5254,0.973,0.9995,0.011284,63.84,732.0,2.0
4.03,0.4285,0.259,0.673,0.9995,-0.1743,494.8,417.5,3.0
7.76,0.616,0.6235,0.7974,0.9995,-0.00379,981.5,899.0,4.0
1.261,0.4622,0.3567,0.891,0.9995,0.0129,406.5,577.5,5.0
3.309,0.302,0.3643,0.718,0.9995,0.0768,450.5,990.5,6.0
0.1797,0.4036,0.3833,0.9287,0.9995,-0.7544,499.5,331.2,7.0
7.25,0.71,0.4138,0.774,0.9995,-0.084,498.5,741.5,8.0
3.871,0.6763,0.6147,0.9106,0.9995,0.02977,667.5,1046.0,9.0
0.345,0.2422,0.3074,0.9033,0.9995,-0.5557,1047.0,743.0,10.0
2.783,0.8955,0.577,0.958,0.999,-0.2761,792.5,484.8,11.0
2.084,0.3809,0.4043,0.8022,0.9995,-0.1769,594.5,788.5,12.0
4.375,0.6064,0.705,0.931,0.999,0.2393,544.5,700.0,13.0
1.94,0.631,0.4915,0.919,0.9995,-0.3733,784.0,554.0,14.0
0.732,0.1595,0.2886,0.912,0.9995,-0.884,602.0,554.0,15.0
5.418,0.3833,0.674,0.756,0.999,-0.10736,1378.0,1192.0,1.0
13.8,0.2595,0.9287,0.5747,0.999,0.2644,682.0,4.6,2.0
3.836,0.4946,0.409,0.7886,0.999,-0.1324,1364.0,1190.0,3.0
1.78,0.5557,0.884,0.9546,1.0,-0.9736,287.8,1936.0,4.0
1.666,0.281,0.558,0.8853,0.9995,0.1562,669.5,637.0,5.0
2.246,0.4412,0.4988,0.845,0.9995,-0.341,1035.0,1094.0,6.0
3.78,0.5205,0.6084,0.8413,0.9995,-0.544,1192.0,1177.0,7.0
11.29,0.06207,0.9316,0.374,1.0,-0.1521,1158.0,402.5,8.0
2.299,0.3665,0.548,0.8267,0.999,-0.2228,1099.0,1066.0,9.0
0.732,0.03278,0.355,0.924,0.9995,-0.1776,733.5,964.0,10.0
1.011,0.2837,0.6626,0.8955,0.9995,-0.04562,585.0,826.0,11.0
2.574,0.2229,0.5645,0.7026,0.9995,-0.3315,803.0,969.5,12.0
2.174,0.4297,0.5786,0.856,0.9995,-0.517,880.5,1102.0,13.0
0.4922,0.0853,0.4624,0.9385,0.999,-0.201,530.5,488.5,14.0
0.9814,0.4065,0.702,0.926,0.9995,-0.6665,496.5,1366.0,15.0
4.68,0.3508,0.3667,0.659,0.9995,-0.2108,851.5,1070.0,1.0
5.31,0.5186,0.5215,0.798,0.9995,0.0219,800.5,788.0,2.0
0.1758,0.312,0.2212,0.767,0.999,-0.826,843.0,570.0,3.0
0.732,0.0876,0.3713,0.912,0.9995,-0.661,701.0,979.5,4.0
5.414,0.176,0.399,0.584,0.9995,0.1318,928.5,1149.0,5.0
2.275,0.1998,0.408,0.688,0.999,0.01979,974.5,1344.0,6.0
2.102,0.3464,0.3767,0.7476,0.9995,-0.327,763.5,1071.0,7.0
0.696,0.2817,0.361,0.8247,0.9995,-0.1354,778.5,1134.0,8.0
0.3303,0.1237,0.461,0.7676,0.999,-0.9307,1868.0,657.0,9.0
2.172,0.2795,0.4006,0.7197,0.9995,-0.288,894.0,1036.0,10.0
2.223,0.3066,0.513,0.7817,0.9995,-0.1882,728.0,921.5,11.0
1.243,0.275,0.4097,0.7773,0.9995,-0.2163,783.5,1137.0,12.0
1.64,0.1313,0.566,0.911,0.9995,0.2166,762.0,879.5,13.0
0.3174,0.2402,0.5366,0.9575,0.999,-0.622,929.0,630.0,14.0
0.2556,0.3914,0.394,0.9434,0.999,-0.8955,917.5,1004.0,15.0
3.934,0.442,0.5522,0.8125,0.9995,-0.043,1129.0,887.0,1.0
6.863,0.508,0.534,0.734,0.9995,-0.1901,1069.0,689.0,2.0
3.455,0.4797,0.4944,0.84,0.9995,0.04916,913.5,1028.0,3.0
4.24,0.548,0.8135,0.928,0.9995,0.214,192.2,1918.0,4.0
0.2487,0.6646,0.1375,0.8916,0.9995,-0.7695,1448.0,530.0,5.0
6.74,0.8184,0.3254,0.8413,0.999,0.2462,432.5,1174.0,6.0
3.71,0.673,0.4045,0.8613,0.9995,-0.06915,825.0,933.0,7.0
0.3499,0.25,0.2305,0.8784,0.9995,-0.477,1351.0,235.8,8.0
5.44,0.6855,0.592,0.9297,0.9995,0.3289,930.0,1212.0,9.0
2.75,0.5903,0.5376,0.906,0.9995,-0.04617,1051.0,974.0,10.0
2.207,0.4753,0.4917,0.8643,0.9995,-0.2754,1172.0,748.0,11.0
2.299,0.3132,0.383,0.8936,0.999,0.2227,912.0,1742.0,12.0
1.868,0.6113,0.573,0.9346,0.9995,-0.3435,1294.0,941.5,13.0
1.6045,0.317,0.507,0.835,0.9995,-0.0794,679.5,901.0,14.0
0.868,0.3787,0.4126,0.8877,0.9995,-0.131,1026.0,1190.0,15.0
2.97,0.2068,0.7944,0.7197,0.9995,-0.4282,1129.0,1991.0,1.0
10000.0,0.1293,0.7583,0.01677,1.0,-0.361,1568.0,1267.0,2.0
2.584,0.5557,0.4304,0.916,0.9995,0.1609,1099.0,956.5,3.0
6.793,0.6685,0.9497,0.924,0.999,0.279,340.5,47.72,4.0
0.732,0.04404,0.1554,0.8774,0.9995,-0.7627,1235.0,1019.0,5.0
1.713,0.2932,0.6304,0.8516,0.9995,-0.00122,1030.0,783.5,6.0
2.441,0.4727,0.6226,0.9,0.9995,-0.0106,712.5,540.5,7.0
6.867,0.0706,0.329,0.464,1.0,0.2632,1114.0,779.5,8.0
0.8667,0.428,0.3818,0.9385,0.999,0.10266,403.5,964.5,9.0
2.027,0.49,0.3093,0.8105,0.9995,-0.2805,699.5,1070.0,10.0
0.8696,0.4504,0.3076,0.823,0.999,-0.6694,381.0,1847.0,11.0
1.857,0.4165,0.7563,0.9014,0.999,-0.6455,1137.0,95.8,12.0
4.945,0.574,0.6787,0.852,0.999,-0.348,773.5,1562.0,13.0
0.3206,0.3633,0.2097,0.86,0.9995,-0.0752,673.0,849.5,14.0
1.502,0.4102,0.4858,0.864,0.9995,-0.3572,840.5,1355.0,15.0
0.1775,0.1344,0.5107,0.834,0.9995,-0.3093,1585.0,1179.0,1.0
2.623,0.556,0.846,0.9277,1.0,-0.9326,887.5,617.0,2.0
26.2,0.874,0.3538,0.571,0.9995,0.5815,99.1,1128.0,3.0
0.428,0.1277,0.3398,0.8887,0.9995,-0.3271,985.5,1960.0,4.0
0.361,0.3147,0.264,0.9233,0.999,-0.57,176.0,343.5,5.0
2.158,0.3877,0.3826,0.802,0.9995,-0.10626,785.5,1176.0,6.0
2.166,0.1727,0.6846,0.717,0.9995,-0.14,815.5,1057.0,7.0
0.613,0.1423,0.10815,0.8105,1.0,-0.2693,1298.0,1806.0,8.0
2.355,0.1863,0.586,0.76,0.9995,0.1486,1068.0,1371.0,9.0
1.524,0.3784,0.5986,0.8677,0.9995,-0.541,971.5,915.5,10.0
0.283,0.4182,0.2126,0.8276,0.999,-0.508,1012.5,1768.0,11.0
3.338,0.1322,0.3645,0.761,0.9995,0.2961,1487.0,1323.0,12.0
0.732,0.05878,0.3264,0.796,0.9995,-0.9224,989.0,826.0,13.0
0.1943,0.11475,0.3472,0.6846,0.9995,-0.59,825.5,1586.0,14.0
0.1793,0.2017,0.4148,0.822,0.9995,-0.618,398.8,1319.0,15.0
6.523,0.535,0.7627,0.809,0.9995,-0.6016,1074.0,548.5,1.0
1.196,0.3716,0.285,0.7305,0.9995,-0.6743,589.5,1772.0,2.0
10000.0,0.2452,0.989,0.1404,0.999,0.2234,1846.0,1148.0,3.0
0.3203,0.18,0.5635,0.903,0.999,-0.85,1580.0,564.5,4.0
2.297,0.307,0.5645,0.7983,0.9995,-0.1515,1284.0,726.0,5.0
6.805,0.4355,0.4548,0.672,0.9995,-0.1937,1341.0,1069.0,6.0
4.797,0.4465,0.604,0.7773,0.9995,-0.4216,885.0,854.5,7.0
2.488,0.1747,0.687,0.6826,0.9995,-0.3633,830.5,656.5,8.0
0.732,0.04453,0.1389,0.7925,0.9995,-0.583,1369.0,1172.0,9.0
2.48,0.2368,0.5405,0.728,0.9995,-0.1581,1079.0,807.5,10.0
0.9155,0.2194,0.4731,0.7563,0.9995,-0.441,1228.0,813.0,11.0
3.082,0.1968,0.4343,0.6133,0.9995,-0.4424,878.5,1298.0,12.0
2.518,0.4697,0.722,0.9097,1.0,-0.1293,1364.0,668.0,13.0
16.0,0.3323,0.905,0.561,0.999,-0.1649,1359.0,1341.0,14.0
0.732,0.07544,0.3057,0.8135,1.0,-0.7305,1038.0,1543.0,15.0
13.71,0.603,0.4753,0.866,1.0,0.892,1335.0,1241.0,1.0
0.3652,0.2164,0.504,0.8325,0.999,-0.4077,715.5,1108.0,2.0
6.348,0.2632,0.7495,0.6494,0.9995,-0.3655,974.0,1237.0,3.0
1.748,0.848,0.3245,0.938,0.9995,-0.1582,334.5,1092.0,4.0
13.27,0.4426,0.955,0.773,0.9995,0.6133,274.5,680.5,5.0
6.98,0.623,0.5654,0.786,0.9995,-0.374,595.5,956.5,6.0
0.3699,0.06744,0.5317,0.8164,0.9995,-0.3118,818.0,1076.0,7.0
0.732,0.11755,0.4668,0.908,0.9995,-0.8574,599.0,1059.0,8.0
6.668,0.461,0.513,0.7393,0.9995,0.1328,842.0,1189.0,9.0
2.416,0.2664,0.514,0.7183,0.9995,-0.507,1053.0,792.0,10.0
2.744,0.268,0.5723,0.728,0.9995,-0.4338,775.5,1136.0,11.0
34.9,0.582,0.7983,0.4963,0.9995,-0.11755,1247.0,319.0,12.0
2.83,0.4978,0.5093,0.836,0.9995,-0.555,438.8,820.0,13.0
12.52,0.307,0.3447,0.8716,0.9995,0.908,1865.0,1707.0,14.0
0.7686,0.1869,0.7656,0.855,0.9995,-0.11975,970.0,1369.0,15.0
10.875,0.11505,0.557,0.4578,0.9995,0.2,554.5,1734.0,1.0
8.26,0.06,0.884,0.9487,0.999,0.6704,887.5,302.5,2.0
7.062,0.2834,0.5137,0.609,0.9995,-0.1401,788.5,1383.0,3.0
4.04,0.632,0.4265,0.8643,0.999,0.1042,962.0,1423.0,4.0
5.68,0.612,0.4326,0.856,0.9995,0.2737,1082.0,1066.0,5.0
4.33,0.3677,0.5293,0.724,0.9995,-0.348,933.5,1275.0,6.0
3.709,0.3489,0.6377,0.7793,0.9995,-0.2162,973.5,1539.0,7.0
15.69,0.295,0.837,0.533,1.0,-0.1732,1754.0,1013.0,8.0
0.522,0.2461,0.415,0.739,1.0,-0.981,877.0,708.5,9.0
0.3455,0.4282,0.2615,0.8784,1.0,-0.347,364.2,1472.0,10.0
0.576,0.2019,0.6313,0.8643,0.9995,0.04825,790.5,705.0,11.0
0.3733,0.3643,0.17,0.8413,0.9995,-0.7847,1200.0,844.5,12.0
2.053,0.352,0.4976,0.8057,0.9995,-0.3333,1011.0,1247.0,13.0
6.94,0.3936,0.5645,0.675,1.0,-0.3132,1279.0,1070.0,14.0
0.5625,0.3435,0.2325,0.9604,1.0,-0.61,1207.0,437.8,15.0
6.96,0.3591,0.7183,0.715,1.0,0.03943,547.0,1387.0,1.0
7.414,0.6123,0.615,0.8184,0.9995,0.1582,1045.0,1165.0,2.0
5.387,0.4768,0.511,0.755,0.9995,-0.2122,671.5,783.5,3.0
0.5986,0.04575,0.739,0.842,0.9995,-0.594,456.2,1011.5,4.0
0.1958,0.2593,0.582,0.922,0.9995,-0.7827,198.9,895.5,5.0
10000.0,0.86,0.3718,0.02942,1.0,-0.752,1055.0,90.9,6.0
0.2427,0.1364,0.804,0.9565,0.9995,-0.2308,943.0,1285.0,7.0
0.538,0.1836,0.667,0.968,0.999,-0.884,951.5,772.5,8.0
2.117,0.3542,0.5894,0.846,0.9995,-0.1406,789.0,1438.0,9.0
0.2389,0.3271,0.4338,0.9575,0.9995,-0.5645,1164.0,1789.0,10.0
0.732,0.02159,0.8086,0.85,0.9995,-0.944,838.0,1074.0,11.0
0.732,0.09406,0.747,0.993,0.9995,-0.9087,1112.0,956.5,12.0
0.53,0.2488,0.5913,0.85,0.9995,-0.6167,795.5,1554.0,13.0
0.4338,0.1787,0.73,0.854,0.9995,-0.3943,862.5,1423.0,14.0
1.245,0.567,0.4602,0.9355,0.9995,-0.1777,1274.0,571.0,15.0
0.732,0.0365,0.925,0.9927,0.999,-0.6304,297.2,1787.0,1.0
1.368,0.2627,0.7114,0.8906,0.9995,0.1145,1123.0,1109.0,2.0
15.695,0.5625,0.599,0.6123,0.9995,-0.0224,1009.0,1236.0,3.0
9.57,0.1252,0.4033,0.571,0.999,0.552,66.56,150.8,4.0
2.32,0.866,0.1815,0.7983,0.9995,-0.7256,380.0,441.2,5.0
10000.0,0.1294,0.2544,0.1965,0.9995,-0.76,998.0,1995.0,6.0
3.809,0.2627,0.502,0.7236,0.9995,0.1309,527.5,525.5,7.0
6.54,0.4656,0.609,0.748,0.9995,-0.1614,1089.0,1076.0,8.0
3.217,0.3484,0.529,0.7656,0.9995,-0.2118,928.0,1151.0,9.0
3.621,0.407,0.616,0.8115,0.9995,-0.238,1005.0,1078.0,10.0
2.115,0.3855,0.6226,0.8594,0.9995,-0.3398,1009.5,987.5,11.0
1.939,0.2617,0.6797,0.8047,0.9995,-0.2854,564.5,1194.0,12.0
6.188,0.5156,0.5884,0.771,0.9995,-0.3027,954.0,870.5,13.0
0.11505,0.09534,0.6255,0.8647,0.999,0.00419,1080.0,1288.0,14.0
2.863,0.4265,0.629,0.8506,0.9995,-0.3032,1075.0,944.0,15.0
0.5024,0.3506,0.37,0.889,0.9995,-0.1793,1742.0,427.2,1.0
0.536,0.02509,0.6196,0.8433,0.9995,-0.1376,1233.0,496.2,2.0
0.000512,0.154,0.5503,0.945,0.9995,0.02037,1420.0,501.2,3.0
0.3547,0.1412,0.353,0.8687,0.9995,-0.3787,1073.0,1225.0,4.0
0.8057,0.3071,0.512,0.8633,0.9995,-0.3503,998.5,849.5,5.0
0.526,0.2213,0.553,0.849,0.9995,-0.2405,1138.0,786.0,6.0
0.732,0.0833,0.7188,0.9893,0.999,-0.695,1316.0,1687.0,7.0
0.1796,0.10297,0.5786,0.845,0.9995,-0.152,1192.0,690.0,8.0
1.14,0.2101,0.528,0.7915,0.9995,-0.02423,952.5,724.5,9.0
0.4976,0.1399,0.569,0.9556,0.9995,-0.536,1056.0,1006.0,10.0
0.1954,0.11,0.644,0.8384,0.9995,-0.3806,817.5,938.0,11.0
0.2524,0.1555,0.5146,0.8804,0.9995,-0.5356,904.0,938.0,12.0
0.2404,0.162,0.552,0.914,0.9995,-0.393,1056.0,930.5,13.0
0.2998,0.2472,0.4614,0.886,0.9995,-0.1852,1471.0,612.0,14.0
21.92,0.8564,0.9565,0.7324,0.999,-0.756,1631.0,1337.0,15.0
1.335,0.424,0.4355,0.873,0.9995,-0.2476,1055.0,1002.0,1.0
1.04,0.4038,0.5054,0.8916,0.9995,-0.4028,958.5,909.5,2.0
0.732,0.2844,0.1713,0.97,1.0,-0.942,459.5,1250.0,3.0
0.732,0.02312,0.5073,0.808,1.0,-0.869,1160.0,1282.0,4.0
0.4917,0.02547,0.6636,0.757,0.9995,0.1292,1865.0,1325.0,5.0
0.4263,0.257,0.4446,0.8477,0.9995,-0.3271,1108.0,1113.0,6.0
0.528,0.107,0.5513,0.9155,0.9995,-0.5923,1296.0,1518.0,7.0
0.447,0.0969,0.4597,0.8257,0.9995,-0.611,1104.0,1200.0,8.0
0.471,0.2764,0.4973,0.8643,0.9995,-0.4368,1103.0,1034.0,9.0
0.226,0.1266,0.9795,0.888,0.9995,-0.4575,1238.0,637.5,10.0
0.4802,0.1987,0.6016,0.8013,0.9995,-0.672,947.0,891.0,11.0
2.084,0.4326,0.5786,0.88,0.9995,-0.1963,835.5,949.5,12.0
0.303,0.13,0.5596,0.879,0.9995,-0.555,1200.0,1257.0,13.0
0.3035,0.10693,0.368,0.79,0.9995,-0.3838,1073.0,1062.0,14.0
0.4023,0.2986,0.4248,0.879,0.9995,-0.29,1050.0,852.0,15.0
0.732,0.0623,0.2817,0.919,0.9995,-0.6387,874.5,1496.0,1.0
0.4998,0.259,0.439,0.836,0.9995,-0.3286,824.0,925.5,2.0
0.8486,0.3325,0.396,0.7886,0.9995,-0.771,631.5,1250.0,3.0
0.4885,0.3862,0.675,0.9497,0.9995,-0.5327,552.0,842.0,4.0
0.3508,0.189,0.362,0.919,0.9995,-0.3909,926.5,521.5,5.0
2.3,0.591,0.3345,0.9185,0.9995,0.1556,787.5,830.0,6.0
0.4792,0.1794,0.3496,0.907,0.9995,-0.603,811.0,1176.0,7.0
0.3584,0.2426,0.3806,0.806,0.9995,-0.403,1312.0,1415.0,8.0
0.4128,0.2235,0.3447,0.913,0.9995,-0.641,803.0,936.0,9.0
0.2993,0.3354,0.4907,0.9126,0.9995,-0.526,689.0,860.0,10.0
0.2903,0.2202,0.3657,0.7656,0.9995,-0.583,782.5,986.5,11.0
0.1964,0.1765,0.363,0.8945,0.999,-0.1481,1018.5,901.5,12.0
0.4326,0.1688,0.541,0.932,0.9995,-0.7163,1050.0,1011.0,13.0
0.7627,0.4143,0.367,0.8916,0.9995,-0.1896,835.5,997.5,14.0
0.2427,0.2168,0.453,0.872,0.9995,-0.1935,224.8,420.2,15.0
0.2144,0.1678,0.6187,0.904,0.9995,-0.02513,513.0,1292.0,1.0
1.12,0.332,0.3801,0.806,0.9995,-0.3252,1092.0,1173.0,2.0
0.956,0.253,0.64,0.833,0.999,-0.537,1273.0,1056.0,3.0
0.3672,0.2312,0.4636,0.865,0.9995,-0.1461,811.0,945.0,4.0
0.1962,0.11884,0.539,0.7803,0.9995,-0.6343,466.5,1290.0,5.0
0.415,0.1272,0.3682,0.797,0.9995,-0.7134,942.5,1102.0,6.0
0.2224,0.2815,0.359,0.868,0.999,-0.8994,176.6,1732.0,7.0
1.042,0.2766,0.5073,0.8184,0.9995,-0.3562,991.5,1182.0,8.0
0.3435,0.10144,0.4197,0.82,0.9995,-0.401,552.0,1160.0,9.0
0.1775,0.1152,0.5522,0.7656,0.9995,-0.4492,648.5,1152.0,10.0
2.809,0.1261,0.6865,0.611,0.9995,-0.2654,914.5,763.0,11.0
0.2086,0.2087,0.3804,0.893,0.9995,-0.364,918.0,1156.0,12.0
0.173,0.1554,0.432,0.8037,0.9995,-0.4358,669.5,1224.0,13.0
0.1765,0.1272,0.501,0.805,0.9995,-0.3767,753.5,1154.0,14.0
0.1932,0.2347,0.4124,0.833,0.9995,-0.6523,453.5,1472.0,15.0
0.2913,0.1864,0.3977,0.9395,0.9995,-0.2253,636.5,884.0,1.0
0.3328,0.269,0.2233,0.924,0.9995,-0.2788,386.8,1171.0,2.0
0.4458,0.4155,0.3726,0.911,0.9995,-0.3079,715.0,1159.0,3.0
0.605,0.1455,0.367,0.9214,1.0,-0.616,843.5,746.5,4.0
0.368,0.321,0.4443,0.8984,0.9995,-0.3367,800.5,907.0,5.0
0.4573,0.2676,0.3984,0.823,0.9995,-0.3958,742.0,1045.0,6.0
1.668,0.3972,0.389,0.8315,0.9995,-0.1589,899.0,1083.0,7.0
0.4556,0.1483,0.383,0.9517,0.9995,-0.2686,534.0,811.5,8.0
1.371,0.389,0.4482,0.8843,0.9995,0.0531,347.0,119.56,9.0
0.2588,0.266,0.4106,0.874,0.9995,-0.33,682.0,1027.0,10.0
0.565,0.1209,0.5176,0.971,0.9995,-0.3984,379.8,646.0,11.0
1.402,0.577,0.3062,0.8584,0.9995,-0.496,506.5,721.5,12.0
0.732,0.1115,0.4163,0.964,0.9995,-0.575,867.5,1784.0,13.0
0.236,0.2264,0.3833,0.93,0.9995,-0.294,600.5,918.5,14.0
0.327,0.2045,0.399,0.9224,0.9995,-0.472,741.5,812.5,15.0
0.8677,0.4238,0.326,0.856,0.9995,-0.3289,1069.0,861.5,1.0
1.225,0.3374,0.4062,0.801,0.9995,-0.4414,1095.0,919.0,2.0
0.3281,0.2812,0.4146,0.861,0.9995,-0.4214,1316.0,846.0,3.0
0.744,0.343,0.423,0.859,0.9995,-0.3691,1152.0,885.5,4.0
0.5234,0.3008,0.3225,0.966,0.9995,-0.66,1655.0,444.2,5.0
0.2913,0.1677,0.5674,0.8496,1.0,-0.1334,109.25,10.195,6.0
0.6494,0.355,0.377,0.851,0.9995,-0.4236,1137.0,714.5,7.0
0.606,0.2028,0.2827,0.933,0.9995,-0.6094,1277.0,534.5,8.0
2.453,0.7314,0.3704,0.8687,1.0,-0.7603,1077.0,14.266,9.0
0.4026,0.2152,0.3127,0.9316,0.9995,-0.401,1327.0,367.0,10.0
0.2622,0.2717,0.3647,0.9253,0.9995,-0.5225,1392.0,516.0,11.0
0.8887,0.4868,0.3682,0.876,0.9995,-0.589,1117.0,322.2,12.0
0.2656,0.3677,0.3489,0.8857,0.9995,-0.522,1225.0,501.8,13.0
12.69,0.389,0.2285,0.881,0.999,0.9126,1090.0,1586.0,14.0
10.68,0.8027,0.539,0.764,0.9995,-0.2646,1039.0,94.06,15.0
0.9204,0.3003,0.4473,0.864,0.9995,-0.00381,710.0,664.0,1.0
1.028,0.2463,0.5283,0.827,0.9995,-0.1031,1029.0,1187.0,2.0
0.732,0.2006,0.1534,0.928,0.9995,-0.642,1019.5,240.1,3.0
0.09375,0.1487,0.2727,0.8994,0.999,0.0849,1578.0,614.0,4.0
1.286,0.4866,0.3933,0.881,0.9995,-0.335,1276.0,857.5,5.0
0.2485,0.12103,0.6934,0.834,0.9995,-0.09875,1403.0,1336.0,6.0
1.62,0.5776,0.31,0.8467,0.9995,-0.514,597.0,1142.0,7.0
1.593,0.3064,0.4165,0.8027,0.9995,-0.04712,1050.0,942.5,8.0
0.2072,0.1447,0.5527,0.921,0.9995,-0.1465,1028.0,567.0,9.0
0.391,0.0862,0.511,0.906,0.9995,-0.199,1407.0,83.4,10.0
0.6084,0.3599,0.4119,0.8896,0.9995,-0.247,1207.0,872.5,11.0
0.2512,0.2041,0.512,0.933,0.9995,-0.4583,1438.0,456.8,12.0
0.4788,0.0774,0.455,0.941,0.9995,-0.128,1268.0,320.5,13.0
0.2925,0.1295,0.4563,0.918,0.9995,-0.1656,1348.0,501.5,14.0
0.3176,0.08856,0.62,0.878,0.9995,-0.3118,1409.0,666.0,15.0
1.11,0.3545,0.4277,0.8315,0.9995,-0.4302,911.5,996.5,1.0
0.732,0.1333,0.3743,0.992,0.9995,-0.644,751.5,990.0,2.0
0.1754,0.1902,0.4856,0.8965,0.9995,-0.1749,893.0,1037.0,3.0
0.4548,0.1757,0.3713,0.918,0.9995,-0.5327,935.5,1047.0,4.0
0.604,0.191,0.2498,0.887,0.9995,-0.6855,585.0,1229.0,5.0
0.531,0.1653,0.4934,0.965,0.9995,-0.5444,1178.0,1277.0,6.0
0.3938,0.335,0.5117,0.899,0.9995,-0.6133,725.5,1193.0,7.0
0.616,0.156,0.4443,0.9395,0.9995,-0.726,1239.0,817.5,8.0
1.307,0.4114,0.4644,0.861,0.9995,-0.4648,910.0,1153.0,9.0
0.339,0.2019,0.291,0.9795,0.9995,-0.02913,360.5,468.5,10.0
4.52,0.3203,0.6562,0.735,1.0,-0.1982,505.0,1321.0,11.0
0.1909,0.2233,0.259,0.806,0.9995,-0.4678,705.0,939.0,12.0
0.2952,0.1995,0.4954,0.874,1.0,-0.04852,1652.0,910.5,13.0
0.4202,0.2015,0.2406,0.76,0.9995,0.00735,1092.0,729.0,14.0
0.2695,0.1951,0.3867,0.903,0.9995,-0.4036,1038.0,976.0,15.0
0.6304,0.2429,0.629,0.8496,0.9995,-0.5674,1092.0,927.0,1.0
0.732,0.2401,0.2339,0.964,0.9995,-0.5156,958.5,1615.0,2.0
0.7847,0.4778,0.5215,0.9316,0.9995,-0.4802,975.0,1309.0,3.0
0.2014,0.2147,0.3894,0.861,0.9995,-0.1915,505.8,1203.0,4.0
0.5835,0.1621,0.5337,0.7407,0.9995,-0.4978,1045.0,506.5,5.0
0.3513,0.03162,0.4182,0.831,0.9995,0.01067,1448.0,860.5,6.0
1.991,0.01159,0.5234,0.4973,0.999,0.2214,1895.0,1678.0,7.0
0.322,0.2114,0.494,0.8223,0.9995,-0.4827,1052.0,989.0,8.0
0.3936,0.1506,0.4507,0.7188,0.9995,-0.5195,897.5,1246.0,9.0
0.732,0.1719,0.2368,0.906,0.9995,-0.652,933.5,718.0,10.0
0.804,0.0973,0.47,0.65,0.9995,-0.131,1431.0,1341.0,11.0
0.479,0.1837,0.1826,0.89,0.9995,-0.2683,1005.0,1865.0,12.0
0.5215,0.3364,0.423,0.872,0.9995,-0.4248,964.0,1324.0,13.0
0.732,0.2125,0.2362,0.993,1.0,-0.369,648.0,1422.0,14.0
6.234,0.518,0.2308,0.6675,0.9995,0.0954,1351.0,1464.0,15.0
1.643,0.2424,0.4568,0.7227,0.9995,-0.4624,1091.0,974.5,1.0
0.746,0.2634,0.5146,0.851,0.9995,-0.2145,990.5,723.5,2.0
1.127,0.307,0.4514,0.814,0.9995,-0.3606,933.0,765.5,3.0
15.664,0.112,0.572,0.3572,1.0,-0.9766,967.0,116.56,4.0
0.4824,0.2196,0.529,0.832,0.9995,-0.3525,1072.0,999.0,5.0
1.597,0.3474,0.5654,0.8525,0.9995,-0.2983,973.0,667.0,6.0
0.2096,0.1718,0.57,0.848,0.9995,-0.878,1618.0,687.0,7.0
0.4285,0.2783,0.4238,0.832,0.9995,-0.533,1273.0,765.0,8.0
0.4585,0.2327,0.4524,0.7935,0.9995,-0.5547,1143.0,1012.0,9.0
0.3503,0.1494,0.4246,0.848,0.9995,-0.6865,1030.0,1345.0,10.0
0.3777,0.2302,0.534,0.841,0.9995,-0.5547,838.5,1125.0,11.0
0.4202,0.10803,0.584,0.835,0.9995,-0.8936,1585.0,869.5,12.0
0.7075,0.2595,0.55,0.834,0.9995,-0.518,1249.0,684.5,13.0
0.3,0.2278,0.5146,0.8535,0.9995,-0.4878,1171.0,781.0,14.0
0.218,0.3206,0.2494,0.868,0.9995,-0.611,1464.0,1470.0,15.0
0.732,0.2944,0.144,0.87,0.9995,-0.734,715.5,1359.0,1.0
1.297,0.4739,0.4104,0.899,0.9995,-0.11316,1292.0,1244.0,2.0
0.4973,0.3125,0.3176,0.8164,0.9995,-0.3694,1254.0,1041.0,3.0
0.732,0.2211,0.1033,0.875,0.9995,-0.9893,566.5,829.5,4.0
0.7646,0.3035,0.3972,0.8145,0.9995,-0.408,866.5,1076.0,5.0
1.811,0.657,0.289,0.8794,0.9995,-0.2177,1445.0,798.5,6.0
0.449,0.2761,0.2091,0.8677,0.9995,-0.687,780.5,988.0,7.0
0.6206,0.2864,0.2451,0.942,0.9995,-0.7256,976.0,1193.0,8.0
0.2932,0.3008,0.3281,0.854,0.9995,-0.333,821.0,1096.0,9.0
25.44,0.731,0.69,0.6562,0.9995,0.862,1233.0,1713.0,10.0
0.783,0.4702,0.306,0.8716,0.9995,-0.3584,1165.0,979.5,11.0
17.77,0.2705,0.7993,0.5303,0.9995,0.3887,807.5,708.5,12.0
0.732,0.2461,0.2192,0.9863,0.9995,-0.8022,1133.0,1098.0,13.0
0.2961,0.311,0.2266,0.876,0.9995,-0.595,843.0,1235.0,14.0
0.732,0.1641,0.3174,0.8965,0.9995,-0.7715,990.5,1153.0,15.0
3.055,0.453,0.3972,0.721,1.0,-0.999,1460.0,1572.0,1.0
-0.0668,0.1038,0.742,0.9683,0.999,0.0705,1260.0,1432.0,2.0
0.8613,0.3962,0.5117,0.9023,0.9995,-0.3928,1004.0,860.5,3.0
0.3179,0.4,0.10156,0.998,0.999,-0.1243,1191.0,1713.0,4.0
1.776,0.07544,0.4539,0.6724,1.0,0.1744,594.0,1352.0,5.0
0.3513,0.1575,0.4495,0.7847,0.9995,-0.1217,786.0,1282.0,6.0
1.371,0.2462,0.56,0.78,0.9995,-0.3906,762.5,984.0,7.0
0.851,0.2883,0.5093,0.841,0.9995,-0.391,806.0,1042.0,8.0
0.344,0.2185,0.3833,0.871,0.9995,-0.89,513.0,1316.0,9.0
0.2275,0.3015,0.349,0.9067,0.9995,-0.662,436.0,1618.0,10.0
0.3774,0.1469,0.358,0.888,0.9995,-0.3782,806.5,915.0,11.0
0.717,0.2808,0.4395,0.822,0.9995,-0.3875,794.0,1167.0,12.0
0.2212,0.1641,0.626,0.8877,0.9995,-0.6855,786.0,1211.0,13.0
0.5317,0.4731,0.4885,0.929,0.999,-0.66,401.2,1302.0,14.0
22.06,0.883,0.9536,0.752,0.999,0.0834,1177.0,1686.0,15.0
0.732,0.0923,0.261,0.8774,0.999,-0.606,432.8,1053.0,1.0
1.447,0.3672,0.6006,0.8804,0.9995,-0.3215,1224.0,833.0,2.0
0.1753,0.1755,0.5376,0.9106,0.9995,-0.05588,656.0,580.5,3.0
0.732,0.06744,0.3787,0.8804,0.999,-0.5737,387.2,1217.0,4.0
1.245,0.6396,0.3213,0.896,0.999,-0.455,1440.0,313.2,5.0
0.72,0.3367,0.4116,0.861,0.9995,-0.294,702.0,785.0,6.0
0.3875,0.3127,0.3818,0.837,0.999,-0.608,659.0,1369.0,7.0
0.4707,0.1307,0.357,0.863,0.9995,-0.547,693.5,956.5,8.0
0.7227,0.415,0.4053,0.879,0.9995,-0.5093,1229.0,640.5,9.0
0.732,0.02307,0.567,0.875,0.999,-0.611,575.0,1103.0,10.0
0.3792,0.2666,0.4255,0.8433,0.9995,-0.4304,849.5,804.5,11.0
0.3743,0.1545,0.415,0.879,0.9995,-0.5835,849.5,910.5,12.0
0.3367,0.2937,0.4194,0.858,0.9995,-0.5283,1105.0,772.5,13.0
0.315,0.24,0.456,0.978,0.999,-0.277,509.2,1064.0,14.0
0.26,0.1675,0.436,0.877,0.9995,-0.4883,805.0,959.0,15.0
0.756,0.562,0.3142,0.908,0.9995,-0.359,765.0,1043.0,1.0
0.5127,0.2979,0.299,0.9365,0.9995,-0.797,1547.0,888.0,2.0
1.308,0.4075,0.4219,0.856,0.9995,-0.3164,1006.0,1099.0,3.0
0.7363,0.427,0.358,0.8853,0.9995,-0.2957,873.0,1303.0,4.0
31.61,0.532,0.403,0.482,0.9995,0.642,1202.0,652.0,5.0
0.732,0.11206,0.1976,0.9053,0.9995,-0.904,1536.0,415.2,6.0
0.7896,0.3884,0.4602,0.937,0.9995,0.0918,1063.0,1880.0,7.0
0.1661,0.08923,0.1644,0.844,0.9995,0.0817,850.5,629.5,8.0
0.2275,0.3684,0.278,0.9565,0.999,-0.2788,427.8,723.0,9.0
0.2471,0.3137,0.3926,0.913,0.9995,-0.2115,1020.0,1314.0,10.0
0.3433,0.4167,0.3215,0.9,0.9995,-0.3655,821.5,1064.0,11.0
0.5845,0.1615,0.3418,0.9097,0.9995,-0.6616,1096.0,601.0,12.0
0.2632,0.3042,0.2869,0.905,0.9995,-0.5635,1242.0,928.5,13.0
0.377,0.3523,0.2041,0.9253,0.9995,-0.47,1170.0,573.5,14.0
0.555,0.3452,0.2546,0.8926,0.999,0.0835,936.0,1585.0,15.0
0.2003,0.1665,0.6367,0.9126,0.9995,-0.02649,981.0,1315.0,1.0
1.93,0.3062,0.4412,0.7676,0.9995,-0.225,1116.0,987.5,2.0
1.287,0.1268,0.653,0.6826,0.9995,-0.303,1310.0,830.0,3.0
0.7964,0.2113,0.5117,0.783,0.9995,-0.305,799.0,1014.5,4.0
0.732,0.01551,0.3909,0.9097,0.9995,-0.5083,739.0,1009.5,5.0
0.3354,0.1418,0.5503,0.7666,0.9995,-0.3674,1162.0,934.0,6.0
0.2808,0.1924,0.488,0.82,0.9995,-0.3835,1052.0,900.5,7.0
0.4932,0.1051,0.5454,0.959,0.9995,-0.2983,955.0,1007.5,8.0
0.732,0.02596,0.2269,0.814,1.0,-0.89,1073.0,881.0,9.0
0.541,0.1034,0.3787,0.8374,0.9995,-0.6216,1005.0,932.5,10.0
0.3582,0.10596,0.429,0.882,0.9995,-0.2576,787.0,1016.5,11.0
0.2377,0.1415,0.4446,0.842,0.9995,-0.4536,907.5,1007.0,12.0
0.2087,0.1699,0.369,0.811,0.9995,-0.0777,647.5,910.5,13.0
0.3645,0.1757,0.3877,0.882,0.9995,-0.611,714.0,805.5,14.0
0.3728,0.2146,0.6655,0.9,0.9995,-0.1997,570.5,818.5,15.0
1.273,0.408,0.519,0.9023,0.9995,-0.1226,1153.0,981.0,1.0
1.295,0.5713,0.611,0.942,0.9995,-0.6333,439.8,573.0,2.0
2.744,0.3696,0.4968,0.7783,0.9995,-0.3699,1127.0,1076.0,3.0
5.73,0.6733,0.5005,0.789,0.9995,-0.965,1498.0,1096.0,4.0
1.305,0.4805,0.4448,0.9043,0.9995,-0.1855,1034.0,972.0,5.0
0.505,0.4067,0.2349,0.921,0.9995,-0.987,711.5,616.0,6.0
5.48,0.643,0.2412,0.9487,0.9995,0.429,226.1,1377.0,7.0
0.275,0.367,0.208,0.9316,1.0,-0.3296,304.2,913.5,8.0
0.6406,0.3376,0.4326,0.8765,0.9995,-0.2952,641.0,879.5,9.0
0.1783,0.2115,0.4414,0.8696,0.9995,-0.388,1084.0,1109.0,10.0
0.732,0.05096,0.2496,0.8667,0.9995,-0.6387,1103.0,1355.0,11.0
0.426,0.4841,0.2817,0.924,0.9995,-0.1288,568.0,1128.0,12.0
0.1981,0.399,0.292,0.9087,0.9995,-0.7153,722.5,801.5,13.0
0.1776,0.0892,0.2788,0.74,1.0,-0.0933,373.8,259.8,14.0
0.2607,0.2952,0.333,0.9004,0.9995,-0.715,1113.0,940.0,15.0
30.78,0.4119,0.6646,0.4539,1.0,-0.2235,1381.0,807.5,1.0
0.732,0.0981,0.4966,0.851,0.999,-0.9634,901.0,467.5,2.0
0.265,0.137,0.4656,0.8003,0.9995,-0.7437,1109.0,540.0,3.0
1.908,0.321,0.5234,0.811,0.9995,-0.2238,1089.0,827.0,4.0
9.1,0.307,0.7725,0.771,1.0,0.542,421.8,111.7,5.0
0.732,0.03072,0.3457,0.687,0.9995,-0.8237,1546.0,397.5,6.0
0.732,0.0582,0.1759,0.708,0.9995,-0.844,1705.0,642.5,7.0
0.7173,0.0692,0.3284,0.701,0.9995,-0.7246,1536.0,585.5,8.0
1.997,0.356,0.395,0.7354,0.9995,-0.6836,755.5,462.0,9.0
1.149,0.3005,0.4722,0.805,0.9995,-0.4614,1069.0,954.0,10.0
1.329,0.3005,0.6143,0.827,0.9995,-0.6577,1240.0,274.5,11.0
1.518,0.265,0.4368,0.7256,0.9995,-0.62,1013.0,504.5,12.0
2.477,0.2357,0.5894,0.7534,1.0,0.00989,806.0,384.2,13.0
0.543,0.0703,0.38,0.764,0.9995,-0.5454,1338.0,733.0,14.0
0.2688,0.0989,0.4207,0.7134,0.9995,-0.6895,1400.0,492.0,15.0
35.03,0.9536,0.4604,0.4976,0.999,-0.4714,1875.0,280.8,1.0
1.187,0.2174,0.571,0.786,0.9995,-0.2139,682.5,1314.0,2.0
6.81,0.8984,0.9375,0.9404,1.0,-0.02702,1437.0,718.5,3.0
0.732,0.013855,0.28,0.9106,0.999,-0.7246,640.0,984.5,4.0
0.699,0.5566,0.527,0.9497,0.9995,-0.623,1493.0,352.8,5.0
0.629,0.44,0.4702,0.9336,0.9995,-0.2554,1194.0,649.5,6.0
3.703,0.388,0.785,0.8145,0.9995,-0.8657,930.0,836.0,7.0
0.552,0.2727,0.51,0.859,0.9995,-0.4023,855.0,958.5,8.0
2.256,0.3235,0.473,0.758,0.9995,-0.3906,944.5,1057.0,9.0
1.68,0.3064,0.5034,0.7915,0.9995,-0.3928,742.0,819.5,10.0
0.644,0.3167,0.4817,0.8604,0.9995,-0.5083,936.5,741.0,11.0
0.3662,0.4985,0.377,0.9478,0.9995,-0.2793,854.5,1032.0,12.0
1.303,0.3918,0.581,0.872,0.9995,-0.7173,1032.0,755.0,13.0
0.4539,0.2062,0.3325,0.901,0.9995,-0.6753,1167.0,772.0,14.0
0.3591,0.3179,0.415,0.9966,0.999,-0.3223,918.5,786.0,15.0
0.1625,0.208,0.3179,0.8823,0.9995,-0.11304,1193.0,1080.0,1.0
0.9272,0.3335,0.4578,0.849,0.9995,-0.3752,1071.0,787.0,2.0
0.214,0.268,0.2507,0.789,0.9995,-0.374,1661.0,76.6,3.0
1.778,0.6353,0.1455,0.9927,0.9995,0.2079,16.7,1356.0,4.0
3.973,0.8247,0.44,0.873,1.0,-0.66,1182.0,495.2,5.0
2.758,0.448,0.341,0.783,0.9995,-0.1403,1020.5,727.0,6.0
2.717,0.5825,0.3994,0.835,0.9995,-0.554,1018.5,571.0,7.0
53.5,0.534,0.2034,0.3755,1.0,0.2744,1186.0,1091.0,8.0
0.628,0.2544,0.518,0.858,0.9995,-0.2108,842.0,713.0,9.0
0.732,0.01533,0.334,0.826,0.9995,-0.4038,802.5,793.0,10.0
0.4275,0.4304,0.2489,0.9033,0.9995,-0.0425,576.5,916.0,11.0
0.732,0.05936,0.3572,0.873,0.9995,-0.4702,909.5,486.5,12.0
0.2751,0.1432,0.4028,0.8257,0.9995,-0.538,901.0,1202.0,13.0
0.3032,0.1231,0.6304,0.901,0.9995,-0.485,721.0,1167.0,14.0
0.2878,0.223,0.338,0.812,0.9995,-0.1987,1314.0,433.5,15.0
0.732,0.06183,0.6074,0.9253,0.9995,-0.5605,552.0,1833.0,1.0
1.628,0.4568,0.4885,0.883,0.9995,-0.2937,787.0,1133.0,2.0
0.1929,0.1957,0.3948,0.934,0.9995,-0.0753,690.0,1322.0,3.0
1.134,0.4214,0.4187,0.8584,0.9995,-0.4924,982.5,1096.0,4.0
2.363,0.3376,0.6743,0.899,0.9995,0.1771,782.0,1050.0,5.0
45.5,0.826,0.4785,0.481,0.999,0.856,574.5,92.25,6.0
0.6343,0.3372,0.4802,0.886,0.9995,-0.3577,762.5,1191.0,7.0
0.4663,0.2435,0.539,0.876,0.9995,-0.215,927.0,1193.0,8.0
0.554,0.3186,0.679,0.9243,0.9995,-0.4663,489.8,1342.0,9.0
0.2429,0.1542,0.542,0.898,0.9995,-0.4392,609.0,1465.0,10.0
0.2534,0.2966,0.326,0.914,0.9995,-0.572,468.2,1504.0,11.0
0.622,0.3147,0.472,0.87,0.9995,-0.3792,846.0,1126.0,12.0
0.2285,0.258,0.454,0.8853,0.9995,-0.3872,750.0,1132.0,13.0
0.564,0.05215,0.572,0.9043,0.9995,-0.3008,765.0,1279.0,14.0
0.468,0.3198,0.4158,0.875,0.9995,-0.335,837.0,1132.0,15.0
0.234,0.2744,0.3403,0.8857,0.999,-0.1335,990.5,1428.0,1.0
0.2286,0.33,0.3955,0.932,0.999,0.01736,976.0,1738.0,2.0
1.0205,0.1815,0.554,0.7563,0.9995,-0.2532,953.0,1116.0,3.0
0.637,0.2169,0.3481,0.99,0.999,-0.4924,919.0,1143.0,4.0
0.293,0.2117,0.3447,0.8203,0.9995,-0.10114,1048.0,951.5,5.0
0.2152,0.3694,0.2705,0.918,0.999,0.04364,811.0,1017.5,6.0
0.3071,0.2274,0.3887,0.9424,0.999,-0.3757,889.0,1184.0,7.0
0.2084,0.2495,0.5137,0.9463,0.999,-0.4358,762.0,1213.0,8.0
0.2323,0.3054,0.2874,0.95,0.999,-0.2119,1051.0,1460.0,9.0
0.1876,0.2229,0.4314,0.916,0.999,-0.3142,929.5,1164.0,10.0
0.3025,0.1484,0.3616,0.8716,0.999,-0.334,827.0,1006.5,11.0
10000.0,0.851,0.69,0.3477,0.9995,-0.445,1347.0,1691.0,12.0
0.2742,0.1971,0.4106,0.907,0.9995,-0.4524,868.5,1192.0,13.0
0.1711,0.1329,0.617,0.9004,0.999,-0.03235,1384.0,913.5,14.0
0.2274,0.274,0.5176,0.927,0.999,0.0299,892.0,1107.0,15.0
0.3079,0.2927,0.3884,0.902,0.9995,-0.09796,631.0,861.5,1.0
0.2563,0.2216,0.4692,0.8354,0.9995,-0.5273,889.5,810.5,2.0
0.2048,0.1652,0.5483,0.8716,0.999,-0.5747,1060.0,724.0,3.0
0.3445,0.3406,0.467,0.904,0.9995,-0.494,816.0,573.0,4.0
0.1672,0.1003,0.624,0.8306,0.9995,-0.1384,544.0,989.5,5.0
0.284,0.1611,0.5522,0.9805,0.999,-0.05014,955.5,588.5,6.0
0.4998,0.10376,0.456,0.907,0.9995,-0.427,854.0,961.0,7.0
0.2361,0.1707,0.528,0.8477,0.999,0.03314,1005.5,585.5,8.0
0.2056,0.1461,0.4985,0.8735,0.9995,-0.3254,1021.0,1080.0,9.0
0.1881,0.1595,0.511,0.9146,0.9995,-0.1417,890.0,699.5,10.0
0.2664,0.2462,0.4673,0.876,0.9995,-0.3428,818.0,667.0,11.0
0.2076,0.1641,0.502,0.858,0.9995,-0.0879,935.5,665.0,12.0
0.2233,0.235,0.427,0.8857,0.9995,-0.1859,763.5,791.0,13.0
0.1783,0.2786,0.4253,0.9043,0.9995,-0.5376,879.5,906.0,14.0
0.1846,0.1956,0.459,0.877,0.9995,-0.221,823.5,764.0,15.0
0.4285,0.092,0.3987,0.865,0.9995,-0.2957,575.0,926.5,1.0
0.384,0.1373,0.477,0.9126,0.9995,-0.435,612.0,950.0,2.0
0.2185,0.1442,0.4424,0.859,0.9995,-0.3308,619.5,905.5,3.0
0.4167,0.1486,0.6436,0.818,0.999,-0.1442,402.2,1244.0,4.0
0.4126,0.2659,0.304,0.936,1.0,-0.538,1154.0,673.5,5.0
0.265,0.1849,0.4612,0.836,0.9995,-0.1669,1255.0,711.5,6.0
0.1672,0.0712,0.7734,0.7734,0.999,-0.2316,499.5,861.0,7.0
37.34,0.9077,0.648,0.5625,0.9995,0.5757,83.56,93.7,8.0
0.298,0.3083,0.5444,0.9766,0.9995,-0.667,632.0,674.0,9.0
0.2317,0.1769,0.4902,0.8364,0.9995,-0.2494,943.0,1151.0,10.0
0.719,0.3635,0.344,0.878,0.9995,-0.06177,1627.0,911.0,11.0
0.1958,0.1671,0.425,0.8716,0.9995,-0.3079,832.0,872.0,12.0
0.2219,0.1552,0.546,0.84,0.9995,-0.1885,468.5,441.2,13.0
0.1796,0.1813,0.5073,0.8823,0.9995,-0.364,442.8,1116.0,14.0
0.1796,0.1704,0.514,0.858,0.999,-0.4272,417.5,609.0,15.0
0.56,0.3103,0.5527,0.894,0.9995,-0.419,790.5,1180.0,1.0
0.23,0.1621,0.512,0.913,0.9995,-0.3044,661.0,792.5,2.0
0.1619,0.10156,0.578,0.8135,0.9995,-0.02997,1358.0,1091.0,3.0
0.4268,0.06195,0.3032,0.888,0.9995,-0.005863,1095.0,658.5,4.0
0.2037,0.0651,0.4404,0.924,0.9995,0.09564,973.5,803.5,5.0
0.2489,0.1279,0.344,0.89,0.9995,-0.0582,1012.0,771.5,6.0
0.1754,0.2043,0.4316,0.8857,0.9995,-0.2031,853.0,963.5,7.0
0.2583,0.2617,0.3347,0.8716,0.9995,-0.1037,874.0,900.0,8.0
0.187,0.2122,0.393,0.882,0.9995,-0.1112,940.0,912.0,9.0
0.294,0.1106,0.6367,0.7837,0.9995,-0.1147,689.5,608.0,10.0
0.1798,0.2837,0.5117,0.9473,0.9995,-0.2688,512.0,1132.0,11.0
1.35,0.42,0.439,0.848,0.9995,-0.5356,1153.0,830.0,12.0
0.2051,0.143,0.5376,0.8364,0.9995,-0.11597,866.0,777.0,13.0
0.1897,0.15,0.4016,0.8955,0.9995,-0.06836,1002.0,870.5,14.0
0.2485,0.1558,0.569,0.8633,0.9995,-0.001848,1158.0,1143.0,15.0
0.347,0.09235,0.5073,0.8936,0.9995,-0.2042,838.0,686.0,1.0
0.2059,0.1354,0.4954,0.87,0.9995,-0.2664,932.0,785.0,2.0
0.2292,0.1477,0.4656,0.892,0.9995,-0.2615,753.5,686.0,3.0
0.3206,0.08887,0.2299,0.762,0.9995,-0.1433,819.5,1166.0,4.0
0.2152,0.153,0.4202,0.8623,0.9995,-0.322,1037.0,1020.5,5.0
0.3918,0.1087,0.4258,0.865,0.9995,-0.3892,976.5,633.5,6.0
1.383,0.2411,0.57,0.7915,0.9995,-0.2478,726.5,1078.0,7.0
0.316,0.186,0.5425,0.856,0.9995,-0.1478,866.5,750.5,8.0
0.2229,0.1041,0.4626,0.8555,0.999,-0.12396,1335.0,522.5,9.0
0.2109,0.1542,0.4495,0.898,0.9995,-0.1967,1075.0,756.0,10.0
0.2238,0.1356,0.4626,0.8564,0.9995,-0.3323,1028.0,711.0,11.0
0.1855,0.125,0.471,0.873,0.9995,-0.09296,861.5,790.5,12.0
0.2515,0.1469,0.3518,0.887,0.9995,-0.1552,920.5,1175.0,13.0
0.5327,0.1082,0.2974,0.9653,0.999,-0.1116,875.5,1017.0,14.0
0.2318,0.2238,0.7446,0.934,0.9995,-0.4043,1315.0,494.5,15.0
0.3672,0.1996,0.3484,0.9243,0.9995,-0.4023,1159.0,756.5,1.0
0.3884,0.296,0.3489,0.824,0.9995,-0.4626,824.0,1303.0,2.0
0.6045,0.1833,0.261,0.913,0.9995,-0.5806,1272.0,951.0,3.0
0.4194,0.3967,0.255,0.8286,0.9995,-0.48,911.5,840.0,4.0
0.277,0.1877,0.3418,0.8926,0.9995,-0.3442,987.5,1420.0,5.0
0.3135,0.2167,0.3267,0.9014,0.9995,-0.4573,1100.0,991.5,6.0
0.303,0.2744,0.3916,0.895,0.9995,-0.0842,959.5,1111.0,7.0
0.1718,0.2515,0.3079,0.8843,0.999,-0.1327,1359.0,1054.0,8.0
0.2026,0.3015,0.3035,0.86,0.9995,-0.3882,1001.0,873.5,9.0
0.3286,0.1403,0.4634,0.943,0.9995,-0.172,1281.0,660.5,10.0
0.11426,0.2637,0.3271,0.8936,0.9995,0.0369,1051.0,1063.0,11.0
0.1812,0.2454,0.3706,0.901,0.9995,-0.1252,1039.0,1028.0,12.0
0.2023,0.2427,0.4045,0.882,0.9995,-0.2566,1009.0,820.5,13.0
0.1984,0.2783,0.3228,0.903,0.9995,-0.428,1124.0,923.0,14.0
1.681,0.3672,0.2903,0.787,0.9995,-0.03546,1235.0,1205.0,15.0
0.5386,0.298,0.478,0.8726,0.9995,-0.357,1092.0,1064.0,1.0
0.2012,0.2622,0.4575,0.891,0.9995,-0.4663,1040.0,1105.0,2.0
0.4727,0.1362,0.343,0.848,0.9995,-0.6113,1069.0,1309.0,3.0
2.113,0.3357,0.477,0.7915,0.9995,-0.244,954.0,1175.0,4.0
0.4277,0.2888,0.321,0.843,0.9995,-0.1573,1106.0,1167.0,5.0
0.732,0.03918,0.4077,0.865,0.9995,-0.7,1185.0,1113.0,6.0
0.265,0.1086,0.5225,0.8213,0.9995,-0.488,1003.5,1108.0,7.0
0.193,0.2484,0.4324,0.891,0.9995,-0.6567,1164.0,1175.0,8.0
0.2443,0.1729,0.4014,0.8374,0.9995,-0.62,1069.0,1256.0,9.0
0.2327,0.1975,0.4802,0.844,0.9995,-0.3455,1337.0,1110.0,10.0
0.2068,0.1613,0.4268,0.8525,0.9995,-0.4055,938.0,1042.0,11.0
0.2131,0.2935,0.3225,0.82,0.9995,-0.6753,1104.0,1143.0,12.0
0.4114,0.12,0.4211,0.833,0.9995,-0.6353,1120.0,1145.0,13.0
0.2747,0.1791,0.4324,0.867,0.9995,-0.651,1138.0,984.5,14.0
0.191,0.0824,0.3372,0.6567,0.9995,-0.3032,1022.5,531.5,15.0
0.5645,0.1807,0.2903,0.8887,0.9995,-0.6895,1255.0,761.5,1.0
0.2903,0.1835,0.57,0.8438,0.9995,-0.3457,920.5,1353.0,2.0
0.2705,0.1912,0.366,0.8696,0.9995,-0.5273,1058.0,948.0,3.0
0.488,0.3054,0.4578,0.869,0.9995,-0.4302,959.0,1201.0,4.0
0.2354,0.1897,0.4836,0.9375,1.0,-0.258,604.5,1002.5,5.0
0.179,0.326,0.2673,0.8696,0.9995,-0.5586,721.5,1510.0,6.0
0.2032,0.1377,0.3892,0.9053,0.9995,-0.0196,762.5,1792.0,7.0
0.354,0.07886,0.3809,0.885,1.0,-0.0399,717.5,1195.0,8.0
0.209,0.0776,0.6357,0.8677,0.9995,-0.02827,1042.0,1272.0,9.0
0.1925,0.2307,0.508,0.9326,0.9995,-0.0464,723.0,1866.0,10.0
0.262,0.2183,0.3086,0.945,1.0,-0.1154,778.0,1317.0,11.0
0.09094,0.0869,0.704,0.888,1.0,0.0996,514.5,1838.0,12.0
0.2063,0.1711,0.4302,0.8735,0.9995,-0.368,763.0,1473.0,13.0
0.1835,0.2045,0.407,0.919,0.9995,-0.1636,791.0,1466.0,14.0
0.2303,0.12177,0.44,0.8823,0.9995,-0.1245,795.5,1218.0,15.0
0.3513,0.1555,0.413,0.868,0.999,-0.598,734.0,1006.0,1.0
0.2883,0.3352,0.4133,0.904,0.9995,-0.384,791.5,1013.0,2.0
0.4084,0.1339,0.771,0.8105,0.999,-0.3335,1181.0,253.5,3.0
0.515,0.10736,0.518,0.8696,0.999,-0.7476,1262.0,53.25,4.0
0.5547,0.3018,0.468,0.862,0.9995,-0.4375,1060.0,873.0,5.0
0.2113,0.2656,0.4163,0.8574,0.999,-0.6074,872.0,1018.0,6.0
0.1803,0.1443,0.5015,0.7427,0.9995,-0.9766,1207.0,826.5,7.0
0.2189,0.1829,0.4604,0.872,0.9995,-0.564,906.5,865.0,8.0
3.537,0.479,0.4788,0.7983,0.9995,-0.4001,1199.0,855.0,9.0
0.2532,0.2369,0.573,0.91,0.9995,-0.2764,769.0,987.0,10.0
0.2396,0.1385,0.5493,0.8477,0.9995,-0.6235,792.5,447.0,11.0
0.2888,0.1714,0.627,0.8364,0.9995,-0.4495,1028.0,459.5,12.0
0.1853,0.1791,0.4778,0.8306,0.999,-0.684,1361.0,704.0,13.0
0.178,0.2996,0.505,0.9517,0.9995,-0.3047,790.0,976.5,14.0
0.2676,0.1636,0.51,0.8755,0.9995,-0.6562,1118.0,374.0,15.0
0.33,0.2427,0.4456,0.808,0.9995,-0.6895,936.0,672.5,1.0
0.2705,0.333,0.263,0.8896,0.999,-0.693,784.5,750.0,2.0
0.2043,0.1576,0.484,0.848,0.9995,-0.525,1127.0,925.5,3.0
0.2476,0.318,0.4092,0.908,0.999,-0.3196,1076.0,836.5,4.0
0.1764,0.1947,0.464,0.886,0.9995,-0.3372,1203.0,412.5,5.0
0.181,0.278,0.3452,0.9136,0.9995,-0.341,656.0,1013.5,6.0
0.1969,0.29,0.3362,0.907,0.999,-0.4768,600.0,574.0,7.0
0.2754,0.1887,0.4307,0.8823,0.9995,-0.6147,1027.0,926.0,8.0
0.1891,0.1824,0.4922,0.938,0.999,-0.1004,456.5,1317.0,9.0
0.4812,0.0474,0.451,0.9116,0.9995,-0.0394,871.0,1449.0,10.0
0.2485,0.1364,0.7456,0.879,0.9995,-0.06116,896.0,897.5,11.0
0.2167,0.182,0.2825,0.8887,0.999,-0.1178,867.5,993.5,12.0
3.78,0.5005,0.5044,0.813,0.9995,-0.323,1029.0,408.5,13.0
0.2388,0.196,0.589,0.8975,0.9995,-0.1705,824.0,937.5,14.0
0.1853,0.2664,0.2625,0.843,0.999,-0.486,988.5,645.5,15.0
0.3013,0.1973,0.5337,0.9463,0.9995,-0.4685,894.0,991.5,1.0
0.8843,0.4568,0.4026,0.8945,0.9995,-0.3733,646.0,704.0,2.0
4.31,0.2607,0.672,0.7153,0.9995,-0.006878,904.0,332.5,3.0
0.1847,0.2164,0.4072,0.8794,0.9995,-0.4502,921.0,725.5,4.0
1.873,0.2966,0.5303,0.804,0.9995,-0.1521,961.5,456.2,5.0
0.1842,0.2245,0.486,0.922,0.9995,-0.3506,986.0,764.0,6.0
0.2072,0.1433,0.441,0.8896,0.9995,-0.155,1551.0,489.8,7.0
0.2808,0.206,0.4243,0.805,0.9995,-0.399,1097.0,919.5,8.0
0.21,0.2194,0.283,0.866,0.9995,-0.3215,764.5,598.0,9.0
3.791,0.4985,0.3179,0.7437,0.9995,-0.2045,1861.0,1596.0,10.0
0.2242,0.228,0.4128,0.853,0.9995,-0.3357,1044.0,780.0,11.0
0.5723,0.2384,0.2937,0.9688,0.9995,-0.4875,1417.0,708.0,12.0
0.3303,0.2559,0.2917,0.9565,0.9995,-0.2249,1213.0,314.2,13.0
0.1862,0.262,0.343,0.9204,0.9995,-0.2632,1190.0,439.0,14.0
0.2183,0.2798,0.3005,0.908,1.0,-0.3943,1042.0,524.5,15.0
0.3513,0.1976,0.308,0.8906,0.9995,-0.4495,698.0,1065.0,1.0
0.29,0.2491,0.4531,0.848,0.9995,-0.51,794.5,957.0,2.0
0.2437,0.2222,0.426,0.827,0.9995,-0.4653,955.5,788.5,3.0
0.1906,0.0787,0.51,0.719,0.9995,-0.1323,1662.0,736.5,4.0
0.485,0.0758,0.3574,0.9,0.9995,-0.148,337.8,1291.0,5.0
0.3394,0.10834,0.3635,0.835,0.9995,-0.2937,637.5,1011.0,6.0
0.197,0.1735,0.462,0.8135,0.9995,-0.3896,749.5,960.0,7.0
0.2378,0.2135,0.2969,0.8296,0.9995,-0.572,818.0,868.0,8.0
0.3533,0.1365,0.4097,0.8647,0.9995,-0.483,967.5,937.5,9.0
0.1853,0.1175,0.4275,0.751,0.9995,-0.4958,1103.0,666.5,10.0
0.2284,0.129,0.4014,0.8315,0.9995,-0.2947,799.5,965.5,11.0
0.2913,0.06433,0.349,0.6895,0.9995,-0.3052,541.0,790.5,12.0
0.182,0.1862,0.424,0.8257,0.999,-0.3923,1294.0,570.0,13.0
0.1993,0.1464,0.4602,0.842,0.9995,-0.3943,710.5,1090.0,14.0
0.2295,0.1943,0.4446,0.809,0.9995,-0.452,854.5,852.5,15.0
0.2004,0.5356,0.1785,0.864,0.9995,-0.561,413.0,1058.0,1.0
0.674,0.423,0.3394,0.8613,0.9995,-0.4917,841.5,1140.0,2.0
0.5435,0.1284,0.3782,0.8843,0.9995,-0.615,998.5,906.5,3.0
0.2242,0.2712,0.3188,0.8857,0.9995,-0.5757,1086.0,868.5,4.0
0.2047,0.2482,0.324,0.8623,0.9995,-0.5747,987.5,934.5,5.0
0.4226,0.3228,0.1627,0.802,0.9995,-0.859,1289.0,1111.0,6.0
0.4233,0.223,0.1268,0.822,1.0,-0.2979,1458.0,650.0,7.0
0.1804,0.2385,0.4116,0.858,0.9995,-0.5674,1068.0,1103.0,8.0
0.2524,0.3103,0.4998,0.943,0.9995,-0.1503,771.0,822.5,9.0
0.346,0.177,0.542,0.933,0.9995,-0.584,1222.0,1314.0,10.0
0.3367,0.383,0.35,0.8936,0.9995,-0.4038,925.5,979.0,11.0
1.645,0.1807,0.819,0.8643,0.9995,0.1677,1865.0,1007.0,12.0
0.1962,0.268,0.2275,0.841,0.9995,-0.4143,1169.0,768.0,13.0
0.1803,0.2379,0.3171,0.8413,0.9995,-0.519,1286.0,895.5,14.0
0.1887,0.2452,0.4172,0.8877,0.9995,-0.596,1091.0,1098.0,15.0
0.568,0.1418,0.326,0.8857,0.9995,-0.611,789.5,1344.0,1.0
0.2622,0.2146,0.5664,0.9385,0.9995,-0.6006,867.5,847.5,2.0
0.2318,0.1703,0.709,0.934,0.9995,-0.5293,1002.0,630.5,3.0
0.7373,0.3145,0.5566,0.8906,0.9995,-0.302,908.5,976.0,4.0
0.2817,0.2031,0.3586,0.88,0.9995,-0.537,859.5,1168.0,5.0
8.04,0.8516,0.3484,0.916,0.999,0.514,1713.0,1890.0,6.0
8.02,0.669,0.3364,0.649,0.9995,-0.7866,225.5,898.0,7.0
0.732,0.1421,0.1973,0.8564,0.9995,-0.617,951.5,1363.0,8.0
0.1923,0.2008,0.38,0.841,0.9995,-0.5522,938.0,910.5,9.0
0.339,0.1735,0.3433,0.8735,0.9995,-0.4844,949.5,1176.0,10.0
2.54,0.4382,0.3992,0.7705,0.9995,-0.6035,544.5,978.5,11.0
0.3386,0.2515,0.557,0.881,0.9995,-0.4763,957.5,1077.0,12.0
0.2048,0.2402,0.4768,0.882,0.9995,-0.454,943.5,1128.0,13.0
0.276,0.2053,0.3662,0.9326,0.9995,-0.2532,644.0,775.0,14.0
1.654,0.5327,0.3926,0.904,0.9995,0.02023,1320.0,1517.0,15.0
1.248,0.5557,0.3381,0.866,0.9995,-0.5957,550.5,1389.0,1.0
0.2332,0.1764,0.295,0.814,0.9995,-0.4202,865.0,1297.0,2.0
6.336,0.53,0.6562,0.783,0.9995,-0.5596,1298.0,1223.0,3.0
0.2092,0.2349,0.3936,0.907,0.999,-0.4302,920.5,1221.0,4.0
0.5103,0.2087,0.2439,0.88,0.9995,-0.6147,1329.0,909.5,5.0
0.594,0.3835,0.3542,0.857,0.9995,-0.48,761.0,1243.0,6.0
0.3762,0.1422,0.3174,0.885,0.9995,-0.2896,587.0,1437.0,7.0
0.2194,0.2311,0.3987,0.8613,0.9995,-0.2683,855.0,1019.0,8.0
0.2793,0.2286,0.291,0.8735,0.9995,-0.4944,1099.0,998.0,9.0
0.1682,0.3794,0.2286,0.9067,0.9995,-0.31,573.5,1762.0,10.0
0.1995,0.229,0.3171,0.866,0.9995,-0.4236,912.0,1076.0,11.0
0.218,0.2129,0.3184,0.884,0.9995,-0.3188,737.0,1239.0,12.0
0.1737,0.3086,0.45,0.948,0.9995,-0.2825,594.0,1094.0,13.0
0.1816,0.1454,0.574,0.849,0.999,-0.3628,1114.0,1436.0,14.0
0.168,0.2206,0.2783,0.8184,0.9995,-0.347,950.5,1374.0,15.0
0.3523,0.1895,0.365,0.8867,0.9995,-0.581,1032.0,805.0,1.0
0.4917,0.365,0.504,0.9053,0.9995,-0.5464,1262.0,662.0,2.0
0.158,0.3054,0.1747,0.7866,0.9995,-0.3606,394.8,1742.0,3.0
0.2185,0.1794,0.4077,0.858,0.9995,-0.4927,993.5,1031.0,4.0
0.1858,0.157,0.4604,0.886,0.9995,-0.1963,739.5,1417.0,5.0
0.732,0.09735,0.283,0.905,0.9995,-0.5757,576.0,1463.0,6.0
0.2815,0.272,0.4644,0.877,0.9995,-0.4668,1105.0,893.0,7.0
0.2086,0.1958,0.404,0.8477,0.9995,-0.62,696.0,1326.0,8.0
0.193,0.172,0.4246,0.8584,0.9995,-0.3916,1194.0,981.0,9.0
0.2585,0.239,0.4683,0.871,0.9995,-0.3562,888.5,1068.0,10.0
0.209,0.1521,0.5557,0.8354,0.9995,-0.2559,1118.0,1311.0,11.0
0.216,0.222,0.457,0.859,0.9995,-0.409,1028.0,1049.0,12.0
12.63,0.855,0.525,0.911,0.9995,0.795,853.0,268.5,13.0
0.2057,0.218,0.427,0.849,0.9995,-0.395,874.5,1159.0,14.0
0.2388,0.4019,0.5493,0.9595,1.0,-0.515,243.9,210.5,15.0
0.389,0.3,0.4167,0.8623,0.9995,-0.4434,923.5,907.5,1.0
0.8057,0.3335,0.504,0.8896,0.9995,-0.2028,870.5,888.5,2.0
0.1897,0.39,0.271,0.919,0.9995,-0.4905,781.5,729.5,3.0
0.206,0.4058,0.3445,0.8936,0.9995,-0.743,1797.0,264.0,4.0
0.4224,0.3179,0.4365,0.8687,0.9995,-0.5195,1088.0,673.0,5.0
0.1948,0.2712,0.3193,0.8516,0.9995,-0.7036,1106.0,602.0,6.0
0.2036,0.1942,0.582,0.9805,0.9995,-0.008484,1600.0,1066.0,7.0
0.2625,0.358,0.404,0.986,0.9995,-0.331,891.5,565.0,8.0
0.4346,0.2825,0.3022,0.937,0.9995,-0.6177,1440.0,771.5,9.0
33.7,0.7515,0.704,0.5293,0.9995,-0.005917,501.2,1584.0,10.0
0.1921,0.3096,0.3254,0.9043,0.9995,-0.523,917.0,725.5,11.0
0.25,0.3066,0.3386,0.924,0.9995,-0.5684,1217.0,727.5,12.0
0.292,0.3542,0.3677,0.876,0.9995,-0.576,1090.0,633.0,13.0
0.1725,0.3235,0.4158,0.951,0.9995,-0.268,841.0,742.5,14.0
0.1815,0.309,0.3594,0.915,0.9995,-0.4849,1048.0,733.0,15.0
0.2012,0.2494,0.3684,0.886,0.9995,-0.5493,991.5,1098.0,1.0
0.2247,0.1227,0.5083,0.7935,0.9995,-0.635,1617.0,1209.0,2.0
0.3035,0.2468,0.5,0.863,1.0,-0.5024,1015.0,1354.0,3.0
0.1774,0.1752,0.375,0.764,0.9995,-0.687,973.5,827.0,4.0
0.2793,0.3267,0.3281,0.8613,1.0,-0.4265,803.0,1326.0,5.0
0.1781,0.2122,0.4087,0.853,0.9995,-0.5273,1537.0,1403.0,6.0
0.1837,0.1188,0.4646,0.731,0.9995,-0.6636,1453.0,437.8,7.0
10000.0,0.706,0.9487,0.2427,0.999,0.001474,1074.0,367.5,8.0
17.08,0.879,0.9185,0.7847,0.9995,-0.821,1144.0,535.0,9.0
0.4204,0.2302,0.3208,0.902,0.9995,-0.6846,1182.0,1054.0,10.0
0.225,0.2322,0.3518,0.8633,0.9995,-0.638,1219.0,1043.0,11.0
28.97,0.693,0.54,0.5254,0.999,0.3171,1375.0,404.2,12.0
7.523,0.554,0.5337,0.7036,0.9995,-0.859,815.5,488.2,13.0
0.5,0.0664,0.5874,0.6313,0.9995,-0.1298,432.2,1183.0,14.0
0.4006,0.1471,0.295,0.766,1.0,-0.752,1681.0,931.5,15.0
0.4707,0.2524,0.488,0.839,0.9995,-0.4585,1076.0,815.0,1.0
0.3596,0.2295,0.4373,0.9297,0.9995,-0.695,856.0,1178.0,2.0
0.1857,0.1533,0.5435,0.81,0.9995,-0.697,939.5,590.5,3.0
10000.0,0.715,0.646,0.04495,0.9995,-0.714,1199.0,1074.0,4.0
0.2795,0.147,0.501,0.867,0.9995,-0.587,1130.0,749.0,5.0
0.285,0.1495,0.658,0.9067,0.999,-0.6855,1000.5,622.0,6.0
3.428,0.07666,0.208,0.716,0.999,0.317,1750.0,1205.0,7.0
0.2075,0.1603,0.448,0.8164,0.9995,-0.65,1021.5,941.0,8.0
0.152,0.1354,0.3452,0.784,0.9995,-0.1246,1396.0,1051.0,9.0
0.1886,0.0769,0.773,0.7764,0.9995,-0.4666,1027.0,221.9,10.0
0.2198,0.1516,0.4363,0.7803,0.9995,-0.2717,1261.0,972.0,11.0
0.252,0.1289,0.4233,0.7095,0.9995,-0.4795,1303.0,591.5,12.0
6.63,0.5186,0.4075,0.661,0.9995,-0.719,82.0,716.0,13.0
0.2013,0.1475,0.5186,0.844,0.9995,-0.5254,1143.0,762.0,14.0
0.1843,0.1836,0.5757,0.884,0.9995,-0.5303,978.5,659.5,15.0
0.1741,0.3303,0.2786,0.9,0.9995,-0.25,171.1,944.5,1.0
1.085,0.4082,0.3828,0.8335,0.9995,-0.5615,916.0,789.0,2.0
0.732,0.11096,0.4019,0.8145,0.9995,-0.9824,568.0,1292.0,3.0
0.3857,0.1406,0.3943,0.828,0.9995,-0.7065,786.0,1102.0,4.0
0.732,0.0216,0.4949,0.8784,0.9995,-0.2727,793.0,1647.0,5.0
0.347,0.2822,0.52,0.887,0.9995,-0.498,636.5,1261.0,6.0
0.1849,0.2456,0.3398,0.8687,0.9995,-0.495,1022.5,700.5,7.0
0.262,0.2025,0.3071,0.87,0.9995,-0.4055,860.0,1504.0,8.0
0.6426,0.2795,0.43,0.7817,0.9995,-0.765,1144.0,412.2,9.0
0.2106,0.3745,0.185,0.8257,0.9995,-0.7046,65.6,1550.0,10.0
0.2062,0.1605,0.3765,0.7827,0.9995,-0.6274,1029.0,824.5,11.0
0.3123,0.1681,0.29,0.861,0.9995,-0.3367,537.5,1956.0,12.0
0.2367,0.2715,0.329,0.8027,0.9995,-0.623,985.0,1359.0,13.0
0.2142,0.2498,0.458,0.8716,0.9995,-0.514,621.0,1251.0,14.0
0.1934,0.384,0.1973,0.8174,0.9995,-0.521,224.5,1512.0,15.0
0.2084,0.208,0.534,0.891,0.9995,-0.2866,925.0,1076.0,1.0
0.2585,0.2169,0.55,0.884,0.9995,-0.3145,800.5,975.0,2.0
0.2197,0.2063,0.4246,0.847,0.9995,-0.265,1177.0,823.0,3.0
33.7,0.868,0.6133,0.58,1.0,0.7075,1695.0,104.9,4.0
0.211,0.181,0.4023,0.8906,0.999,-0.2947,1347.0,1434.0,5.0
0.1854,0.1917,0.492,0.87,0.9995,-0.3289,1036.0,1124.0,6.0
2.57,0.9097,0.1765,0.887,0.999,0.05997,809.0,1781.0,7.0
0.1969,0.1812,0.4902,0.8984,0.9995,-0.3577,1179.0,1770.0,8.0
0.1814,0.1807,0.4526,0.8843,0.9995,-0.3003,1245.0,1404.0,9.0
-0.06088,0.1467,0.643,0.921,0.999,0.0722,740.5,1328.0,10.0
0.1583,0.0994,0.4666,0.797,0.9995,-0.1225,1300.0,1149.0,11.0
0.1838,0.1835,0.5356,0.889,0.9995,-0.2401,958.0,1131.0,12.0
0.02158,0.2025,0.418,0.9355,0.999,0.01549,1471.0,1502.0,13.0
0.1748,0.1633,0.506,0.895,0.9995,-0.1755,1043.0,1018.0,14.0
-0.0957,0.1597,0.569,0.915,0.9995,0.0476,1179.0,863.0,15.0
0.1768,0.1805,0.3833,0.876,0.9995,-0.203,881.0,972.5,1.0
0.1891,0.1106,0.5977,0.8726,0.9995,-0.138,802.5,820.0,2.0
0.1833,0.265,0.3591,0.8506,0.9995,-0.5522,1072.0,909.0,3.0
18.19,0.1373,0.6904,0.4778,0.9995,0.753,112.5,1885.0,4.0
0.1755,0.2029,0.412,0.8813,0.9995,-0.3193,961.5,1059.0,5.0
0.1763,0.1475,0.5425,0.865,0.9995,-0.223,860.0,820.5,6.0
0.732,0.03094,0.6973,0.9185,0.9995,-0.719,303.5,665.0,7.0
0.1798,0.1588,0.453,0.8867,0.9995,-0.1653,831.5,1291.0,8.0
0.1833,0.166,0.4517,0.8604,0.9995,-0.3472,867.0,1008.5,9.0
0.354,0.1157,0.6025,0.897,0.9995,-0.5186,531.5,779.0,10.0
73.6,0.24,0.5176,0.3066,0.9995,0.611,1668.0,1105.0,11.0
0.174,0.1787,0.4583,0.866,0.9995,-0.3076,876.5,980.0,12.0
18.8,0.7715,0.6187,0.793,0.999,0.9424,272.8,1151.0,13.0
0.1937,0.1647,0.5273,0.8804,0.9995,-0.4211,658.0,896.5,14.0
0.1775,0.1804,0.4846,0.877,0.9995,-0.343,773.5,935.0,15.0
0.2152,0.1702,0.4321,0.862,0.9995,-0.459,949.0,1101.0,1.0
0.04105,0.2339,0.396,0.9805,0.9995,0.0841,1067.0,1683.0,2.0
0.2161,0.2401,0.4727,0.918,0.9995,-0.07965,1000.0,1168.0,3.0
0.182,0.227,0.5625,0.944,0.9995,-0.0852,1203.0,1040.0,4.0
0.1971,0.2233,0.577,0.8965,0.9995,-0.54,769.5,1336.0,5.0
0.7944,0.2266,0.5327,0.8228,0.9995,-0.184,865.0,739.5,6.0
0.06726,0.18,0.663,0.9307,0.9995,0.0163,1458.0,1187.0,7.0
0.1816,0.1522,0.536,0.8975,0.9995,-0.1875,1478.0,1110.0,8.0
0.175,0.2191,0.4543,0.9,0.9995,-0.345,1150.0,1159.0,9.0
0.1808,0.2184,0.545,0.9077,0.9995,-0.465,723.0,1011.0,10.0
0.1804,0.2104,0.529,0.924,0.9995,-0.1298,1198.0,1106.0,11.0
0.1747,0.1964,0.4114,0.874,0.9995,-0.315,1089.0,1010.0,12.0
0.1698,0.196,0.4602,0.9136,0.9995,-0.1372,988.5,1294.0,13.0
0.1644,0.159,0.4492,0.879,0.9995,-0.072,1218.0,1220.0,14.0
0.1696,0.1855,0.3774,0.8325,0.9995,-0.2769,794.5,1395.0,15.0
10000.0,0.697,0.7383,0.302,1.0,-0.975,1789.0,925.0,1.0
6.363,0.863,0.3008,0.8794,0.9995,0.323,1594.0,636.0,2.0
0.1921,0.2588,0.359,0.8667,0.9995,-0.353,912.0,1092.0,3.0
0.752,0.3167,0.3953,0.82,0.9995,-0.4497,804.5,992.5,4.0
0.1744,0.1309,0.3232,0.752,0.9995,-0.318,772.5,1334.0,5.0
0.1897,0.1804,0.425,0.86,0.9995,-0.4207,922.0,1045.0,6.0
0.1777,0.2566,0.3228,0.872,0.9995,-0.4316,1180.0,1274.0,7.0
0.1764,0.1698,0.4297,0.859,0.9995,-0.2944,891.5,1029.0,8.0
0.553,0.03464,0.5024,0.8823,0.9995,-0.1426,1012.0,1274.0,9.0
0.1787,0.2224,0.3955,0.8745,0.9995,-0.4478,710.0,1347.0,10.0
0.1853,0.2133,0.4019,0.857,0.9995,-0.318,898.0,1144.0,11.0
0.1971,0.2295,0.4626,0.908,0.9995,-0.5107,1217.0,1545.0,12.0
0.1765,0.127,0.3782,0.7666,0.9995,-0.1506,757.5,835.0,13.0
0.1711,0.1727,0.4553,0.88,0.9995,-0.1853,723.0,1216.0,14.0
0.1736,0.19,0.426,0.8633,0.9995,-0.338,898.5,1127.0,15.0
0.1993,0.2179,0.3452,0.8433,0.9995,-0.573,1263.0,858.0,1.0
0.212,0.1128,0.4768,0.836,1.0,-0.2426,1667.0,976.0,2.0
0.175,0.1647,0.4543,0.8574,0.9995,-0.2957,1326.0,943.5,3.0
0.1987,0.2172,0.4165,0.8726,0.999,-0.2157,1078.0,1174.0,4.0
0.2042,0.2018,0.4634,0.863,0.9995,-0.2922,1017.5,1093.0,5.0
0.1891,0.2012,0.3713,0.874,0.9995,-0.3438,951.0,1225.0,6.0
0.1653,0.1816,0.4993,0.916,0.999,-0.00473,801.5,1072.0,7.0
0.0699,0.2812,0.3306,0.94,0.999,0.07245,623.5,1028.0,8.0
0.173,0.2766,0.3208,0.947,0.9995,-0.0847,808.0,620.5,9.0
0.1876,0.2834,0.4019,0.933,0.9995,-0.377,1081.0,1326.0,10.0
0.1698,0.3132,0.3296,0.9175,0.9995,-0.3157,879.5,785.0,11.0
0.1656,0.2678,0.3103,0.952,0.999,-0.0364,696.5,664.5,12.0
0.1737,0.229,0.4229,0.92,0.9995,-0.2168,972.5,791.0,13.0
0.2147,0.2825,0.4543,0.9536,0.9995,-0.405,793.5,753.0,14.0
0.1759,0.1819,0.459,0.8555,0.9995,-0.3704,704.5,1091.0,15.0
0.3013,0.2983,0.3896,0.8906,0.999,-0.2275,602.5,810.5,1.0
0.2051,0.1881,0.3633,0.8677,0.9995,-0.3489,883.5,1005.5,2.0
0.1764,0.2776,0.2617,0.8657,0.9995,-0.1826,859.0,1076.0,3.0
0.2261,0.2047,0.2756,0.7793,0.9995,-0.1698,395.8,1639.0,4.0
0.187,0.346,0.3,0.8896,0.9995,-0.4006,1010.0,1122.0,5.0
0.188,0.195,0.3518,0.8237,0.9995,-0.1962,661.0,1332.0,6.0
0.1772,0.1996,0.4302,0.8545,0.9995,-0.4763,851.0,778.5,7.0
1.182,0.3367,0.4517,0.8286,0.9995,-0.3796,1059.0,933.5,8.0
0.1771,0.164,0.4824,0.8633,0.9995,-0.1631,939.0,1231.0,9.0
0.474,0.1442,0.2966,0.883,0.9995,-0.4148,584.0,1267.0,10.0
0.1746,0.2444,0.3262,0.8564,0.9995,-0.4463,921.0,1021.0,11.0
0.1711,0.1813,0.4033,0.878,0.9995,-0.1912,949.0,939.0,12.0
0.1823,0.2932,0.4146,0.9287,0.9995,-0.4475,1216.0,824.5,13.0
4.2,0.1892,0.7007,0.5977,1.0,-0.93,211.4,714.5,14.0
0.275,0.2047,0.2515,0.8403,0.9995,-0.4104,1261.0,1234.0,15.0
0.1675,0.3594,0.2988,0.935,0.9995,-0.2463,1113.0,795.0,1.0
0.1877,0.161,0.4048,0.8677,0.9995,-0.2257,1246.0,690.5,2.0
0.2015,0.294,0.2915,0.89,0.999,-0.11975,1090.0,1029.0,3.0
0.1823,0.2374,0.538,0.9316,0.999,-0.24,1031.0,621.5,4.0
0.1749,0.2688,0.3975,0.916,0.9995,-0.3608,945.5,1044.0,5.0
0.18,0.302,0.5557,0.9673,0.9995,-0.324,896.0,832.5,6.0
0.1842,0.2417,0.523,0.93,0.9995,-0.4373,926.0,837.0,7.0
1.092,0.1674,0.2089,0.6133,0.9995,-0.2262,509.5,728.0,8.0
0.1644,0.3994,0.3486,0.9707,0.9995,0.07764,855.0,1036.0,9.0
0.1703,0.2368,0.4106,0.913,0.9995,-0.1812,960.0,923.0,10.0
10000.0,0.909,0.559,0.3079,0.9995,0.694,1083.0,778.0,11.0
0.1733,0.2194,0.432,0.9,0.9995,-0.212,1082.0,831.0,12.0
0.177,0.2593,0.492,0.9316,0.9995,-0.3037,929.0,889.0,13.0
0.164,0.3486,0.2705,0.9297,0.9995,-0.1912,820.5,1268.0,14.0
10000.0,0.3867,0.6875,0.0337,0.9995,0.3003,1198.0,104.06,15.0
0.2915,0.396,0.3179,0.853,0.9995,-0.7744,836.0,174.0,1.0
1.052,0.3677,0.346,0.82,0.9995,-0.3213,1360.0,1171.0,2.0
0.1871,0.1798,0.5864,0.9214,0.9995,-0.2964,847.5,1061.0,3.0
0.2107,0.1533,0.39,0.8438,0.9995,-0.3345,955.5,939.0,4.0
0.732,0.07227,0.3633,0.9517,0.9995,-0.3157,252.8,500.8,5.0
0.1938,0.3,0.3691,0.8687,0.9995,-0.602,868.5,535.0,6.0
0.186,0.2947,0.3594,0.9277,0.9995,-0.3584,811.5,676.5,7.0
0.4224,0.1478,0.3662,0.9185,0.9995,-0.3389,502.2,669.0,8.0
0.1757,0.1864,0.3198,0.8477,0.9995,-0.2283,885.5,981.5,9.0
0.2659,0.1797,0.388,0.8984,0.9995,-0.3506,636.0,764.0,10.0
0.1833,0.3225,0.2395,0.891,0.9995,-0.3516,860.5,795.5,11.0
-0.05872,0.1724,0.267,0.905,0.9995,0.03726,666.0,1107.0,12.0
0.1727,0.2366,0.3838,0.886,0.9995,-0.3499,844.0,999.0,13.0
0.1709,0.2258,0.3423,0.8955,0.9995,-0.1975,1040.0,818.5,14.0
0.2046,0.1873,0.461,0.8706,0.9995,-0.553,1242.0,781.5,15.0
0.1747,0.2756,0.1324,0.69,0.9995,-0.533,764.0,961.5,1.0
0.1698,0.11145,0.4048,0.743,0.9995,-0.306,871.5,477.0,2.0
0.1882,0.1658,0.3389,0.82,0.9995,-0.3257,696.0,1340.0,3.0
0.1793,0.1492,0.3994,0.8643,0.999,-0.1409,795.5,576.5,4.0
0.164,0.1526,0.264,0.751,0.9995,-0.2634,1018.5,449.0,5.0
0.4575,0.1255,0.475,0.722,0.9995,-0.2206,635.5,999.5,6.0
0.1674,0.174,0.3552,0.82,0.9995,-0.3054,774.5,1023.5,7.0
0.1688,0.1963,0.3113,0.825,0.9995,-0.3062,850.0,679.0,8.0
0.1738,0.1493,0.454,0.8213,0.9995,-0.1918,870.5,736.0,9.0
0.2094,0.1442,0.2335,0.7236,0.9995,-0.3892,1626.0,986.5,10.0
0.1686,0.1536,0.3015,0.7524,0.9995,-0.33,1252.0,844.5,11.0
0.1882,0.126,0.3381,0.7197,0.9995,-0.3164,932.5,618.5,12.0
0.1616,0.163,0.3672,0.827,0.9995,-0.1993,884.0,667.0,13.0
0.1298,0.1741,0.1608,0.712,0.9995,-0.1422,1359.0,820.5,14.0
0.1682,0.1481,0.337,0.7627,0.9995,-0.2996,973.0,698.0,15.0
0.1835,0.1737,0.348,0.7715,0.9995,-0.6147,889.0,1400.0,1.0
0.195,0.2954,0.3037,0.828,0.9995,-0.5967,491.0,1261.0,2.0
0.2986,0.1481,0.3674,0.886,0.9995,-0.2756,896.5,1047.0,3.0
0.1774,0.1821,0.448,0.84,0.9995,-0.433,929.0,1087.0,4.0
0.1764,0.1896,0.4585,0.8623,0.9995,-0.3977,840.5,873.0,5.0
0.2001,0.1777,0.4216,0.784,0.9995,-0.481,1063.0,1160.0,6.0
0.194,0.1683,0.3933,0.8423,0.9995,-0.3862,921.5,1058.0,7.0
0.1953,0.294,0.3574,0.858,0.9995,-0.6025,824.5,930.5,8.0
0.2079,0.2239,0.4246,0.815,0.999,-0.6904,520.5,1231.0,9.0
0.2874,0.1865,0.3916,0.7437,1.0,-0.612,1052.0,920.5,10.0
14.49,0.1565,0.1715,0.4268,1.0,0.2251,650.0,1998.0,11.0
0.1913,0.2108,0.3982,0.8184,0.9995,-0.514,637.0,1110.0,12.0
0.1816,0.2429,0.376,0.848,0.9995,-0.5083,930.5,902.5,13.0
2.254,0.5054,0.559,0.8975,0.9995,-0.166,1631.0,1063.0,14.0
1.244,0.3518,0.4917,0.8525,0.9995,-0.3284,1304.0,1023.0,15.0
0.1951,0.1968,0.4907,0.8687,0.9995,-0.662,1268.0,755.0,1.0
0.22,0.2544,0.4546,0.8525,0.999,-0.6978,1436.0,410.8,2.0
0.1815,0.2002,0.445,0.856,0.9995,-0.3901,968.5,1044.0,3.0
0.263,0.2388,0.3533,0.863,1.0,-0.0814,1152.0,1519.0,4.0
0.1736,0.2411,0.368,0.865,0.9995,-0.4739,1455.0,887.5,5.0
0.2135,0.1209,0.4534,0.867,1.0,-0.1501,860.0,1425.0,6.0
0.1837,0.1714,0.4475,0.88,0.9995,-0.2776,1082.0,851.5,7.0
2.453,0.3857,0.475,0.7725,0.9995,-0.653,948.0,720.5,8.0
0.1747,0.2256,0.4011,0.883,0.9995,-0.3904,1127.0,919.0,9.0
0.2278,0.1456,0.3542,0.758,0.9995,-0.1788,1182.0,1102.0,10.0
0.1741,0.1807,0.3943,0.8457,0.9995,-0.1722,1053.0,961.0,11.0
0.1735,0.1392,0.5547,0.8696,0.9995,-0.06635,1294.0,1001.5,12.0
0.842,0.2805,0.4597,0.809,0.9995,-0.468,1058.0,869.5,13.0
0.2196,0.1384,0.368,0.8784,0.9995,-0.1094,1022.0,1180.0,14.0
0.1847,0.1556,0.4185,0.8696,0.9995,-0.1973,1053.0,1093.0,15.0
0.1864,0.1989,0.4072,0.8716,0.9995,-0.4102,927.0,1013.0,1.0
0.1755,0.2427,0.3105,0.8237,0.9995,-0.579,216.4,1213.0,2.0
0.1488,0.3047,0.1605,0.811,0.9995,-0.2795,712.5,631.0,3.0
0.1809,0.2007,0.3958,0.8477,0.9995,-0.4956,869.0,1213.0,4.0
0.1649,0.3428,0.1709,0.7993,0.9995,-0.4624,695.5,1110.0,5.0
1.923,0.07776,0.335,0.429,0.9995,-0.7715,1628.0,1505.0,6.0
0.1685,0.3489,0.1707,0.7705,0.9995,-0.569,356.2,960.0,7.0
0.277,0.2773,0.2744,0.897,0.9995,-0.502,976.0,854.5,8.0
1.12,0.184,0.3064,0.618,0.9995,-0.669,1154.0,1223.0,9.0
0.176,0.2013,0.3813,0.831,0.9995,-0.4038,786.0,926.5,10.0
13.14,0.9604,0.646,0.876,0.9995,0.6177,376.8,1792.0,11.0
0.2053,0.2808,0.343,0.841,0.9995,-0.5596,779.0,975.0,12.0
0.1863,0.265,0.1755,0.778,0.9995,-0.4138,511.5,1141.0,13.0
0.203,0.2402,0.471,0.8755,0.9995,-0.503,789.5,824.5,14.0
0.169,0.2864,0.2172,0.797,0.9995,-0.4895,526.5,1060.0,15.0
0.1852,0.3362,0.315,0.859,0.9995,-0.68,783.0,300.8,1.0
0.1882,0.2146,0.4468,0.924,0.9995,-0.2554,1035.0,798.5,2.0
12.6,0.069,0.5874,0.7627,1.0,0.94,1055.0,314.0,3.0
18.8,0.3284,0.6,0.6133,0.9995,0.936,1282.0,1523.0,4.0
0.3508,0.2269,0.361,0.9385,0.9995,-0.423,1303.0,296.8,5.0
10000.0,0.8657,0.712,0.0951,1.0,-0.524,903.0,935.5,6.0
0.2052,0.2532,0.364,0.908,0.9995,-0.4202,1228.0,530.5,7.0
8.32,0.4397,0.596,0.6777,1.0,-0.2335,1139.0,1954.0,8.0
3.318,0.1819,0.5107,0.811,0.9995,0.2886,1061.0,638.0,9.0
2.762,0.362,0.5015,0.777,0.9995,-0.3403,1214.0,1271.0,10.0
10000.0,0.704,0.5195,0.1349,1.0,-0.7217,578.0,1526.0,11.0
0.732,0.2219,0.258,0.9863,0.9995,-0.579,1074.0,249.9,12.0
0.5537,0.2379,0.4382,0.8413,0.9995,-0.0903,1086.0,707.5,13.0
0.1445,0.12213,0.4006,0.8623,0.9995,-0.00433,106.06,1591.0,14.0
0.1747,0.246,0.3696,0.891,0.9995,-0.366,1070.0,742.0,15.0
0.1934,0.2751,0.4006,0.8965,0.999,-0.3394,1075.0,885.5,1.0
0.3657,0.08014,0.3735,0.9,0.999,-0.02509,1272.0,1000.0,2.0
0.2037,0.1952,0.4185,0.8643,0.9995,-0.5347,1104.0,914.0,3.0
0.1844,0.2537,0.372,0.8516,0.9995,-0.516,1091.0,981.0,4.0
0.2418,0.1432,0.4111,0.8906,0.9995,-0.1915,1184.0,956.5,5.0
0.1782,0.153,0.4482,0.8594,0.999,-0.2377,1205.0,697.5,6.0
0.1937,0.175,0.4263,0.8813,0.9995,-0.2979,1166.0,934.5,7.0
0.2277,0.1776,0.4844,0.8213,0.9995,-0.348,1140.0,930.5,8.0
0.1829,0.1824,0.528,0.8906,0.9995,-0.2031,1060.0,1078.0,9.0
0.1995,0.12036,0.6035,0.834,0.9995,-0.4707,1126.0,272.0,10.0
0.181,0.2439,0.4153,0.8877,0.9995,-0.3477,1099.0,864.5,11.0
0.1345,0.2295,0.4937,0.9814,0.999,0.0991,1106.0,702.5,12.0
0.1823,0.2356,0.475,0.918,0.9995,-0.1965,985.0,698.5,13.0
1.985,0.1571,0.5107,0.6143,0.9995,-0.676,1039.0,469.8,14.0
0.1781,0.2012,0.4453,0.875,0.9995,-0.4167,1082.0,812.0,15.0
0.1815,0.1814,0.412,0.8276,0.9995,-0.516,953.0,1087.0,1.0
0.2306,0.1879,0.4822,0.8496,0.9995,-0.2368,1041.0,1118.0,2.0
0.1958,0.547,0.1786,0.8755,0.999,-0.818,16.75,1845.0,3.0
0.2588,0.2717,0.401,0.86,0.9995,-0.445,982.0,949.0,4.0
0.1758,0.1943,0.4207,0.85,0.9995,-0.4434,856.5,1221.0,5.0
0.4321,0.3176,0.358,0.864,0.9995,-0.2695,1185.0,1002.5,6.0
0.1816,0.2435,0.354,0.814,0.9995,-0.8364,671.5,1004.0,7.0
0.1755,0.18,0.4312,0.8496,0.9995,-0.3875,964.0,868.0,8.0
0.1915,0.2734,0.2683,0.842,0.9995,-0.564,417.8,956.0,9.0
10000.0,0.912,0.517,0.09973,1.0,0.804,1740.0,178.5,10.0
0.1954,0.2227,0.4185,0.85,0.9995,-0.4314,980.5,973.0,11.0
0.1792,0.2054,0.416,0.844,0.9995,-0.437,924.5,983.5,12.0
8.53,0.465,0.5713,0.676,0.9995,-0.2766,721.0,1274.0,13.0
19.81,0.837,0.644,0.727,0.999,0.604,1813.0,1676.0,14.0
2.559,0.3306,0.4854,0.751,0.9995,-0.4023,793.5,1145.0,15.0
0.184,0.2258,0.433,0.863,0.9995,-0.473,811.0,1185.0,1.0
0.3828,0.1813,0.3176,0.8833,0.9995,-0.4885,856.0,1246.0,2.0
0.2489,0.3113,0.356,0.878,0.9995,-0.3755,952.0,1035.0,3.0
0.1952,0.2314,0.338,0.871,0.9995,-0.4517,934.0,1127.0,4.0
12.03,0.3513,0.9478,0.632,0.9995,-0.524,397.8,1467.0,5.0
3.291,0.282,0.684,0.74,0.9995,-0.538,649.5,1281.0,6.0
0.193,0.256,0.3767,0.867,0.9995,-0.3953,967.0,1078.0,7.0
0.1808,0.236,0.4224,0.874,0.9995,-0.4343,1041.0,1095.0,8.0
0.1686,0.1864,0.3857,0.8833,1.0,-0.148,1659.0,688.0,9.0
0.1821,0.2196,0.4014,0.865,0.9995,-0.321,1089.0,922.0,10.0
0.1866,0.2576,0.3713,0.8994,1.0,-0.1702,1377.0,1027.0,11.0
21.77,0.886,0.177,0.6313,0.9995,0.9106,956.5,1677.0,12.0
0.1772,0.2336,0.3816,0.8784,0.9995,-0.2764,1291.0,990.5,13.0
6.008,0.1577,0.8965,0.5693,0.999,-0.4648,1529.0,1862.0,14.0
0.9775,0.2498,0.53,0.8003,0.9995,-0.4265,916.5,1139.0,15.0
0.1835,0.1957,0.3975,0.885,0.9995,-0.2874,808.5,923.0,1.0
0.1748,0.1553,0.4775,0.844,0.9995,-0.3064,916.5,664.0,2.0
0.2229,0.169,0.3958,0.857,0.9995,-0.4158,978.5,515.0,3.0
21.8,0.433,0.1376,0.4104,1.0,-0.5977,1190.0,1492.0,4.0
0.206,0.1942,0.3262,0.8926,0.9995,-0.1906,1286.0,1248.0,5.0
0.2034,0.11475,0.2286,0.667,0.9995,-0.3875,212.4,955.5,6.0
0.1884,0.1511,0.419,0.8145,0.9995,-0.4255,941.5,577.5,7.0
11.38,0.501,0.414,0.6323,0.9995,0.2179,642.5,433.2,8.0
0.3777,0.0738,0.952,0.945,0.999,-0.2864,686.0,851.5,9.0
0.1873,0.1304,0.3247,0.7095,0.9995,-0.4194,513.0,802.5,10.0
0.1969,0.0576,0.5464,0.723,0.9995,-0.1963,685.0,691.0,11.0
4.957,0.559,0.3813,0.746,0.9995,-0.382,837.5,539.0,12.0
0.1757,0.1776,0.4182,0.8174,0.9995,-0.4673,926.0,840.0,13.0
0.216,0.1048,0.672,0.8643,0.9995,-0.3289,728.5,768.5,14.0
2.055,0.3423,0.3992,0.75,0.9995,-0.401,856.5,546.5,15.0
1.468,0.03096,0.73,0.6255,1.0,0.185,1182.0,1048.0,1.0
0.1877,0.1982,0.378,0.886,0.9995,-0.2751,1009.5,1037.0,2.0
0.1921,0.2192,0.3652,0.8853,0.9995,-0.3708,1072.0,1161.0,3.0
0.1749,0.2241,0.4453,0.9126,0.9995,-0.284,859.0,964.5,4.0
0.1635,0.249,0.2588,0.8545,0.9995,-0.1576,1111.0,1420.0,5.0
0.5557,0.1478,0.1798,0.868,0.9995,-0.3206,1058.0,1278.0,6.0
0.212,0.2312,0.3425,0.889,0.9995,-0.413,911.5,1007.5,7.0
0.19,0.1951,0.4402,0.867,0.9995,-0.2072,1412.0,1053.0,8.0
35.06,0.968,0.589,0.532,0.9995,-0.844,595.0,1099.0,9.0
0.1753,0.2227,0.3657,0.882,0.9995,-0.3179,1107.0,1105.0,10.0
0.1768,0.2023,0.4097,0.868,0.9995,-0.2417,1322.0,1066.0,11.0
0.1732,0.2145,0.369,0.882,0.9995,-0.2756,1077.0,1049.0,12.0
0.2935,0.1763,0.2786,0.8687,0.9995,-0.286,1157.0,1176.0,13.0
0.1925,0.216,0.3184,0.8745,0.9995,-0.3042,1165.0,1082.0,14.0
0.1821,0.3154,0.2798,0.8667,0.9995,-0.3853,727.5,1615.0,15.0
0.654,0.3162,0.4153,0.8496,0.9995,-0.351,974.0,865.5,1.0
97.1,0.916,0.2507,0.3325,1.0,0.0252,1179.0,925.0,2.0
0.2068,0.1694,0.4197,0.7905,0.9995,-0.3347,991.5,727.0,3.0
0.1732,0.2135,0.4043,0.893,0.9995,-0.2673,670.5,892.0,4.0
14.02,0.03256,0.10144,0.4377,0.9995,0.879,641.0,896.0,5.0
0.4016,0.0692,0.4336,0.873,0.9995,-0.12335,385.5,826.5,6.0
0.2042,0.143,0.4138,0.8687,0.9995,-0.1913,572.0,839.0,7.0
4.695,0.1053,0.2585,0.6475,0.9995,0.345,742.5,952.5,8.0
0.2438,0.05313,0.4937,0.833,0.9995,0.00447,748.0,441.2,9.0
0.4197,0.1342,0.3533,0.748,0.9995,0.05017,706.0,840.0,10.0
0.1787,0.1671,0.4292,0.835,0.9995,-0.405,842.5,908.0,11.0
0.1638,0.1274,0.459,0.846,0.9995,-0.1118,712.0,650.0,12.0
0.2031,0.1605,0.4236,0.86,0.9995,-0.3489,829.5,850.0,13.0
0.1703,0.166,0.423,0.8623,0.9995,-0.1929,658.0,810.5,14.0
0.1729,0.1748,0.4285,0.861,0.9995,-0.2676,754.5,807.5,15.0
10000.0,0.943,0.392,0.295,1.0,0.01714,1596.0,90.75,1.0
0.2262,0.12384,0.6313,0.9204,0.9995,-0.1674,1011.5,542.0,2.0
0.3232,0.952,0.3054,0.9937,0.9995,-0.3298,1402.0,1183.0,3.0
0.4358,0.1891,0.6577,0.8765,0.9995,-0.08484,1373.0,965.0,4.0
0.3206,0.2615,0.3054,0.877,0.9995,-0.7554,1154.0,753.5,5.0
0.1777,0.1698,0.5503,0.8955,0.9995,-0.2544,964.5,676.5,6.0
9.766,0.267,0.4788,0.6763,0.9995,0.549,1829.0,1066.0,7.0
0.1814,0.2363,0.4045,0.881,0.9995,-0.5156,1018.0,798.0,8.0
0.1843,0.2874,0.4534,0.9087,0.9995,-0.715,880.5,995.5,9.0
0.3623,0.2625,0.2974,0.8906,0.999,-0.718,442.5,695.0,10.0
0.1947,0.1848,0.6743,0.9316,0.999,-0.1023,645.5,1171.0,11.0
0.1754,0.1919,0.4565,0.8745,0.9995,-0.3584,962.0,929.0,12.0
0.2493,0.1755,0.6006,0.8784,1.0,-0.165,1631.0,1159.0,13.0
0.1864,0.2083,0.4436,0.8857,0.9995,-0.45,838.5,1076.0,14.0
33.97,0.8877,0.511,0.552,0.9995,0.633,1727.0,362.8,15.0
6.19,0.09674,0.1122,0.5444,0.999,0.3567,1631.0,1471.0,1.0
0.169,0.1442,0.4473,0.8403,0.9995,-0.2144,973.5,1218.0,2.0
10000.0,0.8867,0.7656,0.2666,0.9995,0.4395,990.5,71.4,3.0
0.3352,0.2454,0.401,0.8335,0.9995,-0.3347,1063.0,1033.0,4.0
28.36,0.1143,0.744,0.374,0.999,0.6265,1865.0,386.8,5.0
0.7812,0.1355,0.2805,0.673,0.999,-0.01889,1344.0,1274.0,6.0
2.521,0.3396,0.556,0.7847,0.9995,-0.439,1132.0,1157.0,7.0
0.166,0.0651,0.5933,0.772,0.9995,-0.0837,1159.0,1132.0,8.0
4.99,0.11914,0.622,0.5767,0.9995,0.17,1421.0,770.0,9.0
0.263,0.1864,0.453,0.814,0.9995,-0.304,1044.0,1070.0,10.0
0.311,0.1251,0.7197,0.9263,0.9995,-0.486,915.0,882.0,11.0
24.45,0.2445,0.3525,0.4744,0.9995,0.905,557.5,1955.0,12.0
0.1643,0.0545,0.5186,0.715,0.9995,-0.06946,1045.0,1160.0,13.0
0.1938,0.1134,0.6196,0.8394,0.9995,-0.3694,982.0,1008.5,14.0
0.1713,0.1104,0.5654,0.8057,0.9995,-0.2925,1004.0,1054.0,15.0
0.1774,0.1681,0.4666,0.8374,0.9995,-0.4092,867.5,1131.0,1.0
0.1699,0.1632,0.3887,0.786,0.9995,-0.4734,912.0,1125.0,2.0
0.1746,0.1305,0.5684,0.8467,0.9995,-0.1534,843.5,1165.0,3.0
10000.0,0.3442,0.543,0.2023,0.9995,-0.8022,107.4,690.5,4.0
0.148,0.0959,0.4854,0.7886,0.9995,-0.03827,734.0,1585.0,5.0
8.98,0.8984,0.278,0.6787,0.9995,-0.7656,1530.0,975.0,6.0
0.3533,0.1659,0.63,0.991,0.999,-0.1842,1012.0,1325.0,7.0
0.1783,0.211,0.4927,0.898,0.9995,-0.312,812.0,983.5,8.0
0.1741,0.09985,0.474,0.8003,0.9995,-0.1718,993.5,1412.0,9.0
0.1882,0.1538,0.5693,0.9097,0.999,-0.2024,887.0,1272.0,10.0
2.79,0.4976,0.4111,0.851,0.9995,0.04968,1178.0,914.0,11.0
-0.0486,0.04443,0.7285,0.82,0.999,0.0744,708.5,1385.0,12.0
0.175,0.1528,0.4714,0.807,0.9995,-0.43,895.5,1027.0,13.0
0.155,0.0772,0.623,0.7847,0.9995,-0.04727,806.5,1251.0,14.0
0.1725,0.1464,0.4995,0.8335,0.9995,-0.2856,888.0,1072.0,15.0
0.0393,0.1172,0.476,0.8643,0.9995,0.0816,733.5,1425.0,1.0
16.62,0.8228,0.587,0.8687,0.9995,0.9834,122.56,1829.0,2.0
10000.0,0.03128,0.1197,0.0696,0.9995,-0.1858,534.5,501.0,3.0
2.162,0.3645,0.3928,0.743,0.9995,-0.536,389.5,921.5,4.0
8.41,0.6763,0.3118,0.637,0.9995,-0.6514,94.25,417.2,5.0
0.2273,0.05576,0.3313,0.92,0.9995,0.0882,1249.0,1530.0,6.0
2.818,0.4524,0.3296,0.734,0.9995,-0.524,484.8,706.0,7.0
67.56,0.378,0.9214,0.3525,1.0,-0.651,1735.0,757.5,8.0
0.732,0.02487,0.8687,0.9507,0.999,-0.2935,1476.0,1889.0,9.0
1.27,0.3044,0.2817,0.7056,0.999,-0.5254,229.5,761.0,10.0
0.2556,0.1165,0.6206,0.9023,0.999,-0.2842,1126.0,1539.0,11.0
0.2477,0.1613,0.359,0.8604,0.9995,-0.337,727.0,1187.0,12.0
17.27,0.03732,0.7646,0.3523,0.9995,0.6694,1765.0,1649.0,13.0
0.3765,0.1157,0.3882,0.9253,0.9995,-0.133,1311.0,1397.0,14.0
0.2052,0.1613,0.3816,0.8735,0.9995,-0.2205,1039.0,1312.0,15.0
0.1832,0.1721,0.502,0.8877,0.9995,-0.0789,996.5,994.0,1.0
0.1874,0.1484,0.5996,0.8403,0.9995,-0.472,783.5,577.5,2.0
0.1514,0.3684,0.10565,0.9355,0.9995,-0.0773,1291.0,1190.0,3.0
0.1776,0.1896,0.4421,0.8843,0.9995,-0.12463,1062.0,1015.5,4.0
0.2448,0.4097,0.2063,0.8545,1.0,-0.3337,972.5,828.0,5.0
0.1742,0.2546,0.2668,0.8525,0.9995,-0.3518,922.0,1086.0,6.0
6.824,0.6353,0.1718,0.5913,0.999,-0.3467,1885.0,971.0,7.0
0.182,0.1953,0.4565,0.861,0.9995,-0.3481,907.5,809.5,8.0
2.125,0.383,0.5337,0.821,0.999,-0.502,1378.0,948.5,9.0
0.6978,0.3218,0.4202,0.8496,0.9995,-0.3625,1178.0,997.5,10.0
0.1703,0.1971,0.4248,0.889,0.9995,-0.2059,1254.0,1076.0,11.0
-0.00991,0.3547,0.1931,0.967,0.9995,0.02103,1188.0,705.0,12.0
0.175,0.2158,0.395,0.8784,0.9995,-0.2273,1025.0,884.0,13.0
0.1692,0.2568,0.3398,0.9014,0.9995,-0.2445,1082.0,854.5,14.0
0.1704,0.1703,0.4407,0.867,0.9995,-0.1422,1142.0,859.0,15.0
0.1881,0.1772,0.624,0.9165,0.999,-0.3694,783.5,902.0,1.0
0.1807,0.1989,0.5093,0.8833,0.999,-0.4084,847.5,926.5,2.0
0.1737,0.2355,0.3652,0.8696,0.9995,-0.4233,1254.0,967.5,3.0
3.316,0.756,0.1268,0.831,0.9995,0.1354,1631.0,1318.0,4.0
0.4219,0.1259,0.4214,0.8926,0.999,-0.434,1075.0,1289.0,5.0
1.322,0.4722,0.2742,0.847,0.9995,-0.10767,1290.0,1098.0,6.0
0.584,0.329,0.3423,0.852,0.9995,-0.2124,1111.0,1076.0,7.0
0.255,0.1603,0.421,0.8784,0.9995,-0.3894,1091.0,1096.0,8.0
0.1702,0.1786,0.3875,0.828,0.9995,-0.2637,1153.0,677.5,9.0
0.1831,0.161,0.4404,0.8613,0.9995,-0.293,858.5,890.0,10.0
0.1764,0.2136,0.3872,0.8374,0.9995,-0.557,899.0,987.0,11.0
0.1947,0.1737,0.4104,0.8696,0.9995,-0.3247,1089.0,983.0,12.0
0.1827,0.21,0.4097,0.871,0.9995,-0.2327,1493.0,824.5,13.0
0.3132,0.2593,0.3708,0.8486,0.9995,-0.2542,1099.0,1025.0,14.0
0.1737,0.1664,0.4563,0.851,0.9995,-0.2964,1303.0,1062.0,15.0
0.162,0.1074,0.4995,0.7866,0.9995,-0.2142,799.0,803.5,1.0
0.1465,0.2405,0.285,0.8857,1.0,-0.02647,861.0,899.5,2.0
0.08606,0.1256,0.3718,0.799,0.9995,0.004055,659.5,962.0,3.0
5.32,0.5684,0.5225,0.855,0.9995,0.2203,708.5,1485.0,4.0
0.1724,0.1445,0.3477,0.8013,0.9995,-0.248,1221.0,998.0,5.0
0.1481,0.1531,0.3132,0.802,0.9995,-0.1438,665.5,699.0,6.0
0.1708,0.1879,0.4287,0.8784,0.9995,-0.204,962.0,841.0,7.0
0.3542,0.2056,0.314,0.9116,0.9995,-0.397,966.0,624.0,8.0
0.174,0.1907,0.408,0.8574,0.9995,-0.258,996.5,895.5,9.0
0.1697,0.1746,0.4272,0.871,0.9995,-0.1418,878.5,1205.0,10.0
10000.0,0.0902,0.8286,0.127,1.0,-0.5127,243.0,248.1,11.0
1.943,0.373,0.4639,0.85,0.9995,0.0516,812.0,1316.0,12.0
0.1316,0.175,0.4792,0.8843,0.9995,0.07697,714.5,944.0,13.0
0.1926,0.1818,0.3635,0.8765,0.9995,-0.2368,961.0,823.5,14.0
0.7515,0.273,0.4353,0.8555,0.9995,-0.02072,859.5,1161.0,15.0
0.1627,0.3013,0.3625,0.9517,0.9995,-0.0916,860.0,1246.0,1.0
0.1768,0.1859,0.4436,0.8433,0.9995,-0.436,1318.0,1115.0,2.0
0.1356,0.05692,0.4456,0.4949,1.0,-0.953,678.5,1402.0,3.0
0.3467,0.2019,0.2491,0.834,0.9995,-0.537,1123.0,1345.0,4.0
0.1711,0.189,0.2239,0.759,0.9995,-0.1606,1329.0,808.0,5.0
0.1666,0.1698,0.4004,0.847,0.9995,-0.2136,1008.5,1039.0,6.0
82.06,0.2078,0.8667,0.2893,0.999,0.3552,1168.0,332.0,7.0
0.1747,0.23,0.3425,0.8525,0.9995,-0.3247,1059.0,1146.0,8.0
0.1914,0.194,0.3323,0.832,0.9995,-0.4263,1045.0,1173.0,9.0
11.0,0.1758,0.7656,0.4788,0.9995,-0.588,441.8,1000.0,10.0
10000.0,0.2612,0.658,0.02911,1.0,0.667,28.4,427.5,11.0
0.1709,0.1965,0.3608,0.835,0.9995,-0.3303,1014.0,1155.0,12.0
0.1738,0.176,0.4338,0.8555,0.9995,-0.2137,1001.0,1011.0,13.0
6.523,0.2241,0.6265,0.708,1.0,0.3704,362.8,217.6,14.0
10000.0,0.1143,0.418,0.01881,0.999,-0.03998,686.0,399.5,15.0
0.1719,0.2263,0.3738,0.8745,0.9995,-0.3303,786.0,809.0,1.0
-0.04282,0.10925,0.619,0.873,0.9995,0.02463,934.0,1146.0,2.0
0.1676,0.1796,0.609,0.945,0.9995,-0.00554,714.5,1376.0,3.0
0.1796,0.1462,0.559,0.861,0.9995,-0.3022,1053.0,642.0,4.0
0.1754,0.2065,0.4294,0.881,0.9995,-0.263,937.5,1130.0,5.0
0.1652,0.11053,0.3643,0.767,0.9995,-0.1932,756.0,1312.0,6.0
-0.001314,0.1277,0.392,0.92,0.9995,0.02948,909.0,968.5,7.0
11.44,0.9624,0.4202,0.7305,0.9995,-0.7983,132.9,352.5,8.0
0.1874,0.275,0.2795,0.762,0.9995,-0.8213,905.5,1245.0,9.0
0.1737,0.2045,0.2922,0.824,0.9995,-0.10864,766.0,1640.0,10.0
0.1597,0.267,0.212,0.8506,0.9995,-0.2087,894.0,1428.0,11.0
7.023,0.3037,0.8657,0.706,1.0,-0.006565,219.5,540.0,12.0
0.1738,0.1633,0.4697,0.8623,0.9995,-0.2008,919.0,919.5,13.0
0.1537,0.236,0.2302,0.8345,0.9995,-0.1877,746.0,1281.0,14.0
8.87,0.2656,0.3545,0.9546,0.9995,0.6953,253.9,1870.0,15.0
0.1686,0.26,0.4954,0.9644,0.9995,-0.07605,1242.0,1107.0,1.0
0.1809,0.2844,0.3499,0.8765,0.9995,-0.448,936.0,648.5,2.0
0.3765,0.2058,0.286,0.753,0.9995,-0.2203,795.5,856.0,3.0
0.1615,0.2742,0.3591,0.94,0.9995,-0.08136,1136.0,1125.0,4.0
0.1967,0.2605,0.4531,0.936,0.9995,-0.03284,1295.0,743.0,5.0
0.1797,0.2534,0.4219,0.925,0.9995,-0.10504,1185.0,844.0,6.0
0.1779,0.271,0.3718,0.8994,0.9995,-0.2812,1021.5,838.0,7.0
0.2374,0.226,0.3352,0.8315,0.9995,-0.1831,913.0,960.0,8.0
10.945,0.0446,0.663,0.6377,0.9995,0.8125,788.0,366.5,9.0
0.1971,0.1969,0.3606,0.8335,0.9995,-0.1571,1153.0,1069.0,10.0
0.1708,0.2544,0.393,0.9106,0.9995,-0.246,700.5,1297.0,11.0
0.00786,0.2231,0.3906,0.9307,0.9995,0.0182,1073.0,1342.0,12.0
0.194,0.2235,0.38,0.8765,0.9995,-0.1505,1060.0,1098.0,13.0
0.1726,0.2153,0.4143,0.888,0.9995,-0.2451,986.0,990.5,14.0
0.2039,0.2358,0.356,0.8716,0.9995,-0.1545,989.5,1027.0,15.0
5.195,0.2542,0.5073,0.7188,0.9995,0.2712,1189.0,1249.0,1.0
0.2013,0.2408,0.3684,0.8657,0.9995,-0.2612,983.5,1170.0,2.0
0.169,0.179,0.3965,0.844,0.9995,-0.2361,1582.0,983.0,3.0
0.1687,0.1853,0.374,0.8413,0.9995,-0.273,1572.0,789.0,4.0
3.826,0.4658,0.4177,0.7856,0.999,-0.04727,888.0,625.0,5.0
0.1748,0.1735,0.3438,0.8247,0.9995,-0.03403,1099.0,1153.0,6.0
0.1732,0.1968,0.4019,0.8506,0.9995,-0.3718,1348.0,1140.0,7.0
0.1814,0.2161,0.3845,0.8604,0.9995,-0.2773,1042.0,997.0,8.0
0.1604,0.1467,0.4058,0.835,0.9995,-0.1552,1277.0,758.5,9.0
-0.03568,0.05576,0.3867,0.7515,0.9995,0.05542,1333.0,735.0,10.0
0.1799,0.1584,0.455,0.7935,0.9995,-0.6016,1186.0,832.0,11.0
0.345,0.1705,0.3577,0.727,0.9995,-0.4238,1270.0,1023.5,12.0
2.26,0.2006,0.538,0.698,0.999,-0.2294,776.5,1459.0,13.0
0.1694,0.1538,0.427,0.8076,0.9995,-0.377,1188.0,836.0,14.0
0.1959,0.1174,0.4316,0.9067,0.9995,0.10376,1267.0,651.5,15.0
-0.07697,0.11597,0.581,0.88,0.9995,0.03113,1485.0,923.5,1.0
0.1917,0.2056,0.4375,0.87,0.9995,-0.2443,1046.0,903.0,2.0
0.732,0.026,0.3208,0.8374,0.9995,-0.1746,605.0,975.0,3.0
0.1744,0.1824,0.4612,0.8774,0.9995,-0.2192,1039.0,937.0,4.0
0.1792,0.1991,0.435,0.856,0.9995,-0.367,1056.0,1023.0,5.0
0.02582,0.04004,0.5537,0.815,0.9995,0.07074,892.5,1166.0,6.0
0.3042,0.0929,0.3965,0.851,0.9995,-0.1385,782.5,1019.5,7.0
0.1672,0.10205,0.4658,0.8193,0.9995,-0.09784,798.0,1075.0,8.0
13.65,0.4873,0.6094,0.85,0.9995,0.889,6.79,1943.0,9.0
10000.0,0.1561,0.897,0.2262,0.9995,0.2798,1364.0,553.5,10.0
0.1729,0.1613,0.4653,0.848,0.9995,-0.2458,1036.0,1026.0,11.0
0.1735,0.1677,0.4573,0.8574,0.9995,-0.254,1033.0,939.5,12.0
5.09,0.3093,0.5483,0.847,0.9995,0.371,464.2,1519.0,13.0
10000.0,0.7383,0.8574,0.208,0.9995,0.3972,1530.0,1251.0,14.0
0.1888,0.1222,0.4368,0.854,0.9995,-0.12305,868.5,1056.0,15.0
0.587,0.1201,0.554,0.7495,0.9995,-0.01743,1124.0,1012.0,1.0
0.1704,0.2235,0.3623,0.8765,0.9995,-0.2922,1084.0,1039.0,2.0
0.1896,0.1837,0.4036,0.91,0.9995,-0.1443,1052.0,1108.0,3.0
0.1663,0.2856,0.2834,0.8926,0.9995,-0.2177,893.5,1351.0,4.0
0.3313,0.1823,0.4463,0.8154,0.9995,-0.1329,1043.0,1014.0,5.0
0.16,0.302,0.2603,0.9023,0.9995,-0.1389,1208.0,1112.0,6.0
0.2212,0.2056,0.4106,0.8574,0.9995,-0.1516,1130.0,1040.0,7.0
0.1766,0.2485,0.3867,0.9,0.9995,-0.2181,1003.5,888.0,8.0
0.2073,0.2607,0.2583,0.9097,0.9995,-0.2019,1030.0,1018.0,9.0
0.1708,0.2069,0.3738,0.8916,0.9995,-0.1907,1079.0,1016.5,10.0
0.1931,0.2347,0.3923,0.888,0.9995,-0.1667,1202.0,1142.0,11.0
0.1755,0.2751,0.3145,0.8687,0.9995,-0.3562,791.0,990.5,12.0
0.1699,0.252,0.3103,0.8594,0.999,-0.3674,1011.0,875.5,13.0
0.1137,0.3154,0.1783,0.889,0.9995,-0.0837,828.5,1068.0,14.0
-0.00624,0.28,0.1537,0.865,0.9995,0.0378,945.5,881.0,15.0
-0.0788,0.1545,0.3762,0.8784,0.9995,0.0372,1046.0,1294.0,1.0
0.1783,0.196,0.4753,0.877,0.9995,-0.32,833.0,1022.0,2.0
0.1665,0.1903,0.3958,0.898,0.9995,-0.10364,869.0,1200.0,3.0
1.348,0.73,0.889,0.9917,0.9995,-0.927,378.5,1845.0,4.0
1.251,0.457,0.648,0.924,0.9995,-0.5635,670.5,1412.0,5.0
7.758,0.9634,0.468,0.8223,0.999,-0.759,1413.0,383.5,6.0
0.5366,0.3262,0.516,0.9004,0.9995,-0.354,856.0,1274.0,7.0
0.1534,0.2003,0.2512,0.8213,0.9995,-0.1768,793.5,1162.0,8.0
0.2131,0.1569,0.3718,0.851,0.9995,-0.2937,915.0,530.0,9.0
0.219,0.08514,0.2045,0.8403,0.9995,0.00713,1272.0,984.5,10.0
0.1746,0.1793,0.3716,0.8574,0.9995,-0.2437,923.5,848.5,11.0
2.916,0.575,0.4192,0.839,0.9995,-0.4458,1169.0,729.5,12.0
0.9556,0.377,0.3682,0.849,0.9995,-0.2703,1133.0,908.0,13.0
0.0965,0.1952,0.251,0.839,0.9995,-0.02223,817.5,1050.0,14.0
0.169,0.1931,0.3767,0.8643,0.9995,-0.2084,961.0,1137.0,15.0
0.1797,0.207,0.4485,0.8745,0.9995,-0.4636,1105.0,1135.0,1.0
0.4373,0.162,0.4827,0.7476,0.9995,-0.4426,1067.0,793.0,2.0
13.88,0.2417,0.1208,0.4749,0.999,0.3542,280.2,1691.0,3.0
0.1904,0.1862,0.421,0.884,0.9995,-0.3206,849.0,896.5,4.0
0.3098,0.1736,0.4644,0.9844,0.999,-0.0405,955.0,1433.0,5.0
0.1731,0.1539,0.4695,0.876,0.9995,-0.1621,956.0,937.5,6.0
9.086,0.5845,0.4878,0.6753,0.9995,-0.52,787.0,1146.0,7.0
0.1744,0.1792,0.4521,0.8784,0.9995,-0.2673,941.5,986.5,8.0
0.05872,0.0557,0.5957,0.871,0.9995,0.02841,906.5,1358.0,9.0
6.1,0.4175,0.9097,0.8325,1.0,0.148,320.2,216.9,10.0
1.884,0.284,0.7017,0.85,0.9995,-0.0185,684.5,693.0,11.0
-0.10443,0.0822,0.55,0.8657,0.999,0.04803,1018.0,1217.0,12.0
0.1749,0.1741,0.4797,0.8755,0.9995,-0.288,1072.0,1106.0,13.0
2.752,0.37,0.483,0.7744,0.9995,-0.352,898.0,1106.0,14.0
0.1765,0.1685,0.4463,0.859,0.9995,-0.315,919.0,1190.0,15.0
0.692,0.1041,0.3132,0.677,0.999,0.05618,603.5,1184.0,1.0
0.1719,0.2112,0.347,0.837,0.9995,-0.3594,1149.0,1000.5,2.0
0.1746,0.2169,0.3997,0.869,0.9995,-0.3386,1063.0,946.0,3.0
70.0,0.1788,0.617,0.283,0.999,-0.1969,160.2,70.4,4.0
10000.0,0.608,0.676,0.0827,1.0,0.6685,221.2,1663.0,5.0
0.3655,0.1735,0.3376,0.7656,0.999,-0.1068,785.5,1041.0,6.0
0.1749,0.2151,0.4116,0.863,0.9995,-0.4114,1105.0,839.5,7.0
0.732,0.01061,0.3784,0.778,1.0,-0.5513,189.4,1918.0,8.0
0.1965,0.2854,0.376,0.9194,0.9995,-0.4697,1295.0,680.5,9.0
30.23,0.839,0.9224,0.688,0.9995,0.843,1766.0,675.5,10.0
11.2,0.0767,0.495,0.7153,0.999,0.834,348.5,629.5,11.0
0.2883,0.1268,0.3757,0.824,0.9995,-0.3853,614.5,1451.0,12.0
5.973,0.0962,0.1942,0.577,1.0,0.3906,488.2,336.2,13.0
0.4739,0.1002,0.3113,0.937,0.9995,-0.0952,1002.5,1404.0,14.0
0.1747,0.252,0.3652,0.8784,0.9995,-0.358,1199.0,782.0,15.0
0.1705,0.2252,0.36,0.8833,0.9995,-0.2722,862.5,964.0,1.0
0.1765,0.2223,0.3503,0.8335,0.9995,-0.4194,873.0,1166.0,2.0
0.1631,0.2808,0.2986,0.9106,0.9995,-0.04367,584.5,980.5,3.0
6.777,0.7944,0.3396,0.7495,0.9995,-0.605,571.0,518.5,4.0
0.1693,0.2201,0.3655,0.882,0.9995,-0.217,858.5,963.0,5.0
10000.0,0.8555,0.9473,0.29,0.999,-0.4873,1021.0,1836.0,6.0
0.77,0.2827,0.427,0.8203,0.9995,-0.3232,816.5,1077.0,7.0
0.1006,0.2174,0.399,0.9424,0.999,0.005325,752.0,866.5,8.0
0.327,0.1744,0.357,0.9785,0.9995,-0.01712,891.5,870.0,9.0
0.1879,0.2174,0.3943,0.8867,0.9995,-0.4001,922.5,945.5,10.0
0.2194,0.2039,0.3735,0.941,0.9995,-0.103,887.5,893.0,11.0
0.169,0.2451,0.384,0.911,0.9995,-0.1946,896.0,850.5,12.0
2.096,0.524,0.349,0.83,0.9995,-0.3914,719.5,700.0,13.0
0.752,0.389,0.3582,0.8667,0.9995,-0.2915,791.5,796.0,14.0
0.1666,0.3467,0.2416,0.903,0.999,-0.1716,909.0,480.0,15.0
0.1715,0.2274,0.398,0.893,0.9995,-0.275,697.0,1002.0,1.0
0.04166,0.10565,0.599,0.8623,0.999,0.0844,458.0,1055.0,2.0
0.000349,0.1504,0.5356,0.8716,0.999,0.03378,483.2,1121.0,3.0
0.1738,0.169,0.456,0.8574,0.9995,-0.2496,731.5,987.0,4.0
31.5,0.926,0.8384,0.6484,0.9995,0.3147,1795.0,451.8,5.0
2.596,0.3567,0.5054,0.7534,0.9995,-0.702,557.0,102.5,6.0
0.2294,0.02502,0.7734,0.403,0.999,-0.5,1347.0,717.5,7.0
0.1748,0.236,0.4226,0.904,0.9995,-0.2399,755.5,816.0,8.0
0.1742,0.1753,0.4666,0.873,0.9995,-0.216,776.0,979.0,9.0
-0.1036,0.0874,0.536,0.849,0.999,0.05948,402.8,1415.0,10.0
1.689,0.53,0.315,0.874,0.999,-0.02425,737.0,1468.0,11.0
1.337,0.3298,0.423,0.8345,0.999,-0.0823,719.5,1224.0,12.0
0.1688,0.1765,0.4026,0.882,0.9995,-0.1362,942.5,1164.0,13.0
0.533,0.2363,0.4573,0.854,0.999,-0.05426,643.5,1212.0,14.0
0.1698,0.1595,0.4688,0.867,0.9995,-0.1422,644.0,1095.0,15.0
0.1681,0.2007,0.3765,0.914,0.9995,-0.077,1166.0,530.5,1.0
0.1727,0.1847,0.3828,0.8076,0.9995,-0.4062,1071.0,801.5,2.0
4.59,0.684,0.2491,0.981,0.9995,0.3862,50.84,1955.0,3.0
0.1685,0.1731,0.3977,0.829,0.9995,-0.282,1040.0,714.5,4.0
4.504,0.802,0.4731,0.8594,1.0,-0.761,1092.0,789.5,5.0
1.435,0.4978,0.4207,0.8765,0.9995,-0.4607,1055.0,780.0,6.0
0.1766,0.1637,0.405,0.816,0.9995,-0.4102,1249.0,595.5,7.0
0.151,0.1694,0.4102,0.872,0.9995,-0.006992,1219.0,361.5,8.0
0.176,0.2163,0.392,0.8853,0.9995,-0.1654,1058.0,900.5,9.0
0.969,0.343,0.4573,0.8496,0.9995,-0.3984,762.5,783.5,10.0
0.04285,0.1824,0.3076,0.915,0.9995,0.07916,1147.0,209.5,11.0
10000.0,0.2717,0.4473,0.184,0.9995,-0.1956,206.5,464.8,12.0
0.1667,0.1775,0.4133,0.885,0.9995,-0.1147,1011.0,895.0,13.0
42.94,0.5527,0.323,0.4392,0.999,0.7573,7.97,1439.0,14.0
0.5376,0.3547,0.3904,0.8804,0.9995,-0.3074,1045.0,724.0,15.0
0.1934,0.2837,0.3528,0.8857,0.9995,-0.318,772.0,901.0,1.0
0.1764,0.2563,0.3093,0.8906,0.9995,-0.296,932.5,687.0,2.0
0.1677,0.1758,0.3196,0.7764,0.9995,-0.4268,849.0,1223.0,3.0
-0.00937,0.2444,0.1517,0.8457,0.9995,0.002499,472.0,892.0,4.0
0.1713,0.2502,0.3071,0.8623,0.9995,-0.2786,774.0,907.5,5.0
0.1768,0.2217,0.343,0.85,0.9995,-0.439,704.5,1101.0,6.0
2.762,0.3838,0.9805,0.8994,0.999,-0.5576,1264.0,1312.0,7.0
0.1678,0.232,0.3154,0.8657,0.9995,-0.2487,1002.5,908.0,8.0
1.013,0.3027,0.614,0.871,0.9995,-0.382,1032.0,1076.0,9.0
0.09955,0.2067,0.1833,0.805,0.9995,-0.0895,458.8,1041.0,10.0
0.1693,0.2151,0.3457,0.8623,0.9995,-0.2617,813.0,892.5,11.0
0.4258,0.27,0.438,0.8564,0.9995,-0.3228,831.5,1008.5,12.0
0.1715,0.2798,0.269,0.8687,0.9995,-0.2323,467.5,930.0,13.0
0.07794,0.2002,0.1702,0.813,0.9995,-0.0578,761.0,745.5,14.0
0.1753,0.2656,0.2406,0.846,0.9995,-0.353,712.0,1187.0,15.0
0.1727,0.1796,0.3936,0.8516,0.9995,-0.2827,1060.0,1012.5,1.0
0.3472,0.0702,0.627,0.9365,0.999,-0.010315,1492.0,647.5,2.0
0.1733,0.207,0.4219,0.875,0.9995,-0.3342,1022.0,1120.0,3.0
2.379,0.0924,0.2808,0.8447,0.999,0.2627,337.2,1726.0,4.0
0.1599,0.2346,0.2151,0.8257,0.9995,-0.219,1417.0,1080.0,5.0
0.3438,0.2974,0.10767,0.731,1.0,-0.5635,908.0,1394.0,6.0
10000.0,0.6577,0.667,0.1971,0.9995,-0.8364,395.2,1859.0,7.0
0.2112,0.07776,0.6216,0.9346,0.999,0.01029,1538.0,726.0,8.0
0.3484,0.2356,0.379,0.926,0.9995,-0.5835,1743.0,1299.0,9.0
0.3381,0.2766,0.4658,0.8374,1.0,-0.7925,1860.0,185.8,10.0
0.1725,0.2034,0.4072,0.8745,0.9995,-0.2932,1203.0,1244.0,11.0
0.1277,0.1768,0.295,0.826,0.9995,-0.03029,1666.0,1468.0,12.0
0.1936,0.0913,0.59,0.727,1.0,-0.685,697.5,1410.0,13.0
