like1,parKperc,parKb,parKe,parCqq,parBias,parS_init,parG_init,chain
3.719,0.708,0.3508,0.984,0.9995,-0.58,1150.0,1448.0,0.0
1.303,0.1017,0.632,0.8223,0.999,-0.154,115.1,1040.0,0.0
10000.0,0.642,0.9497,0.2448,1.0,-0.791,361.8,734.0,0.0
4.418,0.2734,0.3848,0.7505,0.999,-0.856,323.2,817.5,0.0
10000.0,0.718,0.6787,0.1993,1.0,0.593,17.23,1419.0,0.0
13.15,0.836,0.6206,0.918,0.9995,-0.01706,1395.0,345.5,0.0
59.12,0.465,0.292,0.3784,0.999,-0.1704,23.06,621.0,0.0
10000.0,0.826,0.967,0.2242,0.999,0.909,7.418,342.8,0.0
7.51,0.1809,0.42,0.625,1.0,-0.0329,1111.0,23.23,0.0
5.594,0.3792,0.8716,0.929,0.9995,-0.9116,1321.0,1001.5,0.0
10000.0,0.2903,0.10406,0.2366,0.9995,0.536,1814.0,1062.0,0.0
75.9,0.801,0.8853,0.4536,0.9995,-0.6226,1439.0,1683.0,0.0
21.78,0.541,0.5957,0.6436,0.999,-0.3867,1168.0,1201.0,0.0
32.62,0.7607,0.496,0.5854,0.999,-0.2094,276.2,272.2,0.0
20.17,0.899,0.8,0.9224,0.999,0.856,1298.0,1609.0,0.0
24.25,0.7637,0.421,0.7266,0.999,0.923,1838.0,117.6,0.0
16.98,0.8633,0.5767,0.8843,0.9995,0.526,414.8,890.5,0.0
10000.0,0.6836,0.344,0.1989,0.9995,0.473,285.5,293.8,0.0
62.28,0.883,0.5986,0.4932,0.999,0.99,776.5,1009.5,0.0
10000.0,0.9355,0.8394,0.3284,0.999,-0.674,1029.0,1426.0,0.0
25.34,0.338,0.10626,0.4622,0.9995,-0.2966,1220.0,400.2,0.0
10000.0,0.351,0.8345,0.0713,0.9995,0.2328,1564.0,1475.0,0.0
79.6,0.2053,0.967,0.3171,0.9995,0.2407,771.5,1125.0,0.0
40.34,0.879,0.5815,0.602,0.999,0.1159,1211.0,1532.0,0.0
27.8,0.3457,0.2715,0.5083,0.999,0.865,956.5,589.5,0.0
10000.0,0.604,0.7676,0.3333,0.9995,0.931,1513.0,1980.0,0.0
38.5,0.4473,0.7983,0.5005,1.0,-0.1772,1746.0,557.5,0.0
10000.0,0.5903,0.4153,0.05527,0.999,-0.553,1375.0,665.0,0.0
32.62,0.7812,0.9775,0.7676,0.999,0.2507,1473.0,31.62,0.0
10000.0,0.374,0.4578,0.02277,1.0,0.5986,259.0,1216.0,0.0
10000.0,0.574,0.987,0.301,1.0,0.3096,652.0,700.5,0.0
56.56,0.9326,0.3525,0.4502,0.9995,-0.2612,1161.0,1490.0,0.0
38.6,0.3875,0.805,0.4814,1.0,-0.08936,68.44,1463.0,0.0
10000.0,0.2683,0.4268,0.1564,1.0,0.4434,396.2,1428.0,0.0
10000.0,0.66,0.1771,0.0333,1.0,0.947,382.8,369.2,0.0
10000.0,0.596,0.9824,0.1335,0.999,-0.799,1439.0,1028.0,0.0
13.02,0.2656,0.57,0.5874,1.0,-0.6846,1589.0,316.5,0.0
5.676,0.08936,0.8535,0.63,0.9995,0.2036,274.0,1994.0,0.0
10000.0,0.7256,0.614,0.04156,0.9995,0.2382,1116.0,1064.0,0.0
64.3,0.3328,0.4297,0.3699,0.999,0.722,1635.0,731.5,0.0
10000.0,0.1935,0.3843,0.1558,0.999,-0.744,1652.0,1939.0,0.0
4.465,0.3037,0.4438,0.9272,0.999,0.3604,1005.5,1358.0,0.0
34.3,0.447,0.2844,0.455,0.9995,-0.357,335.2,654.5,0.0
0.6304,0.01944,0.4546,0.759,1.0,-0.475,911.0,1888.0,0.0
84.7,0.7305,0.7207,0.3877,0.999,-0.1534,1664.0,1780.0,0.0
43.9,0.9746,0.3516,0.5654,0.999,0.98,68.06,149.8,0.0
10.414,0.4268,0.3162,0.6953,1.0,-0.2225,920.0,1714.0,0.0
66.1,0.5522,0.8716,0.4307,0.999,0.1771,973.0,526.0,0.0
13.67,0.3093,0.6807,0.663,0.9995,-0.0916,863.0,758.0,0.0
67.25,0.3591,0.746,0.3857,1.0,0.9087,601.5,1582.0,0.0
11.055,0.7847,0.141,0.924,0.9995,0.8643,19.8,1635.0,0.0
10000.0,0.344,0.7104,0.2783,0.9995,0.9453,756.0,840.5,0.0
5.945,0.0997,0.4246,0.5166,1.0,-0.6787,1255.0,539.0,0.0
4.676,0.594,0.2842,0.9414,1.0,0.0841,939.5,150.8,0.0
21.0,0.876,0.88,0.9077,0.999,0.5454,256.0,1519.0,0.0
20.45,0.538,0.917,0.775,0.9995,0.1059,1653.0,878.0,0.0
4.17,0.1665,0.1083,0.5356,0.9995,-0.908,1891.0,1957.0,0.0
29.56,0.1995,0.614,0.4275,1.0,-0.8813,368.5,200.9,0.0
41.44,0.977,0.5127,0.622,1.0,0.613,1502.0,1736.0,0.0
17.25,0.655,0.9907,0.922,0.999,0.768,842.0,1533.0,0.0
10000.0,0.7397,0.3186,0.268,0.9995,-0.000796,1580.0,914.0,0.0
36.28,0.848,0.6104,0.618,0.9995,-0.6064,537.0,1228.0,0.0
3.95,0.1505,0.1895,0.778,0.9995,0.318,1738.0,304.8,0.0
4.23,0.3667,0.7188,0.926,0.9995,-0.8945,917.5,642.0,0.0
11.41,0.4214,0.445,0.732,0.9995,-0.03336,699.0,184.8,0.0
19.28,0.4336,0.3855,0.554,0.9995,-0.5884,267.8,971.0,0.0
89.06,0.4412,0.7954,0.339,0.9995,0.0337,573.5,1913.0,0.0
14.37,0.5024,0.4812,0.756,0.9995,0.327,321.5,746.0,0.0
10000.0,0.6255,0.5625,0.1632,0.9995,-0.4292,1345.0,1937.0,0.0
10000.0,0.4507,0.634,0.2764,1.0,0.3916,1008.0,1612.0,0.0
0.4734,0.04437,0.4243,0.926,1.0,-0.3052,1648.0,239.4,0.0
11.055,0.3447,0.3958,0.7725,1.0,0.636,1077.0,1801.0,0.0
26.4,0.7427,0.9517,0.7925,1.0,-0.646,363.8,1644.0,0.0
10000.0,0.5996,0.3384,0.2866,0.9995,-0.7773,1243.0,1382.0,0.0
96.9,0.8555,0.68,0.3655,0.9995,-0.4856,1546.0,560.5,0.0
6.816,0.566,0.1166,0.9355,0.9995,0.5913,549.0,86.3,0.0
10000.0,0.255,0.3013,0.0959,0.9995,0.03156,704.0,1907.0,0.0
71.75,0.1412,0.4768,0.3032,0.999,-0.165,1082.0,303.8,0.0
21.67,0.74,0.726,0.789,0.999,-0.0867,1267.0,877.5,0.0
59.06,0.405,0.6973,0.4082,1.0,0.3118,375.2,49.6,0.0
0.892,0.02348,0.2913,0.4429,0.9995,-0.795,821.0,1379.0,0.0
27.81,0.7607,0.5303,0.651,1.0,-0.1895,918.0,1316.0,0.0
51.75,0.2817,0.4202,0.372,1.0,-0.521,1628.0,1827.0,0.0
34.3,0.4534,0.9634,0.591,1.0,0.7505,196.9,772.5,0.0
83.94,0.3223,0.6797,0.3342,0.9995,0.751,842.5,1671.0,0.0
10000.0,0.4907,0.7666,0.2264,0.9995,0.705,932.5,343.5,0.0
38.62,0.7334,0.4216,0.5435,0.999,0.7847,794.5,1243.0,0.0
15.9,0.69,0.834,0.906,0.9995,0.5166,1118.0,1352.0,0.0
20.08,0.1672,0.889,0.4734,0.999,-0.851,1041.0,1240.0,0.0
13.45,0.2242,0.3135,0.5176,0.999,-0.4934,585.5,376.8,0.0
18.6,0.1487,0.773,0.4614,0.9995,-0.9707,150.5,356.0,0.0
41.3,0.6396,0.3586,0.4553,0.9995,-0.8193,1499.0,459.8,0.0
53.8,0.953,0.2229,0.4343,0.9995,-0.4797,551.5,920.0,0.0
9.4,0.2101,0.1975,0.6655,1.0,0.5664,1333.0,1335.0,0.0
15.125,0.3494,0.802,0.677,0.9995,-0.7764,663.5,246.2,0.0
64.5,0.3894,0.3596,0.3513,0.9995,-0.7524,1009.5,598.5,0.0
29.92,0.54,0.2299,0.511,0.999,0.4495,1782.0,1561.0,0.0
10000.0,0.2036,0.6816,0.123,1.0,-0.5474,146.1,693.0,0.0
10000.0,0.0641,0.1505,0.0486,0.9995,-0.285,707.0,1190.0,0.0
16.55,0.7705,0.8535,0.918,0.9995,0.3176,226.6,136.9,0.0
8.05,0.396,0.7783,0.9097,0.999,0.3262,594.0,369.2,0.0
10000.0,0.2754,0.647,0.0948,0.999,0.3848,349.0,259.0,0.0
10000.0,0.778,0.3684,0.3079,1.0,0.8296,1442.0,704.5,0.0
5.754,0.9463,0.10016,0.817,0.999,-0.883,962.5,49.72,0.0
43.88,0.988,0.4133,0.5366,0.999,-0.4373,1520.0,853.5,0.0
-0.01557,0.0816,0.2786,0.945,1.0,-0.02824,279.2,207.1,0.0
16.53,0.9663,0.4365,0.8213,0.9995,-0.738,951.5,1281.0,0.0
9.94,0.345,0.2942,0.878,1.0,0.998,1763.0,1799.0,0.0
14.48,0.3142,0.9287,0.701,0.9995,-0.542,966.5,209.1,0.0
10000.0,0.8584,0.8613,0.03967,0.9995,0.517,1870.0,497.2,0.0
10000.0,0.8696,0.5596,0.0619,1.0,0.106,511.8,1227.0,0.0
51.34,0.7524,0.8413,0.5483,0.9995,-0.1027,627.0,319.8,0.0
4.945,0.4036,0.58,0.9204,0.9995,-0.1326,1855.0,1601.0,0.0
7.805,0.3425,0.1284,0.728,0.9995,0.2515,1076.0,620.5,0.0
6.586,0.2878,0.1722,0.8345,0.9995,0.544,621.0,840.0,0.0
30.98,0.6743,0.802,0.6704,0.9995,-0.3372,1492.0,254.9,0.0
52.38,0.968,0.9062,0.6694,0.9995,0.757,1841.0,1317.0,0.0
92.06,0.6445,0.609,0.3477,0.9995,-0.0472,120.5,1680.0,0.0
10000.0,0.0709,0.9346,0.2245,0.999,0.6304,1589.0,1861.0,0.0
15.086,0.584,0.794,0.8574,0.9995,0.3633,1223.0,1080.0,0.0
76.5,0.499,0.4048,0.3616,0.9995,0.7446,1006.0,10.91,0.0
0.087,0.1226,0.1979,0.941,0.9995,-0.2751,906.5,1333.0,0.0
99.06,0.2372,0.3691,0.2717,0.999,-0.1807,1040.0,1571.0,0.0
10000.0,0.4927,0.7485,0.2805,0.9995,-0.1293,256.8,1572.0,0.0
10000.0,0.56,0.95,0.291,1.0,-0.4639,31.78,1029.0,0.0
3.887,0.1481,0.965,0.9644,0.9995,0.526,1161.0,21.4,0.0
10000.0,0.93,0.524,0.09344,0.9995,0.4202,99.44,319.2,0.0
70.56,0.4165,0.82,0.3892,0.9995,0.653,840.0,1661.0,0.0
51.72,0.288,0.4895,0.4043,1.0,0.8647,418.8,780.0,0.0
4.977,0.2114,0.2832,0.6846,1.0,-0.2369,1168.0,1411.0,0.0
0.074,0.02385,0.5947,0.8306,1.0,0.1247,504.8,254.8,0.0
12.06,0.8096,0.4426,0.8403,0.999,-0.96,321.8,1344.0,0.0
4.785,0.3489,0.771,0.944,1.0,0.00518,1029.0,46.28,0.0
2.053,0.373,0.519,0.9536,0.9995,-0.899,1776.0,120.6,0.0
35.66,0.5522,0.3767,0.5195,0.9995,0.963,1269.0,356.8,0.0
2.371,0.0159,0.6543,0.9756,0.9995,0.5137,847.5,761.5,0.0
50.34,0.491,0.7305,0.45,0.999,-0.2952,298.0,786.5,0.0
10000.0,0.2507,0.579,0.2123,0.999,-0.725,899.5,1158.0,0.0
10000.0,0.729,0.2874,0.2998,0.9995,0.8506,1509.0,1499.0,0.0
10000.0,0.4312,0.2162,0.1919,0.9995,0.3506,1379.0,1506.0,0.0
75.0,0.1641,0.619,0.297,1.0,-0.793,1002.0,163.8,0.0
9.39,0.45,0.245,0.6636,0.999,-0.6216,138.8,1192.0,0.0
7.47,0.6016,0.771,0.972,1.0,-0.5356,834.0,944.5,0.0
21.42,0.9336,0.3025,0.7183,1.0,0.05542,276.0,1870.0,0.0
4.504,0.03604,0.2266,0.591,0.999,0.5474,219.0,1723.0,0.0
47.5,0.688,0.834,0.549,1.0,0.1073,673.0,892.0,0.0
70.9,0.4854,0.397,0.3672,0.999,0.346,122.44,58.94,0.0
10000.0,0.7134,0.5605,0.2842,1.0,0.8184,366.2,179.0,0.0
0.7163,0.01582,0.9326,0.8213,0.999,-0.857,1465.0,234.1,0.0
0.0905,0.2367,0.205,0.9062,0.9995,-0.975,1653.0,474.5,0.0
33.0,0.754,0.6616,0.622,0.9995,-0.9966,25.31,982.5,0.0
10000.0,0.6655,0.583,0.1881,0.999,-0.275,7.12,1439.0,0.0
10000.0,0.7954,0.8823,0.04785,0.9995,0.8906,808.5,711.0,0.0
10000.0,0.5244,0.923,0.0291,1.0,-0.3823,1893.0,14.88,0.0
96.3,0.528,0.705,0.3223,0.999,-0.987,374.5,648.0,0.0
28.56,0.668,0.8975,0.736,0.999,0.183,1422.0,111.25,0.0
10000.0,0.9556,0.7637,0.1581,0.9995,0.7207,965.5,602.0,0.0
10000.0,0.9595,0.1603,0.2898,0.9995,-0.1935,1429.0,1083.0,0.0
10000.0,0.8945,0.807,0.07837,0.9995,0.4004,518.5,674.0,0.0
71.3,0.8296,0.8516,0.469,0.9995,-0.834,159.2,1334.0,0.0
80.9,0.6636,0.3809,0.3696,0.9995,0.9824,548.0,909.0,0.0
82.2,0.2235,0.3105,0.292,0.9995,-0.669,159.0,130.6,0.0
15.11,0.6675,0.747,0.9214,0.9995,0.8955,24.25,773.5,0.0
16.67,0.5015,0.3608,0.67,0.999,0.3145,82.8,158.9,0.0
26.33,0.3376,0.8237,0.582,0.999,0.834,1766.0,1055.0,0.0
33.84,0.746,0.2864,0.4902,0.999,-0.871,1150.0,499.8,0.0
3.953,0.872,0.138,0.908,0.9995,-0.629,244.1,1927.0,0.0
10000.0,0.268,0.295,0.0681,0.9995,0.4011,893.5,1332.0,0.0
51.62,0.0597,0.2861,0.3142,0.9995,-0.2896,1421.0,284.8,0.0
10000.0,0.766,0.4832,0.2883,0.9995,0.6245,1092.0,1712.0,0.0
1.179,0.11523,0.3464,0.7144,0.9995,-0.605,542.0,1604.0,0.0
10000.0,0.0904,0.573,0.1937,1.0,-0.02382,311.2,1182.0,0.0
28.19,0.3967,0.9253,0.5796,1.0,0.010345,1674.0,928.5,0.0
4.055,0.506,0.3223,0.9243,0.9995,-0.05008,69.1,970.5,0.0
14.625,0.2642,0.4365,0.5933,0.9995,0.296,1704.0,1657.0,0.0
34.0,0.4229,0.6606,0.4917,0.9995,-0.596,292.8,1088.0,0.0
29.4,0.7915,0.7524,0.732,0.9995,0.05865,753.0,964.0,0.0
10000.0,0.8677,0.7603,0.1985,0.9995,0.5737,1409.0,202.9,0.0
10000.0,0.5703,0.8164,0.2069,0.9995,0.747,479.0,108.25,0.0
16.52,0.3518,0.1456,0.636,0.999,0.9946,476.5,575.0,0.0
0.1519,0.06824,0.2485,0.836,0.9995,0.0605,94.25,1343.0,0.0
10000.0,0.274,0.5757,0.1978,0.9995,0.04767,1742.0,527.5,0.0
31.78,0.1272,0.92,0.425,0.999,0.7363,1809.0,1505.0,0.0
21.88,0.525,0.1294,0.5317,0.9995,0.0521,393.8,682.5,0.0
10000.0,0.935,0.2678,0.2042,0.9995,-0.552,549.5,646.5,0.0
44.06,0.9546,0.9023,0.7153,1.0,0.3506,1589.0,123.2,0.0
59.3,0.9487,0.89,0.5977,0.9995,0.1791,1551.0,1423.0,0.0
10000.0,0.0495,0.62,0.1048,0.9995,0.3853,1187.0,1398.0,0.0
0.2322,0.0856,0.945,0.993,0.999,-0.463,1767.0,315.2,0.0
6.145,0.443,0.7393,0.9214,1.0,-0.752,1047.0,1883.0,0.0
10000.0,0.3418,0.4475,0.1791,0.9995,-0.606,335.5,554.0,0.0
10000.0,0.3826,0.8184,0.12427,0.999,-0.3438,783.0,1232.0,0.0
0.5747,0.1224,0.6147,0.9214,0.999,-0.1827,740.5,512.5,0.0
95.1,0.776,0.2676,0.3213,0.9995,0.2244,1553.0,426.8,0.0
3.918,0.07837,0.9463,0.639,0.999,-0.0909,1131.0,676.0,0.0
21.11,0.923,0.325,0.761,1.0,0.4834,90.44,1047.0,0.0
10000.0,0.6055,0.877,0.1191,0.9995,-0.00936,1382.0,329.0,0.0
60.75,0.8096,0.2068,0.4202,0.9995,0.831,601.5,100.1,0.0
2.805,0.04578,0.555,0.8467,0.999,0.503,1176.0,1640.0,0.0
10000.0,0.9297,0.664,0.05206,0.9995,0.5376,1440.0,818.0,0.0
8.47,0.8687,0.1796,0.8022,0.9995,-0.751,1761.0,834.0,0.0
3.822,0.0408,0.1449,0.9595,0.9995,0.6826,1131.0,717.0,0.0
5.566,0.787,0.1608,0.9453,1.0,0.1423,325.5,1004.0,0.0
86.56,0.5146,0.2607,0.3079,1.0,-0.8105,1423.0,1903.0,0.0
10000.0,0.903,0.3423,0.05634,0.999,-0.116,1563.0,1771.0,0.0
10000.0,0.862,0.8525,0.1595,0.999,0.181,1493.0,1409.0,0.0
10000.0,0.221,0.4941,0.1755,0.9995,-0.585,67.7,1637.0,0.0
11.086,0.6562,0.4756,0.956,0.9995,0.8955,935.5,1706.0,0.0
10.625,0.1438,0.227,0.5435,0.999,0.2646,1877.0,1404.0,0.0
67.1,0.893,0.595,0.4546,0.9995,-0.0809,944.0,949.5,0.0
10000.0,0.3062,0.2585,0.07214,1.0,-0.3267,502.0,1205.0,0.0
24.4,0.5103,0.134,0.5146,0.9995,0.1186,1383.0,1171.0,0.0
10000.0,0.92,0.8765,0.2479,0.9995,-0.3887,447.8,864.0,0.0
10000.0,0.5835,0.938,0.2808,0.999,-0.08093,970.0,922.0,0.0
16.52,0.3298,0.2793,0.5254,1.0,-0.5254,251.2,655.0,0.0
10000.0,0.6626,0.742,0.3352,0.999,-0.713,1744.0,883.0,0.0
29.03,0.351,0.853,0.524,0.9995,-0.421,1828.0,1343.0,0.0
25.8,0.173,0.747,0.4724,1.0,0.4548,899.5,1716.0,0.0
28.28,0.6724,0.4082,0.585,0.9995,0.2136,108.5,1902.0,0.0
10000.0,0.2383,0.547,0.132,0.9995,0.636,585.5,1328.0,0.0
10000.0,0.4346,0.953,0.178,0.999,-0.7686,1591.0,307.2,0.0
5.11,0.7114,0.11066,0.7686,1.0,-0.8633,1234.0,1077.0,0.0
9.55,0.2903,0.9756,0.7974,0.9995,-0.563,605.0,1731.0,0.0
10000.0,0.03146,0.143,0.2235,0.999,-0.8325,1763.0,1624.0,0.0
10000.0,0.935,0.95,0.03436,0.999,0.7686,1704.0,1223.0,0.0
10000.0,0.814,0.4114,0.0932,0.999,0.991,597.0,449.8,0.0
49.9,0.9385,0.6494,0.558,0.9995,-0.7144,850.5,145.6,0.0
0.8286,0.04517,0.9365,0.649,0.999,-0.4592,1176.0,425.0,0.0
30.36,0.317,0.9536,0.521,0.9995,0.126,1894.0,1297.0,0.0
10000.0,0.6846,0.6445,0.0835,0.9995,0.6475,1616.0,822.0,0.0
0.3687,0.06555,0.4058,0.9863,0.9995,-0.235,320.0,1087.0,0.0
4.79,0.867,0.1103,0.942,0.9995,-0.03592,547.0,1431.0,0.0
10000.0,0.4465,0.716,0.07983,1.0,-0.646,662.5,1314.0,0.0
10000.0,0.3374,0.534,0.0748,0.9995,0.8423,1833.0,762.5,0.0
0.3167,0.03958,0.8145,0.8667,0.9995,0.1544,1495.0,685.5,0.0
10000.0,0.955,0.803,0.06885,0.999,0.2925,219.8,1249.0,0.0
25.83,0.2847,0.8457,0.503,0.999,-0.7803,1701.0,589.0,0.0
15.266,0.3809,0.907,0.7666,1.0,0.2301,20.2,224.2,0.0
17.0,0.885,0.9966,0.97,1.0,0.054,1137.0,1549.0,0.0
11.47,0.628,0.3,0.763,1.0,-0.1311,714.0,1226.0,0.0
18.38,0.4756,0.9194,0.809,0.9995,0.769,1897.0,1313.0,0.0
10000.0,0.02383,0.8203,0.1765,0.9995,0.815,506.8,24.33,0.0
24.97,0.4817,0.89,0.673,0.999,0.1245,1358.0,1443.0,0.0
70.3,0.2256,0.9907,0.3376,0.9995,-0.1635,743.0,402.0,0.0
10000.0,0.7275,0.5845,0.3093,0.999,0.0855,599.0,242.5,0.0
36.88,0.7866,0.931,0.738,1.0,0.9326,1455.0,1896.0,0.0
24.5,0.3877,0.924,0.5967,0.9995,-0.736,1845.0,1176.0,0.0
37.66,0.5693,0.8438,0.586,0.9995,0.534,772.5,429.0,0.0
0.0598,0.03073,0.691,0.607,0.9995,-0.627,1738.0,366.0,0.0
98.9,0.881,0.694,0.3687,1.0,-0.2308,508.0,94.94,0.0
22.94,0.4355,0.94,0.688,1.0,0.2196,868.0,1545.0,0.0
95.0,0.804,0.2612,0.3247,0.9995,0.3623,568.5,363.2,0.0
18.58,0.536,0.2306,0.5986,0.9995,0.2091,850.0,1598.0,0.0
10000.0,0.9263,0.769,0.2803,1.0,-0.6777,1888.0,970.5,0.0
57.2,0.843,0.3994,0.4338,0.999,-0.725,527.0,696.0,0.0
79.3,0.01964,0.4417,0.3018,0.999,-0.9585,1758.0,1211.0,0.0
71.4,0.298,0.4863,0.339,0.9995,-0.08655,443.8,1969.0,0.0
46.2,0.3682,0.443,0.426,0.999,0.281,1343.0,1272.0,0.0
72.94,0.8784,0.802,0.4731,1.0,-0.0528,791.0,218.6,0.0
7.625,0.04523,0.4514,0.6074,0.9995,0.9077,956.0,1931.0,0.0
5.688,0.1748,0.4094,0.775,0.9995,0.3828,1714.0,1441.0,0.0
10000.0,0.333,0.2532,0.2588,0.9995,-0.11755,1703.0,1114.0,0.0
10000.0,0.1705,0.2961,0.05273,1.0,0.6763,1578.0,896.5,0.0
10000.0,0.3665,0.6494,0.2869,0.999,0.7427,362.2,1495.0,0.0
10.14,0.5034,0.1908,0.6553,0.9995,-0.472,826.5,1768.0,0.0
10000.0,0.6895,0.1469,0.1175,0.9995,-0.0882,1200.0,295.5,0.0
10000.0,0.0373,0.8545,0.11755,0.9995,0.3193,39.97,1753.0,0.0
10000.0,0.5684,0.5425,0.1699,0.999,0.958,1143.0,645.5,0.0
10000.0,0.4539,0.2898,0.1575,0.9995,-0.4055,725.5,1820.0,0.0
61.56,0.05502,0.1676,0.3123,0.9995,0.8003,1639.0,226.4,0.0
10000.0,0.859,0.644,0.259,0.9995,-0.4263,1342.0,1684.0,0.0
31.69,0.778,0.683,0.6553,0.9995,-0.998,1768.0,1174.0,0.0
8.484,0.7266,0.4583,0.9224,0.9995,-0.10754,469.5,359.5,0.0
28.58,0.36,0.7314,0.5405,0.999,0.4143,1373.0,1337.0,0.0
41.25,0.7046,0.542,0.5493,0.9995,0.8906,164.9,1709.0,0.0
10000.0,0.745,0.6455,0.2642,0.9995,0.413,1371.0,311.0,0.0
1.261,0.06744,0.2158,0.6606,1.0,0.02235,308.8,762.0,0.0
23.77,0.684,0.851,0.778,0.9995,-0.02695,441.2,392.0,0.0
10000.0,0.974,0.7393,0.03427,0.999,-0.667,1287.0,1509.0,0.0
14.055,0.604,0.5557,0.848,1.0,0.637,1053.0,1485.0,0.0
11.91,0.2861,0.787,0.7554,0.999,0.4348,30.67,1100.0,0.0
10000.0,0.7393,0.1265,0.1836,0.9995,-0.672,623.0,956.0,0.0
10000.0,0.5737,0.2961,0.1936,0.9995,-0.1648,891.5,81.0,0.0
3.805,0.2517,0.2328,0.7085,0.999,-0.573,835.5,862.5,0.0
38.78,0.4924,0.708,0.534,0.9995,0.978,689.0,427.5,0.0
10000.0,0.4524,0.8726,0.1453,1.0,0.8823,589.5,1713.0,0.0
10000.0,0.982,0.3262,0.04242,0.9995,-0.211,229.5,1542.0,0.0
1.244,0.0625,0.6694,0.68,0.999,-0.2737,612.0,987.5,0.0
10000.0,0.866,0.5522,0.0531,0.9995,0.12274,51.38,1147.0,0.0
43.62,0.851,0.4114,0.4963,0.9995,-0.565,1694.0,616.5,0.0
16.39,0.3887,0.4873,0.718,1.0,0.88,1051.0,1869.0,0.0
7.758,0.4377,0.3486,0.739,1.0,-0.8857,85.0,904.5,0.0
7.383,0.0987,0.9414,0.6787,1.0,0.5654,730.5,593.0,0.0
81.06,0.751,0.2893,0.3572,0.9995,0.4333,365.8,547.0,0.0
12.35,0.1913,0.524,0.5327,0.999,-0.6934,1643.0,744.0,0.0
10000.0,0.759,0.6035,0.0751,1.0,-0.07056,346.0,1403.0,0.0
10000.0,0.6147,0.10876,0.1711,0.999,-0.4285,1213.0,658.0,0.0
1.629,0.03333,0.3936,0.4514,0.999,-0.95,960.0,894.0,0.0
10000.0,0.0163,0.606,0.1181,0.9995,-0.908,603.0,1424.0,0.0
13.516,0.3167,0.2595,0.632,0.9995,0.53,136.2,479.8,0.0
10000.0,0.9424,0.3433,0.1323,0.999,0.454,1211.0,1574.0,1.0
0.5415,0.04007,0.2693,0.7896,0.999,-0.6367,1140.0,1024.0,2.0
10000.0,0.3242,0.1322,0.1392,1.0,-0.266,625.0,316.8,3.0
23.16,0.3765,0.5986,0.5537,0.9995,-0.1533,704.5,1423.0,4.0
13.97,0.3215,0.6084,0.679,0.9995,0.2783,1330.0,1018.0,5.0
27.5,0.864,0.888,0.8086,0.999,-0.5596,1656.0,651.5,6.0
14.86,0.6724,0.1785,0.724,0.999,0.4167,962.0,894.0,7.0
0.12213,0.2003,0.3298,0.972,0.9995,-0.4868,972.0,120.56,8.0
14.97,0.6133,0.621,0.7983,0.9995,-0.2827,1250.0,778.0,9.0
8.5,0.456,0.2703,0.7686,0.9995,0.02039,967.0,811.0,10.0
8.93,0.4277,0.441,0.817,0.9995,0.1963,954.5,1156.0,11.0
54.78,0.3235,0.992,0.4263,1.0,0.817,623.5,1450.0,12.0
7.035,0.1946,0.5693,0.6445,0.9995,-0.6274,620.5,514.5,13.0
12.59,0.3345,0.528,0.647,0.9995,-0.39,594.0,890.0,14.0
0.4023,0.2622,0.1462,0.9297,0.9995,-0.9736,833.0,563.0,15.0
10000.0,0.34,0.2262,0.04657,0.9995,-0.2452,276.5,641.5,1.0
46.12,0.838,0.8193,0.6147,0.9995,-0.1266,1117.0,901.0,2.0
62.3,0.569,0.13,0.3652,1.0,-0.1498,1798.0,1941.0,3.0
18.56,0.6426,0.3901,0.675,0.9995,-0.1459,1522.0,621.5,4.0
10000.0,0.5767,0.412,0.267,0.9995,0.3762,1542.0,1072.0,5.0
14.07,0.3335,0.7217,0.6626,0.999,-0.673,1725.0,1449.0,6.0
22.39,0.4392,0.3164,0.532,0.9995,-0.1196,1453.0,1417.0,7.0
10000.0,0.9517,0.567,0.2283,1.0,-0.2009,381.5,181.9,8.0
40.22,0.7275,0.885,0.649,0.9995,0.359,1138.0,14.125,9.0
4.367,0.3748,0.524,0.9126,0.9995,-0.127,618.5,571.5,10.0
15.75,0.3982,0.374,0.593,0.9995,-0.2429,790.5,781.0,11.0
21.42,0.521,0.6733,0.6836,0.9995,0.10803,1140.0,472.5,12.0
0.1743,0.11993,0.1932,0.824,0.9995,-0.2375,827.0,1138.0,13.0
20.73,0.5684,0.651,0.7007,0.9995,-0.1837,1081.0,887.0,14.0
12.484,0.4075,0.5664,0.7305,0.9995,-0.144,1156.0,889.5,15.0
4.402,0.5117,0.308,0.98,0.9995,0.321,571.0,1816.0,1.0
34.66,0.558,0.4414,0.5127,0.9995,0.3044,618.0,615.0,2.0
18.31,0.3923,0.753,0.696,0.9995,0.436,463.0,903.5,3.0
7.21,0.2305,0.8696,0.9233,0.9995,0.7466,397.0,11.33,4.0
10000.0,0.9,0.988,0.4114,0.9995,0.526,162.6,1782.0,5.0
31.11,0.3613,0.2429,0.4375,0.9995,-0.857,337.8,1051.0,6.0
6.215,0.1222,0.7666,0.828,0.9995,0.6973,1770.0,1865.0,7.0
2.56,0.03111,0.6577,0.8193,0.9995,0.49,1358.0,307.5,8.0
10.77,0.3333,0.671,0.7866,0.9995,0.3442,584.0,935.0,9.0
14.13,0.3362,0.469,0.682,0.9995,0.525,906.0,791.0,10.0
36.47,0.7573,0.9404,0.702,0.999,-0.2443,987.5,810.5,11.0
8.41,0.1768,0.854,0.658,0.9995,-0.4543,1211.0,1691.0,12.0
10.086,0.3137,0.5225,0.778,0.9995,0.4673,846.5,838.0,13.0
18.73,0.1495,0.77,0.506,0.999,0.4583,1816.0,1594.0,14.0
9.36,0.1743,0.7334,0.6553,0.9995,0.2206,1365.0,1343.0,15.0
24.38,0.4927,0.7935,0.6704,0.999,0.3274,34.72,1855.0,1.0
16.17,0.3916,0.6943,0.709,0.9995,0.2852,1319.0,1011.0,2.0
10000.0,0.1754,0.697,0.2336,0.9995,-0.1394,611.0,1346.0,3.0
60.47,0.3958,0.1904,0.3464,1.0,-0.8467,600.0,26.64,4.0
16.89,0.1777,0.8984,0.584,0.999,0.741,156.8,1133.0,5.0
66.2,0.494,0.824,0.4146,0.9995,0.324,494.8,1401.0,6.0
45.53,0.2852,0.843,0.4104,0.999,-0.8003,251.4,84.4,7.0
7.79,0.996,0.2245,0.958,0.9995,0.1417,1058.0,527.5,8.0
18.05,0.421,0.336,0.5586,0.9995,-0.3958,924.5,578.5,9.0
6.465,0.397,0.7656,0.91,0.999,-0.3098,1486.0,94.06,10.0
18.92,0.4932,0.4507,0.667,0.9995,0.46,1179.0,757.5,11.0
13.93,0.6426,0.6353,0.8687,0.9995,0.4475,1316.0,1448.0,12.0
14.56,0.4502,0.6455,0.757,0.9995,0.1823,694.5,1620.0,13.0
11.945,0.446,0.4983,0.7695,0.9995,0.1863,1206.0,972.0,14.0
12.19,0.448,0.3943,0.698,0.9995,-0.2162,1093.0,792.5,15.0
22.1,0.6855,0.4556,0.67,0.9995,-0.05966,653.5,1461.0,1.0
15.44,0.787,0.2522,0.841,0.9995,0.9277,1360.0,1897.0,2.0
35.9,0.4932,0.676,0.506,0.9995,-0.5625,689.0,948.0,3.0
2.332,0.02019,0.777,0.732,0.9995,0.4602,1464.0,1101.0,4.0
18.66,0.2074,0.454,0.4963,0.9995,-0.168,1238.0,785.0,5.0
36.75,0.9365,0.538,0.649,0.999,0.3203,1200.0,172.2,6.0
11.78,0.1231,0.408,0.536,1.0,0.3982,1523.0,169.6,7.0
6.066,0.4978,0.467,0.8726,1.0,-0.69,1109.0,1354.0,8.0
0.2,0.08453,0.1812,0.9004,1.0,0.10333,1733.0,825.5,9.0
10.15,0.488,0.4285,0.788,0.9995,-0.05493,339.5,1922.0,10.0
6.258,0.04047,0.715,0.5146,0.9995,0.4277,1012.5,696.0,11.0
1.33,0.2106,0.5034,0.9683,0.9995,0.08026,848.5,1724.0,12.0
7.08,0.351,0.3254,0.736,0.9995,-0.3352,978.5,1480.0,13.0
13.67,0.2917,0.7314,0.6646,0.9995,0.00588,1422.0,967.0,14.0
6.676,0.1616,0.4268,0.655,0.9995,0.1428,1240.0,692.0,15.0
28.92,0.6323,0.664,0.627,0.9995,-0.2317,485.2,1419.0,1.0
0.7,0.1163,0.9014,0.957,0.9995,-0.1407,1296.0,967.5,2.0
19.1,0.563,0.7017,0.7773,0.9995,0.575,1122.0,1634.0,3.0
7.984,0.4165,0.7866,0.9175,0.9995,0.275,1356.0,582.5,4.0
0.4817,0.04868,0.549,0.9976,0.9995,-0.2235,67.94,1389.0,5.0
15.27,0.4983,0.5703,0.735,0.9995,-0.02078,523.5,1364.0,6.0
15.414,0.1758,0.4312,0.544,0.999,0.5063,576.0,1616.0,7.0
31.44,0.5137,0.9233,0.6143,0.9995,-0.258,1539.0,422.2,8.0
14.74,0.3984,0.719,0.7324,0.9995,0.0689,1081.0,786.5,9.0
6.965,0.115,0.501,0.549,0.9995,-0.4001,1477.0,1223.0,10.0
0.7163,0.0448,0.5415,0.955,0.9995,0.2554,961.5,1040.0,11.0
10000.0,0.597,0.4666,0.1602,0.9995,-0.494,144.9,398.5,12.0
5.54,0.2742,0.4204,0.7886,0.9995,-0.07495,916.0,1376.0,13.0
8.93,0.2249,0.502,0.711,0.9995,0.3428,609.5,1329.0,14.0
10000.0,0.504,0.988,0.1393,0.9995,-0.7285,1793.0,1888.0,15.0
10.28,0.429,0.563,0.7793,0.9995,-0.3918,1001.5,956.5,1.0
10000.0,0.811,0.1453,0.2625,0.9995,0.4146,800.5,745.0,2.0
37.75,0.9316,0.8774,0.755,1.0,0.502,712.0,1350.0,3.0
10000.0,0.2808,0.1635,0.1537,0.999,-0.178,1590.0,468.8,4.0
0.54,0.1962,0.2244,0.8457,1.0,-0.5376,727.0,1043.0,5.0
21.55,0.6807,0.6978,0.771,0.9995,0.2456,881.5,983.0,6.0
14.266,0.5996,0.5835,0.801,0.9995,-0.0561,714.0,1752.0,7.0
2.393,0.344,0.109,0.7217,0.9995,-0.7876,843.0,874.0,8.0
36.22,0.4841,0.3643,0.4653,0.9995,-0.232,187.9,1868.0,9.0
19.1,0.4849,0.6567,0.6934,0.9995,0.0934,841.0,637.5,10.0
32.97,0.2673,0.875,0.4993,1.0,0.9663,1323.0,310.0,11.0
0.8594,0.2915,0.1909,0.9473,0.9995,-0.02444,1416.0,1766.0,12.0
4.582,0.6475,0.1984,0.8633,0.9995,-0.5083,213.2,591.5,13.0
10.98,0.6143,0.3906,0.8174,0.9995,0.08545,554.5,921.0,14.0
13.75,0.3137,0.3972,0.58,0.9995,-0.419,1361.0,1299.0,15.0
91.25,0.5596,0.1359,0.3105,0.9995,0.533,1863.0,1560.0,1.0
14.72,0.2018,0.62,0.602,1.0,0.63,1219.0,1474.0,2.0
8.69,0.2411,0.4897,0.6973,0.9995,0.1224,1848.0,1036.0,3.0
0.4783,0.0753,0.5054,0.989,0.9995,-0.4736,510.2,605.5,4.0
31.75,0.936,0.7563,0.768,0.9995,0.262,781.5,1241.0,5.0
5.926,0.623,0.128,0.7456,1.0,-0.7285,1305.0,1573.0,6.0
20.14,0.2375,0.4458,0.4912,0.9995,-0.408,1011.5,841.0,7.0
4.89,0.2457,0.3718,0.718,0.9995,-0.6426,1435.0,1059.0,8.0
10.41,0.2722,0.3286,0.679,0.9995,0.4001,511.0,347.2,9.0
9.09,0.214,0.5347,0.628,0.9995,-0.2255,1002.5,751.5,10.0
3.502,0.04327,0.6045,0.4734,0.9995,-0.66,849.5,1786.0,11.0
1.914,0.607,0.2073,0.9707,0.9995,-0.3782,1480.0,1162.0,12.0
1.442,0.3315,0.4548,0.9795,0.9995,-0.3564,1628.0,1190.0,13.0
29.31,0.755,0.657,0.7134,0.9995,0.6733,1324.0,1299.0,14.0
13.71,0.3235,0.6025,0.6704,0.9995,0.1261,1204.0,1033.0,15.0
11.91,0.9517,0.445,0.906,0.9995,-0.436,1463.0,375.5,1.0
18.61,0.4114,0.671,0.6465,0.9995,-0.1144,658.5,1280.0,2.0
38.44,0.6626,0.884,0.6187,1.0,-0.1979,910.5,597.5,3.0
24.7,0.7134,0.422,0.62,0.9995,-0.326,877.5,956.0,4.0
1.426,0.7876,0.11035,0.942,0.999,-0.7373,294.5,246.4,5.0
29.42,0.5713,0.4463,0.5337,0.999,-0.253,368.0,1272.0,6.0
10000.0,0.3477,0.5225,0.0687,0.9995,0.748,77.5,795.5,7.0
20.75,0.69,0.9014,0.8223,0.9995,-0.5845,511.2,377.5,8.0
22.22,0.738,0.83,0.804,0.999,-0.5054,990.5,1113.0,9.0
33.34,0.5664,0.6714,0.5537,0.9995,-0.295,221.4,615.0,10.0
16.33,0.6055,0.4932,0.73,0.9995,-0.2969,808.5,1017.5,11.0
17.44,0.5713,0.487,0.691,0.9995,-0.3462,582.5,1136.0,12.0
16.53,0.4897,0.5747,0.702,0.9995,-0.1737,557.5,875.5,13.0
0.8755,0.338,0.2947,0.94,1.0,-0.5654,238.8,1021.0,14.0
3.867,0.1659,0.442,0.6646,0.999,-0.8296,346.0,1551.0,15.0
10.69,0.4434,0.9263,0.909,1.0,0.4233,260.2,1040.0,1.0
4.797,0.1654,0.4358,0.9185,0.9995,0.622,417.2,324.0,2.0
10000.0,0.06134,0.4807,0.0463,0.999,0.917,1324.0,1645.0,3.0
99.06,0.381,0.6167,0.302,0.999,-0.05164,156.9,1184.0,4.0
23.64,0.702,0.4126,0.645,0.9995,0.06015,962.5,1342.0,5.0
26.69,0.9976,0.663,0.794,0.999,-0.3867,959.5,1652.0,6.0
-0.05157,0.05066,0.2983,0.638,0.9995,-0.648,448.0,655.0,7.0
1.4,0.07935,0.2441,0.5435,0.999,-0.87,1607.0,236.4,8.0
13.81,0.618,0.5127,0.792,0.9995,-0.1134,960.5,1245.0,9.0
15.52,0.2456,0.57,0.556,0.9995,-0.2908,924.5,584.5,10.0
9.52,0.3152,0.4604,0.705,0.9995,-0.1192,839.0,787.5,11.0
16.78,0.2922,0.7676,0.6074,0.9995,-0.1342,1844.0,1744.0,12.0
22.31,0.3547,0.5786,0.5547,0.999,0.01119,626.5,1059.0,13.0
14.46,0.644,0.6143,0.866,1.0,0.5947,146.5,642.5,14.0
7.414,0.3247,0.11206,0.7905,0.9995,0.4634,1236.0,1982.0,15.0
12.29,0.961,0.3384,0.8545,0.9995,-0.549,259.8,189.8,1.0
1.841,0.2095,0.3987,0.8594,1.0,-0.3784,1187.0,659.0,2.0
18.88,0.4375,0.5186,0.655,0.9995,0.4514,622.5,481.5,3.0
10000.0,0.3704,0.4788,0.01216,0.999,0.459,588.0,1995.0,4.0
10000.0,0.1862,0.3943,0.10016,0.999,-0.02975,311.2,1445.0,5.0
18.1,0.4766,0.8877,0.8013,0.9995,0.684,1520.0,913.5,6.0
12.91,0.8096,0.10956,0.7803,1.0,0.3372,1729.0,1498.0,7.0
7.64,0.06082,0.787,0.4849,0.9995,-0.1855,37.3,1328.0,8.0
6.918,0.10345,0.10724,0.638,0.9995,0.6025,368.8,19.27,9.0
15.39,0.716,0.824,0.8877,0.9995,-0.4648,123.4,1624.0,10.0
1.78,0.1389,0.595,0.8076,0.9995,-0.58,586.0,1150.0,11.0
8.21,0.2988,0.7427,0.8203,0.999,0.1417,815.5,1009.0,12.0
0.7285,0.05002,0.9204,0.7344,0.9995,-0.2654,742.0,899.0,13.0
10.31,0.533,0.6216,0.855,0.9995,-0.1486,419.8,1169.0,14.0
9.47,0.2869,0.3975,0.653,0.9995,-0.2162,363.0,672.0,15.0
19.4,0.298,0.6377,0.572,0.999,0.1415,1565.0,1621.0,1.0
5.652,0.2279,0.937,0.9873,0.9995,0.6807,1314.0,830.0,2.0
9.83,0.8364,0.1853,0.9062,1.0,0.4863,1067.0,1905.0,3.0
8.6,0.4604,0.889,0.913,1.0,-0.589,1379.0,1992.0,4.0
15.4,0.4006,0.686,0.715,1.0,0.1057,946.0,1496.0,5.0
22.55,0.4126,0.5845,0.5854,0.9995,0.1776,777.0,787.5,6.0
11.65,0.3188,0.381,0.7,0.9995,0.4436,801.5,1000.5,7.0
9.164,0.3362,0.2708,0.859,0.9995,0.8555,1169.0,1830.0,8.0
23.0,0.477,0.6875,0.6353,0.9995,0.07574,514.5,1383.0,9.0
10000.0,0.0958,0.9043,0.1257,0.999,-0.532,1709.0,708.0,10.0
11.89,0.2773,0.561,0.663,0.9995,0.1444,1321.0,1476.0,11.0
20.89,0.6,0.544,0.687,0.9995,0.0301,1188.0,1517.0,12.0
15.445,0.899,0.2238,0.7153,0.999,-0.6265,150.1,1138.0,13.0
1.653,0.2156,0.2686,0.8613,0.9995,-0.1411,1391.0,1567.0,14.0
0.01767,0.094,0.1772,0.9336,1.0,0.0747,1228.0,1684.0,15.0
26.83,0.7344,0.79,0.733,0.9995,-0.7305,1006.0,1970.0,1.0
5.492,0.1299,0.3992,0.799,0.9995,0.5815,1299.0,1706.0,2.0
22.98,0.5273,0.6533,0.6694,0.9995,0.3113,614.5,1418.0,3.0
11.836,0.213,0.6797,0.625,1.0,0.1705,1152.0,465.0,4.0
15.5,0.2496,0.6196,0.5854,1.0,0.1089,896.0,1162.0,5.0
30.48,0.9487,0.2384,0.599,0.9995,0.2883,409.8,965.0,6.0
2.664,0.2438,0.7593,0.904,0.9995,-0.9717,1170.0,246.9,7.0
8.516,0.3904,0.2004,0.6787,0.9995,-0.1665,1206.0,868.0,8.0
5.145,0.569,0.303,0.8467,0.9995,-0.9214,1071.0,1010.5,9.0
14.99,0.2191,0.889,0.5977,0.999,-0.01513,1289.0,533.5,10.0
10.83,0.2861,0.764,0.72,0.9995,-0.2869,1123.0,627.0,11.0
15.3,0.2969,0.8433,0.661,0.9995,-0.04868,1410.0,990.5,12.0
10000.0,0.0707,0.9023,0.2102,1.0,-0.9116,581.5,1566.0,13.0
21.17,0.503,0.5757,0.614,0.999,-0.648,1517.0,1625.0,14.0
0.4714,0.2634,0.4314,0.975,0.9995,-0.715,888.5,468.5,15.0
5.66,0.36,0.5713,0.8794,0.999,-0.0757,112.44,1207.0,1.0
46.25,0.63,0.6724,0.4927,0.9995,-0.318,1677.0,1238.0,2.0
8.01,0.2087,0.863,0.7925,1.0,0.3625,1530.0,1611.0,3.0
12.38,0.763,0.659,0.917,0.999,-0.0652,938.0,1873.0,4.0
10000.0,0.512,0.939,0.0294,0.9995,-0.01071,915.5,1758.0,5.0
88.4,0.4734,0.603,0.3262,0.999,-0.822,1283.0,586.0,6.0
23.47,0.594,0.8804,0.757,0.999,0.1853,1471.0,514.5,7.0
35.72,0.688,0.694,0.622,1.0,0.626,807.0,477.8,8.0
22.05,0.568,0.6797,0.7036,0.9995,0.1422,824.5,777.0,9.0
21.3,0.959,0.4583,0.8115,0.9995,0.4595,353.0,690.0,10.0
7.39,0.7563,0.2515,0.867,0.999,-0.322,982.0,1851.0,11.0
2.87,0.0364,0.267,0.628,0.999,0.3884,1775.0,352.2,12.0
1.781,0.2568,0.26,0.836,0.9995,-0.5083,482.0,1961.0,13.0
15.04,0.6055,0.4998,0.777,0.9995,0.1461,700.5,849.5,14.0
44.22,0.2338,0.9614,0.4265,0.9995,0.6,902.5,8.25,15.0
10000.0,0.2715,0.364,0.1338,0.9995,0.2343,337.2,302.8,1.0
11.88,0.10876,0.877,0.553,0.9995,0.4697,629.5,600.5,2.0
8.65,0.9473,0.1896,0.9673,0.9995,0.4727,436.0,1121.0,3.0
25.8,0.6597,0.5034,0.646,0.9995,0.2866,1269.0,1461.0,4.0
13.56,0.3909,0.6484,0.713,1.0,-0.3179,1130.0,449.5,5.0
45.0,0.7686,0.8257,0.62,0.9995,0.8135,987.5,55.4,6.0
33.88,0.97,0.2146,0.579,0.999,0.4888,106.9,1426.0,7.0
19.12,0.1208,0.9116,0.4546,0.999,-0.4543,1479.0,1667.0,8.0
10.555,0.3987,0.8105,0.9043,1.0,0.7417,164.9,270.5,9.0
14.46,0.3962,0.934,0.7876,1.0,0.04892,1621.0,1518.0,10.0
4.504,0.02103,0.676,0.7363,0.999,0.7456,596.5,890.5,11.0
16.23,0.3657,0.3604,0.5894,0.9995,0.0915,1148.0,1061.0,12.0
3.6,0.0207,0.3315,0.6333,0.999,0.5835,129.1,266.0,13.0
13.4,0.368,0.4026,0.668,0.999,0.2505,442.8,608.0,14.0
4.67,0.1771,0.3923,0.7764,0.999,0.219,404.0,1056.0,15.0
0.2002,0.02975,0.3613,0.936,0.9995,0.01634,357.8,1543.0,1.0
45.2,0.853,0.994,0.6836,1.0,-0.696,1766.0,165.0,2.0
21.5,0.1857,0.361,0.4773,0.9995,0.2056,1386.0,661.0,3.0
26.89,0.9756,0.319,0.626,0.9995,-0.8325,733.0,936.0,4.0
24.6,0.578,0.436,0.57,0.9995,-0.4287,1312.0,842.0,5.0
10000.0,0.2786,0.2512,0.11066,0.9995,0.5522,7.348,246.2,6.0
15.34,0.4358,0.4426,0.6377,0.9995,-0.281,1002.0,1028.0,7.0
10000.0,0.3699,0.361,0.2239,1.0,0.4697,826.0,851.0,8.0
43.62,0.8833,0.582,0.5757,0.999,0.05826,408.2,1805.0,9.0
46.4,0.9487,0.605,0.5874,1.0,0.0996,677.5,989.0,10.0
15.22,0.575,0.8774,0.842,0.999,-0.682,339.8,972.5,11.0
18.61,0.6445,0.4219,0.673,0.9995,-0.4683,731.0,1080.0,12.0
90.0,0.677,0.867,0.3875,0.9995,0.3254,1869.0,880.0,13.0
16.39,0.226,0.7373,0.5806,0.999,0.2527,1284.0,1340.0,14.0
14.586,0.319,0.6836,0.6357,0.9995,-0.455,1332.0,1205.0,15.0
95.94,0.951,0.874,0.4246,0.9995,-0.513,102.4,168.2,1.0
7.082,0.6025,0.5186,0.904,0.999,-0.738,1002.0,927.0,2.0
54.4,0.2578,0.6675,0.38,0.999,0.1587,1832.0,665.5,3.0
6.766,0.8413,0.266,0.881,0.999,-0.9443,1283.0,799.5,4.0
1.127,0.2037,0.7134,0.9536,1.0,-0.633,828.5,547.5,5.0
47.03,0.605,0.724,0.4834,0.9995,-0.895,255.1,1037.0,6.0
10000.0,0.5615,0.727,0.11163,0.999,-0.591,903.0,1331.0,7.0
22.14,0.581,0.6167,0.6606,0.9995,-0.6426,580.0,806.5,8.0
13.445,0.539,0.537,0.7593,0.9995,-0.4834,799.5,716.0,9.0
12.055,0.6914,0.727,0.914,0.9995,-0.1351,1078.0,1087.0,10.0
15.266,0.4934,0.7104,0.7676,0.9995,-0.1608,1146.0,1094.0,11.0
57.53,0.8486,0.4438,0.4617,0.9995,0.2917,692.5,349.5,12.0
-0.0908,0.03818,0.2279,0.535,1.0,-0.85,1384.0,1841.0,13.0
39.9,0.1825,0.893,0.4006,0.999,-0.06256,585.0,1412.0,14.0
0.732,0.01449,0.5396,0.9824,1.0,-0.4023,1773.0,1483.0,15.0
0.2457,0.1404,0.562,0.9956,1.0,-0.1599,152.5,740.0,1.0
11.97,0.768,0.665,0.9624,0.999,0.5254,248.5,1979.0,2.0
58.56,0.3916,0.9,0.4128,0.9995,-0.0562,1404.0,1006.0,3.0
47.44,0.564,0.6597,0.464,0.999,-0.703,1752.0,769.5,4.0
18.2,0.5454,0.756,0.7705,0.9995,0.1376,1075.0,317.8,5.0
11.83,0.02165,0.9873,0.463,0.999,0.4385,1812.0,519.0,6.0
10000.0,0.994,0.4482,0.2231,0.999,-0.714,825.0,628.5,7.0
25.38,0.393,0.7954,0.5806,0.9995,0.04538,1144.0,976.0,8.0
12.5,0.4585,0.6846,0.8076,0.9995,0.1398,806.0,573.5,9.0
6.062,0.3105,0.4797,0.982,1.0,0.7305,1556.0,1884.0,10.0
14.17,0.3655,0.662,0.707,0.9995,0.1006,875.5,965.5,11.0
12.27,0.4785,0.807,0.8765,0.9995,0.506,843.5,1231.0,12.0
4.01,0.1697,0.628,0.92,0.9995,0.4717,859.5,771.5,13.0
18.06,0.804,0.533,0.822,1.0,0.3054,1841.0,1478.0,14.0
12.586,0.575,0.5605,0.83,0.9995,0.205,1189.0,1132.0,15.0
9.08,0.2546,0.5386,0.8457,0.9995,0.83,1717.0,748.5,1.0
26.94,0.677,0.7607,0.7036,0.999,-0.362,1343.0,1219.0,2.0
18.0,0.2231,0.1776,0.4744,0.9995,-0.3962,239.2,1687.0,3.0
34.2,0.2583,0.7773,0.4785,0.999,0.7896,1313.0,88.0,4.0
23.61,0.577,0.764,0.6875,0.999,-0.7476,1854.0,775.5,5.0
14.414,0.311,0.10443,0.5776,0.9995,0.3572,1043.0,1474.0,6.0
14.34,0.448,0.6025,0.7686,0.9995,0.4116,1345.0,1206.0,7.0
20.34,0.923,0.3987,0.732,1.0,-0.9136,1177.0,1762.0,8.0
23.64,0.985,0.2615,0.667,0.9995,-0.2338,323.5,454.8,9.0
7.945,0.2942,0.375,0.6763,0.9995,-0.4414,464.5,1202.0,10.0
19.58,0.3801,0.601,0.6157,0.9995,0.3103,955.0,590.0,11.0
17.72,0.572,0.5684,0.714,0.9995,-0.4126,1480.0,977.5,12.0
14.52,0.684,0.3662,0.7314,0.9995,-0.5166,917.5,1444.0,13.0
2.578,0.5903,0.1215,0.8574,0.9995,-0.541,651.5,1597.0,14.0
4.176,0.34,0.2432,0.98,0.999,0.495,559.0,173.4,15.0
16.73,0.2974,0.673,0.6475,0.999,0.6,481.8,801.5,1.0
7.04,0.263,0.9575,0.8994,1.0,0.425,1182.0,1027.0,2.0
10000.0,0.667,0.773,0.3442,1.0,-0.2942,962.0,1437.0,3.0
0.09125,0.1749,0.3113,0.9814,0.9995,-0.3875,1170.0,1437.0,4.0
0.5054,0.05228,0.984,0.93,0.999,0.1887,1794.0,331.0,5.0
9.6,0.2583,0.1976,0.8296,0.9995,0.977,1838.0,794.0,6.0
16.39,0.5034,0.955,0.8115,1.0,-0.4988,514.5,1290.0,7.0
1.511,0.1407,0.5405,0.778,0.9995,-0.9434,148.2,1891.0,8.0
13.09,0.398,0.3958,0.6724,0.9995,0.0812,893.0,1216.0,9.0
9.49,0.3757,0.741,0.8184,0.9995,-0.2715,868.5,1218.0,10.0
0.2612,0.07324,0.702,0.9824,0.9995,-0.309,1267.0,708.0,11.0
14.06,0.3235,0.517,0.642,0.999,0.16,1233.0,1099.0,12.0
7.074,0.2502,0.657,0.776,0.9995,-0.06866,1022.0,908.0,13.0
12.586,0.8726,0.3586,0.859,0.9995,0.023,575.5,1731.0,14.0
8.8,0.2361,0.6753,0.7407,0.9995,0.202,831.0,866.5,15.0
90.25,0.5757,0.538,0.338,0.9995,-0.0901,364.0,258.0,1.0
0.02586,0.03253,0.3535,0.751,0.9995,-0.126,1091.0,1685.0,2.0
10.164,0.2888,0.591,0.688,0.9995,-0.3618,1489.0,1398.0,3.0
7.285,0.225,0.5176,0.6997,0.9995,-0.16,1147.0,1317.0,4.0
6.516,0.646,0.277,0.901,0.9995,0.08105,234.1,787.0,5.0
10000.0,0.9966,0.7617,0.2922,0.999,-0.689,568.5,350.2,6.0
7.4,0.2214,0.4805,0.6895,0.9995,-0.07214,1301.0,1353.0,7.0
1.672,0.2225,0.34,0.834,0.9995,-0.6426,440.5,824.0,8.0
22.08,0.695,0.183,0.6157,0.9995,0.5103,451.8,1679.0,9.0
7.914,0.2064,0.222,0.701,0.9995,0.4739,854.5,279.2,10.0
0.1203,0.1453,0.2698,0.842,0.9995,-0.6777,12.625,655.5,11.0
2.365,0.1981,0.782,0.916,1.0,-0.287,791.5,1289.0,12.0
5.1,0.3972,0.3296,0.8335,0.9995,-0.2554,456.5,913.5,13.0
0.732,0.01335,0.1969,0.681,1.0,-0.98,1173.0,1086.0,14.0
3.547,0.2556,0.3726,0.8003,0.9995,-0.4558,680.5,954.5,15.0
8.01,0.2578,0.6313,0.7896,0.999,0.289,500.0,1125.0,1.0
7.727,0.2423,0.402,0.6567,0.999,-0.2856,673.0,703.5,2.0
3.79,0.01639,0.2566,0.521,0.9995,0.515,664.0,1000.0,3.0
7.344,0.2593,0.3792,0.806,0.9995,0.49,1264.0,1371.0,4.0
5.633,0.2297,0.891,0.882,0.9995,0.2515,240.2,119.4,5.0
5.08,0.1838,0.41,0.789,0.9995,0.295,1024.0,1098.0,6.0
7.414,0.636,0.8003,0.9917,0.999,-0.6504,1247.0,740.0,7.0
7.48,0.4172,0.4363,0.825,0.9995,-0.02214,618.5,687.5,8.0
4.094,0.3992,0.2932,0.7983,0.999,-0.9575,959.5,313.0,9.0
4.99,0.25,0.3542,0.7573,0.9995,-0.1847,984.0,1190.0,10.0
36.34,0.2632,0.732,0.4312,0.9995,-0.866,1066.0,37.8,11.0
5.55,0.2864,0.444,0.808,0.9995,-0.03119,748.0,724.0,12.0
4.824,0.16,0.4507,0.693,0.9995,-0.10406,676.5,809.5,13.0
4.81,0.14,0.7876,0.6934,0.9995,-0.619,767.5,630.0,14.0
4.367,0.28,0.63,0.9175,0.999,0.2161,50.78,1547.0,15.0
10.336,0.572,0.5063,0.858,0.9995,0.1838,517.5,880.5,1.0
14.65,0.472,0.505,0.747,0.9995,0.3801,1065.0,1059.0,2.0
7.082,0.3547,0.438,0.8228,0.9995,0.1407,657.5,881.5,3.0
8.734,0.4106,0.5083,0.803,0.9995,-0.1252,1059.0,799.0,4.0
0.08923,0.01293,0.3003,0.7617,0.999,0.1177,742.0,1172.0,5.0
10000.0,0.1212,0.2893,0.0744,1.0,0.341,263.8,1263.0,6.0
0.6396,0.01918,0.1929,0.8438,0.999,-0.2534,529.5,987.0,7.0
7.945,0.2874,0.315,0.7285,0.9995,0.1975,378.8,699.5,8.0
4.188,0.2328,0.362,0.7993,0.9995,-0.0004306,463.5,765.5,9.0
6.92,0.56,0.3982,0.871,0.9995,-0.267,1013.0,652.5,10.0
3.676,0.2272,0.4104,0.8354,0.9995,0.0411,639.5,885.0,11.0
2.348,0.067,0.2788,0.71,0.999,0.2588,462.2,1217.0,12.0
5.582,0.2238,0.4512,0.798,0.9995,0.2223,773.0,793.5,13.0
5.004,0.2844,0.339,0.8027,0.9995,0.00905,735.0,828.5,14.0
11.35,0.1338,0.523,0.506,0.9995,-0.446,1593.0,532.5,15.0
14.625,0.4714,0.6123,0.7363,0.9995,-0.226,1120.0,857.5,1.0
9.234,0.3953,0.474,0.7866,0.9995,0.05844,717.0,1158.0,2.0
6.78,0.318,0.4697,0.802,0.9995,0.01517,541.0,1558.0,3.0
9.17,0.326,0.6147,0.769,0.9995,-0.08545,876.5,986.5,4.0
0.508,0.01599,0.2537,0.937,0.9995,-0.0269,10.38,1693.0,5.0
0.853,0.1753,0.188,0.832,0.9995,-0.2096,769.0,1411.0,6.0
11.43,0.3228,0.2515,0.728,0.999,0.7007,848.0,1691.0,7.0
17.81,0.2861,0.2446,0.5093,0.9995,-0.1791,1161.0,487.0,8.0
11.62,0.3625,0.3796,0.6196,0.999,-0.6367,208.8,1360.0,9.0
3.266,0.1288,0.2413,0.928,0.9995,0.4993,1806.0,1426.0,10.0
0.69,0.11115,0.3074,0.9575,0.999,-0.9517,1734.0,88.2,11.0
0.9136,0.0777,0.4607,0.7046,0.9995,-0.3843,886.5,1566.0,12.0
0.732,0.02444,0.10767,0.979,0.9995,-0.8022,900.0,1094.0,13.0
3.129,0.147,0.6665,0.763,0.999,-0.562,807.5,619.5,14.0
4.4,0.2595,0.4531,0.8335,0.9995,-0.01851,963.5,1089.0,15.0
8.77,0.2766,0.3271,0.6235,0.9995,-0.3635,650.0,1268.0,1.0
9.03,0.2186,0.6807,0.6846,0.9995,-0.0765,1284.0,844.5,2.0
5.324,0.6465,0.2263,0.914,0.9995,0.04498,1735.0,1201.0,3.0
20.56,0.5405,0.4072,0.625,0.999,0.2017,620.0,991.5,4.0
0.606,0.0227,0.7495,0.8896,1.0,-0.4233,1707.0,492.5,5.0
6.96,0.2983,0.74,0.824,0.9995,-0.3723,1255.0,1201.0,6.0
4.16,0.1587,0.1148,0.548,1.0,-0.7,1037.0,156.5,7.0
8.54,0.3062,0.54,0.742,0.9995,-0.2179,1059.0,777.0,8.0
10000.0,0.2856,0.3633,0.1866,0.9995,-0.957,276.2,1211.0,9.0
6.37,0.2206,0.445,0.69,0.9995,-0.3267,928.0,883.0,10.0
3.932,0.2769,0.1559,0.972,0.9995,0.509,1585.0,1023.0,11.0
1.841,0.3413,0.1381,0.8726,0.9995,-0.1437,1202.0,336.2,12.0
31.33,0.1814,0.3618,0.4207,0.9995,0.03622,1339.0,440.5,13.0
6.02,0.2544,0.5776,0.7793,0.9995,-0.2957,1130.0,810.0,14.0
1.002,0.06476,0.5913,0.9346,0.9995,0.267,1725.0,152.6,15.0
48.1,0.179,0.566,0.3882,0.9995,0.996,283.0,1608.0,1.0
9.21,0.5845,0.536,0.873,0.9995,-0.198,869.0,988.5,2.0
32.38,0.4517,0.4705,0.532,0.9995,0.9614,803.5,264.5,3.0
2.059,0.4363,0.10394,0.9004,0.9995,-0.08606,1030.0,1049.0,4.0
8.68,0.2957,0.556,0.877,0.999,0.7783,290.8,463.2,5.0
15.28,0.3699,0.1936,0.52,0.999,-0.743,672.0,78.9,6.0
9.73,0.5303,0.5415,0.8726,0.9995,0.2683,392.0,846.5,7.0
7.367,0.5435,0.4214,0.862,0.9995,-0.2603,816.5,958.5,8.0
6.53,0.4854,0.4155,0.875,0.9995,-0.002893,559.5,919.5,9.0
0.655,0.1503,0.2075,0.794,0.9995,-0.39,716.0,651.5,10.0
7.035,0.3564,0.2408,0.6753,0.9995,-0.5776,741.5,413.2,11.0
6.69,0.651,0.2742,0.896,0.9995,0.07965,567.5,953.5,12.0
0.1768,0.0871,0.8374,0.9917,0.9995,0.03093,741.0,246.1,13.0
0.5635,0.1769,0.1532,0.759,0.999,-0.6187,1478.0,1328.0,14.0
0.3662,0.0482,0.541,0.864,0.999,-0.5264,898.5,617.5,15.0
0.2052,0.1847,0.4763,0.9595,0.999,-0.972,449.2,849.5,1.0
0.5396,0.1658,0.1881,0.949,0.999,-0.771,1010.0,486.2,2.0
4.418,0.245,0.3882,0.8022,0.9995,-0.03717,1441.0,1069.0,3.0
5.09,0.5107,0.377,0.877,0.9995,-0.61,727.0,1297.0,4.0
-0.1267,0.05762,0.1609,0.683,1.0,-0.3477,1438.0,647.5,5.0
2.965,0.2429,0.2408,0.707,0.9995,-0.8755,1125.0,401.5,6.0
6.043,0.03998,0.2834,0.8877,0.9995,0.9546,443.5,665.5,7.0
2.77,0.1825,0.2786,0.6987,0.9995,-0.614,1542.0,962.0,8.0
2.053,0.205,0.3354,0.8306,0.9995,-0.2996,1249.0,991.0,9.0
2.557,0.3894,0.2966,0.91,0.9995,-0.2568,1006.0,523.5,10.0
2.873,0.3342,0.323,0.858,0.9995,-0.5405,1000.0,1122.0,11.0
1.425,0.1104,0.3018,0.647,0.9995,-0.6816,1268.0,977.5,12.0
2.238,0.2322,0.2732,0.7886,0.9995,-0.567,975.5,883.0,13.0
1.67,0.1973,0.2856,0.793,0.9995,-0.56,1301.0,903.5,14.0
1.905,0.2717,0.3008,0.8687,0.9995,-0.4026,1060.0,755.0,15.0
6.754,0.3662,0.448,0.8027,0.9995,-0.2966,1021.0,820.5,1.0
8.734,0.478,0.5317,0.836,0.9995,-0.2625,885.0,1070.0,2.0
10.18,0.529,0.964,0.9272,0.999,-0.853,226.4,1206.0,3.0
0.3647,0.09534,0.38,0.939,0.9995,-0.5776,1011.0,848.0,4.0
5.395,0.2546,0.604,0.818,0.9995,-0.1494,875.5,829.0,5.0
17.42,0.7544,0.9077,0.9,0.999,-0.164,658.5,28.23,6.0
8.57,0.498,0.688,0.892,0.9995,-0.2378,813.0,383.5,7.0
8.375,0.549,0.5806,0.9385,1.0,0.4353,414.5,841.0,8.0
7.63,0.4219,0.738,0.881,0.9995,-0.513,535.5,926.5,9.0
6.016,0.3835,0.7407,0.901,0.9995,-0.5547,524.0,1037.0,10.0
3.607,0.3398,0.464,0.881,0.9995,-0.538,989.0,1128.0,11.0
4.855,0.3542,0.543,0.8804,0.9995,-0.3186,894.0,671.0,12.0
4.51,0.3796,0.5156,0.9214,0.9995,0.0537,702.0,816.5,13.0
12.09,0.2534,0.728,0.667,0.9995,0.0791,916.5,396.0,14.0
4.406,0.4202,0.608,0.938,0.9995,-0.4014,958.5,809.0,15.0
9.01,0.37,0.5737,0.8066,0.9995,0.0944,905.0,1313.0,1.0
14.66,0.707,0.445,0.864,1.0,0.7886,314.2,1442.0,2.0
0.7964,0.1641,0.1614,0.6904,0.9995,-0.813,809.5,1081.0,3.0
3.064,0.1045,0.957,0.844,0.999,0.2651,1419.0,1076.0,4.0
9.23,0.2847,0.692,0.756,0.9995,-0.02393,560.0,672.5,5.0
4.664,0.1509,0.3606,0.6514,0.9995,-0.1493,1414.0,1403.0,6.0
9.48,0.488,0.4075,0.8154,0.9995,0.1482,625.5,1338.0,7.0
6.82,0.2747,0.511,0.757,0.9995,-0.2473,687.0,1010.5,8.0
10000.0,0.792,0.826,0.0999,0.9995,0.664,421.0,382.2,9.0
4.645,0.1658,0.4385,0.6943,0.9995,-0.2048,1038.0,686.5,10.0
5.61,0.275,0.4966,0.79,0.9995,-0.2925,833.0,1267.0,11.0
0.997,0.7446,0.123,0.996,0.9995,-0.5205,899.0,219.0,12.0
6.016,0.3281,0.6,0.831,0.9995,-0.542,1057.0,1473.0,13.0
4.09,0.193,0.3389,0.7085,0.9995,-0.3481,1019.5,1338.0,14.0
3.94,0.3052,0.1454,0.754,0.9995,-0.1887,755.5,999.0,15.0
11.37,0.55,0.306,0.6865,0.9995,-0.8623,476.5,1605.0,1.0
-0.0972,0.117,0.1345,0.7935,1.0,-0.4578,1879.0,194.4,2.0
6.426,0.2393,0.601,0.8164,0.9995,0.2659,813.0,816.5,3.0
6.344,0.3523,0.4246,0.793,0.9995,-0.3867,873.0,1164.0,4.0
8.41,0.2974,0.4326,0.696,0.9995,-0.337,803.0,898.5,5.0
0.1544,0.1381,0.3489,0.935,0.9995,-0.1594,1605.0,685.5,6.0
5.56,0.1826,0.4626,0.6787,0.9995,-0.2927,1411.0,884.0,7.0
13.97,0.3743,0.5547,0.66,0.9995,-0.3481,1408.0,640.0,8.0
0.599,0.03464,0.6157,0.9517,0.9995,0.2423,1639.0,611.0,9.0
3.887,0.2434,0.526,0.8457,0.9995,-0.1659,1140.0,950.0,10.0
0.8975,0.1079,0.1708,0.66,0.999,-0.3962,270.0,659.0,11.0
3.182,0.1317,0.6587,0.863,0.9995,0.3071,1462.0,1219.0,12.0
2.566,0.1534,0.513,0.9126,0.9995,0.2986,890.5,453.8,13.0
3.832,0.0917,0.3958,0.7383,0.9995,0.3752,1096.0,1272.0,14.0
4.227,0.1788,0.4478,0.7925,0.9995,0.1486,1022.0,1069.0,15.0
22.34,0.4985,0.7393,0.6665,0.9995,-0.1266,878.0,628.5,1.0
10000.0,0.7393,0.4382,0.2957,0.9995,0.444,524.0,1060.0,2.0
0.6772,0.013504,0.556,0.8438,0.9995,-0.3193,1659.0,1431.0,3.0
8.086,0.2129,0.6626,0.6772,0.999,-0.4314,1288.0,1273.0,4.0
5.293,0.1488,0.6816,0.6836,0.9995,-0.3762,1167.0,1106.0,5.0
4.055,0.0828,0.6875,0.6025,0.9995,-0.2014,524.5,1197.0,6.0
6.004,0.1986,0.6646,0.745,0.9995,-0.2207,1131.0,789.5,7.0
4.22,0.1538,0.2212,0.988,0.9995,0.6523,586.0,1610.0,8.0
3.725,0.1482,0.614,0.7583,0.9995,-0.1715,976.0,1003.0,9.0
10.46,0.361,0.3237,0.7583,0.999,0.501,546.0,1515.0,10.0
10000.0,0.1573,0.2499,0.1581,0.999,-0.894,696.0,1255.0,11.0
6.65,0.1643,0.654,0.6445,0.999,-0.4612,940.5,1271.0,12.0
8.41,0.4304,0.606,0.8496,0.999,-0.07904,866.0,1537.0,13.0
0.2122,0.04102,0.589,0.8696,0.9995,-0.2236,1324.0,687.5,14.0
4.695,0.2517,0.595,0.8394,0.9995,-0.1366,922.0,1278.0,15.0
17.05,0.2974,0.3303,0.5415,0.9995,-0.03717,565.0,605.0,1.0
8.89,0.572,0.312,0.792,0.9995,-0.2961,683.5,1138.0,2.0
0.1544,0.01767,0.2507,0.9277,0.9995,0.108,1679.0,524.0,3.0
10.62,0.488,0.633,0.827,0.9995,-0.2712,879.5,611.5,4.0
7.945,0.2832,0.3328,0.697,0.9995,-0.0004427,833.5,946.0,5.0
5.137,0.2673,0.334,0.869,0.9995,0.3916,1230.0,1391.0,6.0
8.07,0.2411,0.951,0.834,0.9995,0.3281,1457.0,962.5,7.0
5.035,0.2328,0.6807,0.8496,0.9995,0.1009,1345.0,881.5,8.0
6.52,0.4043,0.3982,0.838,0.9995,0.01311,847.5,1039.0,9.0
5.58,0.331,0.522,0.8477,0.9995,-0.1552,1048.0,730.5,10.0
5.402,0.2227,0.581,0.791,0.999,-0.03226,1241.0,388.2,11.0
6.637,0.304,0.4785,0.7886,0.9995,-0.0994,1233.0,930.5,12.0
4.477,0.3088,0.366,0.802,0.9995,-0.4556,576.0,964.5,13.0
0.08417,0.09155,0.342,0.9585,0.9995,-0.149,974.5,1387.0,14.0
14.15,0.2578,0.686,0.649,0.9995,0.4172,838.5,1294.0,15.0
1.533,0.165,0.6675,0.8794,0.9995,-0.6035,571.5,265.2,1.0
11.94,0.4048,0.504,0.715,0.9995,-0.2524,1315.0,1305.0,2.0
0.01462,0.314,0.1364,0.917,0.9995,-0.6816,408.0,707.0,3.0
0.295,0.3647,0.2249,0.994,1.0,-0.368,378.0,569.5,4.0
10000.0,0.3,0.3574,0.0341,0.9995,-0.03976,1672.0,1441.0,5.0
6.777,0.385,0.4976,0.843,0.9995,-0.04974,782.5,746.0,6.0
5.664,0.1996,0.5747,0.753,0.9995,-0.0399,1095.0,1059.0,7.0
7.676,0.2964,0.4114,0.7217,0.9995,-0.1935,847.5,756.0,8.0
4.35,0.3513,0.3938,0.8604,0.9995,-0.2245,797.5,827.5,9.0
5.566,0.2803,0.306,0.807,0.999,0.2024,1075.0,681.0,10.0
4.39,0.2888,0.2805,0.8394,0.9995,0.1437,732.5,890.0,11.0
0.855,0.282,0.4421,0.995,0.9995,-0.2805,723.0,1082.0,12.0
1.396,0.2998,0.4814,0.93,1.0,-0.95,771.5,782.0,13.0
3.738,0.258,0.3352,0.7944,0.9995,-0.313,926.5,1154.0,14.0
5.36,0.304,0.366,0.84,1.0,0.1859,945.0,1255.0,15.0
7.375,0.4934,0.382,0.8853,0.9995,0.3152,989.0,1408.0,1.0
8.32,0.262,0.3489,0.6807,0.9995,0.0607,1248.0,906.5,2.0
11.33,0.561,0.6006,0.855,0.9995,0.1445,1086.0,1211.0,3.0
8.164,0.4075,0.4302,0.815,0.9995,0.11365,727.5,954.0,4.0
0.266,0.1268,0.3052,0.8647,0.9995,-0.2986,972.5,1130.0,5.0
7.016,0.3574,0.3218,0.738,0.9995,-0.3662,644.5,1097.0,6.0
7.33,0.4448,0.4731,0.856,0.9995,0.02985,1052.0,1161.0,7.0
0.732,0.0267,0.3547,0.8564,1.0,-0.69,1273.0,837.5,8.0
0.7017,0.1735,0.2014,0.8164,0.9995,-0.3943,887.0,973.5,9.0
30.3,0.6724,0.2527,0.5107,0.999,-0.1752,685.0,1885.0,10.0
7.445,0.1879,0.536,0.9263,0.9995,0.946,1103.0,1421.0,11.0
0.2213,0.1788,0.4863,0.9844,0.9995,-0.8735,1194.0,1683.0,12.0
3.041,0.2255,0.426,0.9146,0.9995,0.2449,1116.0,1357.0,13.0
4.938,0.265,0.3496,0.772,0.9995,-0.1675,1111.0,1083.0,14.0
3.31,0.4111,0.2463,0.8384,1.0,-0.603,1158.0,1182.0,15.0
0.324,0.2169,0.3335,0.942,0.9995,-0.4482,795.5,569.5,1.0
8.72,0.3066,0.302,0.6846,0.9995,0.01979,1058.0,1082.0,2.0
5.89,0.2551,0.3604,0.7607,0.9995,0.05307,1218.0,988.5,3.0
0.4138,0.2793,0.1868,0.969,0.9995,-0.9434,419.0,486.2,4.0
5.953,0.3164,0.3635,0.768,0.9995,-0.2874,941.5,882.5,5.0
5.184,0.5254,0.745,0.9966,0.9995,-0.467,1651.0,1766.0,6.0
1.353,0.3247,0.4824,0.9595,0.9995,-0.7607,923.0,423.0,7.0
3.705,0.2583,0.4463,0.837,0.9995,-0.261,1104.0,730.5,8.0
5.066,0.6064,0.3938,0.913,0.9995,-0.759,1217.0,769.5,9.0
10000.0,0.03265,0.73,0.2573,0.999,-0.299,1166.0,971.5,10.0
6.758,0.09143,0.7324,0.846,0.9995,0.904,1624.0,909.5,11.0
4.64,0.2238,0.6235,0.8623,0.9995,0.2017,1358.0,854.5,12.0
3.941,0.4258,0.4578,0.905,0.9995,-0.621,1055.0,664.5,13.0
4.43,0.4116,0.4233,0.869,0.9995,-0.659,1009.5,811.5,14.0
3.537,0.2659,0.5405,0.879,0.9995,-0.2007,1120.0,699.0,15.0
18.03,0.997,0.1387,0.6636,0.9995,-0.5317,715.0,1823.0,1.0
10.555,0.4333,0.472,0.7603,0.9995,-0.1398,833.0,1087.0,2.0
10.234,0.4404,0.5464,0.821,0.9995,0.2285,590.0,871.5,3.0
8.6,0.3425,0.463,0.7456,0.9995,-0.2047,781.5,951.5,4.0
15.086,0.3533,0.694,0.653,0.9995,-0.6206,1832.0,1531.0,5.0
11.53,0.4375,0.533,0.777,0.9995,0.1128,930.5,939.0,6.0
1.891,0.1881,0.1569,0.7603,0.9995,-0.2017,1597.0,1334.0,7.0
21.45,0.5137,0.616,0.702,1.0,0.689,251.9,0.72,8.0
2.117,0.1509,0.144,0.8247,0.9995,0.1675,1588.0,1228.0,9.0
1.301,0.09875,0.2598,0.8003,0.9995,0.104,1452.0,1310.0,10.0
2.045,0.07825,0.1571,0.93,1.0,0.3992,522.0,798.5,11.0
2.043,0.6514,0.1904,0.9844,1.0,-0.2815,206.9,1937.0,12.0
4.71,0.2773,0.5537,0.8867,0.9995,0.1907,1263.0,882.5,13.0
4.598,0.3877,0.2222,0.907,0.9995,0.3167,761.0,685.0,14.0
1.587,0.2081,0.3462,0.8174,0.9995,-0.736,1339.0,891.5,15.0
9.6,0.2101,0.5576,0.758,0.999,0.7046,1784.0,1529.0,1.0
10.75,0.8037,0.4077,0.862,0.999,-0.6196,1150.0,149.9,2.0
11.04,0.4348,0.4722,0.7686,0.9995,0.09906,798.0,1146.0,3.0
8.03,0.32,0.4397,0.786,0.9995,0.2213,932.5,969.5,4.0
8.62,0.31,0.681,0.778,0.9995,-0.2788,914.0,466.0,5.0
1.774,0.1439,0.413,0.893,1.0,0.1761,1888.0,364.5,6.0
6.004,0.8125,0.2168,0.9756,0.999,0.2343,1124.0,1677.0,7.0
0.4016,0.12085,0.7705,0.919,0.999,-0.793,398.8,1628.0,8.0
5.355,0.2046,0.4895,0.8174,0.9995,0.3188,1295.0,1142.0,9.0
0.814,0.1029,0.996,0.9077,1.0,-0.4814,332.0,995.0,10.0
4.35,0.2505,0.4956,0.8525,0.9995,0.0867,863.5,919.5,11.0
2.232,0.3113,0.556,0.943,0.9995,-0.515,1128.0,55.03,12.0
4.164,0.2316,0.6406,0.8496,0.9995,-0.1732,900.5,662.0,13.0
2.812,0.2336,0.5483,0.892,0.9995,-0.1239,776.0,834.0,14.0
3.67,0.2598,0.4578,0.8525,0.9995,-0.1445,878.5,1026.0,15.0
12.63,0.4705,0.4255,0.7036,0.9995,-0.3762,1010.5,1119.0,1.0
1.924,0.1068,0.4646,0.7646,0.9995,-0.04626,816.5,687.0,2.0
4.43,0.296,0.4036,0.798,0.9995,-0.582,816.5,978.0,3.0
10.66,0.3015,0.5347,0.7217,0.9995,0.2345,1076.0,1334.0,4.0
1.666,0.2438,0.3044,0.903,0.9995,-0.06573,323.5,1539.0,5.0
10000.0,0.4082,0.1326,0.024,0.999,0.403,360.5,411.5,6.0
0.809,0.1727,0.2211,0.762,0.9995,-0.748,667.0,778.5,7.0
5.668,0.2047,0.4502,0.6953,0.9995,-0.3606,1123.0,1055.0,8.0
3.572,0.0816,0.1228,0.6714,0.999,0.3247,831.0,1090.0,9.0
5.04,0.0569,0.3782,0.553,0.999,0.2805,460.8,1801.0,10.0
6.676,0.3171,0.552,0.826,0.9995,0.03317,649.5,760.5,11.0
5.18,0.4905,0.142,0.8022,0.9995,-0.1432,97.1,1490.0,12.0
72.6,0.912,0.5317,0.434,1.0,0.3064,581.0,1199.0,13.0
0.2852,0.03093,0.3364,0.68,0.9995,-0.5547,1153.0,1248.0,14.0
4.438,0.3315,0.2361,0.787,0.9995,-0.2329,486.5,1259.0,15.0
12.99,0.6675,0.1807,0.7017,0.9995,-0.04926,843.0,1113.0,1.0
1.852,0.241,0.1071,0.759,0.999,-0.3132,729.5,263.5,2.0
3.445,0.0761,0.1581,0.9556,0.9995,0.599,266.2,1273.0,3.0
4.67,0.243,0.7334,0.8496,0.9995,-0.3623,691.0,1226.0,4.0
6.676,0.2131,0.6597,0.748,0.9995,-0.08655,987.0,608.0,5.0
7.25,0.447,0.3413,0.804,0.9995,-0.1663,762.5,983.0,6.0
3.861,0.1855,0.5205,0.7676,0.9995,-0.3552,654.0,634.0,7.0
10000.0,0.637,0.2947,0.2397,0.9995,-0.2158,1349.0,247.9,8.0
0.4495,0.07465,0.1478,0.93,1.0,-0.3188,600.5,616.0,9.0
18.52,0.663,0.6904,0.8247,0.9995,0.615,1577.0,1691.0,10.0
4.234,0.05087,0.981,0.5776,1.0,0.1891,272.2,618.0,11.0
9.664,0.3933,0.58,0.824,0.9995,0.2834,1125.0,1150.0,12.0
4.766,0.2708,0.5234,0.8623,0.9995,0.11945,918.0,932.5,13.0
3.312,0.1947,0.6055,0.836,0.9995,-0.229,670.5,906.0,14.0
3.084,0.2448,0.692,0.8994,0.9995,-0.4407,986.0,885.0,15.0
15.31,0.6626,0.4255,0.7495,0.9995,-0.2003,592.5,788.0,1.0
8.5,0.1897,0.693,0.6963,0.9995,0.1998,855.5,879.0,2.0
13.43,0.504,0.775,0.8345,0.9995,0.1619,604.5,628.5,3.0
3.725,0.1527,0.5635,0.7363,0.9995,-0.3442,1252.0,521.0,4.0
0.5005,0.2247,0.571,0.9956,0.9995,-0.6426,1265.0,1958.0,5.0
2.46,0.02565,0.4644,0.7183,0.9995,0.4548,682.0,1426.0,6.0
5.883,0.2283,0.634,0.7705,0.9995,-0.3206,1024.0,1545.0,7.0
26.22,0.9033,0.31,0.621,0.999,-0.3992,639.0,1572.0,8.0
5.87,0.2434,0.36,0.8213,0.9995,0.3762,1390.0,1088.0,9.0
8.31,0.3762,0.655,0.84,0.9995,0.0245,818.5,997.0,10.0
0.0769,0.1273,0.2551,0.8623,0.9995,-0.3804,1255.0,1340.0,11.0
4.07,0.2137,0.6724,0.8623,0.9995,0.06152,1107.0,1121.0,12.0
-0.05078,0.1947,0.1558,0.9614,0.9995,-0.1836,763.5,1263.0,13.0
0.4717,0.07764,0.552,0.92,1.0,-0.909,120.9,853.5,14.0
2.658,0.1927,0.647,0.9165,0.9995,0.1494,1128.0,1035.0,15.0
2.57,0.2617,0.3538,0.8228,0.9995,-0.6787,916.0,556.0,1.0
4.793,0.5576,0.2275,0.831,0.9995,-0.632,1027.0,305.5,2.0
0.732,0.02733,0.477,0.9536,0.9995,-0.9673,1160.0,655.5,3.0
6.79,0.2367,0.5225,0.743,0.9995,-0.01866,981.5,958.5,4.0
2.059,0.2372,0.3872,0.855,0.9995,-0.517,766.5,874.5,5.0
3.377,0.1803,0.409,0.76,0.9995,-0.2686,1271.0,983.0,6.0
0.1506,0.1833,0.3313,0.9624,0.9995,-0.651,1048.0,829.0,7.0
3.352,0.3728,0.2979,0.8457,0.9995,-0.5723,1004.5,499.5,8.0
1.262,0.1953,0.3674,0.851,0.9995,-0.561,879.5,699.5,9.0
1.965,0.2211,0.345,0.807,0.9995,-0.7466,951.5,597.0,10.0
1.693,0.2537,0.3342,0.8623,0.9995,-0.5815,909.0,711.5,11.0
0.695,0.01842,0.248,0.9536,0.9995,-0.1783,1041.0,935.5,12.0
0.201,0.1294,0.3574,0.8716,0.9995,-0.501,961.0,793.0,13.0
0.4766,0.137,0.5146,0.8926,0.9995,-0.544,786.0,578.5,14.0
0.7754,0.1892,0.3508,0.8794,0.9995,-0.503,928.0,796.0,15.0
3.396,0.2213,0.2854,0.7925,0.9995,-0.06085,1276.0,914.5,1.0
3.473,0.1804,0.5093,0.811,0.9995,-0.01188,1245.0,874.5,2.0
0.2122,0.0542,0.2144,0.777,0.9995,-0.5005,1466.0,349.5,3.0
2.154,0.1558,0.3955,0.7964,0.9995,-0.2054,1261.0,831.0,4.0
5.418,0.3926,0.554,0.8813,0.9995,-0.4216,1189.0,776.0,5.0
3.725,0.2732,0.3782,0.8115,0.9995,-0.4314,1205.0,707.0,6.0
0.2935,0.11633,0.1279,0.8,0.9995,-0.9,1110.0,477.8,7.0
1.95,0.08636,0.4792,0.769,0.9995,0.1364,862.0,865.0,8.0
1.958,0.2355,0.3015,0.838,0.9995,-0.413,1165.0,720.0,9.0
1.788,0.2861,0.1858,0.8423,0.9995,-0.3206,1118.0,885.5,10.0
0.9204,0.10474,0.3447,0.7754,0.9995,-0.2301,1033.0,739.5,11.0
1.3545,0.1866,0.3372,0.8735,0.9995,-0.1554,1137.0,990.0,12.0
0.6567,0.1606,0.2773,0.8516,0.9995,-0.3357,1186.0,756.5,13.0
0.2756,0.03226,0.1268,0.819,0.9995,-0.1137,1231.0,210.1,14.0
0.1382,0.07465,0.244,0.643,0.9995,-0.643,1075.0,921.0,15.0
5.125,0.2659,0.4802,0.7896,0.9995,-0.361,668.5,1046.0,1.0
3.787,0.2494,0.4202,0.8257,0.9995,-0.1835,841.5,931.0,2.0
2.453,0.0936,0.3828,0.6694,0.9995,-0.0501,717.5,1441.0,3.0
2.926,0.186,0.3738,0.76,0.9995,-0.4326,842.0,1071.0,4.0
2.625,0.1137,0.374,0.6387,0.9995,-0.4854,1101.0,831.5,5.0
9.36,0.4092,0.404,0.7524,0.9995,-0.1554,1240.0,808.0,6.0
3.248,0.1693,0.4543,0.76,0.9995,-0.3142,948.0,878.5,7.0
-0.03137,0.11444,0.2053,0.8594,0.999,-0.2944,739.5,1248.0,8.0
2.564,0.1658,0.4014,0.7827,0.9995,-0.2502,1033.0,1098.0,9.0
1.253,0.0973,0.3296,0.702,0.9995,-0.31,805.5,1270.0,10.0
2.336,0.08215,0.2448,0.662,0.9995,0.09576,738.0,1009.0,11.0
0.6006,0.0717,0.3303,0.611,0.9995,-0.7144,916.0,1023.5,12.0
2.035,0.11633,0.601,0.7964,0.9995,-0.1307,1109.0,1073.0,13.0
0.258,0.0361,0.211,0.802,0.9995,-0.233,1434.0,1710.0,14.0
0.732,0.02686,0.1606,0.7554,0.9995,-0.64,933.5,1165.0,15.0
1.688,0.1471,0.2595,0.7,0.9995,-0.592,1479.0,1328.0,1.0
4.22,0.2052,0.2466,0.7554,0.9995,0.0723,1896.0,1873.0,2.0
5.074,0.2761,0.3774,0.791,0.9995,-0.10944,985.0,950.5,3.0
0.732,0.05313,0.372,0.9634,0.9995,-0.5806,1578.0,699.5,4.0
2.23,0.1653,0.4263,0.8276,0.9995,-0.0979,1020.5,825.5,5.0
1.735,0.1525,0.3198,0.812,0.9995,-0.09717,1445.0,1304.0,6.0
0.732,0.0194,0.4468,0.8696,0.9995,-0.8867,688.0,180.9,7.0
1.327,0.1962,0.475,0.8853,0.9995,-0.5254,1034.0,361.8,8.0
0.3726,0.1074,0.3347,0.7827,0.9995,-0.563,1216.0,953.5,9.0
-0.012856,0.0605,0.2751,0.921,0.9995,0.09467,1052.0,595.0,10.0
0.7705,0.1484,0.3245,0.854,0.9995,-0.2664,1173.0,1121.0,11.0
5.523,0.4253,0.598,0.934,0.9995,0.1181,28.89,448.0,12.0
0.6167,0.12445,0.3962,0.8604,0.9995,-0.2375,1033.0,700.0,13.0
8.84,0.385,0.2869,0.736,0.9995,0.0745,638.5,1122.0,14.0
1.016,0.1613,0.53,0.8916,0.9995,-0.4302,1019.5,717.5,15.0
0.06335,0.2627,0.1987,0.9204,0.9995,-0.841,678.5,457.8,1.0
1.545,0.3057,0.2834,0.954,0.9995,0.04297,796.0,449.8,2.0
1.689,0.2556,0.29,0.865,0.9995,-0.3982,951.5,850.0,3.0
1.241,0.2686,0.3074,0.9087,0.9995,-0.36,979.5,757.5,4.0
10.68,0.591,0.3303,0.767,0.9995,-0.301,844.5,1136.0,5.0
3.648,0.334,0.5605,0.9077,0.9995,-0.4392,702.0,924.5,6.0
4.074,0.3472,0.352,0.8647,0.9995,-0.10895,839.0,805.0,7.0
0.4734,0.0676,0.5747,0.943,0.9995,-0.651,997.5,852.5,8.0
2.145,0.1719,0.3645,0.8306,0.9995,-0.053,1031.0,972.0,9.0
2.438,0.04855,0.343,0.6675,1.0,0.3035,63.28,1801.0,10.0
0.3074,0.2268,0.4258,0.992,1.0,-0.4822,1093.0,686.5,11.0
0.346,0.01671,0.7236,0.606,0.9995,-0.53,1324.0,406.5,12.0
0.09906,0.2095,0.285,0.9517,0.9995,-0.506,886.5,636.0,13.0
1.288,0.2106,0.395,0.902,0.9995,-0.2715,652.5,1072.0,14.0
0.2323,0.2213,0.314,0.957,1.0,-0.983,1219.0,914.0,15.0
0.732,0.08496,0.1694,0.958,0.9995,-0.8,807.5,1067.0,1.0
1.567,0.1327,0.4102,0.796,0.9995,-0.2598,864.0,731.0,2.0
1.122,0.1205,0.4937,0.873,0.9995,0.0279,1176.0,1008.0,3.0
1.167,0.138,0.4492,0.84,0.9995,-0.3076,709.5,731.5,4.0
3.086,0.3088,0.6133,0.9346,0.9995,-0.2693,1191.0,1265.0,5.0
0.834,0.1472,0.349,0.841,0.9995,-0.3716,1037.0,842.5,6.0
1.721,0.195,0.539,0.9067,0.9995,-0.1747,1025.0,1050.0,7.0
20.53,0.3315,0.1809,0.5576,1.0,0.8394,1345.0,98.44,8.0
1.772,0.173,0.367,0.846,0.9995,-0.1138,628.0,843.5,9.0
0.5703,0.1407,0.4692,0.911,0.9995,-0.2157,905.5,930.0,10.0
0.2324,0.06635,0.3516,0.9614,0.9995,-0.1598,808.5,840.5,11.0
-0.00109,0.3086,0.116,0.9204,0.9995,-0.4783,185.0,1047.0,12.0
0.7563,0.1375,0.3706,0.849,0.9995,-0.3125,733.5,772.5,13.0
0.534,0.135,0.1708,0.976,0.9995,-0.538,466.5,445.2,14.0
12.484,0.345,0.522,0.8154,1.0,0.967,1542.0,735.5,15.0
0.571,0.1565,0.3438,0.947,0.9995,0.06946,796.5,1150.0,1.0
1.789,0.1578,0.4543,0.793,0.9995,-0.6206,701.5,1144.0,2.0
8.07,0.2063,0.579,0.63,0.9995,-0.644,940.0,497.8,3.0
0.532,0.146,0.361,0.9185,0.9995,-0.03766,1334.0,1038.0,4.0
1.051,0.10077,0.3835,0.896,0.9995,0.1824,691.5,650.0,5.0
3.494,0.1837,0.4915,0.7583,0.9995,-0.528,848.0,667.0,6.0
3.092,0.1642,0.5244,0.7695,0.9995,-0.4175,1012.5,970.0,7.0
0.3499,0.0658,0.639,0.992,0.9995,-0.3018,1509.0,394.8,8.0
1.61,0.1547,0.4836,0.8276,0.9995,-0.4429,881.0,729.5,9.0
0.7876,0.0998,0.384,0.8066,0.9995,-0.1404,768.0,937.5,10.0
1.325,0.1543,0.4597,0.8467,0.9995,-0.378,1000.0,865.0,11.0
0.1329,0.1009,0.4307,0.991,0.9995,-0.1829,1231.0,186.5,12.0
0.5137,0.1467,0.608,0.934,0.9995,-0.4417,1039.0,572.0,13.0
0.1953,0.2042,0.4084,0.97,0.9995,-0.824,1165.0,854.0,14.0
0.2103,0.1364,0.4626,0.994,0.9995,-0.4734,878.0,595.5,15.0
3.645,0.0845,0.6084,0.68,0.9995,0.1913,1001.5,856.0,1.0
4.184,0.3838,0.3928,0.9087,0.9995,0.0703,1466.0,1040.0,2.0
1.677,0.12067,0.7363,0.915,0.9995,0.1866,1035.0,565.5,3.0
2.422,0.2585,0.4255,0.911,0.9995,-0.00821,1312.0,958.0,4.0
0.2191,0.01784,0.394,0.7554,0.999,-0.05664,94.2,1930.0,5.0
2.455,0.2468,0.3516,0.85,0.9995,-0.3152,1084.0,1154.0,6.0
1.609,0.0888,0.545,0.792,0.9995,0.07806,962.5,961.5,7.0
1.787,0.1737,0.4355,0.859,0.9995,-0.1613,1065.0,1111.0,8.0
0.2996,0.06238,0.347,0.9033,0.9995,-0.3782,1107.0,1313.0,9.0
3.607,0.2142,0.4631,0.818,0.9995,-0.1338,919.0,1069.0,10.0
0.8335,0.121,0.4392,0.859,0.9995,-0.1486,934.5,1164.0,11.0
0.6953,0.1092,0.4326,0.8667,0.9995,-0.04105,1335.0,772.5,12.0
0.4832,0.09064,0.5894,0.9,0.9995,0.04163,959.5,870.0,13.0
7.555,0.721,0.1616,0.791,0.999,-0.399,1412.0,1015.5,14.0
0.3962,0.0762,0.4858,0.844,0.9995,-0.02118,950.0,1055.0,15.0
0.6387,0.01974,0.6416,0.845,0.9995,-0.4592,948.0,896.0,1.0
2.227,0.154,0.5356,0.8486,0.9995,-0.007484,1053.0,1146.0,2.0
3.76,0.2615,0.5044,0.8604,0.9995,-0.1685,812.5,1106.0,3.0
4.457,0.2646,0.5283,0.8535,0.9995,-0.00766,905.5,1130.0,4.0
1.211,0.115,0.569,0.839,0.9995,-0.2039,901.0,1194.0,5.0
18.12,0.4768,0.5347,0.664,0.9995,0.05054,722.5,749.0,6.0
2.287,0.2219,0.66,0.9004,0.9995,-0.566,856.0,908.0,7.0
1.698,0.1335,0.602,0.8345,0.9995,-0.2876,732.0,1077.0,8.0
2.24,0.1747,0.558,0.851,0.9995,-0.2832,800.0,1156.0,9.0
1.935,0.1716,0.532,0.868,0.9995,-0.189,972.5,1114.0,10.0
0.1729,0.0729,0.624,0.9106,0.9995,0.03214,857.5,947.5,11.0
1.58,0.1316,0.584,0.8364,0.9995,-0.2756,823.5,1133.0,12.0
1.009,0.125,0.5464,0.863,0.9995,-0.2524,879.5,1176.0,13.0
0.3506,0.03613,0.581,0.8594,0.9995,-0.3262,1157.0,1346.0,14.0
1.092,0.1545,0.595,0.8936,0.9995,-0.4238,867.0,1127.0,15.0
3.83,0.2031,0.4612,0.815,0.9995,0.02629,927.0,1056.0,1.0
2.947,0.0858,0.7773,0.6885,0.9995,-0.1191,766.5,768.5,2.0
18.52,0.7305,0.8525,0.8555,1.0,-0.5283,1105.0,1016.5,3.0
2.643,0.2058,0.554,0.887,0.9995,-0.0105,1175.0,1064.0,4.0
0.4238,0.0754,0.556,0.979,0.9995,-0.49,1454.0,1526.0,5.0
0.954,0.1138,0.322,0.89,0.9995,0.1376,641.5,1153.0,6.0
3.271,0.1184,0.712,0.737,0.9995,-0.2391,1126.0,856.0,7.0
6.05,0.4612,0.5444,0.9033,1.0,-0.187,1267.0,557.0,8.0
2.283,0.1193,0.6343,0.775,0.9995,-0.2947,991.0,963.5,9.0
1.898,0.1519,0.5215,0.8438,0.9995,-0.1735,1141.0,1062.0,10.0
3.611,0.289,0.5093,0.8804,0.9995,-0.256,1189.0,784.0,11.0
2.459,0.2112,0.527,0.866,0.9995,-0.3481,1239.0,900.0,12.0
8.234,0.4287,0.731,0.8716,0.9995,-0.419,1151.0,1068.0,13.0
29.38,0.772,0.8374,0.7407,0.9995,-0.4893,795.5,713.5,14.0
0.5786,0.0322,0.4868,0.856,0.9995,-0.4924,1192.0,1100.0,15.0
0.3745,0.02657,0.2382,0.8994,0.9995,-0.0671,728.0,1234.0,1.0
2.71,0.1757,0.509,0.8467,0.9995,0.013596,955.0,881.0,2.0
2.11,0.1885,0.3276,0.911,0.9995,0.2008,1264.0,968.5,3.0
5.312,0.3064,0.445,0.8335,0.9995,0.003462,773.0,1122.0,4.0
2.607,0.1781,0.5483,0.8467,0.9995,-0.1385,919.0,794.0,5.0
1.53,0.1278,0.516,0.8423,0.9995,-0.07404,961.0,834.0,6.0
1.298,0.1267,0.4802,0.8555,0.9995,-0.03525,982.5,863.5,7.0
3.031,0.2216,0.4265,0.8564,0.9995,-0.002346,806.5,1004.0,8.0
1.792,0.1656,0.472,0.876,0.9995,-0.01296,874.0,860.5,9.0
1.367,0.0661,0.501,0.804,0.9995,0.2003,784.0,1064.0,10.0
2.172,0.1903,0.4744,0.8623,0.9995,-0.1833,1038.0,767.5,11.0
1.3125,0.1387,0.4624,0.862,0.9995,-0.0851,916.5,833.5,12.0
0.2402,0.0411,0.526,0.8384,1.0,-0.3364,397.0,715.0,13.0
2.504,0.2168,0.4724,0.8745,0.9995,-0.1335,787.0,771.0,14.0
0.693,0.0181,0.3584,0.861,1.0,-0.3657,426.0,802.5,15.0
74.1,0.909,0.2954,0.3755,0.9995,-0.34,1890.0,1867.0,1.0
2.838,0.2452,0.4846,0.883,0.9995,-0.1588,699.5,753.0,2.0
2.316,0.208,0.2927,0.8154,0.9995,-0.2037,845.0,970.5,3.0
2.885,0.186,0.517,0.8403,0.9995,-0.07886,1119.0,544.0,4.0
1.7705,0.1866,0.376,0.8394,0.9995,-0.318,855.0,919.5,5.0
0.2166,0.1318,0.3418,0.8936,0.9995,-0.3022,1023.5,836.5,6.0
5.09,0.2496,0.3528,0.8037,0.9995,0.1516,778.0,1162.0,7.0
16.4,0.542,0.3503,0.64,0.9995,-0.2754,1420.0,1353.0,8.0
2.258,0.1844,0.3691,0.837,0.9995,-0.0692,762.5,1111.0,9.0
0.358,0.0676,0.2184,0.866,0.9995,-0.5117,1506.0,946.5,10.0
0.771,0.1428,0.3433,0.852,0.9995,-0.2715,883.5,1014.0,11.0
2.43,0.729,0.1484,0.9146,0.9995,-0.7427,116.06,1400.0,12.0
1.001,0.5713,0.1327,0.921,1.0,-0.6533,1820.0,1375.0,13.0
0.5435,0.1322,0.385,0.864,0.9995,-0.3286,888.5,988.5,14.0
0.1754,0.1317,0.3037,0.922,0.9995,-0.6553,1061.0,1206.0,15.0
2.314,0.1412,0.9844,0.905,0.999,-0.002184,1445.0,107.56,1.0
3.367,0.5244,0.24,0.9233,0.9995,-0.0849,664.5,1215.0,2.0
0.6045,0.1426,0.1631,0.798,0.9995,-0.2147,1773.0,162.5,3.0
0.6406,0.05048,0.4927,0.9517,1.0,-0.5493,1218.0,552.5,4.0
1.225,0.11017,0.2122,0.778,0.9995,0.01973,956.0,862.0,5.0
0.4878,0.1276,0.3857,0.905,0.9995,-0.04825,1003.0,632.0,6.0
1.941,0.313,0.4236,0.8965,0.999,-0.906,532.5,774.5,7.0
0.6333,0.1636,0.401,0.9272,0.9995,-0.1035,989.0,1234.0,8.0
1.477,0.2822,0.3936,0.9146,0.9995,-0.559,1000.5,754.0,9.0
5.066,0.3845,0.899,0.9795,1.0,-0.09454,1479.0,212.5,10.0
1.104,0.1991,0.2092,0.8306,0.9995,-0.3098,916.5,545.0,11.0
0.1342,0.1072,0.2478,0.8467,0.9995,-0.1925,1039.0,820.0,12.0
0.7676,0.2073,0.342,0.904,0.9995,-0.4065,1055.0,795.0,13.0
0.257,0.04535,0.282,0.88,0.9995,-0.2157,1232.0,638.5,14.0
0.8184,0.2207,0.3528,0.895,0.999,-0.5986,776.0,833.0,15.0
2.084,0.1908,0.2147,0.799,0.9995,-0.1041,1352.0,728.0,1.0
3.322,0.25,0.348,0.8164,0.9995,-0.2603,997.0,1077.0,2.0
0.8086,0.1364,0.7646,0.8867,1.0,-0.933,327.2,352.2,3.0
3.824,0.165,0.548,0.732,0.9995,-0.5166,751.5,766.0,4.0
0.3542,0.04117,0.3591,0.718,0.9995,-0.75,346.5,184.5,5.0
2.553,0.1192,0.309,0.721,0.9995,0.00936,478.0,629.0,6.0
1.655,0.1428,0.3247,0.775,0.9995,-0.2795,682.0,758.0,7.0
3.469,0.2334,0.415,0.8145,0.9995,-0.279,697.5,1202.0,8.0
2.084,0.188,0.299,0.791,0.9995,-0.3428,987.5,1015.0,9.0
1.254,0.1582,0.2747,0.796,0.9995,-0.3525,1052.0,811.0,10.0
0.1786,0.05432,0.2184,0.7407,0.9995,-0.579,883.0,914.0,11.0
8.61,0.1211,0.647,0.709,1.0,0.7876,655.5,1917.0,12.0
0.36,0.0771,0.4412,0.863,1.0,-0.8867,114.5,368.0,13.0
2.127,0.2014,0.3691,0.8145,0.9995,-0.481,637.5,1017.5,14.0
0.5254,0.05695,0.4067,0.862,1.0,-0.76,894.0,540.0,15.0
3.441,0.1903,0.4207,0.7783,0.9995,-0.2252,767.0,870.0,1.0
4.63,0.9673,0.2158,0.974,0.9995,-0.478,1858.0,756.0,2.0
3.906,0.583,0.2651,0.904,0.9995,-0.4392,1339.0,827.5,3.0
0.003784,0.0521,0.2913,0.8447,0.9995,-0.1238,721.5,646.0,4.0
3.59,0.3147,0.477,0.882,0.9995,-0.3567,968.0,866.0,5.0
3.207,0.3894,0.307,0.8784,0.9995,-0.38,1104.0,856.5,6.0
0.08575,0.1632,0.2986,0.9854,1.0,-0.0416,1601.0,285.2,7.0
0.4177,0.04407,0.2957,0.8647,0.9995,-0.3833,659.5,747.0,8.0
1.303,0.1661,0.478,0.899,0.9995,-0.09576,993.5,890.5,9.0
0.7964,0.2101,0.3948,0.904,0.9995,-0.5845,831.0,772.0,10.0
2.652,0.2559,0.4097,0.871,0.9995,-0.2573,984.0,715.0,11.0
3.457,0.4956,0.2441,0.88,0.9995,-0.4282,607.5,1368.0,12.0
8.13,0.7124,0.2761,0.8135,0.9995,-0.787,829.0,540.5,13.0
0.08093,0.1877,0.2205,0.982,0.9995,-0.3691,976.0,831.0,14.0
-0.0364,0.09326,0.1442,0.8696,0.9995,-0.2236,841.5,754.0,15.0
4.61,0.261,0.415,0.7715,0.9995,-0.513,898.0,890.0,1.0
0.1655,0.04907,0.3853,0.7974,0.9995,-0.452,1650.0,944.0,2.0
2.47,0.1927,0.5034,0.8696,0.9995,-0.04416,1078.0,826.0,3.0
3.22,0.1938,0.4543,0.8037,0.9995,-0.2112,1013.0,772.0,4.0
27.17,0.588,0.869,0.682,0.999,-0.82,1532.0,201.1,5.0
0.4568,0.04144,0.7617,0.9585,1.0,-0.3386,1499.0,522.5,6.0
5.69,0.1942,0.5967,0.736,0.9995,-0.2024,1108.0,604.5,7.0
0.6484,0.03644,0.4888,0.8,0.9995,-0.959,1885.0,122.94,8.0
2.348,0.2141,0.594,0.863,0.9995,-0.7446,1278.0,539.5,9.0
0.2435,0.0802,0.6104,0.8003,0.9995,-0.906,1764.0,507.8,10.0
28.7,0.6133,0.1159,0.4705,0.9995,-0.757,641.5,356.0,11.0
1.74,0.01628,0.1577,0.557,0.9995,0.3008,533.5,643.0,12.0
1.734,0.1415,0.4946,0.8037,0.9995,-0.4263,1248.0,669.5,13.0
0.502,0.06287,0.3186,0.6836,0.9995,-0.1812,980.0,679.5,14.0
1.213,0.1559,0.506,0.839,0.9995,-0.6885,1418.0,597.0,15.0
4.617,0.2466,0.3767,0.7534,0.9995,-0.4077,893.0,658.5,1.0
0.851,0.10376,0.566,0.922,0.9995,0.1442,728.5,589.5,2.0
3.404,0.1996,0.51,0.8315,0.9995,-0.04712,927.5,1001.0,3.0
3.79,0.3247,0.402,0.872,0.9995,-0.1797,506.5,877.5,4.0
2.672,0.1946,0.421,0.821,0.9995,-0.2307,880.0,781.0,5.0
7.867,0.5073,0.408,0.842,0.9995,-0.0695,759.5,1306.0,6.0
0.3494,0.03348,0.571,0.89,0.999,-0.2035,959.0,673.0,7.0
2.523,0.1672,0.4685,0.826,0.9995,-0.07776,818.5,846.5,8.0
1.203,0.08997,0.528,0.843,0.999,0.11896,1061.0,1207.0,9.0
5.152,0.3142,0.4497,0.8315,0.9995,-0.1604,881.0,1074.0,10.0
2.76,0.1794,0.4429,0.7783,0.9995,-0.4817,1230.0,944.0,11.0
0.258,0.05222,0.665,0.931,0.9995,-0.2306,945.5,663.0,12.0
0.4775,0.0394,0.5737,0.855,0.9995,-0.577,1288.0,854.0,13.0
0.3347,0.1223,0.5107,0.998,0.9995,-0.6577,832.5,306.8,14.0
26.23,0.7544,0.2742,0.6313,0.999,0.78,896.0,568.0,15.0
4.234,0.2491,0.5044,0.8286,0.9995,-0.1952,912.0,860.5,1.0
3.855,0.2559,0.3823,0.8,0.9995,-0.359,921.5,987.5,2.0
11.39,0.746,0.7646,0.9653,0.999,0.195,1535.0,327.8,3.0
38.97,0.674,0.9175,0.6484,1.0,0.4814,1202.0,160.6,4.0
3.562,0.275,0.3638,0.8306,0.9995,-0.2568,1014.0,952.0,5.0
-0.00797,0.0863,0.2769,0.8833,0.9995,-0.05896,579.0,794.0,6.0
6.797,0.5586,0.2299,0.8364,0.9995,0.02795,1224.0,1246.0,7.0
0.5483,0.3735,0.148,0.932,0.9995,-0.328,1168.0,1549.0,8.0
0.4617,0.0521,0.3293,0.9614,0.9995,-0.2384,687.5,963.0,9.0
28.34,0.607,0.1255,0.5454,1.0,0.887,661.0,42.6,10.0
2.115,0.2424,0.4004,0.883,0.9995,-0.2722,945.0,893.5,11.0
3.682,0.354,0.2844,0.8574,0.9995,-0.1464,952.0,1087.0,12.0
9.47,0.5146,0.4478,0.9473,1.0,0.882,733.0,1789.0,13.0
1.56,0.2196,0.432,0.91,0.9995,-0.1991,767.0,942.5,14.0
0.0459,0.2532,0.1217,0.903,0.9995,-0.3745,704.5,837.5,15.0
28.69,0.8154,0.581,0.68,0.9995,-0.3403,1393.0,544.0,1.0
7.707,0.516,0.5503,0.891,0.9995,-0.06082,1100.0,748.5,2.0
4.836,0.3826,0.4856,0.8765,0.9995,-0.4,1002.5,932.5,3.0
2.658,0.3108,0.459,0.9106,0.9995,-0.361,1044.0,877.0,4.0
2.8,0.2732,0.5,0.907,0.9995,-0.1581,1515.0,1133.0,5.0
3.22,0.2932,0.3713,0.8564,0.9995,-0.302,786.0,1041.0,6.0
0.0466,0.1357,0.2712,0.895,0.999,-0.6113,1619.0,246.0,7.0
1.641,0.1106,0.3684,0.7783,0.9995,-0.00882,1535.0,525.0,8.0
1.841,0.239,0.4204,0.8926,0.9995,-0.354,1040.0,869.0,9.0
0.4756,0.05365,0.2264,0.896,0.9995,-0.3975,832.0,114.9,10.0
1.441,0.2324,0.4243,0.9155,0.9995,-0.2915,1088.0,747.5,11.0
10.164,0.5176,0.4805,0.8027,0.9995,-0.3225,1219.0,600.0,12.0
3.738,0.332,0.4685,0.898,0.9995,-0.1467,1138.0,668.0,13.0
2.66,0.11383,0.634,0.7695,0.9995,-0.032,648.5,1251.0,14.0
0.61,0.08044,0.415,0.97,0.9995,-0.6543,1369.0,688.5,15.0
2.793,0.1655,0.3918,0.8203,0.9995,0.0802,1224.0,1458.0,1.0
5.062,0.4197,0.2573,0.7715,0.9995,-0.756,341.5,1491.0,2.0
2.678,0.2258,0.4314,0.884,0.9995,0.03238,948.5,1399.0,3.0
3.355,0.2917,0.3262,0.816,0.9995,-0.4907,538.5,1423.0,4.0
2.93,0.1892,0.3828,0.7983,0.9995,-0.1643,901.0,1250.0,5.0
0.00922,0.184,0.1521,0.942,0.9995,-0.3416,316.5,1738.0,6.0
2.078,0.2184,0.3494,0.838,0.9995,-0.3801,632.5,1452.0,7.0
2.482,0.1749,0.3555,0.7812,0.9995,-0.2783,876.5,1365.0,8.0
0.3489,0.0624,0.29,0.823,1.0,-0.6885,414.5,1577.0,9.0
1.556,0.2422,0.303,0.868,0.9995,-0.3994,835.0,1266.0,10.0
7.074,0.3936,0.479,0.8467,0.9995,0.0902,1077.0,1451.0,11.0
3.748,0.327,0.1115,0.698,0.999,-0.5376,1510.0,1650.0,12.0
0.06903,0.1107,0.254,0.9033,0.9995,-0.4429,396.0,1565.0,13.0
3.084,0.11304,0.616,0.765,0.9995,0.09796,666.5,1037.0,14.0
1.898,0.2253,0.2158,0.783,0.9995,-0.4731,1058.0,1560.0,15.0
0.7993,0.1026,0.4844,0.8076,0.9995,-0.3562,979.5,942.0,1.0
0.3213,0.0677,0.41,0.82,0.9995,-0.8657,369.8,283.8,2.0
0.1145,0.0794,0.4194,0.817,0.9995,-0.4673,957.5,888.0,3.0
0.6523,0.0462,0.4219,0.887,0.9995,-0.74,1015.5,802.0,4.0
0.3723,0.08875,0.384,0.811,0.9995,-0.2432,687.0,937.5,5.0
0.2922,0.0958,0.2517,0.7397,0.999,-0.448,557.5,779.0,6.0
2.602,0.2852,0.2922,0.8394,0.9995,-0.4097,738.0,1146.0,7.0
0.2786,0.11096,0.2756,0.797,0.9995,-0.435,770.0,741.5,8.0
0.732,0.02611,0.1953,0.898,0.9995,-0.521,949.5,439.0,9.0
0.1475,0.0731,0.4836,0.896,0.9995,-0.3896,1104.0,599.0,10.0
0.1846,0.07996,0.454,0.8677,0.9995,-0.6562,447.2,896.0,11.0
0.09863,0.0773,0.3691,0.8174,0.9995,-0.6606,590.0,578.5,12.0
0.4246,0.0534,0.2632,0.855,0.9995,-0.508,921.0,666.5,13.0
1.281,0.1846,0.3188,0.8325,0.9995,-0.4475,776.5,995.5,14.0
0.142,0.06323,0.3008,0.827,0.9995,-0.4792,888.0,770.5,15.0
1.841,0.1611,0.458,0.8345,0.9995,-0.2583,975.0,927.0,1.0
0.2227,0.0518,0.5713,0.858,0.9995,-0.4243,878.0,1067.0,2.0
1.264,0.1741,0.3584,0.84,0.9995,-0.4182,809.5,1317.0,3.0
0.6143,0.03262,0.4812,0.807,0.9995,-0.7393,970.5,689.0,4.0
0.7515,0.08276,0.3816,0.7593,0.9995,-0.1583,854.0,901.5,5.0
0.3438,0.07196,0.4883,0.779,0.9995,-0.3452,868.5,1190.0,6.0
5.152,0.3982,0.3882,0.83,0.9995,-0.598,920.5,671.5,7.0
0.2712,0.0397,0.6143,0.8535,0.9995,-0.3225,1281.0,716.0,8.0
0.298,0.081,0.5474,0.9136,0.9995,-0.6973,1454.0,476.5,9.0
0.6177,0.12006,0.4546,0.847,0.9995,-0.4116,956.0,986.0,10.0
0.4849,0.0968,0.5825,0.904,0.9995,-0.00481,1362.0,608.5,11.0
0.4495,0.11597,0.3938,0.846,0.9995,-0.359,1179.0,709.5,12.0
0.3425,0.09766,0.453,0.848,0.9995,-0.3215,1038.0,862.5,13.0
0.1497,0.05368,0.546,0.85,0.9995,-0.354,1165.0,1004.5,14.0
0.5957,0.01897,0.5776,0.8335,0.9995,-0.3232,1503.0,239.0,15.0
1.034,0.1124,0.4634,0.809,0.9995,-0.3008,615.5,1135.0,1.0
1.563,0.1628,0.5293,0.862,1.0,-0.3662,953.0,1174.0,2.0
4.21,0.279,0.518,0.84,0.9995,-0.4392,1117.0,1067.0,3.0
0.0999,0.1177,0.379,0.8853,1.0,-0.654,1142.0,1353.0,4.0
0.822,0.1271,0.3843,0.828,0.9995,-0.3308,851.0,1137.0,5.0
1.462,0.1975,0.2686,0.817,0.9995,-0.4172,1067.0,1025.0,6.0
2.924,0.9673,0.1315,0.9717,0.9995,-0.56,945.0,1216.0,7.0
0.675,0.01552,0.409,0.847,1.0,-0.3057,1016.5,1134.0,8.0
0.732,0.01128,0.1451,0.7754,0.9995,-0.4946,1643.0,1244.0,9.0
2.244,0.2047,0.4497,0.8413,0.9995,-0.4429,1022.0,1047.0,10.0
0.5986,0.03586,0.2363,0.8076,1.0,-0.55,1269.0,1375.0,11.0
0.1682,0.0527,0.376,0.834,0.9995,-0.3914,990.5,1055.0,12.0
10.766,0.149,0.848,0.7427,0.999,0.9844,1344.0,1810.0,13.0
1.8,0.2053,0.4297,0.859,0.9995,-0.4602,959.5,1058.0,14.0
0.225,0.04688,0.4626,0.833,0.9995,-0.409,1324.0,1198.0,15.0
0.732,0.0719,0.10156,0.881,0.9995,-0.95,1324.0,703.5,1.0
1.097,0.1823,0.3643,0.8906,0.9995,-0.1877,1185.0,848.5,2.0
0.1931,0.10864,0.2854,0.8647,0.9995,-0.1478,846.0,971.0,3.0
0.192,0.136,0.3052,0.881,0.9995,-0.3567,1121.0,710.0,4.0
0.3447,0.0957,0.1829,0.864,0.9995,-0.69,1174.0,804.5,5.0
1.334,0.2256,0.2725,0.8643,0.9995,-0.3325,1013.0,818.0,6.0
0.43,0.1715,0.2722,0.8687,0.9995,-0.439,1032.0,785.0,7.0
3.12,0.2069,0.4048,0.8003,0.9995,-0.2927,993.0,724.5,8.0
0.4094,0.083,0.1996,0.873,0.9995,-0.6416,1224.0,635.5,9.0
0.3013,0.1148,0.2795,0.908,0.9995,-0.7324,1350.0,464.8,10.0
0.1067,0.08527,0.2405,0.874,0.9995,-0.4246,923.5,464.8,11.0
2.162,0.1824,0.664,0.8794,0.9995,-0.3906,1264.0,468.8,12.0
0.744,0.1456,0.4626,0.8726,0.9995,-0.4539,1120.0,608.0,13.0
0.10834,0.09973,0.2379,0.87,0.9995,-0.559,1093.0,696.5,14.0
0.05685,0.1392,0.2605,0.866,0.9995,-0.517,1059.0,793.0,15.0
14.984,0.6636,0.7446,0.8574,1.0,-0.1753,198.6,1703.0,1.0
0.456,0.03384,0.628,0.98,0.9995,-0.1195,566.5,757.0,2.0
0.732,0.0184,0.4275,0.9956,0.9995,-0.3306,307.5,797.5,3.0
1.262,0.2081,0.4214,0.9043,0.9995,-0.3186,1023.5,707.0,4.0
3.734,0.1512,0.5513,0.828,0.9995,0.2573,714.0,1421.0,5.0
23.8,0.3997,0.3628,0.5337,0.999,0.2104,812.5,1707.0,6.0
1.912,0.3926,0.406,0.961,0.9995,-0.4412,880.0,1119.0,7.0
1.96,0.2361,0.2417,0.7544,0.999,-0.8774,509.8,1535.0,8.0
0.46,0.1472,0.4749,0.9194,0.9995,-0.3254,852.5,708.5,9.0
0.3416,0.0788,0.5005,0.965,0.9995,-0.4065,465.8,586.5,10.0
0.4219,0.06174,0.4482,0.9697,0.9995,-0.3052,536.0,823.5,11.0
0.9756,0.1863,0.3574,0.8545,0.9995,-0.593,576.5,1176.0,12.0
6.8,0.2546,0.4084,0.7314,0.9995,-0.00633,776.5,1334.0,13.0
2.193,0.1637,0.476,0.838,0.9995,-0.115,743.5,1035.0,14.0
0.507,0.1152,0.4946,0.8857,0.9995,-0.2227,672.0,865.5,15.0
0.5522,0.08246,0.2358,0.947,1.0,-0.4775,1476.0,924.0,1.0
0.992,0.2031,0.3337,0.8896,0.9995,-0.337,1119.0,937.0,2.0
0.2256,0.1447,0.2883,0.8906,0.9995,-0.2874,1136.0,945.0,3.0
2.354,0.0845,0.713,0.856,0.9995,0.3267,482.0,1582.0,4.0
0.2078,0.08594,0.269,0.908,0.9995,-0.4187,1324.0,912.5,5.0
1.129,0.126,0.506,0.875,0.9995,-0.02121,829.5,1233.0,6.0
0.4065,0.147,0.3708,0.885,0.9995,-0.4058,1080.0,650.5,7.0
0.1443,0.1266,0.327,0.9155,0.9995,-0.1584,975.5,968.5,8.0
0.2974,0.0612,0.4937,0.7144,0.999,-0.4849,214.4,1660.0,9.0
0.1339,0.07306,0.4297,0.878,0.9995,-0.4355,1235.0,864.5,10.0
1.402,0.2135,0.34,0.884,0.9995,-0.2537,795.5,819.5,11.0
0.1066,0.0595,0.1914,0.9004,0.9995,-0.108,1361.0,1190.0,12.0
0.2524,0.05762,0.2439,0.9126,0.9995,-0.2057,1108.0,951.0,13.0
0.4185,0.1515,0.299,0.887,0.9995,-0.2365,1020.5,888.5,14.0
3.11,0.2456,0.2864,0.8223,0.9995,-0.08923,906.5,966.5,15.0
1.686,0.1919,0.4194,0.8574,0.9995,-0.3767,957.5,934.5,1.0
1.0,0.2415,0.2715,0.901,0.9995,-0.296,1056.0,629.5,2.0
0.5337,0.0246,0.4812,0.962,0.999,-0.10126,1073.0,951.5,3.0
0.111,0.08575,0.5093,0.9297,0.9995,-0.06244,1350.0,515.0,4.0
0.909,0.1582,0.473,0.8945,0.9995,-0.3003,1068.0,886.0,5.0
0.4685,0.0515,0.3662,0.966,0.9995,-0.2449,1171.0,937.5,6.0
0.176,0.1077,0.501,0.9243,0.999,-0.2578,892.0,717.5,7.0
0.594,0.0592,0.4214,0.99,0.9995,-0.3806,819.5,625.0,8.0
0.3071,0.08374,0.4155,0.9575,0.9995,-0.3843,871.0,733.0,9.0
0.681,0.2208,0.4524,0.942,0.9995,-0.528,1008.0,650.5,10.0
0.3394,0.1729,0.3572,0.927,0.9995,-0.3164,1073.0,729.0,11.0
0.1641,0.1744,0.4058,0.9624,1.0,-0.634,996.0,673.0,12.0
0.2727,0.1161,0.4463,0.9033,0.9995,-0.2423,1168.0,787.5,13.0
0.2466,0.0923,0.4678,0.955,0.9995,-0.4177,790.5,736.0,14.0
0.2328,0.0859,0.3784,0.946,0.9995,-0.339,1074.0,895.5,15.0
1.342,0.159,0.4004,0.8545,0.9995,-0.2129,874.5,957.0,1.0
0.1276,0.1198,0.2732,0.9,0.9995,-0.619,1195.0,739.0,2.0
4.387,0.309,0.4094,0.913,0.9995,0.299,740.5,1484.0,3.0
0.327,0.1136,0.3022,0.8027,0.9995,-0.4707,807.0,1022.5,4.0
2.178,0.2021,0.395,0.8857,0.9995,0.05066,878.0,1232.0,5.0
0.7827,0.1359,0.4211,0.8945,0.9995,-0.0582,890.5,1164.0,6.0
0.732,0.01372,0.1843,0.906,0.9995,-0.1959,853.5,809.5,7.0
0.1953,0.08997,0.6274,0.9316,0.9995,-0.1687,1043.0,949.5,8.0
0.539,0.1438,0.2776,0.837,0.9995,-0.3608,907.5,1248.0,9.0
0.732,0.015366,0.1931,0.8794,0.9995,-0.2532,1057.0,503.0,10.0
0.1824,0.05667,0.4126,0.8726,0.9995,-0.339,1033.0,978.5,11.0
0.3037,0.04236,0.281,0.905,0.9995,-0.1626,783.5,880.0,12.0
0.5225,0.0178,0.3076,0.912,0.9995,-0.08624,964.5,711.0,13.0
0.1388,0.07574,0.3813,0.9272,0.9995,-0.2466,593.5,986.0,14.0
0.1932,0.0924,0.4424,0.874,0.9995,-0.2301,877.5,976.0,15.0
0.4133,0.06052,0.1185,0.8423,0.9995,-0.3894,901.5,740.0,1.0
0.58,0.1015,0.2998,0.704,0.9995,-0.6577,1303.0,472.5,2.0
0.6523,0.09106,0.3125,0.952,0.9995,-0.7495,1473.0,378.5,3.0
3.832,0.2976,0.404,0.8496,0.9995,-0.2386,1166.0,660.0,4.0
0.2664,0.08966,0.2998,0.9126,0.9995,-0.51,1263.0,574.0,5.0
0.59,0.05478,0.204,0.8926,0.9995,-0.506,1140.0,472.2,6.0
0.3,0.11395,0.5366,0.879,0.9995,-0.6167,722.0,514.5,7.0
1.548,0.1925,0.343,0.8555,0.9995,-0.261,1116.0,680.5,8.0
0.54,0.1459,0.3394,0.866,0.9995,-0.3442,1054.0,738.0,9.0
1.442,0.1683,0.3906,0.8486,0.9995,-0.2754,989.0,806.0,10.0
0.473,0.0569,0.2568,0.9155,0.9995,-0.3787,1122.0,903.5,11.0
0.10785,0.0891,0.4163,0.8867,0.9995,-0.1873,1033.0,820.5,12.0
0.1135,0.1033,0.2844,0.7905,0.9995,-0.5664,1219.0,533.0,13.0
0.1181,0.1174,0.3154,0.8755,0.9995,-0.3271,1023.5,719.0,14.0
0.06476,0.0677,0.4685,0.929,0.9995,-0.0715,1333.0,685.5,15.0
0.7773,0.1339,0.456,0.8535,0.9995,-0.4272,894.0,1042.0,1.0
0.5493,0.04263,0.4934,0.995,0.9995,-0.2157,724.0,955.0,2.0
0.2255,0.04843,0.2517,0.987,1.0,0.1669,1294.0,1492.0,3.0
0.3206,0.1294,0.3245,0.835,0.9995,-0.5264,807.0,823.5,4.0
1.076,0.1674,0.3596,0.846,0.9995,-0.416,1092.0,786.0,5.0
0.2119,0.1785,0.4602,0.9976,0.9995,-0.6807,433.0,29.23,6.0
5.062,0.3682,0.3472,0.8193,0.9995,-0.3464,952.5,1142.0,7.0
0.4607,0.05493,0.3025,0.936,0.9995,-0.3103,735.5,1105.0,8.0
0.3667,0.1578,0.1708,0.8247,0.9995,-0.3196,1095.0,970.0,9.0
0.2052,0.062,0.6123,0.861,0.9995,-0.5493,1180.0,614.5,10.0
2.184,0.3425,0.2372,0.8643,0.9995,-0.4426,836.0,1313.0,11.0
0.3,0.0877,0.3723,0.8706,0.9995,-0.8184,997.0,1207.0,12.0
0.1251,0.06586,0.2856,0.895,0.9995,-0.2378,823.5,1119.0,13.0
0.03354,0.0687,0.3506,0.8027,0.9995,-0.438,1037.0,1073.0,14.0
0.1421,0.08923,0.3608,0.884,0.9995,-0.5522,1001.5,1127.0,15.0
0.2169,0.1103,0.4182,0.9487,0.9995,-0.5005,888.0,960.0,1.0
10000.0,0.01932,0.4045,0.11426,0.9995,0.792,210.4,1885.0,2.0
0.8,0.1412,0.6777,0.912,0.9995,-0.479,623.0,973.5,3.0
1.117,0.1407,0.496,0.8613,0.9995,-0.2976,977.0,1043.0,4.0
1.998,0.2024,0.4524,0.8706,0.9995,-0.2605,930.0,930.0,5.0
0.655,0.1523,0.396,0.875,0.9995,-0.4055,934.5,892.0,6.0
2.887,0.1329,0.4465,0.7026,0.9995,-0.4038,1356.0,715.5,7.0
0.732,0.1532,0.1644,0.9463,0.9995,-0.9424,652.5,840.5,8.0
1.428,0.1493,0.3738,0.7983,0.9995,-0.432,1128.0,722.5,9.0
0.0937,0.1516,0.2333,0.912,0.9995,-0.6333,812.0,799.5,10.0
0.4417,0.1417,0.5186,0.913,0.9995,-0.4521,790.5,868.0,11.0
0.6494,0.1569,0.3718,0.8677,0.9995,-0.4507,919.0,804.0,12.0
14.31,0.4426,0.2041,0.5786,0.9995,-0.2979,149.5,1931.0,13.0
0.353,0.155,0.255,0.8545,0.9995,-0.4036,1291.0,591.5,14.0
0.136,0.1132,0.4346,0.9336,0.9995,-0.169,885.0,1007.0,15.0
0.11786,0.06433,0.5054,0.8354,0.9995,-0.4358,515.5,972.0,1.0
1.201,0.1609,0.4346,0.8613,0.9995,-0.343,857.5,806.0,2.0
0.732,0.01117,0.707,0.824,0.9995,-0.5854,638.0,886.0,3.0
10000.0,0.7104,0.3555,0.1794,1.0,-0.559,1878.0,796.5,4.0
1.988,0.11536,0.4524,0.734,0.9995,-0.3237,962.0,1222.0,5.0
0.813,0.1533,0.462,0.8687,0.9995,-0.5312,762.0,839.5,6.0
6.625,0.04187,0.7515,0.5337,0.9995,0.5513,985.5,1628.0,7.0
1.121,0.1127,0.536,0.809,0.9995,-0.4006,856.5,1043.0,8.0
0.53,0.2268,0.187,0.8926,0.9995,-0.2725,708.5,726.5,9.0
0.8843,0.1114,0.4211,0.784,0.9995,-0.4646,694.0,1149.0,10.0
67.6,0.4187,0.525,0.3665,0.9995,-0.1853,1349.0,1294.0,11.0
5.53,0.3816,0.353,0.8184,0.9995,-0.2837,634.5,1023.5,12.0
2.19,0.07104,0.6064,0.6904,0.9995,0.06122,846.0,1279.0,13.0
0.3147,0.1389,0.3145,0.883,1.0,-0.2778,718.0,500.8,14.0
1.468,0.10443,0.4736,0.7793,0.9995,-0.1506,723.5,969.5,15.0
4.98,0.22,0.5293,0.853,0.9995,0.3152,1347.0,746.5,1.0
0.732,0.06525,0.2139,0.941,0.9995,-0.9746,1477.0,479.8,2.0
-0.02989,0.07947,0.3235,0.906,0.9995,0.00402,878.0,786.5,3.0
1.823,0.1694,0.459,0.8716,0.9995,-0.0433,1194.0,752.5,4.0
0.732,0.02176,0.4656,0.8604,0.9995,-0.61,1459.0,597.5,5.0
0.00955,0.2382,0.1924,0.995,0.9995,-0.2627,483.8,1087.0,6.0
0.58,0.2291,0.3953,0.958,0.9995,-0.3457,1275.0,1054.0,7.0
0.6055,0.0649,0.3572,0.923,0.9995,-0.626,941.0,1332.0,8.0
0.09564,0.08295,0.2471,0.806,0.9995,-0.68,1009.0,992.5,9.0
0.2079,0.1173,0.3843,0.955,0.9995,-0.488,1141.0,768.5,10.0
0.1726,0.0979,0.3843,0.9233,0.9995,-0.477,973.5,1075.0,11.0
0.4395,0.0964,0.318,0.9375,0.9995,-0.6016,1220.0,656.0,12.0
0.3567,0.1067,0.6206,0.9272,0.9995,-0.1627,1304.0,657.5,13.0
0.2013,0.1195,0.4702,0.924,0.9995,-0.2856,1106.0,808.0,14.0
87.94,0.737,0.9526,0.4263,1.0,0.8193,808.5,863.0,15.0
0.4543,0.1554,0.412,0.8853,0.9995,-0.57,1092.0,710.0,1.0
2.107,0.2537,0.611,0.942,0.9995,-0.2411,1198.0,508.0,2.0
1.148,0.1611,0.3938,0.8374,0.9995,-0.4734,1150.0,803.5,3.0
0.82,0.16,0.4275,0.8457,0.9995,-0.7285,556.0,1219.0,4.0
0.01084,0.1587,0.1565,0.9956,0.9995,-0.1443,1062.0,155.4,5.0
0.5107,0.06854,0.3206,0.979,1.0,-0.3464,515.5,576.5,6.0
0.3245,0.139,0.351,0.893,0.9995,-0.2913,905.5,807.5,7.0
0.352,0.1445,0.3499,0.879,0.9995,-0.4177,1011.5,758.0,8.0
0.843,0.1995,0.4348,0.925,0.9995,-0.3496,937.0,638.0,9.0
0.185,0.1068,0.3008,0.953,0.9995,-0.3472,706.5,612.5,10.0
0.0944,0.09424,0.285,0.941,0.9995,-0.2153,477.0,1119.0,11.0
0.1451,0.1538,0.324,0.917,0.9995,-0.3762,926.0,684.5,12.0
0.297,0.1759,0.3376,0.916,0.9995,-0.4226,898.0,638.0,13.0
0.1497,0.02087,0.418,0.8843,0.9995,0.1473,1383.0,755.5,14.0
0.1577,0.1471,0.3535,0.914,0.9995,-0.4167,986.5,653.0,15.0
1.731,0.226,0.486,0.8877,0.9995,-0.581,1372.0,546.5,1.0
0.604,0.1528,0.4333,0.8877,0.9995,-0.4421,1234.0,847.0,2.0
1.068,0.11914,0.4353,0.8467,0.9995,-0.0645,1173.0,1227.0,3.0
0.3372,0.0584,0.478,0.936,1.0,-0.3105,1438.0,1184.0,4.0
0.1451,0.04465,0.686,0.6323,0.999,-0.997,585.5,1049.0,5.0
0.4836,0.11005,0.422,0.8423,0.9995,-0.342,1071.0,984.5,6.0
7.254,0.2961,0.4773,0.7593,0.9995,-0.147,852.0,884.0,7.0
2.451,0.197,0.4346,0.8315,0.9995,-0.3018,932.5,1064.0,8.0
0.4868,0.1438,0.3984,0.9214,0.999,-0.0929,1118.0,57.06,9.0
1.16,0.1763,0.3516,0.856,0.9995,-0.3467,949.5,1109.0,10.0
0.2783,0.0759,0.388,0.863,0.9995,-0.713,855.0,355.5,11.0
0.5405,0.132,0.3716,0.8667,0.9995,-0.28,1008.0,935.5,12.0
0.12164,0.06143,0.3716,0.859,0.9995,-0.355,877.0,846.0,13.0
0.4597,0.0345,0.5083,0.867,0.9995,-0.3577,1073.0,913.5,14.0
0.11945,0.06885,0.4553,0.889,0.9995,-0.3218,1226.0,1040.0,15.0
1.18,0.1534,0.368,0.8213,0.9995,-0.4277,843.5,1132.0,1.0
0.732,0.02264,0.4302,0.869,0.9995,-0.7417,1093.0,895.0,2.0
0.542,0.0996,0.3745,0.79,0.9995,-0.3723,905.0,1083.0,3.0
0.4011,0.04636,0.3926,0.8345,0.9995,-0.5444,1013.5,1129.0,4.0
0.732,0.01671,0.11444,0.7646,0.9995,-0.3857,814.0,1150.0,5.0
0.1764,0.04935,0.2474,0.791,0.9995,-0.3997,857.5,1165.0,6.0
0.3848,0.11707,0.3699,0.8623,0.9995,-0.2644,910.5,1184.0,7.0
0.596,0.11633,0.3506,0.809,0.9995,-0.391,838.5,1179.0,8.0
3.432,0.251,0.4658,0.8584,0.9995,-0.1368,492.5,820.0,9.0
0.1298,0.05902,0.247,0.7803,0.9995,-0.5166,866.0,1160.0,10.0
0.2844,0.0832,0.4512,0.86,0.9995,-0.09216,769.0,968.5,11.0
0.09454,0.0714,0.3743,0.8306,0.9995,-0.533,847.0,871.0,12.0
-0.0601,0.02744,0.1465,0.6216,0.9995,-0.1582,128.5,1019.0,13.0
0.05292,0.06067,0.259,0.8193,0.9995,-0.3347,707.5,1095.0,14.0
1.847,0.157,0.3926,0.816,0.9995,-0.2146,587.5,1055.0,15.0
1.929,0.1698,0.4731,0.831,0.9995,-0.3887,1004.0,804.5,1.0
1.601,0.1401,0.4773,0.838,0.9995,-0.1519,863.0,992.0,2.0
0.615,0.1273,0.3577,0.85,0.9995,-0.2576,1203.0,732.5,3.0
0.748,0.1527,0.4233,0.874,0.9995,-0.418,969.0,828.5,4.0
0.4424,0.1613,0.2966,0.8633,0.9995,-0.461,977.5,903.0,5.0
0.392,0.168,0.2443,0.874,0.9995,-0.3171,889.0,1180.0,6.0
0.203,0.112,0.283,0.9565,0.9995,-0.3694,937.0,673.0,7.0
0.569,0.1407,0.4,0.8804,0.9995,-0.3162,883.0,975.5,8.0
0.2207,0.1393,0.3218,0.8926,0.9995,-0.3235,1055.0,757.5,9.0
16.69,0.6113,0.1438,0.6196,0.9995,0.1359,1239.0,1554.0,10.0
0.131,0.0925,0.485,0.892,0.9995,-0.4844,949.5,895.5,11.0
0.6597,0.1838,0.3464,0.8877,0.9995,-0.4531,772.5,1149.0,12.0
4.277,0.0531,0.363,0.9277,0.999,0.7227,1883.0,1971.0,13.0
0.3298,0.0822,0.2563,0.9326,0.9995,-0.3826,1072.0,523.5,14.0
0.4832,0.1184,0.2462,0.943,0.9995,-0.6567,895.5,987.0,15.0
0.4146,0.0871,0.3157,0.779,0.9995,-0.2148,646.5,733.5,1.0
0.1733,0.0289,0.5117,0.7944,0.9995,-0.1581,1051.0,1178.0,2.0
0.489,0.1002,0.3723,0.805,0.9995,-0.3252,850.5,773.5,3.0
9.36,0.419,0.563,0.794,0.9995,-0.4092,804.5,811.0,4.0
0.1454,0.0469,0.3384,0.8296,0.9995,-0.2869,790.0,850.5,5.0
1.329,0.1548,0.4397,0.851,0.9995,-0.2935,993.0,809.0,6.0
0.05212,0.10297,0.302,0.896,0.9995,-0.4294,720.5,571.0,7.0
1.181,0.09094,0.632,0.789,0.9995,-0.2756,1085.0,793.0,8.0
0.5083,0.11304,0.4424,0.847,0.9995,-0.3755,1053.0,716.5,9.0
0.47,0.03117,0.549,0.84,0.9995,-0.409,1335.0,514.5,10.0
2.293,0.1669,0.5537,0.833,0.9995,-0.324,1145.0,712.5,11.0
0.203,0.03702,0.5054,0.81,0.9995,-0.295,1010.0,653.0,12.0
0.4502,0.04874,0.1532,0.834,0.9995,-0.416,780.5,540.0,13.0
0.803,0.1191,0.503,0.851,0.9995,-0.3262,1099.0,714.5,14.0
0.04755,0.11725,0.2349,0.8755,0.9995,-0.1954,487.5,891.0,15.0
0.258,0.10834,0.2664,0.9834,1.0,-0.3125,1212.0,1090.0,1.0
0.427,0.1332,0.2415,0.8467,0.9995,-0.1929,1377.0,1029.0,2.0
1.278,0.1454,0.3823,0.822,0.9995,-0.314,1247.0,917.0,3.0
0.3135,0.1898,0.273,0.9204,0.9995,-0.2773,1296.0,1206.0,4.0
0.2651,0.1741,0.1682,0.85,0.999,-0.3367,1308.0,1033.0,5.0
0.566,0.1661,0.3557,0.892,0.9995,-0.359,964.5,928.5,6.0
0.503,0.1139,0.2324,0.948,0.9995,-0.6,1456.0,688.5,7.0
3.363,0.06174,0.9224,0.69,0.9995,0.2786,733.5,1172.0,8.0
0.357,0.0781,0.3481,0.8945,0.9995,-0.629,1026.0,553.5,9.0
0.1835,0.0966,0.4023,0.887,0.9995,-0.6978,1156.0,888.0,10.0
0.12494,0.1335,0.2678,0.911,0.9995,-0.629,1118.0,688.0,11.0
1.48,0.0899,0.6323,0.775,0.9995,-0.166,950.0,1055.0,12.0
0.4067,0.127,0.3435,0.8433,0.9995,-0.4202,695.5,1322.0,13.0
0.1993,0.1139,0.3586,0.8965,0.9995,-0.784,1812.0,258.8,14.0
0.0819,0.10077,0.3433,0.8804,0.9995,-0.56,1193.0,678.0,15.0
3.137,0.2357,0.1566,0.977,1.0,0.4402,878.5,164.0,1.0
0.5527,0.07294,0.4604,0.943,0.9995,-0.6772,1616.0,498.8,2.0
5.45,0.0455,0.3823,0.5425,1.0,0.4277,1323.0,754.5,3.0
0.292,0.1766,0.2588,0.95,0.9995,-0.00555,1009.0,431.8,4.0
2.488,0.1127,0.3489,0.727,0.9995,0.02649,1160.0,717.0,5.0
1.192,0.1572,0.3862,0.8477,0.9995,-0.3005,1156.0,719.5,6.0
0.3926,0.08276,0.3772,0.939,0.9995,-0.505,1400.0,614.5,7.0
0.1877,0.10474,0.3967,0.9316,0.9995,-0.5107,1322.0,588.5,8.0
0.732,0.10223,0.2186,0.9624,0.9995,-0.7754,1519.0,372.5,9.0
0.604,0.07654,0.3606,0.9775,0.9995,-0.5107,1206.0,366.2,10.0
0.84,0.1344,0.3306,0.838,0.9995,-0.2125,1145.0,635.0,11.0
0.315,0.2322,0.305,0.9365,0.9995,-0.509,711.0,792.5,12.0
0.1866,0.1272,0.344,0.961,0.9995,-0.4626,1104.0,487.8,13.0
0.499,0.1527,0.335,0.882,0.9995,-0.3152,1070.0,621.0,14.0
0.1248,0.0996,0.411,0.874,0.9995,-0.6836,1472.0,344.2,15.0
0.732,0.04483,0.3782,0.941,1.0,-0.7905,1183.0,673.5,1.0
0.3843,0.1583,0.246,0.826,0.9995,-0.5635,1296.0,1050.0,2.0
0.386,0.1656,0.1464,0.888,0.9995,-0.9043,1424.0,829.0,3.0
0.3862,0.04257,0.1398,0.7915,0.9995,-0.3508,1267.0,930.5,4.0
0.04282,0.1504,0.2537,0.895,0.9995,-0.669,1273.0,856.0,5.0
0.0306,0.0869,0.3064,0.8066,1.0,-0.644,1095.0,930.5,6.0
0.2338,0.07587,0.3674,0.8784,0.9995,-0.5693,1127.0,859.0,7.0
6.992,0.806,0.1826,0.8193,0.9995,-0.7563,978.0,856.5,8.0
0.1415,0.12476,0.296,0.8384,0.9995,-0.5513,1248.0,950.5,9.0
0.0705,0.1165,0.3462,0.9043,0.9995,-0.4978,1150.0,816.0,10.0
0.02396,0.1196,0.2922,0.8887,0.9995,-0.4404,1076.0,730.0,11.0
0.0659,0.1096,0.3445,0.8745,0.9995,-0.593,1154.0,858.0,12.0
0.45,0.0876,0.3674,0.928,0.9995,-0.639,1085.0,692.5,13.0
0.03735,0.07263,0.2347,0.8237,0.9995,-0.4084,1223.0,924.0,14.0
0.1527,0.11774,0.42,0.91,0.9995,-0.3328,669.0,800.0,15.0
0.1636,0.08545,0.308,0.9126,0.9995,-0.38,1102.0,741.0,1.0
0.4348,0.09174,0.277,0.922,0.9995,-0.6074,832.0,400.0,2.0
0.1357,0.10443,0.288,0.9062,0.9995,-0.5034,997.5,515.0,3.0
0.0703,0.1776,0.2969,0.996,0.9995,-0.1304,1044.0,140.9,4.0
0.04715,0.08826,0.2062,0.8755,0.9995,-0.3306,1471.0,387.0,5.0
-0.07355,0.0909,0.1758,0.7944,0.9995,-0.4077,1099.0,801.5,6.0
0.0682,0.1048,0.3552,0.9087,0.9995,-0.4045,1025.0,662.0,7.0
0.10187,0.10767,0.3735,0.924,0.9995,-0.4204,739.0,608.0,8.0
0.03677,0.1086,0.2927,0.905,0.9995,-0.3865,1091.0,640.5,9.0
0.0554,0.1049,0.3396,0.866,0.9995,-0.562,832.5,734.0,10.0
0.0342,0.1255,0.3018,0.906,0.9995,-0.41,916.0,595.5,11.0
0.05347,0.11426,0.3286,0.877,0.9995,-0.563,1238.0,519.5,12.0
-0.0007606,0.0672,0.3176,0.817,1.0,-0.2786,1497.0,385.2,13.0
0.01523,0.11755,0.2664,0.8877,0.9995,-0.4663,1067.0,561.0,14.0
0.004368,0.0649,0.3308,0.8735,0.9995,-0.1422,1317.0,642.0,15.0
0.1769,0.0784,0.3567,0.7993,0.999,-0.8936,905.5,1313.0,1.0
0.1809,0.08356,0.4705,0.8813,0.9995,-0.625,949.0,895.0,2.0
0.2251,0.1238,0.5596,0.9155,0.9995,-0.704,667.0,1179.0,3.0
0.1935,0.08057,0.422,0.778,0.999,-0.575,632.0,1314.0,4.0
0.1559,0.1262,0.4556,0.915,0.9995,-0.669,818.0,919.0,5.0
0.0796,0.1098,0.3071,0.9023,0.9995,-0.4963,879.5,803.0,6.0
0.1296,0.1467,0.3884,0.9214,0.9995,-0.683,771.5,488.8,7.0
-0.02727,0.127,0.1306,0.8057,0.9995,-0.6265,1095.0,961.5,8.0
1.238,0.1326,0.424,0.8306,0.9995,-0.2152,874.5,1236.0,9.0
0.08026,0.0915,0.343,0.8022,0.9995,-0.596,850.0,1155.0,10.0
0.466,0.091,0.2383,0.85,0.9995,-0.948,987.0,766.0,11.0
0.1777,0.10474,0.3647,0.8364,0.9995,-0.4817,1070.0,873.0,12.0
0.0711,0.08,0.2676,0.8623,0.9995,-0.411,1042.0,1053.0,13.0
0.1633,0.1047,0.2693,0.855,0.9995,-0.7866,991.0,856.0,14.0
0.0778,0.11053,0.3367,0.8555,0.9995,-0.5347,1004.5,870.0,15.0
0.2179,0.103,0.4016,0.8564,0.9995,-0.37,915.0,901.0,1.0
0.113,0.07635,0.375,0.8853,0.9995,-0.393,1233.0,512.5,2.0
0.1753,0.0474,0.2698,0.8403,0.9995,-0.2595,784.0,695.5,3.0
1.084,0.1299,0.2227,0.691,0.9995,-0.5854,936.5,472.8,4.0
0.2688,0.09937,0.2715,0.769,0.9995,-0.429,917.5,588.5,5.0
0.0885,0.0698,0.3823,0.8027,0.9995,-0.2954,748.5,1056.0,6.0
0.02914,0.0889,0.291,0.823,0.9995,-0.3616,917.0,680.0,7.0
0.11597,0.07916,0.4329,0.872,0.9995,-0.4827,1077.0,665.5,8.0
0.012375,0.1665,0.2123,0.871,0.9995,-0.601,730.0,724.0,9.0
0.03705,0.04922,0.2128,0.668,0.9995,-0.1186,90.7,1335.0,10.0
0.07355,0.0609,0.4387,0.85,0.9995,-0.2908,1050.0,768.0,11.0
0.00553,0.07916,0.296,0.862,0.9995,-0.2937,789.0,978.5,12.0
0.03012,0.06573,0.2869,0.832,0.9995,-0.3315,801.0,737.0,13.0
0.01318,0.07477,0.3176,0.8066,0.9995,-0.421,724.0,902.0,14.0
0.05795,0.05585,0.2827,0.8315,0.9995,-0.2627,939.5,770.5,15.0
0.732,0.04,0.159,0.915,0.9995,-0.548,1088.0,703.5,1.0
0.2372,0.105,0.348,0.845,0.9995,-0.3137,1335.0,660.5,2.0
0.1553,0.10236,0.4329,0.871,0.9995,-0.4558,910.5,673.5,3.0
0.1371,0.0688,0.54,0.8525,1.0,-0.309,754.0,773.0,4.0
0.1344,0.0713,0.5103,0.8867,0.9995,-0.3762,927.0,688.0,5.0
0.4185,0.10754,0.516,0.879,1.0,-0.299,1033.0,921.0,6.0
0.1465,0.073,0.3213,0.882,0.9995,-0.3958,1148.0,979.0,7.0
0.1982,0.0676,0.5566,0.8105,0.9995,-0.4207,1100.0,561.0,8.0
0.05948,0.08923,0.347,0.8447,0.9995,-0.368,1148.0,683.5,9.0
0.1393,0.0918,0.4192,0.8584,0.9995,-0.36,1013.0,813.0,10.0
0.1888,0.0818,0.1846,0.8926,0.9995,-0.3318,825.0,800.0,11.0
0.1937,0.12036,0.5312,0.9404,1.0,-0.356,449.2,1218.0,12.0
0.1516,0.0516,0.3,0.788,0.9995,-0.4604,848.0,853.0,13.0
0.05362,0.08105,0.2668,0.8613,0.9995,-0.3987,870.5,784.5,14.0
0.1042,0.0974,0.4458,0.906,1.0,-0.3533,744.0,954.0,15.0
0.1493,0.0731,0.4485,0.9204,0.9995,-0.283,523.0,1112.0,1.0
2.55,0.214,0.572,0.8857,0.9995,-0.2134,954.0,382.5,2.0
0.1113,0.05927,0.448,0.854,0.9995,-0.3374,1140.0,617.0,3.0
0.147,0.05164,0.544,0.7407,0.9995,-0.458,1104.0,662.0,4.0
0.0867,0.1153,0.3152,0.8755,0.9995,-0.3552,1003.0,820.0,5.0
-0.1091,0.08954,0.1315,0.8755,0.9995,-0.0849,921.0,1292.0,6.0
0.0901,0.0902,0.1431,0.929,0.9995,-0.1426,1167.0,857.0,7.0
0.07104,0.1056,0.2986,0.9253,0.9995,-0.3306,1091.0,947.5,8.0
0.0462,0.1149,0.2866,0.8794,0.9995,-0.3137,941.5,923.0,9.0
0.3362,0.11945,0.1777,0.98,0.9995,-0.3376,1297.0,1247.0,10.0
0.03864,0.1202,0.1582,0.81,0.9995,-0.3008,1382.0,830.0,11.0
0.0285,0.082,0.3416,0.8706,0.9995,-0.3152,1011.5,805.5,12.0
0.007427,0.1604,0.2273,0.973,1.0,-0.02768,1100.0,855.5,13.0
0.07513,0.1158,0.2062,0.9277,0.9995,-0.3052,1111.0,1103.0,14.0
0.8926,0.1696,0.6074,0.953,0.9995,-0.1343,1723.0,238.6,15.0
0.1731,0.12054,0.273,0.916,0.9995,-0.5835,911.0,906.0,1.0
0.1256,0.08453,0.2793,0.8726,0.9995,-0.486,980.5,943.5,2.0
1.82,0.2483,0.3179,0.862,0.9995,-0.4148,975.5,942.5,3.0
0.1859,0.188,0.3457,0.981,0.9995,-0.2069,1469.0,32.88,4.0
0.01701,0.0772,0.2632,0.854,0.9995,-0.331,1224.0,1232.0,5.0
0.12164,0.10583,0.2893,0.875,1.0,-0.1416,619.0,1319.0,6.0
0.2078,0.1144,0.2279,0.9688,0.9995,-0.2996,955.0,738.5,7.0
0.1775,0.1462,0.3306,0.9453,0.9995,-0.611,1250.0,499.5,8.0
0.0674,0.11554,0.2612,0.931,0.9995,-0.3274,982.5,793.0,9.0
-0.0349,0.0857,0.2346,0.837,0.9995,-0.2109,728.0,1228.0,10.0
0.0495,0.12366,0.3005,0.893,0.9995,-0.3682,953.0,831.0,11.0
0.0883,0.1447,0.2996,0.924,0.9995,-0.266,1192.0,523.5,12.0
0.6777,0.1752,0.2883,0.8687,0.9995,-0.3523,955.0,959.5,13.0
0.05313,0.1604,0.2686,0.917,0.9995,-0.4133,942.0,757.5,14.0
0.02219,0.12115,0.265,0.8994,0.9995,-0.4446,908.0,896.0,15.0
0.1892,0.0709,0.4597,0.919,0.9995,-0.3284,794.0,806.0,1.0
0.312,0.03357,0.3933,0.8745,0.9995,-0.1772,1219.0,776.0,2.0
0.1313,0.05835,0.5205,0.8794,0.9995,-0.2754,969.5,759.5,3.0
0.1869,0.05365,0.3374,0.8223,0.9995,-0.4458,1102.0,1156.0,4.0
0.11523,0.06128,0.4407,0.8804,0.9995,-0.278,1162.0,727.0,5.0
0.04987,0.04333,0.4182,0.795,0.9995,-0.2053,574.5,1396.0,6.0
0.03354,0.1104,0.1467,0.726,0.9995,-0.512,899.5,992.0,7.0
0.461,0.0417,0.1884,0.698,0.9995,-0.764,641.0,1303.0,8.0
0.08887,0.0689,0.3123,0.886,0.9995,-0.2673,844.0,901.5,9.0
0.04745,0.0657,0.3596,0.814,0.9995,-0.4253,1045.0,1079.0,10.0
10000.0,0.301,0.9907,0.0752,0.9995,-0.001054,521.0,484.5,11.0
0.07666,0.0896,0.2241,0.7812,0.999,-0.2898,1007.0,1069.0,12.0
2.896,0.2379,0.3828,0.8125,0.9995,-0.513,981.5,847.5,13.0
6.434,0.2766,0.6636,0.8994,0.9995,0.4978,1409.0,791.5,14.0
1.437,0.1571,0.375,0.802,0.9995,-0.4998,1011.5,905.5,15.0
0.1009,0.0871,0.4084,0.9087,0.9995,-0.358,1090.0,1179.0,1.0
0.0777,0.0745,0.303,0.931,0.9995,-0.1292,881.0,720.0,2.0
0.08545,0.1046,0.3694,0.9272,0.9995,-0.3499,975.5,798.0,3.0
0.563,0.10425,0.2406,0.9443,0.9995,-0.622,1130.0,400.0,4.0
0.1484,0.1058,0.319,0.9214,0.9995,-0.4731,1130.0,759.0,5.0
2.143,0.245,0.3555,0.861,0.9995,-0.3647,870.5,875.5,6.0
0.1981,0.0846,0.346,0.8633,1.0,-0.676,1073.0,1520.0,7.0
0.1964,0.1086,0.304,0.9307,0.9995,-0.482,1052.0,581.0,8.0
0.1427,0.1377,0.3523,0.9634,0.999,-0.004726,991.0,87.9,9.0
0.155,0.0911,0.2773,0.9507,0.9995,-0.2222,948.0,722.0,10.0
0.1179,0.1026,0.4634,0.927,0.9995,-0.2208,1022.0,844.5,11.0
0.7026,0.1802,0.3308,0.8906,0.9995,-0.3223,940.0,788.5,12.0
0.06052,0.12384,0.3374,0.9404,0.9995,-0.1454,987.5,470.8,13.0
0.1445,0.11804,0.3472,0.909,0.9995,-0.1663,943.0,877.0,14.0
0.06555,0.11395,0.3074,0.9233,0.9995,-0.3813,1020.0,702.0,15.0
0.1617,0.12024,0.343,0.879,0.9995,-0.3528,971.5,675.0,1.0
2.66,0.2009,0.415,0.823,0.9995,-0.2595,956.5,907.0,2.0
0.1653,0.0657,0.5483,0.8926,0.9995,-0.366,1336.0,634.0,3.0
0.1661,0.1635,0.3845,0.9443,0.9995,-0.404,1028.0,775.0,4.0
0.1713,0.0964,0.488,0.934,1.0,-0.4448,1274.0,440.8,5.0
0.3489,0.02406,0.1967,0.8584,0.9995,-0.0698,1173.0,429.2,6.0
-0.0719,0.0694,0.2269,0.8374,0.9995,-0.0771,690.0,856.5,7.0
0.05975,0.06635,0.3452,0.8047,0.9995,-0.5,617.5,429.2,8.0
0.1097,0.0485,0.2761,0.8643,0.9995,-0.1511,1036.0,549.5,9.0
0.1196,0.127,0.392,0.928,0.9995,-0.54,1019.5,1128.0,10.0
0.0453,0.1018,0.332,0.882,0.9995,-0.3127,932.0,643.5,11.0
0.1077,0.1449,0.3674,0.9277,0.9995,-0.552,996.0,742.5,12.0
0.4126,0.1328,0.3323,0.8564,0.9995,-0.361,807.0,855.5,13.0
0.004993,0.09076,0.2788,0.8613,0.9995,-0.208,934.5,684.0,14.0
0.0961,0.1272,0.3718,0.923,0.9995,-0.3423,995.0,677.5,15.0
0.2297,0.1616,0.462,0.9497,0.9995,-0.4802,1125.0,1472.0,1.0
0.1053,0.1483,0.3127,0.9204,0.9995,-0.3364,1184.0,1071.0,2.0
0.2583,0.04877,0.4822,0.9575,0.9995,-0.0949,894.5,1268.0,3.0
0.10254,0.1114,0.3484,0.8833,0.9995,-0.3306,1102.0,784.5,4.0
0.1587,0.1642,0.10516,0.9653,0.9995,-0.2744,1237.0,748.5,5.0
0.1254,0.1602,0.2107,0.863,0.9995,-0.433,998.0,708.5,6.0
0.279,0.1558,0.3804,0.9634,0.9995,-0.04642,487.0,956.0,7.0
-0.1008,0.0947,0.1328,0.866,0.9995,-0.1409,828.0,443.5,8.0
0.0746,0.09796,0.2903,0.9106,0.9995,-0.3584,1098.0,713.0,9.0
0.0884,0.1107,0.3108,0.9043,0.9995,-0.508,1377.0,547.5,10.0
0.05484,0.10486,0.362,0.915,0.9995,-0.2183,934.5,894.0,11.0
0.02332,0.1324,0.2428,0.8823,0.9995,-0.361,1002.0,763.0,12.0
0.01211,0.1318,0.1898,0.9307,0.9995,-0.2732,1103.0,763.5,13.0
0.04703,0.1005,0.3386,0.896,0.9995,-0.2181,1051.0,773.0,14.0
0.07935,0.1271,0.331,0.936,0.9995,-0.1368,746.5,853.5,15.0
0.07684,0.06793,0.288,0.8833,1.0,-0.2433,825.5,712.0,1.0
0.1431,0.10394,0.3477,0.878,1.0,-0.211,853.0,638.0,2.0
0.2074,0.10986,0.3872,0.8647,0.9995,-0.382,950.5,743.0,3.0
0.006702,0.1132,0.1434,0.828,0.9995,-0.1716,400.2,732.0,4.0
0.5864,0.08594,0.4985,0.8213,0.9995,-0.1729,847.0,876.0,5.0
0.2035,0.0728,0.3071,0.776,0.9995,-0.1631,917.5,672.0,6.0
0.0487,0.0625,0.4072,0.835,0.9995,-0.2888,1115.0,966.0,7.0
4.004,0.248,0.431,0.805,0.9995,-0.3271,787.5,747.0,8.0
0.06384,0.07806,0.319,0.874,0.9995,-0.3625,680.5,778.5,9.0
-0.0673,0.06073,0.2534,0.8213,0.9995,-0.09186,555.5,835.0,10.0
0.01959,0.07794,0.2595,0.75,0.9995,-0.4485,912.5,854.0,11.0
0.01542,0.0825,0.2903,0.855,0.9995,-0.3772,916.0,719.5,12.0
-0.005028,0.06082,0.11487,0.88,0.9995,-0.0444,810.5,589.0,13.0
-0.03748,0.0797,0.2542,0.8687,0.9995,-0.06137,1231.0,777.0,14.0
0.01196,0.052,0.411,0.8354,0.9995,-0.0272,638.5,506.0,15.0
0.2125,0.1228,0.3525,0.887,0.9995,-0.2861,1000.0,906.0,1.0
0.4226,0.09674,0.2072,0.9185,0.9995,-0.558,646.0,1332.0,2.0
0.10864,0.1096,0.2708,0.9214,0.9995,-0.409,813.0,1167.0,3.0
0.2499,0.1708,0.3242,0.9175,0.9995,-0.3772,756.0,951.5,4.0
-0.02281,0.1255,0.2252,0.9077,0.9995,-0.1965,684.5,1358.0,5.0
0.1399,0.0763,0.2445,0.988,0.9995,-0.06036,783.0,1256.0,6.0
-0.04773,0.1619,0.1609,0.8906,0.9995,-0.3313,1123.0,1219.0,7.0
0.02802,0.0764,0.3428,0.9155,0.9995,-0.1298,602.5,1314.0,8.0
-0.02261,0.09863,0.2607,0.945,0.9995,-0.0697,1105.0,1286.0,9.0
0.01186,0.0928,0.1658,0.928,0.9995,-0.1153,795.0,1553.0,10.0
0.04904,0.1022,0.26,0.957,0.9995,-0.1428,786.0,1193.0,11.0
0.0751,0.1304,0.2856,0.9053,0.9995,-0.2476,877.0,1094.0,12.0
3.303,0.2732,0.3328,0.835,0.9995,-0.2091,1016.0,964.5,13.0
23.27,0.959,0.398,0.777,0.9995,0.611,264.2,1714.0,14.0
1.381,0.2024,0.3032,0.867,0.9995,-0.2241,932.5,1089.0,15.0
0.0723,0.07904,0.3965,0.862,0.9995,-0.4204,954.5,672.5,1.0
-0.01426,0.0697,0.2045,0.8394,0.9995,-0.2343,1096.0,500.5,2.0
0.1981,0.0556,0.273,0.838,0.9995,-0.3884,699.0,584.0,3.0
0.1091,0.0727,0.2214,0.8477,0.9995,-0.394,863.5,595.5,4.0
0.1853,0.06744,0.5405,0.861,0.9995,-0.0899,1211.0,693.5,5.0
0.2622,0.1519,0.3625,0.9023,0.9995,-0.436,947.0,654.0,6.0
0.0764,0.05258,0.157,0.8535,0.9995,-0.1185,792.5,626.5,7.0
0.0718,0.108,0.33,0.876,0.9995,-0.3442,926.0,635.5,8.0
-0.01027,0.0744,0.236,0.9536,0.9995,-0.006035,589.0,755.0,9.0
0.1942,0.1098,0.4673,0.9014,0.9995,-0.347,945.5,613.5,10.0
0.05664,0.1003,0.355,0.8906,0.9995,-0.2812,898.5,676.0,11.0
2.44,0.1932,0.2395,0.669,0.9995,-0.9136,1182.0,408.5,12.0
0.5103,0.142,0.3574,0.866,0.9995,-0.376,902.0,867.0,13.0
-0.0008903,0.09827,0.2373,0.849,0.9995,-0.228,840.5,891.5,14.0
0.05127,0.07135,0.4043,0.8657,0.9995,-0.1459,1026.0,687.5,15.0
0.2769,0.05392,0.362,0.904,0.9995,-0.2827,963.5,771.0,1.0
0.732,0.0317,0.3223,0.9287,0.9995,-0.859,1367.0,616.5,2.0
0.1869,0.1582,0.4,0.93,0.999,-0.502,1246.0,1001.5,3.0
13.4,0.02243,0.882,0.3826,0.999,-0.001551,302.8,1200.0,4.0
0.2198,0.1313,0.3054,0.863,0.9995,-0.4014,1062.0,907.0,5.0
0.005623,0.1732,0.1965,0.832,0.9995,-0.8296,1508.0,1164.0,6.0
2.387,0.07666,0.596,0.635,0.9995,-0.28,671.5,1157.0,7.0
0.0799,0.09216,0.3782,0.899,0.9995,-0.396,1057.0,863.5,8.0
0.2688,0.1921,0.2751,0.9277,0.9995,-0.2808,1217.0,1836.0,9.0
1.194,0.1036,0.5044,0.7744,0.9995,-0.3813,921.0,1048.0,10.0
0.2039,0.1064,0.63,0.9414,0.9995,-0.472,1401.0,678.0,11.0
0.1785,0.1615,0.293,0.903,0.9995,-0.4014,1129.0,1454.0,12.0
0.1536,0.1161,0.364,0.929,0.9995,-0.5312,871.0,1350.0,13.0
0.07086,0.1399,0.1838,0.874,0.9995,-0.664,883.0,1429.0,14.0
0.5825,0.0725,0.327,0.9126,0.9995,-0.6797,1145.0,869.0,15.0
0.1487,0.07983,0.5615,0.925,0.9995,-0.308,1128.0,747.5,1.0
5.46,0.288,0.482,0.8203,0.9995,-0.0534,753.5,1284.0,2.0
0.2172,0.10956,0.3823,0.8687,0.9995,-0.3254,811.0,914.0,3.0
2.459,0.2135,0.457,0.866,0.9995,-0.1749,818.0,1130.0,4.0
0.224,0.1748,0.3628,0.936,0.9995,-0.4067,840.0,770.0,5.0
0.24,0.1835,0.2576,0.9106,0.9995,-0.3267,818.0,829.0,6.0
0.4097,0.1504,0.2925,0.8696,0.9995,-0.3328,857.0,966.0,7.0
0.2942,0.1116,0.4448,0.986,0.9995,-0.4768,877.0,947.0,8.0
0.834,0.1813,0.4102,0.9097,0.9995,-0.2834,873.0,1052.0,9.0
0.158,0.1213,0.4067,0.957,0.9995,-0.4407,872.0,951.5,10.0
0.1224,0.17,0.351,0.9395,0.9995,-0.64,1021.0,959.0,11.0
0.1746,0.11334,0.3542,0.861,0.9995,-0.406,831.0,835.5,12.0
0.1741,0.10535,0.4106,0.9873,0.9995,-0.2717,1078.0,880.5,13.0
0.1678,0.1683,0.1803,0.9653,1.0,-0.4075,889.5,1302.0,14.0
0.1715,0.10986,0.3748,0.964,0.9995,-0.357,914.5,1080.0,15.0
0.51,0.03091,0.5293,0.774,0.9995,-0.6484,656.5,503.5,1.0
0.675,0.06094,0.2412,0.945,0.9995,-0.5,966.0,877.0,2.0
0.3027,0.0687,0.3374,0.903,0.9995,-0.4387,968.5,753.0,3.0
0.04633,0.0793,0.4255,0.917,0.9995,-0.0933,757.5,473.8,4.0
10.14,0.4207,0.3196,0.751,0.9995,0.2096,872.5,658.5,5.0
-0.06995,0.158,0.1447,0.9263,0.9995,-0.1395,1007.5,287.8,6.0
0.1431,0.1892,0.1205,0.9756,0.9995,0.03632,1313.0,678.0,7.0
0.06854,0.1575,0.1427,0.9185,0.9995,-0.4163,1283.0,201.1,8.0
0.5996,0.1627,0.3386,0.8945,0.9995,-0.2443,982.5,730.5,9.0
0.103,0.0864,0.3938,0.8584,0.9995,-0.2756,1049.0,550.0,10.0
-0.005287,0.08746,0.2825,0.844,0.9995,-0.338,975.5,824.5,11.0
53.6,0.563,0.7505,0.4668,0.9995,0.2703,1636.0,1333.0,12.0
0.07416,0.09143,0.3154,0.915,0.9995,-0.3044,1003.0,620.5,13.0
0.1737,0.0611,0.283,0.9116,0.9995,-0.19,1136.0,344.2,14.0
52.78,0.1919,0.5435,0.3706,0.999,0.5063,1650.0,1731.0,15.0
0.01804,0.123,0.277,0.91,0.9995,-0.37,887.0,985.5,1.0
0.0926,0.09326,0.365,0.937,0.9995,-0.2512,1007.5,945.0,2.0
0.2798,0.0722,0.5645,0.892,0.9995,-0.6855,807.5,1246.0,3.0
0.1407,0.1376,0.4353,0.9414,0.9995,-0.4893,848.5,515.5,4.0
0.0893,0.11664,0.373,0.9414,0.9995,-0.342,946.0,835.0,5.0
0.1436,0.1059,0.4844,0.9106,0.9995,-0.5186,835.5,989.0,6.0
0.312,0.12134,0.3044,0.949,0.9995,-0.5703,1162.0,595.0,7.0
0.10284,0.1304,0.346,0.937,0.9995,-0.4646,1004.5,725.0,8.0
1.055,0.2388,0.304,0.89,0.9995,-0.4482,866.0,1071.0,9.0
10.14,0.2844,0.442,0.642,0.9995,-0.2808,1069.0,1040.0,10.0
37.75,0.3923,0.933,0.528,0.9995,0.8306,106.75,708.5,11.0
0.1335,0.10284,0.4617,0.894,0.9995,-0.4822,1018.5,773.0,12.0
0.09564,0.1273,0.3584,0.9326,0.9995,-0.4583,882.0,959.5,13.0
0.010185,0.11255,0.2487,0.9336,0.9995,-0.2048,1119.0,847.5,14.0
0.6597,0.04263,0.2847,0.9595,0.9995,-0.2966,932.0,765.0,15.0
5.45,0.3452,0.47,0.9346,1.0,0.4595,490.0,297.8,1.0
0.217,0.0516,0.2379,0.812,0.9995,-0.402,1183.0,1139.0,2.0
0.497,0.02785,0.1342,0.8447,0.9995,-0.1964,822.5,1231.0,3.0
0.1266,0.11505,0.2754,0.848,0.9995,-0.3406,807.0,1016.0,4.0
0.0766,0.0627,0.4072,0.839,0.9995,-0.3628,576.0,876.5,5.0
0.9336,0.1431,0.3882,0.8345,0.9995,-0.414,875.5,1001.0,6.0
0.2034,0.04517,0.2067,0.834,0.9995,-0.2253,855.0,1162.0,7.0
0.2583,0.1063,0.3335,0.8364,0.9995,-0.3264,854.0,1056.0,8.0
0.1818,0.0573,0.287,0.911,1.0,-0.1721,994.5,1352.0,9.0
0.0433,0.0724,0.3313,0.89,0.9995,0.06058,529.5,1179.0,10.0
0.09644,0.06247,0.2429,0.856,0.9995,-0.277,525.0,995.0,11.0
0.01314,0.06256,0.2379,0.8486,0.9995,-0.1995,773.0,1156.0,12.0
0.1023,0.1302,0.368,0.894,0.9995,-0.621,598.5,957.0,13.0
0.1248,0.1168,0.3638,0.9824,0.9995,0.0841,464.8,1206.0,14.0
0.1405,0.0752,0.3008,0.9126,0.9995,-0.2725,664.0,1090.0,15.0
0.2378,0.0734,0.3752,0.915,0.9995,-0.387,940.5,867.0,1.0
0.1818,0.08966,0.3838,0.905,0.9995,-0.5225,1313.0,715.5,2.0
0.1615,0.06976,0.2915,0.825,0.9995,-0.5815,1175.0,920.0,3.0
0.1361,0.1107,0.3103,0.8174,0.9995,-0.571,1543.0,928.5,4.0
0.1545,0.0859,0.4785,0.823,0.9995,-0.6914,1487.0,713.5,5.0
0.869,0.1484,0.4082,0.8545,0.9995,-0.409,1064.0,927.5,6.0
0.1588,0.0774,0.535,0.8867,0.9995,-0.1582,1549.0,1411.0,7.0
0.2854,0.05695,0.286,0.878,0.9995,-0.3677,1135.0,705.5,8.0
-0.06696,0.05966,0.2063,0.7256,0.9995,-0.2007,1674.0,1650.0,9.0
0.0885,0.072,0.3157,0.8613,0.9995,-0.3916,1192.0,849.0,10.0
0.05438,0.09015,0.3047,0.876,0.9995,-0.435,1310.0,964.5,11.0
0.05258,0.07544,0.3767,0.851,0.9995,-0.384,1216.0,1037.0,12.0
-0.05338,0.0974,0.2102,0.891,0.9995,-0.1819,925.0,1131.0,13.0
0.0835,0.0701,0.4646,0.888,1.0,0.01422,1097.0,1240.0,14.0
0.33,0.04904,0.203,0.859,0.9995,-0.3103,1437.0,1171.0,15.0
0.1267,0.10046,0.3962,0.886,0.9995,-0.261,1118.0,1061.0,1.0
-0.0686,0.0838,0.1859,0.7637,0.9995,-0.4578,728.0,1067.0,2.0
0.1825,0.0847,0.2462,0.9233,0.9995,-0.2988,977.0,1109.0,3.0
0.0542,0.0739,0.3865,0.8315,0.9995,-0.3682,718.0,1055.0,4.0
0.0316,0.0807,0.3398,0.8535,0.9995,-0.3801,1026.0,935.5,5.0
-0.0246,0.0788,0.2401,0.835,0.9995,-0.317,744.5,1055.0,6.0
0.541,0.1494,0.2688,0.8516,0.9995,-0.2883,946.5,1122.0,7.0
-0.1141,0.0905,0.1031,0.6855,0.9995,-0.4446,631.0,1391.0,8.0
-0.03067,0.0729,0.258,0.814,0.9995,-0.2966,918.5,973.5,9.0
-0.01532,0.09174,0.271,0.873,0.9995,-0.2532,932.5,1297.0,10.0
-0.00821,0.08704,0.2646,0.8174,0.9995,-0.3801,944.5,1078.0,11.0
0.01403,0.0834,0.3025,0.8223,0.9995,-0.3826,898.0,955.0,12.0
-0.00866,0.08954,0.2302,0.863,0.9995,-0.33,882.0,1144.0,13.0
0.01084,0.08075,0.2927,0.806,0.9995,-0.3862,821.0,1054.0,14.0
0.01072,0.0943,0.2708,0.8438,0.9995,-0.3003,1014.0,921.5,15.0
0.1171,0.0872,0.2825,0.9043,0.9995,-0.3604,1016.0,675.0,1.0
-0.04565,0.11414,0.1915,0.932,0.9995,-0.1322,1093.0,985.5,2.0
0.01744,0.09393,0.253,0.875,0.9995,-0.0786,469.2,1209.0,3.0
0.07166,0.0927,0.3992,0.8877,0.9995,-0.33,857.5,820.5,4.0
0.0469,0.1192,0.12177,0.864,0.9995,-0.4119,762.5,828.5,5.0
0.02008,0.087,0.306,0.853,0.9995,-0.4246,751.5,805.5,6.0
0.05368,0.1593,0.1505,0.8877,0.9995,-0.177,654.0,1337.0,7.0
0.006477,0.1067,0.2678,0.874,0.9995,-0.2908,994.5,852.0,8.0
-0.01924,0.13,0.1881,0.886,0.9995,-0.1984,783.0,1160.0,9.0
-0.092,0.1678,0.10486,0.888,0.9995,-0.2903,939.5,854.5,10.0
0.03955,0.1011,0.3105,0.8784,0.9995,-0.2576,897.5,918.5,11.0
0.415,0.1364,0.2876,0.8447,0.9995,-0.3503,909.0,1000.5,12.0
0.04517,0.1122,0.311,0.8936,0.9995,-0.287,853.0,886.5,13.0
0.009186,0.1191,0.2472,0.8936,0.9995,-0.2177,832.5,1027.0,14.0
-0.0399,0.10535,0.2086,0.885,0.9995,-0.2656,1150.0,725.5,15.0
0.02504,0.1061,0.3022,0.882,0.9995,-0.32,999.5,772.5,1.0
0.1581,0.1865,0.3472,0.975,0.9995,-0.2856,808.0,599.0,2.0
0.07086,0.1395,0.3193,0.9277,0.9995,-0.3071,894.0,732.5,3.0
-0.00468,0.0913,0.2462,0.963,0.9995,0.08453,547.0,541.0,4.0
0.0662,0.1131,0.2842,0.9116,0.9995,-0.4316,975.0,956.0,5.0
0.04306,0.0638,0.12164,0.864,0.9995,-0.11755,1120.0,742.5,6.0
0.02657,0.1283,0.2954,0.9395,1.0,-0.1542,1258.0,565.0,7.0
0.0366,0.1042,0.3123,0.8926,0.9995,-0.4126,1034.0,1007.0,8.0
-0.03522,0.1012,0.2292,0.8853,0.9995,-0.1317,809.0,815.5,9.0
-0.005245,0.08167,0.2932,0.86,0.9995,-0.2734,998.5,908.5,10.0
0.0141,0.1204,0.1461,0.956,0.9995,0.06082,892.5,739.0,11.0
0.01218,0.1087,0.2576,0.9116,0.9995,-0.2917,932.5,847.0,12.0
-0.015564,0.1028,0.263,0.897,0.9995,-0.2145,936.0,785.0,13.0
-0.0397,0.082,0.1824,0.886,0.9995,-0.1428,1002.0,780.0,14.0
-0.00644,0.0845,0.2766,0.8584,0.9995,-0.3157,786.5,626.0,15.0
-0.04407,0.1233,0.1004,0.866,0.9995,-0.3003,1466.0,246.0,1.0
0.11755,0.0833,0.3845,0.8555,0.9995,-0.6025,562.5,489.8,2.0
0.0422,0.09784,0.3416,0.8774,0.9995,-0.353,1169.0,831.0,3.0
0.05643,0.08234,0.382,0.8555,0.9995,-0.3618,1275.0,795.0,4.0
-0.0456,0.0989,0.1661,0.884,1.0,-0.2184,1296.0,68.3,5.0
3.75,0.1086,0.1726,0.693,0.9995,0.2664,287.5,1808.0,6.0
0.03152,0.0967,0.3142,0.87,0.9995,-0.4504,872.0,505.5,7.0
0.02292,0.10724,0.1776,0.8315,1.0,-0.1887,1145.0,210.9,8.0
0.8633,0.255,0.3064,0.921,0.9995,-0.3784,1010.0,815.5,9.0
0.04303,0.09296,0.2974,0.8438,0.9995,-0.5796,963.5,857.5,10.0
0.03363,0.1061,0.3066,0.8936,0.9995,-0.4133,983.0,865.0,11.0
0.01027,0.0966,0.2954,0.862,0.9995,-0.3604,1242.0,591.0,12.0
0.828,0.10785,0.2045,0.7803,0.9995,-0.0505,731.5,1122.0,13.0
0.301,0.1844,0.269,0.9077,0.9995,-0.3374,1029.0,662.0,14.0
-0.03,0.114,0.2106,0.876,0.9995,-0.2191,818.5,571.5,15.0
0.0994,0.1224,0.2893,0.866,0.9995,-0.3855,1048.0,1229.0,1.0
0.1227,0.04657,0.269,0.881,0.9995,-0.104,1323.0,766.0,2.0
-0.128,0.04825,0.1782,0.712,0.9995,-0.1263,1141.0,1293.0,3.0
0.8276,0.1388,0.2428,0.7393,0.9995,-0.6245,1117.0,733.0,4.0
-0.0846,0.04507,0.113,0.75,1.0,-0.01585,1420.0,1459.0,5.0
-0.0227,0.09125,0.1263,0.703,1.0,-0.3806,1680.0,1242.0,6.0
-0.01906,0.0823,0.1031,0.6333,0.9995,-0.483,1053.0,1698.0,7.0
-0.0872,0.03168,0.2712,0.5684,0.9995,-0.5293,1381.0,974.5,8.0
0.05014,0.0926,0.3176,0.8228,0.9995,-0.4658,1124.0,1104.0,9.0
0.05145,0.0935,0.271,0.8364,0.9995,-0.2517,1066.0,852.0,10.0
-0.0329,0.0747,0.2389,0.787,0.9995,-0.2832,1106.0,1023.0,11.0
-0.01334,0.06073,0.2964,0.7686,0.9995,-0.3162,1149.0,1186.0,12.0
0.0669,0.09546,0.2462,0.8086,0.9995,-0.3135,1010.0,1193.0,13.0
-0.0725,0.07574,0.1885,0.818,0.9995,-0.244,1056.0,1364.0,14.0
-0.0341,0.06287,0.237,0.7773,0.9995,-0.328,993.0,1036.0,15.0
0.06366,0.11176,0.1154,0.917,0.9995,-0.212,1111.0,881.5,1.0
-0.01389,0.1599,0.1248,0.837,0.9995,-0.367,444.2,807.0,2.0
-0.03888,0.12225,0.1703,0.9526,0.9995,0.03934,1805.0,910.5,3.0
-0.02394,0.10675,0.2158,0.897,0.9995,-0.2615,1073.0,939.5,4.0
0.04938,0.12286,0.2866,0.9136,0.9995,-0.178,1328.0,773.5,5.0
-0.02751,0.10535,0.1785,0.9043,0.9995,-0.2131,1144.0,879.5,6.0
0.02429,0.1809,0.2161,0.903,0.9995,-0.497,832.0,640.0,7.0
-0.1127,0.08264,0.1315,0.8433,0.9995,-0.1189,957.5,784.0,8.0
-0.10535,0.0696,0.1326,0.826,0.9995,-0.1077,711.5,736.0,9.0
-0.0698,0.0732,0.1396,0.7773,1.0,-0.3086,701.0,999.5,10.0
0.08234,0.1155,0.2612,0.8584,0.9995,-0.302,875.5,827.0,11.0
-0.0347,0.102,0.2377,0.9116,0.9995,-0.1632,801.0,954.0,12.0
-0.02649,0.1104,0.2113,0.862,0.9995,-0.2537,954.5,832.0,13.0
-0.01837,0.0951,0.249,0.8506,0.9995,-0.391,1069.0,858.0,14.0
-0.06058,0.07416,0.1218,0.8555,0.9995,-0.1121,1108.0,901.0,15.0
-0.03995,0.1318,0.1776,0.8555,0.999,-0.36,710.0,210.8,1.0
-0.04343,0.1205,0.1359,0.7964,0.999,-0.3594,1123.0,274.2,2.0
-0.12103,0.0838,0.12225,0.7993,0.9995,-0.2181,917.0,687.0,3.0
0.842,0.1508,0.3228,0.8457,0.9995,-0.2993,968.5,802.5,4.0
-0.00459,0.1072,0.2554,0.8804,0.9995,-0.3835,1107.0,638.0,5.0
-0.00513,0.1134,0.2385,0.8677,0.9995,-0.3132,907.5,739.5,6.0
-0.001025,0.08264,0.2844,0.8594,0.9995,-0.3123,898.0,716.5,7.0
-0.10406,0.11646,0.1073,0.8735,0.999,-0.1033,1038.0,543.5,8.0
-0.04028,0.092,0.2311,0.8574,0.9995,-0.2588,876.0,649.0,9.0
0.07513,0.1534,0.214,0.8945,0.9995,-0.2676,909.0,675.5,10.0
0.00907,0.1035,0.1088,0.798,0.9995,-0.1349,800.5,705.0,11.0
0.0282,0.05438,0.1401,0.7876,0.9995,-0.2153,880.0,456.5,12.0
-0.0652,0.0813,0.1678,0.7876,0.999,-0.1857,680.5,315.2,13.0
-0.005016,0.09015,0.2266,0.8887,0.999,-0.2394,841.5,336.0,14.0
0.506,0.05286,0.1105,0.8853,0.999,-0.3005,785.0,193.9,15.0
0.03763,0.0645,0.257,0.7764,0.9995,-0.4978,709.0,1101.0,1.0
0.732,0.01636,0.2208,0.953,0.9995,-0.4304,762.0,749.0,2.0
0.02234,0.12445,0.2009,0.8706,0.9995,-0.212,1130.0,856.0,3.0
-0.0174,0.0668,0.1566,0.7954,0.999,-0.004055,977.5,1146.0,4.0
-0.0271,0.08325,0.2462,0.8203,0.999,-0.3838,1123.0,473.2,5.0
0.03778,0.0755,0.3225,0.8237,0.9995,-0.2339,757.5,1081.0,6.0
0.05154,0.0908,0.3157,0.8564,0.9995,-0.2395,1007.5,667.0,7.0
-0.0712,0.1387,0.1045,0.8745,0.9995,-0.308,1030.0,457.2,8.0
0.1123,0.1355,0.3193,0.892,0.999,-0.4302,1087.0,894.0,9.0
0.04968,0.07416,0.1234,0.825,0.9995,0.03,846.5,615.0,10.0
0.0714,0.1076,0.364,0.881,0.9995,-0.488,884.0,834.5,11.0
-0.01241,0.0878,0.272,0.866,0.9995,-0.28,1109.0,760.5,12.0
0.00892,0.1005,0.2808,0.856,0.9995,-0.3684,923.0,785.5,13.0
0.02383,0.08905,0.3389,0.8906,0.9995,-0.1836,1136.0,710.5,14.0
-0.0242,0.1704,0.2012,0.9727,0.9995,-0.086,1156.0,107.75,15.0
0.1404,0.0828,0.2747,0.799,0.9995,-0.1959,886.5,589.5,1.0
0.0883,0.1437,0.3071,0.9097,0.9995,-0.3867,914.0,505.8,2.0
0.05112,0.1155,0.297,0.883,0.9995,-0.326,905.0,672.0,3.0
-0.01118,0.06586,0.231,0.7764,0.9995,-0.12195,487.0,1142.0,4.0
0.1771,0.1093,0.3225,0.8535,0.9995,-0.3157,852.5,863.0,5.0
1.563,0.1667,0.3706,0.8315,0.9995,-0.2812,780.0,805.0,6.0
-0.1182,0.0867,0.1267,0.8037,0.999,-0.1821,1008.5,767.0,7.0
0.00943,0.0898,0.2198,0.8823,0.9995,-0.281,719.5,1123.0,8.0
0.592,0.1254,0.3176,0.8374,0.9995,-0.2461,795.0,820.5,9.0
0.03232,0.0608,0.2766,0.8633,0.9995,-0.1841,760.0,887.0,10.0
0.00221,0.0972,0.2773,0.8657,0.9995,-0.279,823.0,805.0,11.0
-0.0688,0.0955,0.167,0.8813,0.9995,-0.176,906.0,767.5,12.0
0.4045,0.03348,0.1393,0.8433,0.9995,-0.1769,843.0,993.5,13.0
-0.02025,0.0888,0.228,0.821,0.9995,-0.2595,909.5,947.0,14.0
-0.001723,0.0765,0.3103,0.8545,0.9995,-0.182,931.0,802.0,15.0
0.04993,0.1296,0.312,0.8975,0.9995,-0.4836,1018.5,946.5,1.0
0.2964,0.1576,0.3423,0.9106,0.9995,-0.3289,1132.0,996.5,2.0
0.1087,0.1301,0.3235,0.901,0.9995,-0.3315,1065.0,925.5,3.0
-0.06183,0.1038,0.207,0.895,0.9995,-0.1189,943.5,465.5,4.0
0.05344,0.0681,0.1852,0.841,0.9995,-0.271,1100.0,744.5,5.0
-0.0463,0.1107,0.1918,0.856,0.9995,-0.3796,1025.0,461.8,6.0
0.004047,0.0967,0.2805,0.8594,0.9995,-0.4265,1103.0,818.5,7.0
0.02823,0.122,0.271,0.89,0.9995,-0.314,1140.0,933.5,8.0
-0.03476,0.082,0.1865,0.805,0.9995,-0.1444,1397.0,1230.0,9.0
-0.0775,0.092,0.1146,0.7764,0.9995,-0.2081,1367.0,1014.5,10.0
0.0712,0.0815,0.3699,0.8574,0.9995,-0.2076,1321.0,1127.0,11.0
0.000462,0.10785,0.256,0.859,0.9995,-0.3643,1090.0,957.5,12.0
-0.06125,0.08246,0.195,0.8354,0.9995,-0.259,1167.0,851.5,13.0
-0.0267,0.08075,0.2559,0.822,0.9995,-0.3184,941.0,894.5,14.0
-0.03497,0.09076,0.235,0.8384,0.9995,-0.3318,1145.0,895.0,15.0
0.0782,0.10803,0.2705,0.885,0.9995,-0.549,949.0,909.5,1.0
-0.05093,0.10004,0.2152,0.874,0.9995,-0.2269,1007.5,1095.0,2.0
-0.001556,0.1225,0.2399,0.8374,0.9995,-0.5786,780.0,938.5,3.0
0.01704,0.12476,0.2399,0.8555,0.9995,-0.444,761.5,957.0,4.0
10000.0,0.515,0.3064,0.263,1.0,0.874,718.5,1940.0,5.0
0.1136,0.1344,0.2883,0.9165,0.9995,-0.1605,568.5,1077.0,6.0
2.096,0.2554,0.3481,0.909,0.9995,0.00676,626.5,618.5,7.0
1.36,0.2031,0.271,0.8657,0.9995,-0.1682,539.5,825.0,8.0
85.2,0.3347,0.7705,0.3364,0.9995,0.7573,474.8,585.5,9.0
23.44,0.9233,0.5913,0.812,0.999,0.438,628.5,1464.0,10.0
37.56,0.5312,0.745,0.52,1.0,-0.5576,790.0,925.0,11.0
15.555,0.5024,0.2734,0.614,0.9995,-0.1385,1048.0,782.0,12.0
-0.03027,0.0891,0.2412,0.828,0.9995,-0.361,680.5,809.5,13.0
5.9,0.316,0.2421,0.7207,0.9995,-0.2715,882.5,881.5,14.0
-0.003645,0.11346,0.2427,0.8667,0.9995,-0.3333,798.0,893.5,15.0
0.0753,0.0783,0.4028,0.8784,0.9995,-0.358,1147.0,726.0,1.0
2.219,0.188,0.4636,0.887,0.9995,0.06384,1192.0,833.0,2.0
-0.05283,0.0461,0.3242,0.835,1.0,-0.0161,829.0,1102.0,3.0
0.7393,0.1371,0.3691,0.8804,0.9995,-0.10236,1054.0,891.5,4.0
0.0686,0.0692,0.3438,0.7935,0.9995,-0.2659,1085.0,955.5,5.0
0.09393,0.0722,0.3403,0.848,1.0,-0.0211,875.0,1408.0,6.0
-0.02457,0.1343,0.1976,0.9204,0.9995,-0.10345,1116.0,805.0,7.0
0.002329,0.05408,0.1661,0.7773,0.9995,-0.241,944.5,984.0,8.0
-0.06696,0.0514,0.1298,0.7725,1.0,-0.1315,842.0,1249.0,9.0
0.0923,0.09515,0.1399,0.8594,0.9995,-0.3716,953.0,547.5,10.0
-0.02089,0.094,0.1898,0.86,0.9995,-0.3198,988.0,723.0,11.0
-0.03238,0.0861,0.1865,0.7764,1.0,-0.2837,991.5,1232.0,12.0
0.1938,0.1134,0.2908,0.8667,0.9995,-0.1902,1017.5,909.0,13.0
-0.0363,0.08386,0.1664,0.8164,1.0,-0.0913,1177.0,1052.0,14.0
-0.1111,0.07117,0.1641,0.828,1.0,-0.0943,1122.0,1192.0,15.0
0.1378,0.10724,0.4402,0.896,0.9995,-0.4143,1254.0,670.5,1.0
0.04953,0.10455,0.3394,0.881,0.9995,-0.3882,1215.0,678.5,2.0
-0.0857,0.144,0.1334,0.873,1.0,-0.2764,512.0,450.8,3.0
3.443,0.4575,0.2107,0.837,0.9995,-0.5605,939.5,765.5,4.0
-0.1316,0.0644,0.1119,0.7197,1.0,-0.2573,1016.0,432.5,5.0
-0.0379,0.09344,0.1907,0.8667,0.9995,-0.27,1048.0,759.5,6.0
0.014305,0.093,0.113,0.7627,1.0,-0.542,1284.0,130.9,7.0
-0.0593,0.1213,0.1753,0.8545,0.9995,-0.3975,1122.0,353.0,8.0
0.04788,0.1263,0.2461,0.862,0.9995,-0.3862,960.5,644.0,9.0
0.02185,0.1037,0.2634,0.842,0.9995,-0.3752,1071.0,634.0,10.0
0.02733,0.0997,0.27,0.819,0.9995,-0.4587,1006.5,692.5,11.0
0.001085,0.0876,0.2544,0.8403,0.9995,-0.4407,974.5,738.5,12.0
0.01494,0.10675,0.2296,0.823,0.9995,-0.3945,966.5,567.0,13.0
0.304,0.1324,0.2444,0.8276,0.9995,-0.379,967.0,704.5,14.0
-0.0915,0.07587,0.1598,0.7603,1.0,-0.3584,819.5,444.5,15.0
0.02682,0.05612,0.361,0.834,0.999,-0.2181,797.0,768.0,1.0
0.05225,0.1292,0.2563,0.9346,0.9995,-0.3484,993.0,927.0,2.0
-0.0963,0.0929,0.1565,0.8354,0.9995,-0.1805,920.5,1021.5,3.0
0.01836,0.1775,0.2295,0.8994,0.9995,-0.6353,1306.0,731.5,4.0
0.01799,0.11945,0.255,0.9087,0.9995,-0.374,844.0,1079.0,5.0
3.516,0.424,0.2089,0.844,0.9995,-0.3208,1144.0,979.5,6.0
0.0295,0.11786,0.2966,0.911,0.9995,-0.2357,803.0,956.0,7.0
0.006893,0.11176,0.2559,0.893,0.9995,-0.3848,677.0,1211.0,8.0
0.3281,0.05194,0.222,0.913,0.999,-0.2084,879.5,1241.0,9.0
-0.003477,0.1156,0.2024,0.832,0.9995,-0.3682,974.0,1062.0,10.0
0.03317,0.1307,0.1353,0.8477,0.9995,-0.5547,1012.0,964.0,11.0
0.004276,0.0898,0.291,0.8584,0.999,-0.2698,842.0,885.0,12.0
-0.013466,0.0846,0.2439,0.882,0.9995,0.011116,549.5,1158.0,13.0
-0.0488,0.12067,0.1796,0.862,0.9995,-0.3984,943.0,1032.0,14.0
0.0454,0.0839,0.2277,0.896,0.9995,-0.2418,877.5,1120.0,15.0
0.11456,0.098,0.10065,0.954,1.0,-0.1029,951.5,1147.0,1.0
0.01845,0.07794,0.2905,0.8657,0.9995,-0.3044,907.5,898.5,2.0
0.10284,0.135,0.3125,0.951,1.0,-0.014145,1178.0,1646.0,3.0
-0.002222,0.1034,0.184,0.9307,0.9995,-0.1488,975.0,1034.0,4.0
0.03912,0.1202,0.264,0.9116,0.9995,-0.4128,1160.0,974.0,5.0
0.02155,0.1107,0.2847,0.905,0.9995,-0.3557,941.0,828.0,6.0
0.8125,0.2214,0.416,0.982,1.0,0.001784,252.4,1086.0,7.0
0.2695,0.1631,0.346,0.943,0.9995,-0.1527,650.5,1014.5,8.0
0.01318,0.1412,0.2693,0.9487,0.9995,-0.1809,1069.0,590.5,9.0
-0.04468,0.1225,0.2476,0.958,0.9995,-0.02141,1300.0,1116.0,10.0
-0.0514,0.05136,0.188,0.8413,0.9995,-0.05313,1073.0,413.2,11.0
-0.010025,0.08954,0.2842,0.899,0.9995,-0.04184,840.0,1054.0,12.0
0.10114,0.0838,0.1619,0.8774,0.9995,-0.287,1085.0,407.2,13.0
-0.011856,0.1081,0.2578,0.9053,0.9995,-0.2391,1009.0,912.5,14.0
0.01529,0.07996,0.3062,0.867,0.9995,-0.3035,1047.0,941.0,15.0
0.2837,0.1333,0.3616,0.897,0.9995,-0.2715,973.0,913.5,1.0
-0.04538,0.05475,0.2383,0.788,0.9995,-0.2031,1271.0,480.2,2.0
0.00918,0.07135,0.2876,0.8716,0.9995,-0.2115,1047.0,655.5,3.0
0.09125,0.1112,0.3306,0.887,0.9995,-0.2732,1036.0,864.0,4.0
0.088,0.0794,0.3242,0.917,0.9995,-0.235,964.0,818.0,5.0
0.00231,0.03543,0.228,0.8564,0.9995,0.1056,1351.0,1142.0,6.0
0.0859,0.1025,0.2617,0.887,0.9995,-0.0423,1039.0,776.0,7.0
10.07,0.3284,0.876,0.8633,0.9995,0.5586,73.94,1247.0,8.0
0.0364,0.0999,0.272,0.831,0.9995,-0.3865,1308.0,765.5,9.0
0.01637,0.05054,0.2094,0.8296,0.9995,-0.1381,1257.0,693.0,10.0
-0.01782,0.06525,0.1381,0.8237,0.9995,0.03317,1234.0,765.5,11.0
-0.0076,0.0439,0.10144,0.7627,1.0,0.00976,1358.0,626.5,12.0
0.06555,0.02791,0.5527,0.71,1.0,0.06027,1038.0,1191.0,13.0
0.04666,0.04654,0.384,0.7695,0.9995,-0.02551,1114.0,929.5,14.0
-0.0376,0.0835,0.2428,0.8384,0.9995,-0.2384,1252.0,786.0,15.0
0.0792,0.10614,0.373,0.8823,0.9995,-0.4395,920.0,916.5,1.0
0.05573,0.1416,0.1375,0.8228,0.9995,-0.3127,808.0,799.5,2.0
0.0569,0.0923,0.3743,0.8833,0.9995,-0.3655,971.5,726.0,3.0
0.03275,0.09686,0.319,0.864,0.9995,-0.473,1008.5,860.0,4.0
-0.02556,0.1301,0.213,0.8657,0.9995,-0.4917,867.5,1132.0,5.0
-0.0495,0.1304,0.1195,0.8145,0.9995,-0.3103,527.5,1280.0,6.0
8.97,0.5312,0.3164,0.815,0.9995,0.1322,510.8,1353.0,7.0
-0.0098,0.09845,0.2612,0.887,0.9995,-0.2793,643.0,1039.0,8.0
0.0404,0.10986,0.2844,0.864,0.9995,-0.3557,874.5,822.0,9.0
0.02008,0.106,0.1056,0.807,0.9995,-0.4753,652.0,1067.0,10.0
36.7,0.999,0.5557,0.659,0.999,-0.2825,1090.0,1014.0,11.0
11.766,0.551,0.3906,0.752,0.9995,-0.3127,934.5,997.0,12.0
0.4763,0.1406,0.4119,0.9023,0.9995,-0.2429,1270.0,592.5,13.0
0.199,0.1217,0.3186,0.8735,0.9995,-0.293,1025.0,786.0,14.0
5.477,0.3582,0.3127,0.7915,0.9995,-0.2917,846.5,994.0,15.0
10.79,0.253,0.6436,0.6973,0.9995,0.227,585.5,826.5,1.0
0.6797,0.014305,0.4526,0.912,1.0,-0.1538,1396.0,692.5,2.0
0.0699,0.09454,0.393,0.8887,0.9995,-0.3489,987.0,876.0,3.0
0.1456,0.1494,0.231,0.864,0.9995,-0.3977,1142.0,997.0,4.0
0.1004,0.09656,0.4316,0.893,0.9995,-0.379,1082.0,862.0,5.0
-0.02922,0.1013,0.217,0.8184,0.9995,-0.4106,1117.0,974.5,6.0
0.0574,0.1267,0.2607,0.8687,0.9995,-0.386,1043.0,968.5,7.0
0.01573,0.1473,0.253,0.9233,0.9995,-0.3757,956.5,887.0,8.0
0.06165,0.1056,0.3484,0.882,0.9995,-0.3826,1007.0,903.5,9.0
-0.0627,0.1393,0.1389,0.8267,0.9995,-0.5728,1054.0,1087.0,10.0
3.883,0.1865,0.4465,0.7725,0.9995,-0.1137,811.5,924.0,11.0
55.12,0.752,0.964,0.555,1.0,-0.667,1806.0,1504.0,12.0
1.355,0.1414,0.3843,0.823,0.9995,-0.2205,908.0,925.5,13.0
48.1,0.607,0.1663,0.4036,0.9995,-0.62,1335.0,1697.0,14.0
0.009895,0.1122,0.2737,0.8887,0.9995,-0.409,1056.0,973.0,15.0
0.0752,0.058,0.326,0.923,0.9995,-0.05997,1119.0,809.0,1.0
0.0383,0.06238,0.3977,0.8286,0.9995,-0.257,957.0,1007.5,2.0
0.01359,0.08636,0.2803,0.841,0.9995,-0.463,937.5,898.0,3.0
0.02567,0.09607,0.315,0.876,0.9995,-0.398,1026.0,774.0,4.0
1.869,0.2078,0.747,0.904,0.9995,-0.97,726.5,1958.0,5.0
-0.08844,0.08344,0.1588,0.7603,0.9995,-0.3088,517.0,1428.0,6.0
-0.0899,0.1238,0.1453,0.8726,0.9995,-0.2252,517.5,876.0,7.0
0.06012,0.073,0.4106,0.85,0.9995,-0.3228,972.0,981.0,8.0
-0.0167,0.08093,0.2761,0.8823,0.9995,-0.1833,923.0,899.0,9.0
0.02126,0.0837,0.3027,0.838,0.9995,-0.272,838.0,992.5,10.0
1.076,0.4758,0.3284,0.9985,1.0,-0.6616,1658.0,124.0,11.0
0.9253,0.2869,0.2888,0.918,0.9995,-0.4875,1215.0,565.0,12.0
0.0404,0.0886,0.3213,0.8506,0.9995,-0.2847,827.0,955.5,13.0
0.02654,0.08795,0.3354,0.8804,0.9995,-0.2008,782.0,700.0,14.0
-0.0822,0.092,0.1354,0.8154,0.9995,-0.311,657.0,1273.0,15.0
18.5,0.7695,0.959,0.9087,0.999,0.09357,1178.0,733.5,1.0
0.4255,0.0914,0.2253,0.9663,0.9995,-0.3735,1384.0,282.8,2.0
-0.002428,0.1259,0.19,0.92,0.9995,-0.01729,1179.0,704.5,3.0
0.0406,0.1248,0.2302,0.9434,0.9995,-0.2502,1148.0,701.5,4.0
0.03436,0.0946,0.2798,0.9106,0.9995,-0.2654,1129.0,507.5,5.0
10.01,0.8774,0.73,0.993,0.9995,-0.7607,1244.0,649.5,6.0
0.1459,0.1036,0.2517,0.9375,0.9995,-0.3174,1225.0,491.5,7.0
-0.03354,0.1321,0.1884,0.963,1.0,-0.1152,1396.0,659.0,8.0
2.49,0.1243,0.295,0.852,1.0,0.2942,461.5,1553.0,9.0
0.03745,0.10077,0.338,0.899,0.9995,-0.3262,1102.0,690.5,10.0
-0.1005,0.1139,0.1436,0.9077,0.9995,-0.09045,1168.0,773.0,11.0
0.01807,0.1482,0.2147,0.9146,0.9995,-0.1971,1242.0,786.5,12.0
0.4602,0.1213,0.2646,0.8857,0.9995,0.02742,855.0,1082.0,13.0
0.003252,0.1307,0.2484,0.9097,0.9995,-0.3687,1384.0,501.2,14.0
0.00375,0.114,0.2786,0.9136,0.9995,-0.2212,1147.0,707.0,15.0
