like1,parKperc,parKb,parKe,parCqq,parBias,parS_init,parG_init,chain
20.92,0.765,0.9487,0.5674,1.0,-0.2747,1019.5,1194.0,0.0
15.0,0.5664,0.345,0.6357,0.9995,0.737,312.5,774.0,0.0
12.0,0.3162,0.944,0.8906,0.9995,0.729,1394.0,1390.0,0.0
0.9385,0.03128,0.1624,0.541,0.9995,0.0956,669.5,1072.0,0.0
22.56,0.4622,0.3643,0.2778,0.9995,0.6504,566.5,903.5,0.0
35.88,0.858,0.502,0.07495,0.9995,0.8604,505.0,1927.0,0.0
22.25,0.2778,0.435,0.2135,0.9995,-0.3987,805.5,292.2,0.0
18.1,0.577,0.727,0.617,0.999,0.9854,1030.0,1847.0,0.0
20.95,0.4915,0.897,0.4163,0.999,-0.03723,501.0,1093.0,0.0
28.12,0.832,0.7173,0.2365,0.9995,-0.99,598.0,1140.0,0.0
30.95,0.0634,0.6475,0.1001,0.9995,0.1045,988.0,237.5,0.0
13.78,0.2913,0.7173,0.548,1.0,-0.862,1543.0,192.1,0.0
4.492,0.02974,0.311,0.3926,1.0,0.000848,227.4,641.0,0.0
39.12,0.8467,0.5894,0.0355,0.999,0.911,1201.0,1829.0,0.0
38.88,0.882,0.1583,0.01395,0.9995,0.3413,766.0,1697.0,0.0
9.85,0.5127,0.10455,0.8594,0.9995,0.5503,354.8,551.5,0.0
24.8,0.6675,0.1627,0.212,0.9995,-0.7227,1107.0,1105.0,0.0
24.69,0.606,0.7095,0.2922,0.9995,-0.4214,894.5,633.5,0.0
11.56,0.3145,0.834,0.8594,0.9995,-0.0966,302.0,330.8,0.0
14.164,0.223,0.33,0.382,0.999,0.10974,488.0,1624.0,0.0
12.78,0.636,0.4128,0.936,1.0,0.27,557.5,1485.0,0.0
10.65,0.295,0.8955,0.966,0.9995,0.2457,1878.0,280.5,0.0
24.42,0.0723,0.901,0.167,1.0,-0.7686,638.5,1163.0,0.0
8.68,0.4177,0.1148,0.9033,0.9995,0.2893,1208.0,1728.0,0.0
14.17,0.5044,0.1956,0.5557,0.999,0.2644,1195.0,817.5,0.0
13.85,0.488,0.754,0.876,0.9995,-0.576,681.0,347.8,0.0
6.426,0.1914,0.1548,0.696,1.0,-0.881,703.0,66.06,0.0
32.16,0.9287,0.8374,0.1807,0.9995,-0.536,180.0,161.0,0.0
36.4,0.03717,0.9985,0.0283,0.9995,0.09875,137.1,1299.0,0.0
22.53,0.653,0.854,0.429,0.9995,0.536,332.8,1348.0,0.0
7.97,0.263,0.3892,0.9277,0.9995,-0.3262,1460.0,1703.0,0.0
19.98,0.655,0.4944,0.4429,0.999,0.1511,707.0,567.0,0.0
21.55,0.4216,0.956,0.3496,0.9995,-0.4644,966.5,1284.0,0.0
20.94,0.483,0.3164,0.3271,0.9995,0.8774,396.2,818.0,0.0
5.81,0.1023,0.7515,0.5957,0.9995,-0.7446,701.5,619.0,0.0
30.86,0.2422,0.8706,0.1036,0.9995,-0.379,970.5,1676.0,0.0
12.02,0.299,0.293,0.5645,1.0,-0.11816,1351.0,1280.0,0.0
28.23,0.9053,0.6763,0.2382,1.0,-0.9834,639.5,1955.0,0.0
21.66,0.3923,0.4072,0.261,1.0,-0.68,642.5,1016.5,0.0
36.97,0.756,0.856,0.0728,0.999,0.0981,318.0,1622.0,0.0
20.19,0.903,0.651,0.577,1.0,0.6396,288.5,1403.0,0.0
37.84,0.8994,0.8784,0.07947,1.0,0.3276,395.5,557.5,0.0
8.8,0.2212,0.587,0.831,0.999,0.2297,950.0,1496.0,0.0
14.75,0.7964,0.4607,0.8467,1.0,0.1849,1082.0,458.8,0.0
25.69,0.9204,0.583,0.3137,0.999,0.3958,1055.0,103.5,0.0
16.0,0.9443,0.3054,0.619,1.0,0.03564,1898.0,523.0,0.0
17.06,0.7227,0.7974,0.818,1.0,0.0809,259.0,149.9,0.0
15.266,0.504,0.645,0.735,0.9995,0.3425,698.0,1121.0,0.0
20.73,0.737,0.795,0.5156,0.9995,-0.2108,383.0,852.5,0.0
17.6,0.349,0.972,0.4897,1.0,0.742,1466.0,182.4,0.0
13.5,0.358,0.723,0.698,0.9995,-0.3364,1634.0,1422.0,0.0
29.97,0.3528,0.6797,0.1317,0.9995,0.879,36.88,26.1,0.0
12.81,0.606,0.1807,0.6255,0.9995,-0.8555,1485.0,1437.0,0.0
20.06,0.414,0.1664,0.2834,0.9995,-0.3008,1128.0,1978.0,0.0
20.38,0.1646,0.10175,0.2198,0.9995,0.0409,1213.0,1977.0,0.0
30.39,0.5557,0.2605,0.11536,0.9995,-0.1443,1589.0,65.0,0.0
15.695,0.756,0.4753,0.7075,0.999,-0.712,1454.0,1800.0,0.0
7.285,0.2551,0.319,0.9404,0.9995,-0.298,558.5,1790.0,0.0
20.22,0.892,0.7754,0.618,1.0,0.0909,1273.0,1062.0,0.0
17.7,0.877,0.3218,0.5205,1.0,0.1448,661.5,924.5,0.0
15.75,0.5806,0.638,0.761,0.9995,0.412,985.0,1938.0,0.0
31.6,0.8374,0.3503,0.129,1.0,0.59,1195.0,1628.0,0.0
10.0,0.327,0.2102,0.707,1.0,0.0363,1382.0,1381.0,0.0
13.9,0.942,0.3335,0.836,0.9995,0.05792,668.5,291.5,0.0
18.56,0.992,0.3992,0.5054,0.9995,-0.848,1080.0,1522.0,0.0
17.44,0.3367,0.6396,0.4219,0.9995,-0.0853,683.0,295.2,0.0
12.305,0.363,0.85,0.8545,0.9995,-0.919,885.0,1176.0,0.0
12.08,0.2471,0.6006,0.5806,0.9995,-0.1649,1282.0,207.9,0.0
23.98,0.3496,0.564,0.212,1.0,-0.3108,385.5,1229.0,0.0
13.11,0.827,0.354,0.981,0.999,0.8335,1405.0,172.6,0.0
7.445,0.1683,0.7783,0.8345,1.0,0.1338,1313.0,1848.0,0.0
36.84,0.2238,0.4438,0.02686,0.9995,-0.9155,1494.0,970.5,0.0
18.56,0.8716,0.8657,0.8486,0.9995,0.669,1623.0,831.5,0.0
17.23,0.7427,0.1415,0.4531,0.9995,0.2732,1485.0,350.5,0.0
15.305,0.4602,0.93,0.742,0.9995,-0.6562,620.0,581.5,0.0
31.31,0.4937,0.5815,0.12225,0.999,0.6807,1323.0,68.8,0.0
14.08,0.4553,0.985,0.874,0.999,-0.9756,1620.0,347.0,0.0
18.67,0.3188,0.9873,0.4082,0.9995,0.728,277.2,1288.0,0.0
10.83,0.51,0.2479,0.8027,1.0,-0.838,1481.0,187.4,0.0
13.41,0.7515,0.3176,0.8267,0.999,0.545,1888.0,1916.0,0.0
15.66,0.4387,0.998,0.7197,0.999,-0.02403,453.5,1903.0,0.0
13.1,0.8438,0.4094,0.971,1.0,-0.6494,597.5,101.94,0.0
7.906,0.2036,0.944,0.989,0.9995,-0.1433,562.0,1523.0,0.0
10.625,0.4282,0.316,0.8237,0.9995,-0.6987,1817.0,733.5,0.0
12.36,0.3276,0.759,0.7397,0.9995,-0.8203,1830.0,1611.0,0.0
10.84,0.1957,0.5435,0.5625,0.9995,0.4358,572.5,1629.0,0.0
4.562,0.1181,0.4094,0.7783,0.9995,-0.468,920.5,895.5,0.0
34.53,0.248,0.502,0.0551,1.0,-0.7534,1239.0,1949.0,0.0
22.14,0.849,0.946,0.522,0.999,-0.69,735.0,689.5,0.0
36.56,0.06158,0.5264,0.0395,0.999,0.4036,922.5,1306.0,0.0
9.91,0.466,0.2405,0.8994,1.0,-0.2333,1886.0,1918.0,0.0
18.7,0.2822,0.9624,0.361,0.9995,0.581,1073.0,1859.0,0.0
9.67,0.2551,0.8745,0.8926,0.9995,-0.7397,990.0,1759.0,0.0
14.79,0.4028,0.973,0.7725,0.999,0.687,104.4,1990.0,0.0
12.62,0.3745,0.6934,0.853,0.9995,0.487,1866.0,964.5,0.0
38.44,0.4553,0.491,0.0261,0.9995,0.7964,397.5,174.0,0.0
11.68,0.2106,0.415,0.4797,0.9995,-0.5923,1233.0,1118.0,0.0
11.08,0.45,0.3489,0.8633,0.9995,-0.2029,19.8,1459.0,0.0
2.686,0.055,0.9927,0.598,1.0,-0.627,1440.0,806.0,0.0
7.082,0.0995,0.661,0.5317,1.0,0.871,1290.0,1492.0,0.0
17.06,0.5903,0.563,0.568,0.999,-0.8066,1715.0,1650.0,0.0
19.25,0.8364,0.9434,0.769,1.0,0.09827,1098.0,262.5,0.0
13.24,0.8726,0.3271,0.8496,0.9995,-0.3555,1199.0,1474.0,0.0
11.46,0.3735,0.59,0.8794,0.9995,-0.4885,448.8,347.2,0.0
19.92,0.6255,0.7856,0.4883,0.9995,-0.988,1468.0,1362.0,0.0
11.33,0.2817,0.3833,0.6304,1.0,0.00871,258.5,66.6,0.0
20.33,0.722,0.654,0.4783,0.999,-0.5654,1886.0,646.0,0.0
27.4,0.74,0.12335,0.1838,0.9995,0.8066,1265.0,1501.0,0.0
16.75,0.669,0.5225,0.658,0.999,0.369,431.0,1421.0,0.0
16.7,0.3684,0.618,0.4568,1.0,-0.952,697.0,1098.0,0.0
17.8,0.5244,0.629,0.542,0.999,0.196,1232.0,1003.5,0.0
15.26,0.5806,0.895,0.932,1.0,-0.0848,330.2,2.682,0.0
31.78,0.988,0.3928,0.1412,1.0,0.438,1669.0,1234.0,0.0
13.32,0.0869,0.7715,0.3052,0.999,0.3274,1355.0,1150.0,0.0
16.7,0.2008,0.781,0.3086,0.9995,-0.2324,274.0,867.0,0.0
20.97,0.607,0.615,0.4023,0.9995,-0.6133,1622.0,189.6,0.0
12.58,0.7686,0.3816,0.9854,0.999,-0.1997,1735.0,885.0,0.0
12.89,0.8853,0.1531,0.7563,0.9995,0.8647,837.0,911.5,0.0
8.66,0.4133,0.2166,0.926,0.9995,-0.771,868.5,242.9,0.0
13.266,0.1725,0.1396,0.3318,0.9995,-0.014,128.9,164.1,0.0
20.23,0.784,0.5933,0.5117,0.999,0.5884,317.2,1042.0,0.0
10.17,0.08636,0.3892,0.3394,0.9995,-0.2192,905.0,1356.0,0.0
21.45,0.949,0.3884,0.3967,0.9995,0.0512,1627.0,770.0,0.0
11.61,0.3406,0.7305,0.853,0.9995,-0.644,728.5,106.4,0.0
14.59,0.653,0.3152,0.666,1.0,0.2275,1080.0,436.5,0.0
14.93,0.7256,0.4775,0.7993,0.9995,-0.0010395,1712.0,444.2,0.0
9.84,0.1164,0.2603,0.355,0.9995,-0.933,1395.0,251.9,0.0
12.14,0.1461,0.7773,0.3765,0.9995,-0.05048,171.1,265.2,0.0
37.3,0.4248,0.321,0.03052,0.999,0.1407,835.5,972.5,0.0
27.16,0.8325,0.393,0.2062,0.999,-0.88,945.5,54.4,0.0
16.39,0.1562,0.357,0.265,0.9995,-0.9375,289.8,1070.0,0.0
19.73,0.954,0.7046,0.6484,0.9995,0.2825,365.5,1398.0,0.0
21.81,0.4734,0.7905,0.341,0.999,-0.9297,1057.0,541.0,0.0
15.305,0.3374,0.8955,0.609,0.999,0.932,1844.0,131.6,0.0
10.83,0.2842,0.772,0.9062,1.0,0.9067,1021.0,503.5,0.0
21.73,0.8354,0.709,0.4563,0.9995,-0.7607,1242.0,864.5,0.0
13.77,0.759,0.134,0.6445,0.999,0.7563,1457.0,951.0,0.0
14.75,0.733,0.55,0.8926,1.0,-0.05545,1757.0,1152.0,0.0
21.3,0.5024,0.745,0.372,0.9995,-0.696,991.0,472.5,0.0
23.78,0.0919,0.2124,0.1764,1.0,-0.513,295.2,613.5,0.0
13.805,0.3647,0.6045,0.6533,1.0,-0.03925,480.0,1666.0,0.0
18.2,0.72,0.4255,0.4995,0.999,-0.4287,55.2,254.0,0.0
18.66,0.7217,0.6694,0.629,1.0,0.728,1171.0,924.0,0.0
29.81,0.9087,0.7695,0.2267,0.9995,-0.1831,1856.0,511.5,0.0
24.31,0.4949,0.601,0.2769,0.999,0.8164,923.0,266.5,0.0
21.48,0.5293,0.9146,0.4077,0.9995,-0.4465,1801.0,1474.0,0.0
23.83,0.4543,0.3486,0.229,0.9995,-0.0673,411.2,686.5,0.0
21.94,0.4868,0.931,0.3765,0.999,-0.118,525.0,12.266,0.0
34.28,0.9473,0.82,0.1389,0.9995,-0.2498,1034.0,1930.0,0.0
12.25,0.1316,0.8584,0.3496,0.999,-0.213,88.0,484.0,0.0
18.2,0.6675,0.9263,0.714,1.0,-0.1547,535.5,140.1,0.0
26.83,0.1924,0.7905,0.1582,1.0,0.9185,516.5,397.8,0.0
21.75,0.863,0.772,0.4841,0.999,-0.767,1025.0,22.31,0.0
8.57,0.3655,0.3098,0.965,0.9995,-0.9106,34.22,1579.0,0.0
13.98,0.3096,0.6074,0.5806,0.9995,0.3887,580.0,163.2,0.0
18.88,0.75,0.862,0.663,0.9995,-0.7817,1129.0,253.2,0.0
24.81,0.8364,0.3806,0.2896,1.0,0.697,487.8,1238.0,0.0
20.23,0.8003,0.7983,0.564,0.999,-0.5977,603.0,1841.0,0.0
15.78,0.689,0.785,0.9204,0.999,-0.2246,1675.0,757.5,0.0
9.28,0.1416,0.763,0.4958,0.9995,-0.7456,37.72,1453.0,0.0
11.3,0.394,0.399,0.812,0.999,-0.1622,542.5,338.2,0.0
35.06,0.714,0.2275,0.05515,1.0,-0.2413,882.5,399.0,0.0
14.6,0.711,0.5356,0.9116,0.999,0.4443,1193.0,1159.0,0.0
10.77,0.2825,0.9976,0.9575,0.9995,0.6143,270.2,847.0,0.0
17.19,0.3228,0.5713,0.4038,0.9995,-0.2808,1508.0,1013.5,0.0
20.64,0.7573,0.9316,0.5884,0.9995,0.1302,344.0,1923.0,0.0
20.7,0.3667,0.4136,0.2878,0.999,0.01625,70.2,1036.0,0.0
30.75,0.813,0.511,0.1656,0.9995,0.8403,1421.0,1599.0,0.0
17.52,0.707,0.453,0.5957,0.9995,0.9404,1476.0,1289.0,0.0
19.08,0.4983,0.9443,0.514,0.9995,-0.1506,1556.0,402.8,0.0
9.445,0.2462,0.4314,0.714,0.9995,-0.6377,1241.0,1529.0,0.0
-0.2225,0.011406,0.506,0.6167,1.0,-0.914,742.5,1380.0,0.0
20.97,0.595,0.743,0.448,0.999,0.3386,355.2,1277.0,0.0
14.97,0.2627,0.188,0.3728,1.0,0.2688,1365.0,1364.0,0.0
12.016,0.8833,0.1267,0.774,0.9995,0.2443,292.0,939.0,0.0
15.875,0.5093,0.3445,0.5396,0.999,0.43,62.34,289.0,0.0
18.75,0.3767,0.23,0.3267,0.9995,0.197,1873.0,103.7,0.0
9.01,0.2098,0.2756,0.611,0.9995,-0.2389,1190.0,208.2,0.0
15.43,0.4727,0.845,0.7466,0.9995,-0.02304,1162.0,46.7,0.0
10.24,0.9756,0.1356,0.9644,0.999,-0.4536,70.7,963.5,0.0
13.91,0.73,0.3367,0.782,0.999,0.3618,164.8,379.5,0.0
18.95,0.815,0.7866,0.66,1.0,-0.718,1850.0,847.5,0.0
10.664,0.3374,0.3054,0.6904,1.0,-0.6924,1291.0,1698.0,0.0
12.85,0.4763,0.4521,0.7886,0.9995,-0.3005,741.5,584.5,0.0
25.08,0.9595,0.5674,0.323,0.9995,-0.2231,18.14,1801.0,0.0
16.03,0.4382,0.726,0.637,0.9995,0.645,1275.0,523.0,0.0
22.83,0.5693,0.99,0.3862,0.999,-0.288,686.5,1031.0,0.0
13.1,0.821,0.1542,0.699,0.9995,0.2625,1284.0,1015.5,0.0
26.23,0.691,0.3645,0.2222,0.9995,0.2218,1400.0,886.0,0.0
13.414,0.809,0.256,0.7227,0.9995,-0.551,297.0,1812.0,0.0
29.95,0.9165,0.752,0.2245,0.999,0.04477,643.5,1239.0,0.0
9.73,0.1746,0.519,0.525,1.0,-0.982,682.5,1482.0,0.0
38.0,0.0824,0.2158,0.01545,0.9995,-0.73,446.2,202.6,0.0
13.72,0.7817,0.3013,0.7397,0.999,-0.4482,1088.0,172.5,0.0
17.14,0.84,0.2274,0.499,0.999,0.2317,824.5,341.5,0.0
3.068,0.04938,0.855,0.512,0.9995,0.02444,1839.0,597.5,0.0
10.52,0.601,0.158,0.808,0.9995,-0.654,815.0,1397.0,0.0
26.03,0.6245,0.3743,0.2185,0.9995,0.1971,810.5,332.8,0.0
4.406,0.11896,0.2683,0.7373,0.999,-0.4224,820.0,1016.5,0.0
15.79,0.4177,0.3384,0.4595,0.9995,-0.896,580.5,739.0,0.0
18.86,0.948,0.785,0.752,0.9995,-0.485,1705.0,539.0,0.0
14.23,0.871,0.532,0.996,1.0,-0.963,863.0,971.0,0.0
15.57,0.8457,0.2435,0.6055,1.0,0.567,1776.0,113.75,0.0
13.9,0.1683,0.4583,0.3535,0.9995,0.988,1127.0,1364.0,0.0
15.88,0.4536,0.222,0.4478,1.0,-0.4268,1746.0,511.5,0.0
17.5,0.7476,0.4978,0.609,1.0,0.1361,300.2,1319.0,0.0
20.53,0.7954,0.687,0.5156,0.9995,-0.0422,630.5,1528.0,0.0
16.4,0.5024,0.5977,0.587,0.9995,-0.3423,589.5,1053.0,0.0
17.8,0.4736,0.743,0.533,0.9995,-0.00865,1008.0,1732.0,0.0
16.56,0.844,0.5566,0.7944,0.9995,0.6123,325.5,1780.0,0.0
39.9,0.664,0.685,0.01523,1.0,-0.0142,1452.0,409.0,0.0
26.66,0.7554,0.7344,0.2732,1.0,-0.4702,741.0,1899.0,0.0
19.58,0.792,0.1708,0.3757,1.0,-0.12146,831.0,1501.0,0.0
26.6,0.934,0.774,0.3254,0.999,0.0645,1628.0,1505.0,0.0
19.11,0.505,0.625,0.4692,1.0,0.4053,90.25,1812.0,0.0
37.75,0.8633,0.1741,0.02083,1.0,-0.4988,1162.0,478.8,0.0
20.11,0.5425,0.1173,0.2976,0.9995,-0.914,1.375,690.0,0.0
18.28,0.6704,0.135,0.401,0.999,0.1304,285.5,1023.5,0.0
17.55,0.4053,0.3699,0.427,0.999,0.638,357.0,1000.5,0.0
27.45,0.867,0.8164,0.2856,0.9995,-0.543,188.5,1892.0,0.0
7.703,0.198,0.3413,0.804,1.0,0.9453,1816.0,1136.0,0.0
16.08,0.607,0.7993,0.856,0.999,0.7354,1151.0,965.5,0.0
13.516,0.815,0.2238,0.735,0.999,0.4607,527.5,1522.0,0.0
25.77,0.7783,0.566,0.2727,0.999,-0.48,1067.0,732.0,0.0
20.31,0.3357,0.687,0.3147,0.9995,-0.10486,980.5,997.0,0.0
15.97,0.5947,0.4756,0.6787,0.999,0.9937,1750.0,184.1,0.0
17.11,0.7036,0.871,0.8853,0.999,0.8833,895.5,525.0,0.0
26.73,0.7964,0.772,0.305,1.0,0.698,1585.0,628.5,0.0
8.06,0.1678,0.9146,0.814,0.9995,0.698,446.8,1564.0,0.0
9.6,0.2484,0.259,0.643,0.9995,-0.05154,1220.0,1192.0,0.0
25.36,0.3325,0.4956,0.1788,0.9995,-0.3032,1078.0,82.9,0.0
12.3,0.3318,0.8374,0.7827,1.0,-0.787,751.5,1080.0,0.0
12.875,0.4402,0.7603,0.974,1.0,0.313,1615.0,1678.0,0.0
26.06,0.9233,0.61,0.298,1.0,-0.2445,1049.0,650.5,0.0
15.64,0.4954,0.631,0.6724,0.9995,0.11523,807.0,90.9,0.0
19.14,0.6157,0.4822,0.4783,0.999,0.693,1193.0,962.5,0.0
19.52,0.7983,0.8936,0.672,0.9995,-0.313,147.1,1713.0,0.0
16.95,0.904,0.6865,0.862,0.9995,-0.3174,1049.0,1161.0,0.0
15.44,0.623,0.2593,0.5806,0.9995,0.885,44.2,841.0,0.0
14.83,0.1997,0.246,0.3167,0.999,-0.4043,1434.0,19.38,0.0
14.414,0.642,0.613,0.968,1.0,0.684,737.5,828.5,0.0
15.15,0.561,0.9473,0.953,1.0,0.05566,1199.0,1033.0,0.0
26.44,0.7593,0.554,0.2668,1.0,0.6074,1785.0,545.5,0.0
7.195,0.22,0.2003,0.7935,0.999,0.3,61.9,793.5,0.0
13.766,0.533,0.3577,0.666,0.9995,-0.5234,1031.0,131.5,0.0
12.07,0.3625,0.2142,0.6187,0.9995,0.622,1047.0,1101.0,0.0
30.22,0.8003,0.3735,0.1365,0.999,-0.885,1564.0,912.0,0.0
10.73,0.2059,0.597,0.5737,1.0,-0.42,1794.0,829.5,0.0
23.45,0.1641,0.457,0.1812,0.9995,-0.7227,218.5,1179.0,0.0
20.12,0.5625,0.2465,0.3538,1.0,0.4797,502.0,721.5,0.0
11.29,0.799,0.299,0.9937,0.9995,-0.9624,1506.0,739.0,0.0
30.42,0.6445,0.312,0.1267,0.999,0.1522,830.5,764.0,0.0
15.87,0.893,0.3826,0.7236,1.0,0.792,1861.0,499.0,0.0
34.06,0.3909,0.9976,0.0801,0.999,-0.04486,634.0,1651.0,0.0
17.1,0.625,0.956,0.773,1.0,-0.664,102.06,1433.0,0.0
14.86,0.2024,0.801,0.3992,1.0,0.8164,1194.0,238.2,0.0
15.664,0.2698,0.5703,0.4006,0.9995,-0.7812,912.5,1669.0,0.0
0.2399,0.04803,0.285,0.9653,0.9995,-0.3936,191.9,467.2,0.0
25.62,0.5933,0.9883,0.3098,0.9995,0.398,910.0,1176.0,0.0
14.35,0.8,0.4294,0.824,1.0,-0.3904,1171.0,409.8,0.0
30.08,0.937,0.846,0.2466,0.9995,0.406,1192.0,36.56,0.0
20.55,0.7925,0.937,0.6006,0.9995,-0.4355,18.02,589.0,0.0
12.38,0.3252,0.8906,0.8267,0.9995,0.289,709.5,890.0,0.0
33.03,0.9307,0.57,0.1235,0.9995,-0.5303,109.06,1523.0,0.0
16.08,0.64,0.8296,0.8315,1.0,-0.7944,1606.0,549.0,0.0
18.69,0.958,0.9355,0.9375,0.9995,-0.2522,298.8,1737.0,0.0
14.17,0.616,0.2455,0.635,0.999,0.4006,1709.0,1992.0,0.0
27.58,0.1031,0.5786,0.139,0.9995,0.1489,1317.0,312.5,0.0
10.78,0.8784,0.1833,0.9736,1.0,-0.01052,1547.0,564.5,0.0
32.16,0.2236,0.9536,0.09265,0.999,0.2659,156.2,434.5,0.0
18.78,0.7886,0.4353,0.525,1.0,0.713,322.0,492.5,0.0
8.15,0.2286,0.442,0.8574,0.999,0.1454,758.5,1909.0,0.0
4.332,0.0707,0.872,0.546,0.999,-0.4758,952.5,1083.0,0.0
15.76,0.2727,0.531,0.438,0.9995,0.918,1211.0,1429.0,0.0
33.97,0.913,0.101,0.0752,1.0,0.2238,1534.0,1044.0,0.0
19.05,0.7476,0.256,0.4163,1.0,0.07764,950.5,926.0,0.0
10.82,0.2666,0.828,0.8403,0.9995,0.553,74.4,909.0,0.0
6.805,0.09814,0.4905,0.4563,1.0,-0.6426,1790.0,896.5,0.0
22.64,0.921,0.1697,0.2898,1.0,-0.746,290.8,1545.0,0.0
38.03,0.1307,0.759,0.02113,1.0,0.1185,133.1,10.84,0.0
13.41,0.265,0.6675,0.55,1.0,0.07965,491.8,843.0,0.0
10.95,0.538,0.1902,0.756,0.999,-0.837,1394.0,960.0,0.0
15.49,0.526,0.564,0.7036,0.999,0.584,830.0,1122.0,0.0
24.42,0.914,0.2103,0.2493,0.9995,-0.977,1199.0,788.5,0.0
16.53,0.924,0.5415,0.789,0.9995,0.002054,446.8,340.2,0.0
23.02,0.959,0.5107,0.364,0.999,-0.8496,873.5,758.5,0.0
11.445,0.1606,0.1787,0.3584,1.0,-0.7812,527.5,519.5,0.0
14.54,0.4878,0.5845,0.696,1.0,-0.9067,111.1,1974.0,0.0
18.97,0.1554,0.9917,0.2542,1.0,0.9077,857.0,703.5,0.0
29.86,0.956,0.621,0.2158,0.9995,0.489,1443.0,1965.0,0.0
28.75,0.9077,0.968,0.2954,0.9995,0.1094,1473.0,691.5,0.0
15.734,0.5054,0.6455,0.716,1.0,0.837,1213.0,238.5,0.0
36.0,0.987,0.323,0.05463,0.999,-0.1318,1704.0,909.5,0.0
14.59,0.3044,0.34,0.4468,1.0,-0.3728,1579.0,538.5,0.0
28.6,0.363,0.8687,0.1583,0.9995,0.7656,1333.0,10.695,0.0
11.86,0.6094,0.2798,0.802,0.9995,-0.8027,1729.0,1301.0,0.0
16.19,0.5596,0.678,0.7183,1.0,0.3323,1531.0,1084.0,0.0
10.52,0.5317,0.1085,0.7554,0.999,-0.3003,1681.0,802.0,0.0
17.05,0.6357,0.648,0.697,1.0,0.584,304.5,1696.0,0.0
26.11,0.878,0.2008,0.2062,0.9995,-0.9097,1354.0,1841.0,0.0
16.25,0.6177,0.51,0.667,0.9995,0.4578,787.5,730.5,1.0
17.17,0.736,0.7266,0.7974,0.999,0.5854,1744.0,286.2,2.0
14.24,0.8096,0.26,0.709,0.9995,0.4883,744.0,1691.0,3.0
16.1,0.9673,0.5957,0.9526,0.9995,0.2512,541.0,840.0,4.0
15.1,0.6777,0.2927,0.617,0.9995,0.2211,1228.0,720.5,5.0
7.465,0.1758,0.445,0.7505,0.9995,0.086,496.0,653.0,6.0
10.6,0.137,0.3762,0.3755,0.999,-0.5083,1431.0,244.0,7.0
6.03,0.10785,0.3057,0.529,0.9995,-0.508,877.0,1394.0,8.0
11.53,0.2388,0.4026,0.5537,0.9995,0.010635,786.0,1243.0,9.0
14.65,0.6304,0.514,0.8086,0.9995,0.0829,749.0,953.0,10.0
16.61,0.5576,0.6323,0.6274,0.9995,-0.3364,1160.0,945.0,11.0
3.814,0.1015,0.3596,0.838,0.9995,0.4277,682.5,1108.0,12.0
7.33,0.2314,0.2502,0.83,0.9995,0.1484,1415.0,610.0,13.0
13.555,0.5283,0.351,0.716,0.9995,0.259,940.0,1295.0,14.0
1.275,0.04742,0.6445,0.8296,0.999,0.1318,1655.0,190.2,15.0
18.17,0.416,0.6284,0.458,0.9995,0.2722,1021.5,503.5,1.0
17.92,0.6704,0.6694,0.6133,0.999,-0.4302,1007.5,369.0,2.0
18.61,0.702,0.982,0.712,0.999,-0.6104,1560.0,1644.0,3.0
16.23,0.7925,0.434,0.655,1.0,-0.3997,184.6,1493.0,4.0
19.88,0.8403,0.1902,0.3633,1.0,-0.729,396.0,1559.0,5.0
5.21,0.1456,0.416,0.914,0.999,0.248,1566.0,453.0,6.0
3.203,0.069,0.732,0.805,0.9995,0.938,81.2,194.8,7.0
14.8,0.844,0.2944,0.679,0.999,-0.03607,1170.0,1685.0,8.0
12.99,0.3054,0.5474,0.61,0.9995,-0.005413,821.5,613.0,9.0
13.21,0.3774,0.687,0.755,0.999,-0.1755,1730.0,662.0,10.0
13.74,0.577,0.3687,0.7334,0.9995,-0.00638,1012.0,1202.0,11.0
15.06,0.5737,0.3318,0.5845,0.9995,-0.2893,543.0,1092.0,12.0
15.016,0.5454,0.67,0.7817,0.9995,-0.371,1112.0,1308.0,13.0
5.234,0.1476,0.6133,0.9556,1.0,-0.6245,6.266,68.94,14.0
7.15,0.1967,0.2023,0.7417,0.9995,0.345,436.0,342.2,15.0
10.27,0.4683,0.3423,0.977,0.999,-0.2324,304.5,1271.0,1.0
13.93,0.6157,0.2705,0.6294,0.9995,-0.5234,1553.0,27.34,2.0
15.28,0.533,0.4207,0.615,0.9995,0.05182,661.5,1043.0,3.0
14.3,0.4524,0.5806,0.7305,0.9995,0.2522,1049.0,839.0,4.0
13.99,0.4258,0.59,0.6978,0.9995,-0.4087,694.5,622.0,5.0
16.92,0.537,0.869,0.6997,0.999,0.1786,292.5,536.5,6.0
3.139,0.07574,0.1798,0.6997,0.9995,0.621,888.0,1598.0,7.0
6.098,0.1896,0.288,0.8423,0.9995,-0.3923,1569.0,696.0,8.0
0.7603,0.03583,0.583,0.865,1.0,0.763,331.8,1084.0,9.0
14.945,0.05884,0.13,0.2793,0.9995,0.1855,159.9,1375.0,10.0
10.5,0.4995,0.3506,0.9463,0.9995,-0.923,156.4,58.22,11.0
10.266,0.397,0.3203,0.8257,0.9995,-0.723,1127.0,1485.0,12.0
11.54,0.4302,0.2869,0.729,0.9995,-0.3215,1118.0,443.8,13.0
9.85,0.2246,0.2295,0.5703,0.9995,-0.1197,439.5,489.5,14.0
8.94,0.2007,0.44,0.6636,0.9995,-0.2476,1318.0,891.0,15.0
11.14,0.11584,0.2705,0.3525,0.9995,0.934,1391.0,154.5,1.0
7.28,0.2817,0.1871,0.988,0.999,0.841,1134.0,342.0,2.0
15.32,0.521,0.4731,0.6577,0.9995,0.559,1380.0,982.0,3.0
14.57,0.4944,0.703,0.7915,0.9995,-0.2974,1325.0,579.5,4.0
4.56,0.06854,0.5835,0.469,1.0,-0.718,909.0,1795.0,5.0
9.24,0.4941,0.1455,0.946,1.0,0.407,1882.0,771.5,6.0
8.63,0.0284,0.347,0.344,1.0,0.275,186.5,890.5,7.0
3.383,0.11194,0.402,0.9727,0.9995,-0.1909,1197.0,1710.0,8.0
13.52,0.916,0.375,0.961,1.0,0.277,1615.0,505.8,9.0
18.45,0.541,0.705,0.5024,0.9995,-0.9785,436.2,1379.0,10.0
17.89,0.3901,0.632,0.4443,0.9995,-0.0889,476.5,1043.0,11.0
12.875,0.5576,0.5107,0.9146,1.0,-0.4373,1006.0,1057.0,12.0
14.47,0.3726,0.5874,0.5913,0.9995,-0.4963,734.5,1215.0,13.0
12.625,0.5654,0.3633,0.845,0.9995,0.2764,1410.0,710.0,14.0
12.21,0.326,0.5337,0.6934,0.9995,-0.1737,909.5,1141.0,15.0
18.12,0.699,0.6465,0.587,0.9995,-0.858,1316.0,293.8,1.0
14.47,0.88,0.3174,0.7607,0.999,0.458,1483.0,1512.0,2.0
8.85,0.2234,0.9395,0.9043,0.9995,-0.589,1514.0,655.0,3.0
14.13,0.6006,0.6724,0.911,0.9995,-0.9824,1678.0,1490.0,4.0
18.33,0.497,0.4443,0.4595,0.9995,0.651,354.2,687.0,5.0
17.94,0.6724,0.7446,0.651,0.9995,-0.3782,976.5,846.0,6.0
16.05,0.47,0.535,0.589,0.9995,0.4004,801.5,874.5,7.0
15.01,0.3276,0.3425,0.46,0.9995,0.00534,1139.0,1456.0,8.0
14.56,0.467,0.528,0.686,0.9995,0.1311,1115.0,993.5,9.0
6.547,0.1667,0.4434,0.8496,0.9995,0.448,1603.0,1437.0,10.0
5.254,0.145,0.6694,0.9478,1.0,-0.7646,526.0,1736.0,11.0
13.766,0.3735,0.9326,0.7793,0.9995,0.002745,1164.0,345.2,12.0
13.586,0.2668,0.9844,0.587,0.9995,0.0999,38.66,1978.0,13.0
9.54,0.2261,0.7007,0.779,0.9995,-0.189,1270.0,1373.0,14.0
10.04,0.252,0.528,0.7515,0.999,0.0522,1622.0,1093.0,15.0
0.6445,0.03014,0.1248,0.7686,0.9995,0.937,615.5,1921.0,1.0
15.29,0.2172,0.4912,0.344,0.9995,-0.4224,973.0,220.9,2.0
12.41,0.6797,0.2776,0.8564,0.999,0.5884,1143.0,635.5,3.0
3.867,0.0922,0.4814,0.765,1.0,0.02397,657.0,715.0,4.0
17.2,0.9517,0.5776,0.7896,0.9995,0.463,1168.0,1629.0,5.0
14.016,0.282,0.7046,0.5566,0.9995,0.3694,1114.0,553.5,6.0
4.03,0.0905,0.6177,0.6934,0.9995,-0.907,839.0,1868.0,7.0
10.41,0.1578,0.4392,0.441,0.9995,-0.4534,507.5,990.5,8.0
-0.4873,0.01315,0.4177,0.6924,0.999,0.00493,699.0,897.5,9.0
11.91,0.2417,0.896,0.6147,0.999,-0.754,584.0,1374.0,10.0
33.1,0.545,0.839,0.1138,1.0,0.673,1457.0,1078.0,11.0
12.57,0.3865,0.5547,0.8,0.9995,0.331,661.5,918.5,12.0
18.1,0.95,0.615,0.7573,1.0,0.9775,617.5,1991.0,13.0
11.266,0.2915,0.5615,0.746,0.9995,0.2133,648.5,987.5,14.0
15.38,0.5312,0.557,0.7095,0.9995,0.4683,742.0,1513.0,15.0
10.48,0.3306,0.5273,0.941,0.999,0.5947,1750.0,953.0,1.0
16.28,0.467,0.7217,0.615,0.9995,-0.1453,1114.0,818.5,2.0
10.3,0.7266,0.161,0.9316,0.999,-0.05212,1680.0,1597.0,3.0
10.586,0.4473,0.3372,0.914,0.999,-0.1202,831.5,1769.0,4.0
15.89,0.1941,0.6465,0.308,0.9995,-0.7656,1355.0,1778.0,5.0
9.99,0.3447,0.2174,0.724,0.9995,-0.1779,640.0,1595.0,6.0
20.17,0.7017,0.3774,0.3997,0.9995,-0.2051,1181.0,1166.0,7.0
8.42,0.2438,0.4858,0.8965,0.999,0.03113,1349.0,1813.0,8.0
17.8,0.4944,0.4294,0.4639,0.999,0.1478,1214.0,499.8,9.0
15.39,0.6357,0.449,0.6787,1.0,-0.2014,934.5,1711.0,10.0
12.695,0.2393,0.575,0.514,0.9995,-0.431,1080.0,1494.0,11.0
11.57,0.2844,0.5024,0.657,0.9995,-0.2568,995.5,1443.0,12.0
13.586,0.4658,0.4695,0.723,0.9995,-0.2032,811.0,1579.0,13.0
3.857,0.0643,0.838,0.6455,0.999,0.9385,261.8,1267.0,14.0
15.18,0.5205,0.423,0.6255,0.9995,0.2856,1164.0,611.5,15.0
16.61,0.7886,0.6997,0.838,0.9995,-0.1804,68.9,1339.0,1.0
14.54,0.4822,0.877,0.881,0.9995,0.2004,1710.0,771.5,2.0
15.62,0.6104,0.638,0.7705,0.9995,-0.1853,541.0,1114.0,3.0
2.492,0.07764,0.1665,0.88,0.999,0.9956,260.2,1938.0,4.0
16.02,0.4666,0.5386,0.5806,1.0,0.1735,420.5,1360.0,5.0
6.0,0.1873,0.2173,0.842,1.0,0.1869,870.0,581.5,6.0
3.42,0.1059,0.2664,0.804,1.0,-0.3906,840.0,1899.0,7.0
14.305,0.5664,0.4927,0.773,0.9995,-0.02983,645.0,773.0,8.0
15.77,0.5176,0.683,0.7017,0.9995,-0.02567,683.0,1532.0,9.0
-0.0903,0.0228,0.1925,0.694,0.9995,0.145,1526.0,971.0,10.0
12.664,0.4438,0.3372,0.699,1.0,0.04913,949.5,753.0,11.0
12.766,0.3887,0.515,0.738,0.9995,-0.0762,847.0,1269.0,12.0
11.055,0.2788,0.5166,0.703,0.9995,-0.12085,1240.0,1260.0,13.0
12.36,0.3657,0.624,0.803,0.9995,-0.01466,1266.0,959.0,14.0
0.21,0.03833,0.3474,0.8545,0.9995,-0.1302,1303.0,1368.0,15.0
19.0,0.5845,0.3728,0.4097,0.9995,-0.5537,1084.0,1519.0,1.0
15.13,0.836,0.2612,0.6187,0.9995,-0.1173,73.94,1133.0,2.0
10.11,0.312,0.6064,0.9873,1.0,0.477,1271.0,413.0,3.0
10.695,0.376,0.421,0.845,1.0,-0.579,327.0,1459.0,4.0
15.13,0.06976,0.7725,0.2856,0.9995,0.852,1146.0,782.0,5.0
13.32,0.1643,0.1431,0.3333,0.9995,0.5503,1279.0,108.2,6.0
5.188,0.149,0.5703,0.941,0.999,-0.7734,507.8,366.5,7.0
11.96,0.8247,0.2996,0.97,1.0,-0.1884,868.5,1784.0,8.0
10.25,0.2874,0.2059,0.603,0.999,-0.6396,906.0,293.0,9.0
12.055,0.3276,0.5435,0.6875,0.9995,-0.775,16.17,1575.0,10.0
11.84,0.3115,0.3599,0.6133,0.9995,-0.3022,1224.0,649.5,11.0
11.54,0.334,0.6143,0.7925,0.9995,-0.6016,886.5,1074.0,12.0
10.84,0.2463,0.2942,0.5757,0.9995,0.1388,1132.0,509.5,13.0
5.76,0.148,0.2472,0.7393,0.9995,0.1447,749.0,710.5,14.0
10.625,0.44,0.303,0.9272,0.9995,0.8057,797.5,1130.0,15.0
17.4,0.567,0.7124,0.609,0.9995,-0.2834,766.5,1114.0,1.0
5.492,0.1874,0.3162,0.925,0.9995,-0.661,1310.0,1214.0,2.0
16.73,0.5747,0.763,0.694,0.9995,-0.2625,1062.0,706.5,3.0
10.63,0.293,0.7666,0.9062,0.999,0.1005,588.0,1695.0,4.0
14.37,0.644,0.1624,0.574,0.9995,0.2832,1167.0,742.5,5.0
5.445,0.1387,0.371,0.7456,0.999,-0.6006,1253.0,1800.0,6.0
13.1,0.527,0.4546,0.8433,0.9995,0.1971,1367.0,566.0,7.0
9.28,0.363,0.3064,0.94,1.0,0.1425,33.8,1154.0,8.0
0.9497,0.04782,0.3066,0.6714,1.0,-0.8784,682.0,826.5,9.0
10.01,0.1649,0.1809,0.476,0.999,0.9194,453.2,1141.0,10.0
12.984,0.481,0.3972,0.7314,0.999,-0.416,1031.0,722.5,11.0
11.89,0.3794,0.4885,0.7983,0.9995,-0.0544,1135.0,922.5,12.0
4.688,0.0894,0.6436,0.6953,1.0,0.4246,1604.0,1516.0,13.0
10.69,0.77,0.1738,0.95,0.999,0.3364,527.5,1766.0,14.0
4.32,0.131,0.6055,0.9907,0.9995,-0.8447,1715.0,494.0,15.0
6.01,0.1467,0.7363,0.9395,0.9995,0.368,1683.0,907.0,1.0
16.39,0.806,0.642,0.8535,1.0,0.3174,626.5,498.0,2.0
11.48,0.444,0.3594,0.8447,1.0,0.1779,1519.0,669.5,3.0
3.396,0.1175,0.1951,0.9277,0.999,0.342,485.5,247.8,4.0
13.77,0.5503,0.4358,0.744,0.9995,-0.477,1133.0,1239.0,5.0
2.904,0.0886,0.8,0.992,1.0,-0.5664,848.0,730.5,6.0
12.89,0.4565,0.392,0.6934,0.9995,-0.7505,1689.0,24.75,7.0
12.19,0.31,0.558,0.6636,0.9995,-0.51,775.0,904.0,8.0
16.05,0.645,0.809,0.833,0.9995,-0.7104,1366.0,1496.0,9.0
33.1,0.1257,0.366,0.0794,0.9995,0.5073,1449.0,765.5,10.0
14.44,0.4768,0.6816,0.775,0.9995,-0.2322,736.5,404.0,11.0
10.88,0.2896,0.6553,0.807,0.9995,-0.04282,714.0,842.0,12.0
13.695,0.4583,0.674,0.812,0.9995,-0.4846,1094.0,1125.0,13.0
9.85,0.608,0.205,0.968,0.9995,-0.3074,258.8,239.5,14.0
11.44,0.3452,0.5615,0.8086,0.9995,-0.4333,984.0,913.5,15.0
17.38,0.5103,0.361,0.4697,0.9995,0.274,808.5,768.5,1.0
20.75,0.552,0.8037,0.449,1.0,0.2793,1221.0,81.4,2.0
16.7,0.3506,0.435,0.415,0.9995,-0.4565,790.5,962.5,3.0
20.83,0.6846,0.447,0.4043,0.9995,0.2847,1310.0,1204.0,4.0
0.7437,0.0506,0.4507,0.856,0.9995,-0.717,1114.0,1206.0,5.0
8.125,0.2844,0.3823,0.9653,0.9995,-0.309,1067.0,573.0,6.0
15.89,0.5493,0.4126,0.566,0.9995,-0.3113,706.0,512.0,7.0
9.77,0.2205,0.996,0.804,0.999,-0.0896,1100.0,228.5,8.0
14.29,0.5015,0.4941,0.716,0.9995,-0.0908,909.0,1052.0,9.0
19.6,0.3376,0.4084,0.2925,1.0,-0.6406,59.1,1820.0,10.0
14.79,0.4365,0.4248,0.581,0.9995,-0.04706,1026.0,698.5,11.0
13.74,0.558,0.5127,0.834,0.9995,-0.12006,1534.0,989.5,12.0
0.3105,0.04236,0.5513,0.9043,0.9995,-0.759,1832.0,901.5,13.0
12.52,0.3696,0.4016,0.6597,0.9995,-0.2239,1255.0,754.0,14.0
7.83,0.1696,0.9585,0.814,1.0,-0.03543,611.0,1612.0,15.0
13.13,0.2986,0.9346,0.681,0.999,0.004898,948.0,781.5,1.0
9.52,0.454,0.2211,0.8613,0.999,-0.898,623.5,1555.0,2.0
13.945,0.288,0.394,0.4802,0.9995,-0.1886,490.8,848.0,3.0
12.664,0.5557,0.309,0.723,0.9995,-0.8335,1380.0,40.12,4.0
15.27,0.5103,0.3308,0.5576,0.999,0.127,453.8,1052.0,5.0
9.9,0.1735,0.9727,0.5986,0.9995,-0.3145,786.0,709.5,6.0
11.47,0.0902,0.1412,0.3184,0.999,-0.3066,715.5,1979.0,7.0
12.84,0.3083,0.559,0.61,0.9995,-0.509,1178.0,572.0,8.0
5.184,0.11884,0.551,0.7515,0.9995,-0.464,1265.0,1000.0,9.0
10.61,0.3325,0.68,0.9233,0.999,-0.942,1608.0,1950.0,10.0
16.47,0.6084,0.5703,0.662,0.9995,0.0895,581.0,1244.0,11.0
8.48,0.2756,0.2325,0.815,0.999,0.531,723.5,1679.0,12.0
11.25,0.02927,0.6743,0.3208,0.9995,0.03065,998.5,850.0,13.0
2.4,0.0964,0.2659,0.8984,0.9995,-0.626,1437.0,736.0,14.0
14.49,0.1543,0.821,0.3186,1.0,-0.1803,176.9,296.0,15.0
17.9,0.4426,0.4,0.423,0.9995,-0.01929,703.5,935.0,1.0
15.45,0.547,0.436,0.602,0.9995,-0.421,1637.0,935.0,2.0
9.85,0.903,0.1371,0.96,0.999,-0.8823,1093.0,1146.0,3.0
20.02,0.9556,0.586,0.53,0.9995,-0.5493,1199.0,133.8,4.0
0.03137,0.04382,0.12476,0.847,0.999,-0.7246,1383.0,932.5,5.0
13.76,0.4485,0.354,0.618,0.9995,-0.1332,859.0,1102.0,6.0
14.28,0.52,0.4758,0.733,0.9995,0.1497,638.0,1381.0,7.0
21.75,0.7944,0.803,0.4778,0.999,-0.5356,658.0,1748.0,8.0
16.31,0.7534,0.5503,0.721,0.9995,-0.4888,1664.0,1288.0,9.0
8.37,0.321,0.1459,0.813,0.9995,0.0797,142.9,901.0,10.0
15.914,0.4912,0.5728,0.594,0.9995,-0.571,1151.0,1127.0,11.0
-0.1986,0.02754,0.613,0.7686,0.999,-0.5664,333.5,727.5,12.0
13.75,0.426,0.6133,0.763,1.0,0.1787,802.5,1275.0,13.0
13.76,0.49,0.4385,0.7007,0.9995,-0.3784,1172.0,970.0,14.0
11.43,0.2808,0.2717,0.5596,0.9995,-0.3948,1165.0,485.5,15.0
15.77,0.287,0.79,0.469,0.9995,0.03662,13.055,345.5,1.0
4.523,0.1488,0.425,0.956,1.0,-0.9116,1099.0,1312.0,2.0
16.8,0.672,0.4922,0.6,0.9995,-0.5156,920.0,1126.0,3.0
13.836,0.0936,0.548,0.298,0.999,0.2751,486.5,1408.0,4.0
0.917,0.03757,0.298,0.6055,0.9995,-0.2303,411.5,746.0,5.0
14.34,0.4832,0.6113,0.76,1.0,-0.1542,463.2,535.0,6.0
12.28,0.2311,0.5938,0.539,0.9995,-0.0598,410.8,701.0,7.0
20.42,0.8945,0.1005,0.356,0.999,0.389,425.0,978.0,8.0
13.73,0.4548,0.622,0.7935,0.9995,-0.1456,1237.0,908.0,9.0
11.35,0.6104,0.2057,0.788,0.999,-0.557,371.5,52.34,10.0
0.3806,0.04517,0.3613,0.967,0.9995,-0.0816,657.5,782.0,11.0
27.42,0.02278,0.787,0.1323,0.9995,-0.722,1218.0,1335.0,12.0
9.945,0.2288,0.4395,0.65,0.9995,-0.2317,563.0,820.5,13.0
11.73,0.2058,0.4048,0.483,0.9995,-0.07086,621.5,1186.0,14.0
12.09,0.3896,0.5547,0.8145,0.9995,-0.4436,746.0,700.5,15.0
19.69,0.4395,0.527,0.3875,0.9995,0.293,954.0,612.0,1.0
23.12,0.3586,0.631,0.2439,0.9995,-0.1082,1436.0,989.0,2.0
11.14,0.3362,0.487,0.7974,0.9995,-0.06537,777.5,1264.0,3.0
12.72,0.3813,0.7056,0.8584,0.9995,0.4448,380.8,1020.0,4.0
12.13,0.4,0.5557,0.8447,1.0,-0.1437,1528.0,1722.0,5.0
29.12,0.843,0.9585,0.2537,0.9995,-0.864,1743.0,114.5,6.0
13.28,0.0856,0.3352,0.2944,0.9995,-0.776,1469.0,1705.0,7.0
31.0,0.174,0.639,0.1011,0.9995,0.0872,1815.0,1941.0,8.0
12.51,0.5444,0.4067,0.8633,0.999,-0.103,401.8,948.0,9.0
3.719,0.09076,0.3132,0.709,1.0,-0.02954,20.47,465.0,10.0
12.836,0.386,0.3694,0.6084,0.999,-0.9014,1513.0,242.5,11.0
13.305,0.3384,0.4292,0.575,0.9995,-0.3962,618.5,894.5,12.0
8.88,0.2458,0.6387,0.9473,0.9995,0.2803,809.0,1307.0,13.0
13.74,0.4883,0.507,0.7666,0.9995,-0.0316,1318.0,790.5,14.0
0.354,0.0324,0.598,0.7637,0.9995,-0.01952,1.359,1189.0,15.0
25.69,0.4546,0.548,0.1997,0.999,-0.748,946.0,1271.0,1.0
17.61,0.4922,0.5312,0.4907,0.9995,-0.2952,982.5,1164.0,2.0
13.75,0.2559,0.7725,0.5073,0.9995,-0.6406,586.0,792.0,3.0
12.59,0.814,0.1992,0.817,0.9995,0.9624,1608.0,931.5,4.0
19.64,0.8135,0.2732,0.392,0.999,-0.699,394.0,335.0,5.0
7.82,0.2874,0.3582,0.9526,0.9995,-0.8496,431.2,1997.0,6.0
15.734,0.826,0.2207,0.527,0.9995,-0.8906,236.1,1008.0,7.0
13.27,0.715,0.1222,0.632,0.9995,0.1056,1864.0,536.0,8.0
11.01,0.505,0.3352,0.9395,0.9995,0.1138,1045.0,635.0,9.0
6.547,0.163,0.454,0.7847,0.9995,-0.3032,1019.0,1476.0,10.0
13.74,0.3953,0.5825,0.6826,0.9995,-0.2542,843.5,937.0,11.0
-0.1534,0.01958,0.6763,0.9756,0.999,0.6875,1387.0,486.8,12.0
2.107,0.0728,0.676,0.987,0.9995,-0.2598,105.3,1182.0,13.0
13.94,0.616,0.4326,0.821,0.9995,0.4705,1435.0,789.5,14.0
15.94,0.721,0.249,0.544,0.9995,0.05844,943.5,154.8,15.0
19.4,0.9185,0.9863,0.8276,0.9995,-0.7314,198.0,635.0,1.0
19.33,0.2167,0.3962,0.2512,0.9995,0.3967,1455.0,433.5,2.0
16.62,0.556,0.4045,0.544,0.9995,0.3381,616.5,767.0,3.0
2.955,0.1026,0.4019,0.915,1.0,-0.7725,1177.0,1281.0,4.0
8.61,0.1582,0.2534,0.5186,0.999,-0.1923,1862.0,1801.0,5.0
19.44,0.381,0.3289,0.341,0.999,0.978,1797.0,678.0,6.0
15.81,0.3643,0.8916,0.613,1.0,0.982,1179.0,833.0,7.0
15.49,0.3394,0.4668,0.4883,0.9995,0.2715,1084.0,552.5,8.0
8.914,0.2441,0.719,0.956,0.9995,0.0321,1064.0,942.0,9.0
5.562,0.2408,0.1556,0.946,0.9995,-0.8013,709.5,712.5,10.0
7.336,0.06335,0.5874,0.3772,0.9995,0.07666,879.5,1658.0,11.0
13.13,0.4106,0.3582,0.6455,0.999,0.12445,581.5,765.0,12.0
15.266,0.42,0.6973,0.6274,0.9995,-0.3416,1396.0,1257.0,13.0
10.15,0.3535,0.411,0.8657,1.0,-0.509,385.8,1839.0,14.0
12.766,0.487,0.369,0.759,0.999,0.03745,615.0,800.0,15.0
16.55,0.3748,0.7617,0.4998,0.999,-0.8237,133.1,223.1,1.0
16.47,0.3828,0.713,0.5317,0.9995,0.1816,1052.0,1361.0,2.0
12.4,0.534,0.5005,0.984,0.9995,0.2512,610.0,1229.0,3.0
0.6567,0.059,0.1333,0.8457,0.9995,-0.732,1868.0,705.5,4.0
9.68,0.1558,0.969,0.565,0.9995,0.00475,1116.0,1495.0,5.0
15.88,0.5557,0.371,0.5566,0.9995,-0.078,1027.0,679.0,6.0
13.54,0.311,0.829,0.6426,0.9995,-0.2166,328.2,926.0,7.0
13.59,0.4695,0.668,0.856,0.9995,-0.09973,1199.0,1135.0,8.0
19.0,0.814,0.8813,0.767,0.9995,0.7407,1323.0,219.6,9.0
13.695,0.4487,0.446,0.68,0.9995,-0.1656,1042.0,953.0,10.0
16.0,0.58,0.6675,0.7446,0.9995,0.2527,1319.0,690.0,11.0
12.23,0.4785,0.4688,0.9224,0.9995,0.4675,85.7,1614.0,12.0
12.62,0.4197,0.526,0.8027,0.9995,-0.162,1161.0,1214.0,13.0
13.53,0.3315,0.625,0.6123,0.9995,-0.603,636.5,722.5,14.0
12.75,0.3914,0.3276,0.619,0.9995,-0.3262,1386.0,917.0,15.0
14.57,0.389,0.7944,0.7207,0.9995,0.697,1635.0,484.8,1.0
16.2,0.4407,0.4858,0.5137,0.9995,-0.4626,997.5,883.0,2.0
15.28,0.457,0.3826,0.548,0.9995,-0.0371,1661.0,340.0,3.0
3.404,0.0968,0.4119,0.89,0.999,0.2812,492.5,1725.0,4.0
19.45,0.317,0.4895,0.3193,0.9995,0.611,1449.0,506.8,5.0
18.08,0.937,0.7314,0.845,0.9995,0.7397,431.0,1345.0,6.0
12.09,0.485,0.1696,0.684,0.999,0.6323,1680.0,1634.0,7.0
9.914,0.304,0.6924,0.944,1.0,-0.9644,219.6,1393.0,8.0
13.82,0.6636,0.499,0.9487,0.9995,0.6353,1367.0,641.0,9.0
8.95,0.10785,0.865,0.402,0.9995,-0.697,1512.0,1435.0,10.0
13.52,0.4475,0.708,0.849,0.9995,-0.1532,729.0,700.0,11.0
12.79,0.338,0.7466,0.7603,0.9995,0.1691,1306.0,806.5,12.0
14.78,0.3762,0.4893,0.567,0.9995,0.2081,1258.0,715.0,13.0
13.17,0.4668,0.582,0.866,0.9995,0.2202,1150.0,917.5,14.0
10.734,0.259,0.966,0.8154,0.9995,-0.2378,855.5,1038.0,15.0
10.98,0.2947,0.4556,0.7188,0.9995,-0.01043,855.0,838.5,1.0
3.258,0.1239,0.2167,0.9316,0.9995,-0.3235,215.8,1328.0,2.0
10.336,0.2808,0.6406,0.8677,0.9995,0.3452,1118.0,1298.0,3.0
1.562,0.05734,0.2388,0.747,1.0,-0.04257,748.5,1845.0,4.0
-0.2913,0.01138,0.3726,0.8403,1.0,0.1838,52.8,1596.0,5.0
7.97,0.2051,0.812,0.9106,1.0,-0.6216,1757.0,1490.0,6.0
11.8,0.2134,0.528,0.5215,0.9995,-0.0616,265.2,1995.0,7.0
8.61,0.1913,0.2617,0.5884,0.9995,-0.3887,1866.0,534.0,8.0
6.855,0.1554,0.5117,0.7495,0.9995,-0.10284,1021.5,1278.0,9.0
7.9,0.1964,0.5103,0.8096,0.9995,0.11945,1021.0,1283.0,10.0
7.074,0.2006,0.2607,0.773,0.9995,0.006832,443.2,1042.0,11.0
6.17,0.1442,0.3257,0.685,0.9995,-0.3037,1323.0,903.5,12.0
7.723,0.227,0.408,0.8496,1.0,-0.3477,616.5,1575.0,13.0
5.902,0.1577,0.359,0.797,0.9995,-0.2493,622.5,1298.0,14.0
5.965,0.1467,0.426,0.7896,0.9995,-0.003098,919.5,1234.0,15.0
0.564,0.04004,0.273,0.8223,0.9995,0.2793,778.5,1476.0,1.0
8.805,0.0777,0.5396,0.3696,1.0,0.7476,1537.0,1998.0,2.0
11.47,0.4473,0.3894,0.862,0.9995,-0.08295,1298.0,1156.0,3.0
15.875,0.995,0.609,0.972,0.999,-0.506,361.8,1114.0,4.0
8.836,0.1912,0.3765,0.6333,0.9995,0.0425,590.5,806.0,5.0
-0.4712,0.0319,0.3132,0.833,0.9995,-0.9155,1198.0,1958.0,6.0
5.566,0.09845,0.995,0.678,0.999,0.2203,722.5,1843.0,7.0
9.55,0.269,0.432,0.7856,0.9995,-0.094,1088.0,1380.0,8.0
4.027,0.0809,0.843,0.766,0.9995,0.594,434.2,1206.0,9.0
6.516,0.1316,0.4685,0.6646,0.9995,0.0004368,755.0,1213.0,10.0
4.555,0.07477,0.5234,0.5693,0.9995,0.3706,1137.0,1804.0,11.0
7.445,0.1816,0.652,0.83,1.0,-0.3906,1107.0,1154.0,12.0
8.49,0.2323,0.472,0.8154,0.9995,-0.2925,524.5,1489.0,13.0
6.51,0.1656,0.5073,0.8423,0.9995,-0.07263,1066.0,1700.0,14.0
6.523,0.1602,0.478,0.7964,0.9995,-0.1445,659.5,1478.0,15.0
27.38,0.493,0.1703,0.1559,1.0,0.1475,602.5,1698.0,1.0
8.57,0.1802,0.6855,0.692,1.0,-0.564,1558.0,1047.0,2.0
3.857,0.07495,0.8374,0.624,0.9995,-0.77,1768.0,521.5,3.0
27.73,0.1393,0.162,0.1428,0.9995,0.8696,219.8,1440.0,4.0
3.547,0.04495,0.631,0.4543,0.9995,0.408,1652.0,29.86,5.0
12.78,0.2196,0.4722,0.4746,0.999,0.1852,1284.0,1853.0,6.0
10.69,0.2418,0.8076,0.726,0.9995,-0.3718,1043.0,1002.5,7.0
9.63,0.2324,0.4426,0.657,0.9995,-0.86,982.5,1282.0,8.0
8.086,0.1622,0.534,0.6274,0.9995,-0.6,1107.0,1102.0,9.0
9.88,0.2002,0.4624,0.5933,0.9995,-0.2263,1242.0,1116.0,10.0
7.137,0.1361,0.656,0.645,0.9995,-0.4524,1394.0,984.5,11.0
9.49,0.1588,0.5586,0.5327,0.9995,-0.2039,1256.0,1424.0,12.0
15.695,0.4348,0.727,0.615,0.9995,-0.5127,1219.0,670.5,13.0
9.55,0.172,0.394,0.502,1.0,-0.9546,985.5,676.0,14.0
7.19,0.1201,0.6255,0.5654,0.9995,-0.3396,1242.0,1138.0,15.0
13.24,0.4521,0.6523,0.817,0.9995,-0.9814,1026.0,727.5,1.0
11.266,0.3174,0.655,0.8057,0.9995,-0.5723,903.0,815.5,2.0
13.37,0.3984,0.467,0.6616,0.9995,-0.2177,673.5,1040.0,3.0
10.84,0.3127,0.5176,0.787,0.9995,-0.276,1019.5,984.0,4.0
13.09,0.5083,0.5293,0.903,0.9995,0.447,1129.0,630.0,5.0
10.08,0.1938,0.797,0.6084,0.9995,-0.873,1171.0,1969.0,6.0
11.766,0.3694,0.575,0.856,0.9995,0.04214,921.5,790.5,7.0
10.82,0.8184,0.1501,0.945,0.999,0.6274,1845.0,1815.0,8.0
9.08,0.218,0.433,0.6885,0.9995,-0.4097,936.5,764.0,9.0
7.156,0.138,0.627,0.7104,0.9995,0.67,1552.0,1685.0,10.0
9.2,0.2114,0.4304,0.67,0.9995,-0.161,1150.0,745.5,11.0
3.541,0.11145,0.2255,0.8047,0.9995,-0.3215,700.0,1092.0,12.0
15.18,0.5815,0.7256,0.834,0.9995,-0.3496,617.0,884.5,13.0
0.405,0.02383,0.613,0.477,0.9995,-0.893,1199.0,366.2,14.0
8.88,0.2241,0.496,0.765,0.9995,-0.2234,987.0,967.5,15.0
11.8,0.3599,0.3643,0.702,0.9995,0.1267,972.5,923.5,1.0
1.72,0.0699,0.553,0.9194,0.9995,-0.8755,1189.0,1022.5,2.0
19.6,0.9863,0.5825,0.554,1.0,-0.811,147.6,978.0,3.0
6.07,0.11945,0.5415,0.6333,0.9995,-0.6616,1489.0,156.1,4.0
12.055,0.4556,0.243,0.697,0.9995,0.1827,1358.0,979.5,5.0
14.53,0.73,0.602,0.921,1.0,-0.999,1721.0,837.5,6.0
15.77,0.583,0.508,0.64,0.9995,-0.4949,602.0,1001.0,7.0
10.23,0.2993,0.341,0.727,0.9995,-0.06213,1222.0,1028.0,8.0
9.26,0.2377,0.5034,0.758,0.9995,-0.4106,1095.0,1000.0,9.0
12.11,0.4204,0.519,0.8267,1.0,-0.6694,1439.0,902.5,10.0
9.055,0.2578,0.3677,0.7505,0.9995,-0.49,1191.0,1263.0,11.0
9.555,0.2744,0.4463,0.787,0.9995,-0.4358,1361.0,1037.0,12.0
7.15,0.1498,0.4724,0.6475,1.0,-0.6216,968.5,1193.0,13.0
7.203,0.1726,0.1399,0.579,1.0,-0.995,1496.0,1411.0,14.0
10.766,0.3083,0.9077,0.982,0.9995,0.002905,1246.0,1114.0,15.0
11.664,0.3242,0.565,0.7676,0.9995,0.04813,1179.0,785.0,1.0
11.87,0.3572,0.462,0.7314,0.9995,-0.3035,1005.0,1028.0,2.0
2.082,0.06174,0.148,0.5967,0.9995,-0.8135,1680.0,723.0,3.0
-0.03021,0.01793,0.2913,0.511,0.9995,-0.03354,646.0,566.5,4.0
12.47,0.3486,0.3882,0.6436,0.9995,0.05502,1114.0,712.0,5.0
15.58,0.656,0.583,0.8154,0.999,0.7183,277.2,1422.0,6.0
12.8,0.4265,0.4692,0.7773,0.9995,0.2491,588.0,1084.0,7.0
9.32,0.2257,0.4475,0.711,0.9995,-0.06198,1025.0,805.0,8.0
10.47,0.2632,0.475,0.715,0.9995,0.0737,757.0,900.0,9.0
8.32,0.166,0.2593,0.544,0.9995,-0.552,768.0,702.5,10.0
7.047,0.1514,0.4036,0.6665,0.9995,-0.1335,1017.0,795.5,11.0
9.3,0.2128,0.467,0.684,1.0,-0.0962,833.0,833.5,12.0
-0.41,0.0175,0.2463,0.795,0.9995,-0.09796,656.5,1399.0,13.0
-0.2798,0.010826,0.5044,0.849,0.9995,0.2292,1194.0,1036.0,14.0
7.754,0.1753,0.5005,0.7305,0.9995,-0.05286,982.5,877.5,15.0
1.153,0.02953,0.9634,0.4795,1.0,-0.654,324.2,33.22,1.0
11.31,0.3713,0.348,0.7144,0.9995,-0.56,1187.0,412.5,2.0
10.95,0.3713,0.2837,0.7383,0.999,0.1506,1323.0,1218.0,3.0
11.01,0.308,0.5356,0.78,0.9995,-0.0875,1376.0,797.0,4.0
9.375,0.2656,0.4895,0.8145,0.9995,-0.3728,683.0,473.8,5.0
3.201,0.0771,0.667,0.772,0.9995,-0.1705,362.2,400.5,6.0
9.42,0.27,0.3599,0.764,0.9995,0.02986,1059.0,927.5,7.0
-0.03806,0.01291,0.8823,0.8994,0.9995,-0.4834,1024.0,646.5,8.0
3.53,0.0756,0.896,0.7686,1.0,0.2021,40.66,1539.0,9.0
32.06,0.7935,0.1857,0.08923,0.9995,-0.972,154.5,753.0,10.0
8.086,0.1722,0.306,0.634,0.9995,0.411,205.9,1333.0,11.0
6.957,0.1655,0.5664,0.794,0.9995,-0.2856,659.5,662.0,12.0
8.21,0.2406,0.43,0.839,0.9995,-0.4497,763.0,567.5,13.0
7.355,0.1923,0.4229,0.807,0.9995,-0.01229,949.5,848.5,14.0
-0.1371,0.02008,0.4617,0.701,0.9995,0.4583,672.0,1062.0,15.0
13.06,0.312,0.628,0.662,0.9995,0.4907,1422.0,517.5,1.0
10.516,0.3098,0.52,0.8506,0.9995,0.21,585.0,889.5,2.0
12.07,0.5415,0.3503,0.8496,0.9995,-0.11536,930.0,1166.0,3.0
7.31,0.1392,0.2517,0.5547,0.9995,-0.1383,683.0,1426.0,4.0
9.99,0.3406,0.3003,0.7695,0.9995,-0.3926,1075.0,504.2,5.0
10.59,0.286,0.494,0.77,0.9995,0.2651,1112.0,709.0,6.0
7.06,0.1835,0.1554,0.694,0.9995,0.4001,625.0,1260.0,7.0
-0.3386,0.01852,0.1886,0.785,0.9995,-0.0832,72.75,1029.0,8.0
11.05,0.3694,0.384,0.815,0.9995,0.2832,987.5,867.5,9.0
7.793,0.2703,0.2251,0.856,0.9995,0.1927,874.0,1337.0,10.0
14.7,0.3855,0.591,0.6157,0.9995,0.1898,959.0,402.5,11.0
8.72,0.2427,0.397,0.7944,0.9995,0.00925,540.5,911.0,12.0
10.66,0.2607,0.443,0.681,0.9995,0.1517,691.5,644.5,13.0
7.484,0.1345,0.363,0.5933,0.9995,0.6484,1508.0,1438.0,14.0
7.32,0.1693,0.3027,0.672,0.9995,0.02794,551.5,667.5,15.0
3.15,0.11676,0.205,0.8276,0.9995,-0.9336,1018.0,467.0,1.0
9.87,0.2666,0.3958,0.728,0.9995,-0.11316,923.5,1082.0,2.0
13.414,0.94,0.2886,0.886,0.9995,0.883,546.0,1226.0,3.0
11.586,0.4968,0.255,0.7656,0.9995,-0.189,1510.0,741.5,4.0
4.754,0.1829,0.2305,0.9316,0.999,-0.8135,645.5,143.6,5.0
9.3,0.297,0.4475,0.916,0.9995,0.03772,1372.0,822.0,6.0
9.16,0.2783,0.3865,0.8135,0.9995,-0.2148,965.5,992.5,7.0
9.38,0.0719,0.3113,0.352,0.999,0.612,1653.0,1502.0,8.0
11.89,0.8115,0.308,0.947,0.999,-0.6924,634.0,679.5,9.0
5.766,0.1837,0.2893,0.9146,0.9995,0.1442,625.5,1971.0,10.0
5.805,0.1367,0.4172,0.805,0.9995,0.662,1503.0,864.5,11.0
10.75,0.475,0.3489,0.917,0.9995,-0.4573,859.5,810.5,12.0
7.195,0.2085,0.3882,0.85,0.9995,-0.2184,1025.0,967.0,13.0
9.21,0.327,0.3672,0.8994,0.9995,-0.3938,963.5,889.0,14.0
5.863,0.1155,0.3362,0.62,0.9995,0.0876,1296.0,1117.0,15.0
12.99,0.523,0.415,0.8125,0.9995,0.1464,1295.0,1305.0,1.0
13.16,0.4626,0.339,0.672,0.999,-0.02324,349.8,1202.0,2.0
9.875,0.181,0.648,0.588,0.9995,-0.1823,420.0,560.5,3.0
1.269,0.04834,0.3716,0.691,0.9995,-0.407,204.0,439.2,4.0
10.2,0.3408,0.4285,0.846,0.9995,-0.539,347.0,385.5,5.0
6.434,0.2245,0.21,0.837,0.9995,-0.5537,404.2,1441.0,6.0
10.02,0.2834,0.3718,0.727,0.9995,-0.233,889.5,660.5,7.0
4.047,0.1071,0.4846,0.805,0.9995,-0.5938,565.5,102.7,8.0
2.28,0.05893,0.666,0.857,0.999,0.821,127.25,201.1,9.0
0.887,0.0463,0.734,0.859,0.9995,-0.5923,284.5,726.0,10.0
8.15,0.2172,0.4314,0.793,0.9995,-0.1829,579.5,671.5,11.0
10.63,0.2886,0.4556,0.732,0.9995,-0.1475,368.2,918.0,12.0
6.344,0.1243,0.5835,0.671,0.9995,-0.1178,392.0,606.0,13.0
6.754,0.1544,0.738,0.8135,0.9995,-0.351,921.0,775.0,14.0
6.156,0.153,0.4753,0.8013,0.9995,-0.2452,465.2,696.5,15.0
13.32,0.3853,0.801,0.773,0.9995,-0.7803,157.2,106.3,1.0
10.2,0.2668,0.5303,0.758,0.9995,-0.2446,751.0,1014.5,2.0
10.23,0.283,0.6074,0.8447,0.9995,-0.067,615.5,774.0,3.0
12.86,0.553,0.367,0.7827,0.9995,-0.3186,514.5,1361.0,4.0
6.68,0.1997,0.3284,0.873,0.9995,0.1381,882.5,1735.0,5.0
11.24,0.3845,0.4094,0.8125,0.9995,-0.1614,645.5,1287.0,6.0
10.12,0.371,0.2825,0.806,0.9995,-0.1273,1243.0,1046.0,7.0
5.887,0.1357,0.503,0.788,0.999,0.1794,348.2,1943.0,8.0
10.63,0.3005,0.578,0.8105,0.9995,-0.3682,409.8,755.0,9.0
14.836,0.7144,0.605,0.942,0.999,0.2289,879.0,1791.0,10.0
12.28,0.472,0.4902,0.9087,0.9995,0.2017,781.5,1545.0,11.0
9.41,0.278,0.4438,0.8335,0.9995,-0.076,759.5,1390.0,12.0
10.46,0.3481,0.4402,0.885,0.9995,0.1453,669.5,1407.0,13.0
9.016,0.2627,0.4727,0.869,0.9995,0.0507,766.0,1408.0,14.0
9.48,0.34,0.2903,0.8647,0.9995,0.2805,618.0,1032.0,15.0
3.967,0.0669,0.7954,0.568,0.9995,-0.1615,1352.0,362.0,1.0
11.25,0.3323,0.56,0.8164,0.9995,-0.159,864.0,1005.5,2.0
11.375,0.3994,0.435,0.8584,0.9995,0.11127,749.0,1324.0,3.0
5.8,0.1624,0.441,0.8633,0.9995,-0.4956,1058.0,1094.0,4.0
3.86,0.08716,0.3716,0.6353,0.9995,-0.706,1283.0,1094.0,5.0
2.682,0.0725,0.5156,0.7812,0.999,-0.1478,1788.0,1493.0,6.0
6.816,0.173,0.562,0.86,0.9995,-0.1001,1121.0,1119.0,7.0
11.53,0.417,0.483,0.9443,0.9995,0.641,1356.0,1414.0,8.0
9.65,0.3267,0.2898,0.768,0.999,-0.477,1211.0,1142.0,9.0
9.4,0.2705,0.475,0.8525,0.9995,0.1719,1263.0,1266.0,10.0
7.656,0.2184,0.27,0.7295,0.9995,-0.5947,706.0,869.0,11.0
7.7,0.1973,0.4714,0.806,0.9995,-0.06274,1216.0,1193.0,12.0
8.44,0.2291,0.3772,0.7544,0.9995,-0.393,1199.0,1145.0,13.0
7.555,0.1487,0.6895,0.6816,0.9995,-0.2095,936.0,975.0,14.0
8.75,0.2281,0.483,0.7905,0.9995,-0.1317,975.0,1123.0,15.0
9.88,0.7446,0.161,0.952,1.0,-0.5723,626.0,98.6,1.0
5.24,0.1348,0.3464,0.814,0.999,0.359,743.0,706.0,2.0
14.75,0.6196,0.4238,0.705,0.9995,-0.2097,1329.0,1281.0,3.0
11.586,0.3506,0.523,0.8037,0.9995,-0.00353,1142.0,855.0,4.0
10.984,0.301,0.4536,0.7124,0.9995,-0.3381,909.5,784.5,5.0
6.008,0.1747,0.1836,0.7725,0.9995,0.09937,1007.5,1336.0,6.0
9.87,0.287,0.5073,0.827,0.9995,-0.3445,989.0,640.5,7.0
11.734,0.4402,0.3455,0.777,0.9995,-0.2426,1202.0,1098.0,8.0
8.914,0.3503,0.237,0.867,0.9995,-0.169,1428.0,1328.0,9.0
9.47,0.3271,0.2947,0.8076,0.9995,-0.2208,1073.0,1051.0,10.0
10.47,0.3662,0.3752,0.865,0.9995,0.2019,601.5,1188.0,11.0
8.97,0.3174,0.3066,0.8657,0.9995,-0.1793,873.5,1286.0,12.0
3.188,0.1123,0.1672,0.9087,0.9995,0.2832,1358.0,939.0,13.0
-0.387,0.02211,0.2054,0.7783,1.0,-0.2026,1253.0,356.2,14.0
6.934,0.2347,0.226,0.8457,0.9995,-0.1576,1211.0,1037.0,15.0
-0.2308,0.02045,0.1262,0.802,0.9995,-0.549,1019.5,1115.0,1.0
18.86,0.507,0.701,0.4712,0.9995,-0.679,1396.0,645.5,2.0
8.39,0.1764,0.4163,0.618,0.9995,-0.4646,1098.0,1190.0,3.0
11.81,0.886,0.10284,0.711,0.999,-0.9507,1809.0,780.0,4.0
7.95,0.2157,0.548,0.8438,0.9995,-0.6753,582.0,1322.0,5.0
12.41,0.3464,0.526,0.705,0.9995,-0.1898,1081.0,1055.0,6.0
2.033,0.04852,0.539,0.63,0.9995,0.03372,802.0,725.5,7.0
2.53,0.0918,0.1436,0.803,0.9995,-0.3047,1038.0,917.5,8.0
8.516,0.1632,0.658,0.6953,1.0,0.806,1339.0,1591.0,9.0
8.51,0.2021,0.4822,0.725,0.9995,-0.2969,1064.0,1238.0,10.0
-0.02893,0.03583,0.2313,0.828,0.9995,-0.2673,621.5,1063.0,11.0
6.082,0.1624,0.4404,0.825,0.9995,-0.447,679.5,1213.0,12.0
5.445,0.10504,0.3518,0.5864,0.9995,-0.3843,1141.0,647.0,13.0
4.836,0.08636,0.59,0.583,0.9995,-0.474,1214.0,1202.0,14.0
4.367,0.1156,0.3865,0.787,0.9995,-0.376,808.0,1102.0,15.0
12.06,0.4512,0.5747,0.9897,0.999,0.4067,1336.0,1473.0,1.0
11.62,0.3154,0.5,0.702,0.9995,-0.3904,1078.0,706.0,2.0
7.035,0.1791,0.811,0.9736,0.9995,0.0965,576.5,801.5,3.0
5.477,0.1387,0.928,0.9917,0.9995,-0.1493,1038.0,1267.0,4.0
9.516,0.2219,0.6177,0.7437,0.9995,-0.1501,875.5,843.0,5.0
10.56,0.297,0.604,0.8594,0.9995,0.2168,1022.5,1173.0,6.0
16.86,0.654,0.6187,0.721,1.0,0.827,572.0,1980.0,7.0
10.484,0.252,0.774,0.767,0.9995,-0.4053,782.5,1039.0,8.0
1.505,0.04984,0.693,0.817,0.9995,0.1204,1642.0,1596.0,9.0
7.363,0.1577,0.535,0.713,0.9995,-0.04877,963.5,693.0,10.0
8.234,0.183,0.747,0.7793,0.9995,-0.146,756.5,1052.0,11.0
4.97,0.09766,0.172,0.599,0.999,0.4663,1336.0,1212.0,12.0
8.45,0.2024,0.684,0.8345,0.9995,0.1711,890.5,1135.0,13.0
7.73,0.1675,0.613,0.747,0.9995,0.08673,879.0,995.5,14.0
1.467,0.0469,0.8027,0.8936,0.9995,0.666,769.0,1412.0,15.0
14.96,0.8213,0.3704,0.7627,1.0,0.6084,54.4,1588.0,1.0
2.092,0.07684,0.1232,0.786,0.9995,-0.10614,1546.0,1352.0,2.0
9.6,0.2544,0.3645,0.7095,0.9995,-0.1255,1003.5,870.5,3.0
0.09985,0.03146,0.2074,0.786,0.9995,0.1256,1667.0,1557.0,4.0
10.32,0.2224,0.6514,0.684,0.9995,0.02043,652.5,1513.0,5.0
-0.5874,0.01457,0.53,0.6167,0.9995,-0.503,79.4,134.0,6.0
8.164,0.1914,0.4985,0.7505,0.9995,0.02905,869.0,1274.0,7.0
11.04,0.3252,0.3708,0.763,0.9995,0.87,1371.0,344.8,8.0
8.664,0.2517,0.2954,0.7505,0.9995,-0.13,831.0,1294.0,9.0
6.688,0.171,0.316,0.743,0.9995,-0.0989,851.0,1101.0,10.0
7.266,0.1082,0.762,0.5776,1.0,0.9175,1108.0,1332.0,11.0
0.319,0.03256,0.3406,0.8105,1.0,0.426,1228.0,970.5,12.0
4.76,0.11926,0.315,0.7437,0.9995,-0.0549,887.0,983.0,13.0
8.71,0.2832,0.3018,0.8423,0.9995,0.2383,1413.0,929.5,14.0
5.574,0.12384,0.445,0.7285,0.9995,0.06125,912.5,1123.0,15.0
5.12,0.1614,0.4187,0.9785,0.9995,-0.2786,1217.0,1783.0,1.0
10.63,0.3147,0.4822,0.801,0.9995,-0.1531,1156.0,1213.0,2.0
12.92,0.5503,0.3477,0.752,0.999,-0.423,1188.0,1245.0,3.0
4.367,0.136,0.2822,0.833,0.9995,-0.542,1277.0,1458.0,4.0
10.0,0.245,0.435,0.673,0.9995,-0.4197,597.5,1143.0,5.0
10.805,0.3687,0.464,0.867,0.9995,-0.3823,1143.0,1209.0,6.0
4.543,0.134,0.407,0.8794,0.9995,-0.514,976.5,1372.0,7.0
1.683,0.0711,0.606,0.9854,0.999,-0.8496,446.8,1614.0,8.0
16.05,0.4226,0.4072,0.4934,0.9995,-0.1462,991.0,1079.0,9.0
8.83,0.2886,0.3508,0.8276,0.9995,-0.552,1383.0,1091.0,10.0
10.38,0.3708,0.3577,0.8174,0.9995,-0.554,1355.0,1318.0,11.0
8.695,0.2642,0.4307,0.855,0.9995,-0.3816,996.0,1365.0,12.0
8.28,0.2489,0.3877,0.821,0.9995,-0.5186,1136.0,1412.0,13.0
10.58,0.3484,0.3845,0.785,0.9995,-0.4631,1070.0,1352.0,14.0
-0.472,0.01752,0.5137,0.7983,0.999,-0.3762,1064.0,1477.0,15.0
14.87,0.501,0.582,0.7256,0.9995,0.129,555.0,1389.0,1.0
11.984,0.3208,0.5786,0.7227,0.9995,-0.2043,829.0,725.0,2.0
11.55,0.3887,0.561,0.9556,0.999,0.7065,299.2,1947.0,3.0
12.29,0.316,0.6006,0.7007,0.9995,-0.08887,659.5,1286.0,4.0
11.32,0.348,0.53,0.8286,0.9995,-0.0815,736.0,1160.0,5.0
4.71,0.1499,0.306,0.9526,0.999,0.2693,1647.0,1025.0,6.0
9.68,0.2305,0.5493,0.726,0.9995,-0.196,922.0,885.0,7.0
10.38,0.2622,0.53,0.74,0.9995,-0.01782,1012.0,990.5,8.0
10.16,0.2856,0.5645,0.859,0.9995,0.2527,605.5,1543.0,9.0
6.586,0.10486,0.624,0.553,0.9995,-0.08295,916.5,1025.0,10.0
2.193,0.06757,0.616,0.834,0.9995,-0.395,718.0,1235.0,11.0
8.516,0.2014,0.6787,0.8022,0.9995,-0.1466,679.0,1418.0,12.0
8.13,0.2009,0.555,0.807,0.9995,-0.04538,740.0,1342.0,13.0
9.46,0.4897,0.1617,0.8877,0.9995,-0.1857,1145.0,577.0,14.0
0.934,0.04718,0.4436,0.804,0.9995,-0.2189,1282.0,728.0,15.0
11.7,0.5044,0.3342,0.8237,0.9995,-0.3958,1771.0,797.5,1.0
0.1685,0.02826,0.6807,0.843,0.9995,0.3447,870.5,1762.0,2.0
9.45,0.2263,0.591,0.765,0.9995,0.0544,1023.5,967.5,3.0
11.71,0.362,0.556,0.8247,0.9995,-0.1381,1426.0,931.5,4.0
13.86,0.3562,0.5044,0.5986,0.999,-0.1025,1235.0,724.0,5.0
10.74,0.3337,0.478,0.823,0.9995,-0.2264,1530.0,795.5,6.0
0.4607,0.0333,0.6816,0.809,0.999,0.1691,1287.0,1067.0,7.0
8.85,0.1814,0.754,0.692,0.999,-0.3853,933.5,1177.0,8.0
5.95,0.138,0.8994,0.9116,0.9995,0.1812,982.5,1113.0,9.0
10.586,0.2458,0.6196,0.715,0.999,0.001749,1234.0,830.5,10.0
1.025,0.04208,0.11646,0.6675,1.0,-0.01053,1335.0,945.0,11.0
1.14,0.04892,0.6304,0.791,0.9995,-0.5947,865.5,711.0,12.0
7.246,0.1729,0.4775,0.75,0.9995,-0.3574,1245.0,1215.0,13.0
7.684,0.1691,0.6143,0.7524,0.9995,-0.0488,1143.0,933.5,14.0
-0.45,0.01704,0.4678,0.8623,0.9995,0.0678,1413.0,1064.0,15.0
7.547,0.2656,0.3108,0.879,0.9995,-0.8335,1305.0,1876.0,1.0
13.61,0.381,0.4902,0.637,0.9995,-0.1451,628.5,1211.0,2.0
6.418,0.2253,0.2365,0.836,0.999,-0.9106,1580.0,473.2,3.0
27.86,0.3904,0.414,0.1547,0.999,0.7056,1664.0,356.8,4.0
11.734,0.5537,0.2415,0.7964,0.9995,0.1423,839.5,1033.0,5.0
17.75,0.7783,0.323,0.4766,0.9995,-0.804,837.0,1903.0,6.0
4.57,0.05426,0.8525,0.4634,0.9995,0.795,776.5,289.8,7.0
10.77,0.3682,0.363,0.8086,0.9995,-0.000895,892.5,1028.0,8.0
9.38,0.2717,0.391,0.7803,0.9995,-0.1594,877.5,988.0,9.0
11.875,0.523,0.3875,0.892,0.9995,-0.1871,847.0,1415.0,10.0
0.9116,0.05124,0.4976,0.984,0.9995,0.053,866.5,890.0,11.0
0.533,0.02632,0.8433,0.5117,1.0,-0.606,253.2,1216.0,12.0
7.16,0.1809,0.447,0.7935,0.9995,-0.1277,829.5,1371.0,13.0
7.02,0.1935,0.391,0.798,0.9995,-0.567,1069.0,1318.0,14.0
11.41,0.3567,0.4507,0.781,0.9995,-0.10693,878.5,1130.0,15.0
7.055,0.1724,0.4558,0.788,0.9995,0.0649,820.0,1120.0,1.0
10.8,0.3538,0.3784,0.805,0.9995,0.1771,1176.0,810.5,2.0
-0.4253,0.02164,0.2089,0.7153,0.9995,-0.4106,1714.0,876.5,3.0
3.805,0.0867,0.3987,0.7046,0.9995,0.04672,929.5,987.0,4.0
5.973,0.1381,0.401,0.725,0.9995,-0.1252,995.5,810.0,5.0
4.29,0.09894,0.3672,0.709,0.9995,-0.007256,1032.0,891.5,6.0
5.227,0.1322,0.2854,0.7383,0.9995,-0.0434,660.5,948.5,7.0
5.55,0.1558,0.4707,0.9854,0.9995,0.5913,1724.0,298.0,8.0
7.027,0.1516,0.4893,0.705,0.9995,-0.07623,880.5,816.5,9.0
2.93,0.0542,0.57,0.5894,0.9995,0.36,872.5,620.0,10.0
3.617,0.0898,0.3013,0.709,0.9995,-0.06384,828.0,914.5,11.0
8.44,0.2148,0.315,0.666,0.9995,-0.69,639.0,1315.0,12.0
5.117,0.1133,0.4473,0.7207,0.9995,-0.006065,928.0,761.0,13.0
3.623,0.0857,0.366,0.7065,0.9995,-0.01384,1015.5,876.5,14.0
4.906,0.1224,0.3865,0.7837,0.9995,0.02263,962.5,974.5,15.0
7.99,0.2067,0.566,0.8237,0.9995,-0.505,1215.0,1477.0,1.0
6.207,0.1461,0.5376,0.7803,0.9995,-0.3245,1044.0,1272.0,2.0
6.605,0.1166,0.726,0.6333,0.9995,-0.01637,1104.0,1322.0,3.0
5.906,0.1312,0.6294,0.776,0.9995,-0.171,1079.0,1253.0,4.0
3.105,0.1119,0.372,0.948,0.999,-0.7285,716.0,818.0,5.0
7.24,0.172,0.46,0.751,0.9995,-0.1886,1059.0,1250.0,6.0
-0.3096,0.01181,0.368,0.7773,0.9995,-0.0845,837.0,945.5,7.0
6.332,0.1443,0.526,0.7725,0.9995,0.01276,832.5,1229.0,8.0
2.994,0.0856,0.3706,0.7686,0.9995,-0.4155,851.0,249.0,9.0
10.05,0.2744,0.4434,0.7603,0.9995,0.01552,859.5,979.5,10.0
3.045,0.0697,0.572,0.7305,0.9995,0.1729,1220.0,1330.0,11.0
5.18,0.1279,0.3389,0.7197,0.9995,-0.434,748.5,576.5,12.0
4.375,0.10156,0.5166,0.7695,0.9995,-0.0148,941.0,1181.0,13.0
-0.2004,0.01448,0.2817,0.5215,0.9995,0.1511,24.88,1505.0,14.0
4.973,0.1108,0.489,0.7373,0.9995,-0.02579,947.5,1236.0,15.0
5.76,0.1364,0.576,0.821,0.9995,-0.03503,1238.0,1549.0,1.0
6.89,0.1703,0.4946,0.7856,0.9995,-0.4197,1199.0,1326.0,2.0
7.88,0.1879,0.4727,0.7446,0.9995,-0.1985,854.0,1025.0,3.0
5.39,0.1272,0.504,0.764,0.9995,-0.3887,1210.0,1242.0,4.0
7.387,0.1578,0.7983,0.77,0.9995,-0.2402,1190.0,666.0,5.0
4.85,0.1323,0.3843,0.847,0.9995,-0.02065,972.5,1586.0,6.0
5.582,0.1257,0.613,0.776,0.9995,-0.2499,1195.0,926.5,7.0
6.348,0.1444,0.5347,0.7573,0.9995,-0.2372,1127.0,1044.0,8.0
6.977,0.1647,0.4395,0.733,0.9995,-0.3147,1072.0,922.0,9.0
-0.2625,0.02808,0.3489,0.733,0.999,-0.4382,1482.0,595.5,10.0
-0.2213,0.01086,0.3115,0.8003,0.9995,-0.03323,1524.0,906.0,11.0
4.914,0.1364,0.3257,0.7935,0.9995,-0.4204,893.0,1202.0,12.0
4.86,0.11725,0.42,0.7515,0.9995,-0.254,1264.0,918.5,13.0
3.828,0.0942,0.5254,0.7773,0.9995,-0.2812,1241.0,1010.0,14.0
4.082,0.08716,0.5757,0.685,0.9995,-0.3965,1405.0,965.0,15.0
1.702,0.01474,0.8677,0.452,0.999,0.5405,1301.0,913.0,1.0
6.184,0.1171,0.388,0.576,0.9995,-0.598,1091.0,540.0,2.0
5.684,0.1317,0.4773,0.756,0.9995,-0.1749,723.5,819.0,3.0
5.117,0.128,0.5127,0.823,0.9995,-0.2527,975.0,1218.0,4.0
5.484,0.124,0.458,0.709,0.9995,-0.4788,1001.5,1025.0,5.0
6.617,0.1439,0.4592,0.6904,0.9995,-0.2993,1048.0,859.0,6.0
-0.1239,0.03061,0.574,0.9233,0.9995,-0.2715,879.5,1535.0,7.0
4.723,0.10675,0.4963,0.715,0.9995,-0.467,945.5,1144.0,8.0
3.822,0.0912,0.5186,0.736,0.9995,-0.4521,1023.5,1090.0,9.0
3.016,0.08057,0.507,0.8687,0.9995,0.4368,1038.0,974.5,10.0
3.02,0.07806,0.512,0.7554,0.9995,-0.3513,937.0,1118.0,11.0
3.277,0.0689,0.8037,0.6914,0.9995,-0.1732,1733.0,1124.0,12.0
3.793,0.0972,0.5103,0.807,0.9995,-0.2544,855.5,972.5,13.0
-0.3232,0.01405,0.683,0.835,0.9995,-0.0886,876.0,870.0,14.0
2.45,0.0688,0.552,0.7695,0.9995,-0.3955,956.0,1028.0,15.0
5.74,0.1398,0.3572,0.755,0.9995,0.06464,781.5,624.0,1.0
12.484,0.457,0.399,0.792,1.0,0.2494,616.5,1254.0,2.0
7.438,0.2162,0.3948,0.845,0.9995,-0.2854,1101.0,982.0,3.0
8.79,0.1203,0.6777,0.471,0.999,0.137,1720.0,746.5,4.0
4.105,0.0965,0.774,0.786,1.0,-0.7183,717.0,776.5,5.0
-0.3398,0.01828,0.8516,0.7993,0.9995,-0.1942,1727.0,1424.0,6.0
6.594,0.11316,0.6406,0.603,0.9995,-0.01787,1353.0,772.0,7.0
4.457,0.1041,0.5186,0.7876,0.9995,0.10754,1274.0,869.0,8.0
7.61,0.1766,0.4995,0.7524,0.9995,-0.05063,922.0,830.0,9.0
0.4626,0.0482,0.441,0.973,1.0,-0.4373,964.5,1224.0,10.0
3.197,0.08466,0.4543,0.779,0.9995,-0.222,1021.5,966.0,11.0
4.297,0.1004,0.5166,0.7554,0.9995,-0.2197,955.5,1127.0,12.0
1.191,0.03296,0.8604,0.6797,0.999,0.7505,175.5,85.06,13.0
2.754,0.0747,0.553,0.7856,0.9995,-0.322,1082.0,1056.0,14.0
3.02,0.0743,0.6177,0.7725,0.9995,-0.07684,1156.0,816.0,15.0
7.793,0.1858,0.5107,0.7563,0.9995,-0.306,955.5,748.0,1.0
7.445,0.1624,0.5586,0.7236,0.9995,-0.1847,1134.0,983.5,2.0
6.74,0.2603,0.1792,0.854,0.9995,-0.722,1104.0,1759.0,3.0
6.652,0.1528,0.559,0.7905,0.9995,0.05435,927.5,1146.0,4.0
0.3179,0.04135,0.329,0.7236,0.9995,-0.9224,536.5,221.6,5.0
5.42,0.1139,0.5483,0.6997,0.9995,-0.2732,917.5,941.5,6.0
5.55,0.121,0.5176,0.7236,0.9995,-0.1866,1037.0,976.0,7.0
4.266,0.0854,0.616,0.648,0.9995,-0.493,846.5,743.0,8.0
6.355,0.1735,0.3398,0.776,0.9995,-0.5225,1007.0,1350.0,9.0
5.0,0.11346,0.4888,0.739,0.9995,-0.1957,889.0,1175.0,10.0
9.72,0.2532,0.9043,0.8965,0.9995,-0.563,320.0,1840.0,11.0
8.484,0.2051,0.4272,0.702,0.9995,-0.4678,1084.0,1265.0,12.0
5.168,0.1186,0.4414,0.7173,0.9995,-0.3828,1033.0,1015.5,13.0
4.62,0.1054,0.5073,0.7505,0.9995,-0.10504,872.0,952.0,14.0
0.3208,0.02826,0.6235,0.6445,0.9995,-0.1142,1089.0,659.5,15.0
2.645,0.0861,0.1566,0.8145,0.9995,0.282,1685.0,1053.0,1.0
6.14,0.1383,0.12476,0.6074,0.999,-0.1004,105.44,465.0,2.0
5.68,0.1407,0.335,0.7397,0.9995,-0.1636,871.0,920.5,3.0
4.85,0.11804,0.4333,0.81,0.9995,0.3127,1286.0,1184.0,4.0
6.59,0.1694,0.3162,0.7827,0.9995,0.3994,880.0,1326.0,5.0
4.17,0.08765,0.673,0.7017,0.9995,-0.3423,1203.0,1586.0,6.0
4.86,0.11774,0.3767,0.7812,0.9995,0.3225,954.5,1147.0,7.0
4.42,0.10254,0.262,0.676,0.9995,-0.01033,623.0,739.0,8.0
3.684,0.0897,0.424,0.773,0.9995,0.2373,986.0,1086.0,9.0
-0.5107,0.01417,0.61,0.7007,0.9995,-0.2019,472.5,631.0,10.0
3.318,0.07544,0.3347,0.687,0.9995,0.2917,1132.0,1013.5,11.0
4.117,0.1,0.3713,0.741,0.9995,-0.005844,818.5,944.0,12.0
8.93,0.506,0.1625,0.914,1.0,-0.87,262.2,213.9,13.0
3.965,0.08746,0.387,0.693,0.9995,0.1482,1174.0,996.0,14.0
-0.1074,0.02203,0.644,0.815,0.999,0.4722,923.5,1334.0,15.0
21.1,0.986,0.4133,0.405,0.9995,-0.794,595.5,1294.0,1.0
7.746,0.0811,0.871,0.4092,0.9995,0.5957,174.4,1709.0,2.0
11.95,0.3687,0.4504,0.7173,1.0,-0.6387,1401.0,1658.0,3.0
9.57,0.2263,0.53,0.7114,0.9995,-0.3015,978.5,1532.0,4.0
6.82,0.1642,0.4854,0.7793,0.9995,-0.1656,924.5,1376.0,5.0
-0.2094,0.0285,0.5005,0.8506,0.9995,-0.2096,548.0,1350.0,6.0
5.996,0.12463,0.5635,0.7354,0.9995,0.288,1000.5,1473.0,7.0
5.742,0.0913,0.728,0.5835,0.9995,0.263,492.2,1609.0,8.0
4.68,0.0977,0.563,0.7,0.9995,-0.1372,914.5,1277.0,9.0
3.645,0.0774,0.595,0.7,0.9995,0.01107,590.5,1389.0,10.0
1.865,0.0578,0.513,0.9126,0.999,0.7915,1781.0,1291.0,11.0
3.648,0.10864,0.4355,0.9136,0.9995,-0.1278,997.0,1443.0,12.0
-0.3596,0.01773,0.3481,0.994,0.9995,-0.0792,710.0,1066.0,13.0
3.428,0.09094,0.4763,0.845,0.9995,0.1523,569.5,1569.0,14.0
7.832,0.0938,0.92,0.4453,1.0,0.4504,612.0,313.0,15.0
7.625,0.2383,0.355,0.8525,0.9995,-0.445,443.5,1215.0,1.0
6.297,0.1543,0.3816,0.7905,1.0,0.4072,1338.0,1104.0,2.0
7.004,0.1581,0.4553,0.722,1.0,-0.09985,808.0,906.5,3.0
6.14,0.1548,0.352,0.769,0.9995,0.00748,470.5,887.0,4.0
-0.4958,0.02153,0.4326,0.8096,0.9995,-0.1891,1080.0,1289.0,5.0
0.3066,0.046,0.2367,0.993,0.9995,0.06015,1124.0,1197.0,6.0
3.94,0.10547,0.3938,0.8022,0.9995,-0.1981,813.0,1155.0,7.0
4.45,0.1139,0.391,0.816,0.9995,0.2037,1168.0,1160.0,8.0
7.324,0.1755,0.609,0.8525,0.9995,0.3604,1025.0,737.5,9.0
3.617,0.0903,0.501,0.7656,0.9995,-0.324,1112.0,1003.0,10.0
3.309,0.08795,0.431,0.801,0.9995,-0.01555,1049.0,1081.0,11.0
5.766,0.1582,0.401,0.846,0.9995,-0.1849,682.0,1206.0,12.0
3.916,0.1041,0.4385,0.817,0.9995,-0.2092,825.0,1114.0,13.0
2.701,0.0775,0.4316,0.7954,0.9995,-0.1884,909.0,1160.0,14.0
2.84,0.0795,0.4436,0.7974,0.9995,-0.1545,933.5,1130.0,15.0
8.125,0.2239,0.4905,0.862,0.9995,-0.02464,1217.0,985.5,1.0
6.97,0.156,0.7554,0.7856,0.999,-0.55,1828.0,567.5,2.0
-0.02353,0.02885,0.366,0.915,0.9995,0.4526,220.9,1630.0,3.0
6.29,0.1608,0.513,0.857,0.9995,-0.01559,965.0,1076.0,4.0
5.344,0.1234,0.546,0.7954,0.9995,0.04352,811.5,1075.0,5.0
7.05,0.0709,0.6387,0.3977,0.9995,0.3887,120.3,1136.0,6.0
12.04,0.338,0.5195,0.7183,0.9995,-0.2559,690.0,982.0,7.0
6.94,0.162,0.4854,0.757,0.9995,-0.1372,742.5,1203.0,8.0
5.31,0.1382,0.477,0.8535,0.9995,-0.111,978.0,1025.0,9.0
0.199,0.03375,0.7256,0.8955,0.9995,-0.2537,717.5,680.5,10.0
4.82,0.08606,0.618,0.628,0.9995,0.1614,509.2,1063.0,11.0
8.625,0.2117,0.5454,0.7793,0.9995,-0.1495,752.5,1055.0,12.0
5.914,0.139,0.559,0.806,0.9995,-0.07275,751.0,1022.0,13.0
-0.406,0.02127,0.5425,0.914,0.9995,-0.09393,618.0,753.5,14.0
-0.335,0.01575,0.506,0.886,0.9995,-0.2703,816.0,780.5,15.0
-0.4077,0.012985,0.6045,0.69,0.9995,-0.4587,814.5,907.0,1.0
7.13,0.1761,0.4453,0.7705,0.9995,-0.2328,894.0,978.0,2.0
5.43,0.127,0.5156,0.773,0.9995,-0.2413,815.0,983.5,3.0
3.37,0.05975,0.4104,0.538,0.9995,0.04486,582.5,902.5,4.0
4.77,0.107,0.6694,0.773,0.9995,-0.3186,781.0,913.5,5.0
7.766,0.179,0.4905,0.732,0.9995,-0.183,818.0,928.0,6.0
4.74,0.11084,0.494,0.768,0.9995,-0.1052,794.0,1103.0,7.0
-0.4426,0.01875,0.7026,0.752,0.9995,-0.2195,642.0,899.0,8.0
14.81,0.519,0.4463,0.67,1.0,0.2883,657.5,395.2,9.0
6.457,0.11945,0.3916,0.6147,0.9995,0.385,524.0,1025.0,10.0
5.17,0.113,0.5083,0.7153,0.9995,-0.2524,715.0,1012.5,11.0
4.246,0.1017,0.5264,0.8027,0.9995,0.0722,1065.0,664.5,12.0
-0.3838,0.0139,0.656,0.8105,0.9995,0.0873,549.5,783.5,13.0
4.348,0.0893,0.4866,0.6724,0.9995,-0.01978,644.0,1063.0,14.0
11.1,0.283,0.5166,0.7144,0.9995,0.01199,618.0,701.0,15.0
6.863,0.1484,0.5864,0.709,0.9995,-0.6064,1003.0,1563.0,1.0
6.938,0.1873,0.3823,0.8076,0.9995,-0.1456,1115.0,1017.5,2.0
8.53,0.1929,0.7896,0.8164,1.0,0.1951,363.2,609.5,3.0
11.25,0.299,0.4766,0.7104,0.9995,-0.0499,639.5,1143.0,4.0
0.0711,0.02304,0.2563,0.7476,1.0,0.6445,229.0,1779.0,5.0
5.94,0.1387,0.457,0.74,0.9995,-0.3455,1011.5,1134.0,6.0
6.04,0.1434,0.592,0.83,1.0,-0.01828,484.5,870.0,7.0
6.676,0.1818,0.3267,0.7905,0.9995,-0.08813,910.5,1263.0,8.0
5.12,0.1318,0.3955,0.7974,0.9995,-0.1765,772.5,1184.0,9.0
-0.2302,0.01114,0.2803,0.8545,1.0,0.205,484.5,964.0,10.0
4.45,0.0915,0.4224,0.6294,0.9995,-0.4175,1255.0,1070.0,11.0
3.828,0.1077,0.4934,0.867,1.0,-0.4539,375.8,688.5,12.0
3.312,0.0936,0.3818,0.81,0.9995,-0.191,673.0,1209.0,13.0
2.848,0.0833,0.3892,0.7964,0.9995,-0.2812,723.5,1160.0,14.0
3.873,0.09894,0.416,0.7627,0.9995,-0.3127,851.5,1189.0,15.0
6.914,0.1758,0.4077,0.794,0.9995,0.04425,746.0,1142.0,1.0
8.95,0.2372,0.399,0.7925,0.9995,0.614,1190.0,782.0,2.0
-0.1132,0.03836,0.3708,0.862,0.999,-0.819,314.8,1809.0,3.0
6.38,0.1824,0.409,0.86,0.9995,-0.3994,581.0,1667.0,4.0
1.397,0.0632,0.1619,0.7812,0.9995,-0.317,571.5,1570.0,5.0
4.953,0.1248,0.3708,0.782,0.9995,0.00263,686.5,1199.0,6.0
7.535,0.1577,0.9224,0.7363,0.9995,-0.8813,437.0,1828.0,7.0
4.6,0.08997,0.5684,0.692,0.9995,0.3645,869.5,1390.0,8.0
4.914,0.1359,0.348,0.8203,0.9995,-0.2174,671.5,1514.0,9.0
6.707,0.1614,0.505,0.7944,0.9995,-0.08795,898.0,1149.0,10.0
4.88,0.1205,0.4521,0.8013,0.9995,-0.03778,789.0,1250.0,11.0
7.016,0.2495,0.2524,0.948,1.0,0.275,1249.0,164.5,12.0
3.824,0.10535,0.3394,0.819,0.9995,0.07263,728.5,1096.0,13.0
0.3406,0.03882,0.4377,0.792,0.9995,-0.4329,789.0,1297.0,14.0
2.379,0.0907,0.3057,0.8545,1.0,-0.821,376.0,279.2,15.0
2.33,0.0939,0.247,0.941,0.999,-0.1681,1464.0,590.5,1.0
6.254,0.1619,0.4434,0.822,0.9995,-0.1613,1091.0,977.5,2.0
7.977,0.237,0.3445,0.8213,0.9995,-0.09314,1280.0,903.5,3.0
6.766,0.1592,0.6562,0.8364,0.9995,-0.00826,884.0,1197.0,4.0
0.4387,0.0568,0.1731,0.946,0.999,-0.523,1415.0,415.5,5.0
3.674,0.11017,0.4663,0.9004,0.9995,-0.4988,914.5,1167.0,6.0
8.02,0.2888,0.2554,0.877,0.9995,-0.1307,1210.0,602.0,7.0
4.863,0.1263,0.514,0.875,0.9995,-0.01749,1113.0,908.0,8.0
5.477,0.1786,0.262,0.928,0.999,0.273,1270.0,528.0,9.0
5.465,0.1573,0.3193,0.834,0.9995,-0.1866,1252.0,792.0,10.0
-0.4812,0.02339,0.2854,0.9253,0.999,-0.3225,1414.0,591.5,11.0
5.637,0.1798,0.2656,0.8706,0.999,-0.1759,1284.0,584.0,12.0
4.31,0.1342,0.283,0.8706,0.999,-0.1439,1300.0,578.5,13.0
4.254,0.1327,0.3042,0.9077,0.9995,0.05328,1207.0,617.5,14.0
3.473,0.10956,0.2925,0.857,0.999,-0.2026,1320.0,664.5,15.0
7.734,0.1941,0.4219,0.7573,0.9995,-0.221,824.5,1107.0,1.0
8.39,0.2192,0.4385,0.782,0.9995,-0.09534,779.0,1182.0,2.0
7.72,0.2197,0.3594,0.8076,0.9995,-0.1653,1018.0,1136.0,3.0
7.44,0.1906,0.496,0.827,0.9995,-0.0299,972.0,1367.0,4.0
6.03,0.1537,0.3467,0.765,0.9995,-0.1272,966.5,1116.0,5.0
6.906,0.1741,0.655,0.8887,0.9995,-0.1465,677.0,1396.0,6.0
6.75,0.1664,0.3967,0.7593,0.9995,-0.1148,757.5,1223.0,7.0
1.168,0.04782,0.2551,0.6504,0.9995,-0.571,1051.0,1014.5,8.0
5.87,0.08325,0.2292,0.4321,0.9995,-0.4038,38.94,193.8,9.0
13.47,0.3804,0.5483,0.6694,0.9995,-0.2605,881.5,741.0,10.0
4.777,0.1137,0.3674,0.727,0.9995,-0.1316,825.0,1158.0,11.0
5.547,0.1337,0.4966,0.7905,0.9995,-0.2286,721.5,1256.0,12.0
5.527,0.1288,0.3767,0.7144,0.9995,-0.2141,882.0,1059.0,13.0
-0.4814,0.01595,0.4004,0.7593,1.0,0.1261,476.2,460.2,14.0
3.773,0.0939,0.3638,0.731,0.9995,-0.1722,905.0,1063.0,15.0
8.02,0.2327,0.3503,0.8154,0.9995,0.02725,843.5,1063.0,1.0
6.953,0.1936,0.387,0.818,0.9995,-0.353,1066.0,1155.0,2.0
8.04,0.2129,0.3943,0.7725,0.9995,-0.1686,1040.0,1140.0,3.0
6.145,0.1967,0.2046,0.8613,0.9995,0.3691,1552.0,721.5,4.0
5.594,0.1278,0.358,0.6924,0.9995,-0.2416,783.0,1327.0,5.0
8.81,0.2311,0.4614,0.782,0.9995,-0.11725,865.0,1032.0,6.0
0.543,0.0444,0.2888,0.8467,1.0,-0.0447,1442.0,1403.0,7.0
5.336,0.1464,0.36,0.8213,0.9995,-0.2244,1108.0,1234.0,8.0
4.082,0.0738,0.1366,0.525,0.9995,0.1203,307.2,280.5,9.0
5.945,0.1525,0.3489,0.773,0.9995,-0.10583,988.5,1126.0,10.0
4.555,0.10596,0.4458,0.715,0.9995,-0.4575,1233.0,662.5,11.0
4.844,0.1351,0.303,0.831,0.9995,0.1499,1223.0,970.0,12.0
4.113,0.1116,0.347,0.797,0.9995,-0.1676,1038.0,1161.0,13.0
4.254,0.11224,0.358,0.792,0.9995,-0.09424,898.0,1144.0,14.0
-0.3762,0.02121,0.3535,0.7847,0.9995,0.1416,699.5,1136.0,15.0
5.984,0.1421,0.8076,0.9,0.9995,0.012276,894.5,1960.0,1.0
6.375,0.1573,0.723,0.8774,0.9995,-0.4465,1270.0,1239.0,2.0
0.123,0.03262,0.6343,0.858,0.9995,-0.2175,344.5,899.0,3.0
37.03,0.8994,0.21,0.03113,0.999,-0.4312,441.0,574.5,4.0
6.41,0.1423,0.6753,0.775,0.9995,-0.3584,880.0,1037.0,5.0
2.2,0.0636,0.2786,0.748,1.0,0.3374,816.0,644.0,6.0
0.02803,0.03528,0.6074,0.9863,0.9995,-0.4255,821.5,918.5,7.0
15.29,0.4258,0.6963,0.637,1.0,-0.2107,614.0,1143.0,8.0
23.0,0.2913,0.781,0.2166,1.0,-0.64,1392.0,397.8,9.0
4.715,0.1284,0.4788,0.865,0.9995,-0.383,1146.0,902.0,10.0
12.89,0.2345,0.71,0.516,0.9995,-0.4539,1130.0,774.0,11.0
13.47,0.7476,0.1537,0.6626,0.9995,0.4285,1084.0,627.0,12.0
4.98,0.126,0.574,0.842,0.9995,-0.4307,839.5,1176.0,13.0
7.383,0.1506,0.666,0.696,0.9995,-0.3613,933.5,899.0,14.0
4.246,0.1066,0.7217,0.8926,0.9995,-0.1526,853.0,1466.0,15.0
7.348,0.1423,0.4634,0.615,0.9995,-0.2727,681.5,991.0,1.0
1.097,0.0522,0.4885,0.9917,0.9995,0.3655,851.0,886.0,2.0
10.3,0.3274,0.4226,0.8315,0.9995,-0.0472,777.0,955.5,3.0
6.78,0.1852,0.1014,0.6943,0.9995,0.2607,1375.0,10.94,4.0
6.91,0.1511,0.4065,0.6636,0.9995,-0.4285,944.0,644.5,5.0
-0.2632,0.019,0.5244,0.9478,0.9995,0.6196,600.0,1143.0,6.0
5.3,0.1296,0.641,0.886,0.9995,0.11426,656.0,866.0,7.0
4.293,0.1676,0.1511,0.896,0.9995,-0.605,1660.0,589.5,8.0
4.043,0.0966,0.1202,0.651,0.9995,0.05414,1309.0,1707.0,9.0
4.21,0.1278,0.3613,0.8906,0.9995,-0.2664,1044.0,990.0,10.0
4.906,0.1284,0.238,0.7534,0.9995,0.1655,1076.0,504.0,11.0
4.55,0.1162,0.4512,0.822,0.9995,-0.054,607.0,730.0,12.0
2.943,0.0508,0.591,0.4978,0.9995,-0.3552,1057.0,1082.0,13.0
0.594,0.03302,0.283,0.6543,0.9995,0.1053,1136.0,1093.0,14.0
3.951,0.0979,0.523,0.8257,0.9995,0.119,774.5,874.0,15.0
8.586,0.2181,0.3965,0.7407,0.9995,-0.01765,817.5,1089.0,1.0
8.86,0.2219,0.98,0.96,0.999,0.2228,1888.0,181.2,2.0
7.426,0.1669,0.6904,0.801,0.9995,0.03445,1426.0,564.5,3.0
0.3352,0.014694,0.11304,0.4465,1.0,-0.559,432.2,1409.0,4.0
6.45,0.1425,0.3755,0.677,0.9995,-0.1843,816.5,1130.0,5.0
6.402,0.1266,0.341,0.6167,0.9995,0.03043,562.5,1173.0,6.0
11.39,0.3972,0.3103,0.7505,0.9995,0.1444,982.0,950.0,7.0
6.773,0.1608,0.501,0.787,0.9995,0.003305,864.0,1178.0,8.0
5.53,0.1293,0.3992,0.726,0.9995,-0.2172,805.0,1143.0,9.0
4.805,0.1106,0.3257,0.6743,0.9995,-0.3513,1102.0,915.5,10.0
5.457,0.1116,0.3887,0.6387,0.9995,-0.2306,990.5,881.5,11.0
4.645,0.09686,0.3367,0.6367,0.9995,-0.1078,734.5,1015.5,12.0
8.8,0.246,0.2988,0.725,0.9995,-0.1729,916.0,1021.0,13.0
4.938,0.1577,0.223,0.8145,0.9995,-0.5605,742.5,856.0,14.0
3.957,0.0663,0.4436,0.523,0.9995,-0.10046,870.5,1247.0,15.0
1.001,0.04352,0.51,0.8057,0.9995,0.183,85.6,1008.0,1.0
5.383,0.1201,0.4492,0.706,0.9995,-0.3274,863.5,1020.5,2.0
1.927,0.0427,0.97,0.5903,0.999,-0.129,125.4,880.0,3.0
9.46,0.2139,0.4883,0.6885,0.9995,0.0708,823.5,929.0,4.0
-0.317,0.02438,0.4058,0.819,0.999,0.0568,938.5,1624.0,5.0
9.62,0.3345,0.291,0.7915,0.9995,-0.3853,819.5,1271.0,6.0
6.027,0.1422,0.636,0.8735,0.999,0.3987,1873.0,831.0,7.0
7.184,0.2029,0.341,0.8057,0.9995,-0.1666,887.5,1213.0,8.0
6.645,0.161,0.656,0.841,0.9995,-0.345,915.0,1408.0,9.0
1.558,0.06433,0.435,0.8,1.0,-0.9834,1105.0,522.5,10.0
4.215,0.10504,0.5464,0.8164,0.9995,-0.2311,827.5,1249.0,11.0
4.008,0.0835,0.7363,0.72,0.9995,-0.0804,773.0,1349.0,12.0
3.79,0.0913,0.4573,0.7417,0.9995,-0.2042,837.5,1106.0,13.0
18.69,0.6733,0.9355,0.695,0.9995,0.2773,179.4,1276.0,14.0
3.379,0.08813,0.4456,0.775,0.9995,-0.227,775.0,1079.0,15.0
3.227,0.09204,0.32,0.763,0.9995,-0.3745,1012.5,1130.0,1.0
3.396,0.08044,0.4395,0.6978,0.9995,-0.3044,783.5,795.0,2.0
4.562,0.1062,0.4602,0.733,0.9995,-0.295,1015.0,916.5,3.0
-0.3657,0.02716,0.2983,0.979,1.0,0.04694,446.8,540.5,4.0
-0.4011,0.0175,0.407,0.9067,1.0,-0.2283,968.5,834.5,5.0
1.985,0.06155,0.268,0.7188,0.9995,-0.05927,1042.0,1231.0,6.0
1.836,0.0625,0.351,0.7627,0.9995,-0.2585,910.0,974.0,7.0
1.972,0.0673,0.4167,0.8237,0.9995,-0.2268,701.5,977.5,8.0
1.915,0.0629,0.3323,0.7646,1.0,-0.0903,474.5,706.0,9.0
1.585,0.06036,0.619,0.894,1.0,-0.3984,768.0,743.0,10.0
2.492,0.07166,0.4075,0.756,0.9995,-0.2715,856.0,814.5,11.0
1.468,0.05475,0.4055,0.7593,0.9995,-0.3062,805.5,801.0,12.0
1.088,0.05045,0.4053,0.7993,0.9995,-0.2303,748.0,896.0,13.0
5.85,0.1461,0.3674,0.756,0.9995,-0.2303,797.5,874.0,14.0
-0.367,0.02296,0.1954,0.947,1.0,-0.367,640.5,669.5,15.0
4.797,0.1188,0.4375,0.799,0.9995,0.0008035,874.0,1274.0,1.0
3.473,0.0911,0.4153,0.7925,0.9995,-0.01892,1045.0,938.5,2.0
3.055,0.0794,0.5005,0.783,0.9995,-0.10236,800.0,1083.0,3.0
2.555,0.06976,0.443,0.749,0.9995,-0.1599,852.5,998.0,4.0
2.14,0.05774,0.446,0.716,0.9995,0.064,981.0,905.5,5.0
-0.2683,0.01158,0.5513,0.772,0.9995,-0.2598,413.8,453.2,6.0
2.715,0.0759,0.5312,0.798,0.9995,-0.3433,660.0,485.8,7.0
-0.07495,0.02402,0.6855,0.9727,0.9995,0.4985,116.06,1299.0,8.0
2.371,0.0749,0.621,0.8706,1.0,-0.624,780.5,1162.0,9.0
2.223,0.06573,0.5083,0.8057,0.9995,-0.03482,746.0,986.5,10.0
2.135,0.0637,0.4963,0.732,0.999,-0.622,775.5,1560.0,11.0
1.733,0.0564,0.53,0.778,0.9995,-0.1946,772.0,886.0,12.0
0.6484,0.0391,0.588,0.7993,0.9995,-0.12384,599.5,878.5,13.0
1.305,0.04895,0.4976,0.763,0.9995,-0.152,723.0,930.5,14.0
1.399,0.0541,0.567,0.812,0.9995,-0.4163,736.5,973.5,15.0
3.867,0.08954,0.3877,0.698,0.9995,-0.1448,875.0,1143.0,1.0
4.508,0.10645,0.4517,0.75,0.9995,-0.1508,897.5,1230.0,2.0
3.596,0.098,0.3584,0.8,0.9995,-0.04257,971.5,1360.0,3.0
3.008,0.0845,0.307,0.743,0.9995,-0.2705,945.0,1095.0,4.0
3.29,0.0821,0.3806,0.725,0.9995,-0.0962,888.5,1151.0,5.0
-0.1373,0.0382,0.2786,0.9683,0.9995,-0.2683,1561.0,1447.0,6.0
-0.3323,0.01547,0.3335,0.872,0.9995,-0.2507,1336.0,1327.0,7.0
-0.261,0.03293,0.259,0.939,0.999,-0.1654,1450.0,1518.0,8.0
1.704,0.06134,0.3848,0.8022,0.9995,-0.167,1016.0,1191.0,9.0
2.021,0.05643,0.2084,0.6494,0.9995,-0.0131,762.0,720.0,10.0
4.36,0.08905,0.556,0.6562,0.9995,-0.423,524.5,1332.0,11.0
1.5,0.05826,0.331,0.782,0.9995,-0.202,989.5,1135.0,12.0
0.7314,0.0459,0.3403,0.811,0.9995,-0.1549,1084.0,1158.0,13.0
-0.1294,0.02518,0.783,0.8335,1.0,-0.12476,258.0,798.0,14.0
0.5933,0.04254,0.3718,0.804,0.9995,-0.1647,957.5,1127.0,15.0
0.4397,0.03708,0.973,0.9424,0.9995,-0.363,877.5,558.5,1.0
2.107,0.06635,0.451,0.7925,0.9995,-0.2498,779.5,1012.5,2.0
-0.1606,0.02148,0.2832,0.8413,0.9995,0.6157,327.0,887.0,3.0
1.928,0.0689,0.471,0.851,0.9995,-0.474,933.0,1058.0,4.0
-0.2524,0.0129,0.5996,0.946,0.9995,0.1938,543.5,820.5,5.0
1.954,0.06052,0.4302,0.7754,0.9995,0.008865,832.5,943.0,6.0
4.074,0.09753,0.5337,0.7783,0.9995,-0.1681,735.0,1009.5,7.0
2.164,0.0662,0.5127,0.822,0.9995,-0.08325,676.0,963.5,8.0
3.398,0.05585,0.9536,0.561,0.9995,0.171,450.0,988.0,9.0
1.741,0.04572,0.7124,0.6826,0.9995,0.09424,601.0,909.0,10.0
0.891,0.04678,0.503,0.8306,0.9995,-0.2485,847.5,912.0,11.0
0.932,0.04584,0.4612,0.8276,0.9995,0.01953,766.5,905.5,12.0
0.4375,0.03888,0.4854,0.914,0.9995,0.172,765.0,877.5,13.0
0.923,0.04755,0.587,0.8867,0.9995,-0.1866,417.2,986.5,14.0
0.371,0.0378,0.549,0.8667,0.9995,-0.1356,579.5,927.0,15.0
3.342,0.09094,0.499,0.8364,0.9995,-0.1758,949.5,901.5,1.0
5.418,0.1547,0.375,0.88,1.0,-0.01308,1001.5,523.0,2.0
2.826,0.0777,0.603,0.8164,1.0,-0.3887,677.5,944.0,3.0
3.854,0.1092,0.3936,0.8555,0.9995,-0.106,934.0,789.0,4.0
6.23,0.1554,0.673,0.8755,0.9995,-0.3936,565.5,1422.0,5.0
-0.08453,0.02925,0.4893,0.8545,0.9995,0.012886,323.2,1631.0,6.0
2.434,0.0724,0.42,0.8345,0.9995,0.1865,596.0,1117.0,7.0
2.459,0.0686,0.4062,0.733,0.9995,-0.2505,947.0,976.5,8.0
1.622,0.05875,0.5034,0.828,0.9995,-0.2224,635.5,1040.0,9.0
1.907,0.06525,0.4497,0.838,0.9995,-0.1421,775.0,929.0,10.0
-0.3562,0.01688,0.4463,0.985,0.9995,0.01253,278.0,1296.0,11.0
3.46,0.0933,0.5737,0.8647,0.9995,-0.2112,492.2,1323.0,12.0
2.967,0.0787,0.4934,0.7876,0.9995,-0.1188,760.5,1049.0,13.0
1.451,0.0588,0.378,0.8228,0.9995,-0.1991,678.5,693.0,14.0
1.478,0.05634,0.4531,0.8223,0.9995,-0.1295,672.0,1010.5,15.0
4.78,0.1271,0.4,0.83,0.9995,-0.06494,987.0,1063.0,1.0
6.234,0.1339,0.4624,0.6973,0.9995,-0.1322,1007.5,924.5,2.0
3.393,0.09186,0.4536,0.8237,0.9995,-0.0918,962.0,946.5,3.0
3.639,0.08673,0.5044,0.7534,0.9995,-0.08246,996.0,838.5,4.0
2.713,0.0825,0.3599,0.857,0.9995,0.1785,745.5,502.0,5.0
1.681,0.04492,0.3962,0.618,0.9995,0.0524,603.0,797.5,6.0
2.703,0.08014,0.3833,0.8164,0.9995,-0.04904,992.5,970.5,7.0
3.295,0.08844,0.3342,0.782,0.9995,0.1599,1045.0,653.0,8.0
2.049,0.0631,0.4924,0.799,0.9995,-0.0897,942.5,836.5,9.0
1.678,0.05728,0.4573,0.795,0.9995,-0.06836,958.0,848.5,10.0
3.53,0.0984,0.4705,0.9097,0.9995,0.2825,1364.0,560.5,11.0
-0.346,0.0198,0.5854,0.803,0.9995,0.2153,848.0,1020.5,12.0
2.053,0.06464,0.514,0.855,0.9995,0.109,1161.0,659.5,13.0
1.113,0.04837,0.5083,0.841,0.9995,0.04376,1089.0,778.5,14.0
0.342,0.02734,0.929,0.6465,0.9995,-0.1542,588.5,1048.0,15.0
3.135,0.0886,0.388,0.8076,0.9995,-0.1279,928.0,1017.5,1.0
3.543,0.09186,0.3926,0.7646,0.9995,-0.1497,755.5,1176.0,2.0
-0.4485,0.02057,0.4194,0.9287,0.9995,-0.2964,1011.0,1351.0,3.0
1.88,0.0642,0.4065,0.811,0.9995,-0.1437,820.5,1113.0,4.0
2.07,0.0699,0.4077,0.8643,0.999,0.01715,705.0,1385.0,5.0
2.361,0.0761,0.4497,0.8447,0.9995,-0.338,701.5,898.0,6.0
1.419,0.05185,0.517,0.859,0.9995,0.3008,530.5,683.5,7.0
5.668,0.1342,0.4202,0.7446,0.9995,-0.2148,734.5,946.0,8.0
1.337,0.0583,0.4275,0.863,0.9995,-0.265,818.5,1065.0,9.0
4.277,0.113,0.277,0.7095,0.9995,-0.63,1253.0,1280.0,10.0
2.771,0.095,0.4053,0.901,0.9995,-0.625,1037.0,1210.0,11.0
0.461,0.02731,0.691,0.7876,0.999,0.8057,460.2,600.0,12.0
1.797,0.0616,0.433,0.821,0.9995,-0.0484,859.5,1033.0,13.0
1.143,0.05194,0.4155,0.8447,0.9995,-0.03363,811.5,1232.0,14.0
0.6685,0.04547,0.4373,0.869,0.9995,-0.164,859.0,1101.0,15.0
3.273,0.09015,0.4565,0.807,0.9995,-0.334,917.0,1244.0,1.0
-0.4944,0.01481,0.4976,0.7256,0.9995,-0.308,595.5,935.0,2.0
2.125,0.02663,0.329,0.4268,0.999,-0.9526,1052.0,1681.0,3.0
5.543,0.1533,0.4048,0.842,0.9995,-0.3726,789.0,1466.0,4.0
4.04,0.1096,0.417,0.8174,0.9995,-0.318,895.5,1268.0,5.0
2.533,0.0647,0.567,0.716,0.9995,-0.336,1002.5,1425.0,6.0
2.338,0.0741,0.3489,0.777,0.9995,-0.3484,860.0,1535.0,7.0
1.575,0.06006,0.3699,0.803,0.9995,-0.2145,1088.0,884.5,8.0
6.758,0.1537,0.4695,0.738,0.9995,-0.07947,772.0,1069.0,9.0
4.066,0.0966,0.421,0.726,0.9995,-0.2305,840.0,1220.0,10.0
2.637,0.074,0.4644,0.7705,0.9995,-0.3076,851.5,1149.0,11.0
1.724,0.05432,0.468,0.7217,0.9995,-0.287,801.0,1207.0,12.0
1.542,0.05444,0.3955,0.741,0.9995,-0.2659,797.0,1377.0,13.0
-0.5483,0.01668,0.569,0.715,0.9995,-0.2837,796.5,808.0,14.0
2.447,0.0667,0.4517,0.739,0.9995,-0.1637,778.5,1151.0,15.0
3.45,0.10754,0.2778,0.8193,0.9995,-0.374,956.0,980.5,1.0
4.88,0.1172,0.5054,0.82,0.9995,0.1783,981.0,977.5,2.0
2.355,0.06274,0.781,0.9077,0.9995,0.675,1279.0,777.5,3.0
3.021,0.07904,0.448,0.756,0.9995,-0.2069,1086.0,834.5,4.0
3.125,0.08075,0.487,0.8086,0.9995,0.1881,1084.0,1097.0,5.0
2.81,0.08795,0.377,0.859,0.9995,-0.1599,1123.0,1033.0,6.0
-0.4792,0.01464,0.41,0.7456,0.9995,-0.1531,957.5,901.5,7.0
-0.0875,0.01221,0.2551,0.8726,0.9995,-0.3496,894.5,537.0,8.0
1.441,0.06076,0.3416,0.8306,0.9995,-0.229,1028.0,937.0,9.0
3.27,0.0853,0.6167,0.8584,0.9995,0.0199,1034.0,1045.0,10.0
1.472,0.05487,0.4246,0.8203,0.9995,0.07776,1161.0,1074.0,11.0
1.149,0.0474,0.5557,0.8667,0.9995,0.2532,1205.0,891.0,12.0
1.713,0.05884,0.4165,0.789,0.9995,-0.0965,1177.0,976.5,13.0
0.589,0.04407,0.3418,0.817,0.9995,-0.1868,1040.0,933.0,14.0
0.601,0.04257,0.3582,0.804,0.9995,-0.1261,1191.0,1025.0,15.0
9.17,0.2854,0.4048,0.8574,0.9995,-0.04956,961.0,848.5,1.0
5.434,0.1423,0.3618,0.8096,0.9995,0.0451,1290.0,700.0,2.0
6.668,0.1678,0.4731,0.8145,0.9995,-0.0943,1074.0,809.0,3.0
2.46,0.07587,0.4072,0.823,0.9995,-0.1315,1173.0,744.0,4.0
4.57,0.1131,0.481,0.798,0.9995,-0.1855,952.5,925.0,5.0
2.504,0.05927,0.5347,0.6367,0.9995,-0.4646,928.0,1343.0,6.0
2.812,0.07623,0.544,0.803,0.9995,-0.175,955.0,984.0,7.0
0.0934,0.02936,0.1302,0.9146,0.9995,0.4915,165.5,1478.0,8.0
1.828,0.0477,0.6567,0.673,0.9995,-0.02908,1385.0,721.0,9.0
1.596,0.05264,0.4966,0.7354,0.9995,-0.2737,929.0,1094.0,10.0
2.596,0.07623,0.4497,0.8223,0.9995,-0.0896,869.5,937.0,11.0
3.705,0.1001,0.3928,0.818,0.9995,-0.013054,1096.0,818.5,12.0
-0.4185,0.01585,0.3728,0.8647,0.9995,0.00981,906.5,704.0,13.0
3.584,0.08673,0.4866,0.7803,0.9995,0.1719,918.0,1225.0,14.0
1.264,0.05243,0.4314,0.8257,0.9995,-0.02516,738.5,1005.0,15.0
-0.3418,0.0216,0.5933,0.92,0.9995,0.0722,320.5,1470.0,1.0
2.754,0.0782,0.5645,0.8486,0.9995,-0.1713,875.5,1349.0,2.0
4.434,0.12036,0.3516,0.8174,0.9995,-0.05353,882.5,903.0,3.0
2.695,0.06573,0.541,0.7324,0.9995,0.08093,807.0,1382.0,4.0
3.074,0.08093,0.449,0.7764,0.9995,-0.09186,917.0,1256.0,5.0
1.516,0.05057,0.484,0.745,0.9995,-0.06775,854.5,1347.0,6.0
1.767,0.0596,0.494,0.812,0.9995,-0.1334,896.5,1328.0,7.0
4.125,0.093,0.546,0.7266,0.9995,-0.2888,917.5,1105.0,8.0
2.096,0.0743,0.4158,0.8555,0.9995,-0.4377,829.5,1064.0,9.0
1.245,0.05417,0.417,0.8096,0.9995,-0.3083,861.0,1209.0,10.0
1.961,0.05545,0.6895,0.7744,0.9995,-0.000167,467.5,1439.0,11.0
0.986,0.04645,0.4504,0.7876,0.9995,-0.1687,892.0,1332.0,12.0
-0.3481,0.01388,0.34,0.7744,0.9995,-0.3003,930.5,1363.0,13.0
1.878,0.05997,0.4563,0.773,0.9995,-0.1647,839.5,1346.0,14.0
0.8096,0.04724,0.2932,0.7837,0.9995,-0.2059,766.0,1435.0,15.0
2.639,0.07294,0.4673,0.8154,0.9995,0.1959,904.0,973.0,1.0
3.06,0.0799,0.4377,0.779,0.9995,0.05115,836.5,1063.0,2.0
4.406,0.11664,0.2913,0.7935,0.9995,0.2522,901.5,1306.0,3.0
3.578,0.0943,0.5156,0.8394,0.9995,-0.0814,842.0,1179.0,4.0
5.082,0.1376,0.3547,0.827,0.9995,0.01027,951.0,1142.0,5.0
3.191,0.0882,0.3523,0.801,0.9995,0.09503,879.0,1141.0,6.0
3.367,0.0928,0.3599,0.823,0.9995,0.1991,873.0,1257.0,7.0
-0.326,0.0123,0.3694,0.8657,0.999,0.3179,1145.0,1683.0,8.0
1.945,0.05865,0.2974,0.7725,0.9995,0.508,806.0,1514.0,9.0
7.016,0.1674,0.4253,0.763,0.9995,0.1532,778.5,1272.0,10.0
2.328,0.0707,0.4219,0.827,0.9995,0.09766,859.0,1266.0,11.0
2.09,0.0663,0.3984,0.8335,0.9995,0.217,858.5,1277.0,12.0
-0.1659,0.0229,0.882,0.8784,0.9995,-0.06915,1609.0,1064.0,13.0
1.66,0.05533,0.4697,0.809,0.9995,0.1736,931.5,1187.0,14.0
1.588,0.05417,0.4612,0.8228,0.9995,0.2798,975.5,1185.0,15.0
2.143,0.05084,0.503,0.6333,0.9995,0.01484,1414.0,537.0,1.0
3.043,0.09344,0.355,0.8555,0.9995,-0.1182,1179.0,882.5,2.0
3.906,0.09735,0.591,0.85,0.9995,0.0766,1436.0,987.5,3.0
4.867,0.1103,0.6963,0.7734,0.9995,-0.5576,814.0,1458.0,4.0
2.41,0.08514,0.2874,0.809,0.9995,-0.6055,1092.0,710.0,5.0
3.516,0.0876,0.443,0.7427,0.9995,-0.27,967.5,1046.0,6.0
3.125,0.0816,0.5557,0.78,0.9995,-0.4304,979.0,1276.0,7.0
-0.4417,0.01791,0.4175,0.836,0.9995,-0.4358,1429.0,943.0,8.0
2.09,0.0676,0.3953,0.778,0.9995,-0.3406,1062.0,1016.0,9.0
2.68,0.0755,0.4941,0.812,0.9995,-0.107,1238.0,980.0,10.0
1.544,0.06223,0.3508,0.7964,0.9995,-0.4663,1149.0,842.5,11.0
-0.1614,0.01484,0.2322,0.804,0.9995,-0.639,1066.0,1079.0,12.0
-0.295,0.01657,0.1825,0.784,0.9995,-0.223,1345.0,618.0,13.0
8.67,0.239,0.565,0.8857,0.9995,-0.0482,1394.0,1295.0,14.0
2.455,0.0681,0.3687,0.7217,0.9995,-0.1908,916.0,1014.0,15.0
5.03,0.12024,0.446,0.764,0.9995,-0.1707,871.0,870.0,1.0
-0.2544,0.02396,0.148,0.9795,0.9995,0.0257,729.0,1080.0,2.0
3.164,0.09155,0.3853,0.8296,0.9995,-0.1206,898.0,890.5,3.0
3.94,0.10547,0.4875,0.8726,0.9995,0.04016,1401.0,852.0,4.0
2.514,0.07794,0.4153,0.8447,0.9995,-0.0839,1142.0,926.5,5.0
2.248,0.0804,0.257,0.864,0.9995,0.04028,1138.0,973.0,6.0
2.416,0.0733,0.4236,0.823,0.9995,-0.033,845.5,943.5,7.0
2.885,0.08563,0.4277,0.833,0.9995,-0.267,839.0,1074.0,8.0
2.254,0.0723,0.4429,0.8267,0.9995,-0.2734,947.0,962.5,9.0
1.863,0.07086,0.2573,0.849,0.9995,0.03232,1255.0,931.0,10.0
-0.4521,0.02084,0.2367,0.811,1.0,-0.4639,362.8,975.0,11.0
3.049,0.1004,0.329,0.909,0.9995,-0.0496,1237.0,929.0,12.0
1.698,0.06494,0.3726,0.8413,0.9995,-0.2018,781.5,1031.0,13.0
1.375,0.0605,0.3147,0.84,0.9995,-0.1729,868.5,948.0,14.0
2.004,0.0746,0.3503,0.883,0.9995,-0.1693,1003.5,912.0,15.0
3.756,0.0957,0.3696,0.739,0.9995,-0.2944,854.0,887.5,1.0
4.12,0.1064,0.3835,0.7856,0.9995,-0.0793,924.5,1146.0,2.0
4.45,0.0794,0.658,0.6245,0.9995,0.12146,827.5,640.5,3.0
-0.1573,0.02597,0.495,0.754,0.9995,-0.08466,763.0,1116.0,4.0
-0.338,0.013504,0.5474,0.835,0.9995,-0.09674,629.5,1436.0,5.0
2.285,0.06934,0.4019,0.7827,0.9995,-0.1422,920.5,990.0,6.0
2.951,0.08484,0.4548,0.822,0.9995,-0.2832,1033.0,1020.0,7.0
2.19,0.0678,0.3433,0.7637,0.9995,-0.12286,845.5,998.0,8.0
1.772,0.0609,0.4187,0.7925,0.9995,-0.1864,917.5,1031.0,9.0
1.323,0.05347,0.404,0.804,0.9995,-0.09045,841.5,1043.0,10.0
2.41,0.06073,0.5684,0.7285,0.9995,0.0326,780.0,864.0,11.0
1.885,0.0641,0.4219,0.819,0.9995,-0.1136,924.5,1066.0,12.0
1.585,0.05203,0.8223,0.904,0.9995,0.3103,740.0,1917.0,13.0
-0.4146,0.02043,0.3823,0.9575,0.9995,0.2015,699.5,1890.0,14.0
2.092,0.05383,0.4448,0.659,0.9995,-0.0844,864.0,1193.0,15.0
3.664,0.09894,0.618,0.871,0.9995,-0.4744,756.0,547.5,1.0
-0.3801,0.0145,0.694,0.786,0.9995,-0.1897,1178.0,1113.0,2.0
2.96,0.07715,0.5728,0.795,0.9995,-0.1599,969.0,1030.0,3.0
2.352,0.0677,0.5044,0.7876,0.9995,-0.1521,969.0,886.5,4.0
3.586,0.1067,0.4187,0.858,0.9995,-0.523,1308.0,793.0,5.0
4.684,0.1064,0.767,0.8486,0.9995,0.1964,722.5,1240.0,6.0
0.04065,0.01446,0.9727,0.969,0.9995,-0.739,1001.0,819.0,7.0
3.803,0.0947,0.658,0.834,0.9995,-0.2544,685.5,910.5,8.0
10.02,0.2379,0.703,0.7534,0.9995,-0.4077,1049.0,788.0,9.0
2.482,0.0775,0.526,0.8623,0.9995,-0.4062,1116.0,834.0,10.0
6.56,0.1461,0.719,0.784,0.9995,-0.4158,1001.5,839.5,11.0
1.544,0.0544,0.6826,0.8354,0.9995,-0.2534,658.0,660.5,12.0
1.391,0.0555,0.6216,0.8755,0.9995,-0.3352,951.0,860.0,13.0
3.814,0.09247,0.686,0.8154,0.9995,-0.2612,927.5,814.0,14.0
-0.2935,0.01938,0.792,0.875,0.9995,-0.3313,1040.0,806.0,15.0
-0.311,0.01743,0.2544,0.931,0.9995,0.4531,95.56,1232.0,1.0
3.266,0.0865,0.4668,0.8105,0.9995,-0.01723,851.5,985.0,2.0
13.875,0.418,0.4214,0.613,0.9995,-0.3577,792.0,1504.0,3.0
3.088,0.08856,0.3794,0.819,0.9995,-0.0656,1007.0,785.0,4.0
6.152,0.167,0.4404,0.867,0.9995,-0.06445,922.5,817.5,5.0
-0.3115,0.01075,0.399,0.811,0.9995,0.6396,771.0,463.5,6.0
2.686,0.06964,0.58,0.779,0.9995,-0.02763,701.5,817.5,7.0
4.598,0.1126,0.479,0.8125,0.9995,0.08594,863.5,838.5,8.0
1.937,0.0599,0.4648,0.7905,0.9995,0.06525,794.0,917.0,9.0
4.01,0.1017,0.3838,0.787,0.9995,0.12415,579.0,896.0,10.0
2.64,0.0735,0.4426,0.801,0.9995,0.1007,737.0,837.0,11.0
1.878,0.05112,0.6055,0.7783,0.9995,0.541,439.5,492.0,12.0
1.642,0.05118,0.53,0.7607,0.9995,0.1156,676.0,781.5,13.0
1.623,0.05682,0.4255,0.7964,0.9995,-0.02031,741.0,955.0,14.0
1.642,0.05734,0.4285,0.8145,0.9995,0.07776,688.5,808.5,15.0
5.586,0.148,0.4175,0.821,0.9995,-0.2917,1027.0,1195.0,1.0
18.22,0.9575,0.802,0.911,0.9995,0.6587,1033.0,405.2,2.0
-0.0737,0.0352,0.2477,0.928,0.9995,-0.006912,693.5,1412.0,3.0
16.1,0.671,0.74,0.819,0.9995,-0.4934,108.7,1009.0,4.0
2.787,0.0788,0.405,0.785,0.9995,-0.1456,832.5,1157.0,5.0
2.236,0.08325,0.3167,0.892,0.9995,-0.2588,550.5,1222.0,6.0
-0.4211,0.02092,0.4211,0.943,0.9995,-0.4385,743.5,1145.0,7.0
1.978,0.05954,0.567,0.788,0.9995,-0.1061,797.0,1241.0,8.0
0.9355,0.04724,0.4822,0.8315,0.9995,-0.1584,816.5,1184.0,9.0
3.975,0.1049,0.4858,0.831,0.9995,-0.2479,1014.5,1155.0,10.0
2.701,0.09,0.512,0.942,0.9995,-0.5215,1310.0,838.5,11.0
3.08,0.0931,0.4038,0.862,0.9995,-0.202,915.0,1207.0,12.0
1.469,0.06354,0.465,0.9097,0.9995,-0.408,1044.0,998.5,13.0
1.873,0.06964,0.4146,0.873,0.9995,-0.284,852.5,1156.0,14.0
11.266,0.3533,0.5757,0.8623,0.9995,-0.3135,491.0,1098.0,15.0
8.34,0.271,0.4868,0.932,0.9995,-0.989,971.0,1611.0,1.0
3.682,0.07983,0.511,0.6777,0.9995,-0.2275,1158.0,942.5,2.0
3.432,0.0848,0.4565,0.743,0.9995,-0.204,1065.0,1078.0,3.0
6.13,0.1333,0.506,0.706,0.9995,-0.3728,893.0,1271.0,4.0
2.922,0.06866,0.7036,0.775,0.9995,0.2224,864.5,1203.0,5.0
3.02,0.06604,0.6978,0.674,0.9995,-0.3228,1051.0,1106.0,6.0
-0.2603,0.01169,0.7812,0.665,0.999,0.8765,253.2,1499.0,7.0
6.402,0.1595,0.581,0.8325,0.9995,-0.4473,1107.0,1390.0,8.0
-0.3535,0.01978,0.646,0.8784,0.9995,0.0871,682.0,1592.0,9.0
4.406,0.10315,0.636,0.8003,0.9995,-0.2024,1191.0,1295.0,10.0
1.707,0.0517,0.649,0.777,0.9995,0.0728,881.0,1233.0,11.0
1.917,0.05392,0.691,0.7544,0.9995,-0.06027,1365.0,1239.0,12.0
2.566,0.0679,0.6377,0.794,0.9995,-0.06067,1111.0,1327.0,13.0
1.545,0.05157,0.626,0.8022,0.9995,0.002724,1084.0,1348.0,14.0
1.869,0.05167,0.6787,0.72,0.9995,-0.1202,1000.5,1188.0,15.0
11.414,0.5146,0.2686,0.856,0.9995,0.5728,668.0,509.8,1.0
10.195,0.29,0.4124,0.769,0.9995,0.1838,705.0,901.5,2.0
9.445,0.3286,0.547,0.991,0.999,-0.9644,812.5,269.8,3.0
-0.4692,0.02122,0.2988,0.8296,0.9995,-0.07684,790.5,1120.0,4.0
3.52,0.0899,0.3604,0.7217,0.9995,-0.359,963.0,1537.0,5.0
-0.1759,0.01182,0.1866,0.741,1.0,0.648,355.2,350.5,6.0
2.7,0.066,0.4258,0.694,0.9995,-0.02316,586.0,1042.0,7.0
1.554,0.0549,0.3389,0.7446,0.9995,-0.1068,635.5,1105.0,8.0
2.23,0.0653,0.3545,0.726,0.9995,-0.2074,802.0,1349.0,9.0
6.633,0.1812,0.4917,0.867,0.9995,-0.4321,655.5,625.0,10.0
1.959,0.05865,0.4094,0.7397,0.9995,-0.03543,785.0,1108.0,11.0
4.445,0.1109,0.467,0.796,0.9995,-0.1818,638.5,857.5,12.0
2.154,0.06122,0.3672,0.7334,0.9995,0.0986,786.5,1122.0,13.0
2.445,0.07007,0.3862,0.762,0.9995,-0.0628,604.5,962.5,14.0
1.619,0.05188,0.3484,0.7114,0.9995,0.01469,587.0,1031.0,15.0
1.06,0.0495,0.4265,0.795,0.9995,-0.2666,808.0,984.5,1.0
0.5283,0.03845,0.3806,0.7627,0.9995,-0.0956,571.5,998.0,2.0
1.996,0.0634,0.524,0.8257,0.9995,-0.0998,907.5,1076.0,3.0
-0.1711,0.01375,0.2495,0.7827,1.0,-0.567,745.5,1649.0,4.0
0.9316,0.04663,0.4626,0.8135,0.9995,-0.1526,731.5,1034.0,5.0
1.018,0.04715,0.4072,0.7827,0.9995,-0.1184,644.0,1034.0,6.0
0.336,0.03763,0.4292,0.811,0.9995,-0.1812,696.0,1032.0,7.0
0.2722,0.03653,0.425,0.7925,0.9995,-0.256,769.5,1154.0,8.0
0.2051,0.03537,0.4414,0.813,0.9995,-0.1857,630.5,1001.0,9.0
0.2274,0.0354,0.4197,0.799,0.9995,-0.1711,612.0,1105.0,10.0
0.4207,0.0412,0.948,0.996,0.9995,-0.9014,138.0,1086.0,11.0
0.04932,0.033,0.4028,0.815,0.9995,-0.1327,743.5,1102.0,12.0
-0.1519,0.01193,0.4412,0.851,0.9995,-0.3733,549.5,753.0,13.0
-0.2483,0.02802,0.4136,0.8057,0.9995,-0.2145,635.5,1150.0,14.0
-0.2365,0.02856,0.4268,0.8315,0.9995,-0.1888,637.5,1140.0,15.0
1.119,0.05255,0.2642,0.796,0.9995,-0.03888,1198.0,1218.0,1.0
1.04,0.05014,0.4097,0.8257,0.9995,-0.1305,795.0,1176.0,2.0
0.774,0.0455,0.372,0.8203,0.9995,-0.0629,801.0,952.5,3.0
0.5117,0.04022,0.3503,0.8115,0.9995,0.01002,957.5,1163.0,4.0
1.447,0.01762,0.65,0.4197,0.9995,-0.6216,27.4,1547.0,5.0
0.2334,0.03253,0.4666,0.791,0.9995,0.0546,472.2,1095.0,6.0
1.163,0.04715,0.4436,0.7544,0.9995,-0.1398,760.5,1169.0,7.0
0.3228,0.03696,0.4058,0.7993,0.9995,-0.1406,839.5,1169.0,8.0
0.2476,0.035,0.416,0.803,0.9995,-0.0641,747.0,1056.0,9.0
0.3503,0.03577,0.4272,0.7627,0.9995,-0.1858,794.5,1181.0,10.0
2.188,0.06305,0.3296,0.7104,0.9995,-0.126,755.0,958.0,11.0
-0.172,0.02309,0.5137,0.618,0.9995,-0.2715,461.5,1375.0,12.0
-0.02507,0.02975,0.4404,0.78,0.9995,-0.1123,739.0,1179.0,13.0
0.8003,0.04156,0.4019,0.7397,0.9995,-0.1533,704.5,1099.0,14.0
-0.1888,0.02736,0.4434,0.785,0.9995,-0.1343,720.0,1154.0,15.0
1.837,0.0671,0.407,0.8647,0.9995,-0.1317,1104.0,1365.0,1.0
0.887,0.04254,0.4575,0.7695,0.9995,-0.03006,884.5,940.5,2.0
0.2344,0.0322,0.2886,0.719,0.9995,-0.0429,1140.0,982.5,3.0
1.118,0.0471,0.4973,0.767,0.9995,-0.2429,945.5,1036.0,4.0
0.6924,0.037,0.509,0.7803,0.9995,0.238,696.5,779.0,5.0
2.416,0.074,0.374,0.804,0.9995,-0.06226,952.0,1013.5,6.0
0.4595,0.03687,0.469,0.773,0.9995,-0.1346,890.5,1042.0,7.0
1.064,0.0423,0.4746,0.721,0.9995,-0.038,823.0,1108.0,8.0
0.3792,0.03345,0.4695,0.741,0.9995,-0.0382,844.0,1058.0,9.0
0.28,0.0332,0.454,0.758,0.9995,-0.07904,912.0,938.5,10.0
0.6978,0.03802,0.5977,0.8364,0.9995,0.273,891.5,1230.0,11.0
-0.44,0.01657,0.3848,0.792,0.9995,-0.4233,1032.0,1437.0,12.0
-0.1665,0.02617,0.4507,0.751,0.9995,-0.0849,925.0,1064.0,13.0
0.04892,0.02927,0.5127,0.81,0.9995,0.0975,937.0,1171.0,14.0
0.002497,0.03107,0.4077,0.786,0.9995,-0.1354,1080.0,1051.0,15.0
1.873,0.06174,0.461,0.8335,0.9995,0.08527,658.5,1341.0,1.0
0.985,0.04605,0.4397,0.803,0.9995,-0.001395,705.0,1216.0,2.0
-0.436,0.01788,0.5166,0.8774,0.9995,-0.0788,586.0,566.5,3.0
1.125,0.04718,0.392,0.7544,0.9995,-0.09644,769.5,1056.0,4.0
0.3286,0.03693,0.433,0.795,0.9995,-0.2024,720.0,980.5,5.0
0.2512,0.03458,0.4404,0.7764,0.9995,-0.178,742.5,1027.0,6.0
0.618,0.0404,0.4448,0.8027,0.9995,-0.04828,690.5,936.5,7.0
-0.4934,0.01982,0.31,0.6416,0.9995,-0.3538,585.5,1193.0,8.0
0.0728,0.0277,0.3,0.7837,0.9995,0.3867,672.5,1477.0,9.0
0.2312,0.03464,0.479,0.8154,0.9995,-0.10474,719.0,1089.0,10.0
0.07294,0.02956,0.5195,0.7456,0.9995,-0.16,345.0,1328.0,11.0
-0.1726,0.02751,0.4883,0.7954,0.9995,-0.1512,707.5,1002.0,12.0
-0.303,0.02443,0.522,0.784,0.9995,-0.1443,561.5,1150.0,13.0
2.268,0.0636,0.6216,0.802,0.9995,-0.0376,744.0,1156.0,14.0
-0.3674,0.01463,0.5137,0.837,0.9995,-0.1797,679.5,1047.0,15.0
1.925,0.06027,0.4314,0.7573,0.9995,-0.176,912.0,1114.0,1.0
-0.415,0.0166,0.5483,0.854,0.9995,-0.1354,923.5,942.5,2.0
1.245,0.05017,0.4175,0.774,0.9995,-0.1279,916.5,862.0,3.0
0.601,0.0429,0.436,0.8203,0.9995,-0.2487,880.0,1018.5,4.0
0.537,0.03726,0.4265,0.7476,0.9995,-0.1098,787.5,964.5,5.0
0.569,0.0362,0.4697,0.749,0.9995,0.004505,693.5,921.0,6.0
0.4397,0.03772,0.4822,0.822,0.9995,-0.0473,958.0,906.5,7.0
0.2008,0.03467,0.4307,0.795,0.9995,-0.174,806.0,1087.0,8.0
0.883,0.04483,0.4758,0.7656,0.9995,-0.3748,796.0,1302.0,9.0
-0.3718,0.01607,0.4438,0.871,0.9995,-0.2747,1014.5,1163.0,10.0
0.03693,0.02948,0.501,0.764,0.9995,-0.11316,653.5,998.0,11.0
-0.02768,0.02971,0.4604,0.796,0.9995,-0.0773,830.0,1019.5,12.0
-0.02962,0.02818,0.4253,0.736,0.9995,-0.1018,736.5,1035.0,13.0
0.1317,0.03253,0.4385,0.76,0.9995,-0.233,778.0,1203.0,14.0
-0.1726,0.02893,0.4392,0.786,0.9995,-0.2773,760.0,1220.0,15.0
-0.3384,0.014465,0.3755,0.905,0.9995,0.00821,240.2,1200.0,1.0
1.806,0.0626,0.4924,0.8394,0.9995,-0.184,604.0,1060.0,2.0
1.012,0.04752,0.4407,0.7993,0.9995,-0.1373,850.0,986.5,3.0
1.67,0.05716,0.3516,0.8203,0.9995,0.389,507.0,1397.0,4.0
0.88,0.0434,0.4,0.7915,0.9995,0.1125,708.0,1069.0,5.0
0.2966,0.03528,0.542,0.783,0.9995,-0.3357,754.5,766.5,6.0
2.518,0.076,0.35,0.7944,0.9995,-0.0619,786.5,989.0,7.0
1.278,0.05325,0.3704,0.804,0.9995,-0.0561,750.5,922.0,8.0
0.2404,0.03513,0.4192,0.7974,0.9995,-0.12006,759.0,884.0,9.0
0.6284,0.04156,0.3801,0.8115,0.9995,0.01822,1030.0,935.0,10.0
0.4727,0.03912,0.369,0.8013,0.9995,-0.03093,736.0,876.5,11.0
0.02014,0.03032,0.4243,0.786,0.9995,-0.04333,699.5,836.5,12.0
0.594,0.03897,0.447,0.8,0.9995,0.04596,809.5,972.0,13.0
-0.1236,0.0286,0.4746,0.787,0.9995,-0.1879,717.0,766.5,14.0
0.02505,0.03033,0.431,0.796,0.9995,-0.007317,745.5,864.0,15.0
1.376,0.05823,0.2773,0.8135,0.9995,-0.02992,698.0,950.0,1.0
0.708,0.04382,0.362,0.8276,0.9995,0.04947,564.5,1019.5,2.0
1.133,0.04666,0.3853,0.7744,0.9995,0.1266,673.0,984.0,3.0
0.8477,0.04456,0.4297,0.813,0.9995,-0.004776,642.5,929.0,4.0
0.538,0.04016,0.4321,0.8413,0.9995,0.04968,609.0,1139.0,5.0
-0.424,0.01497,0.4446,0.8438,0.9995,0.09955,485.8,668.5,6.0
0.895,0.04514,0.447,0.821,0.9995,0.02367,605.0,888.0,7.0
2.97,0.081,0.4202,0.792,0.9995,-0.02274,545.5,987.5,8.0
0.11847,0.0325,0.3772,0.833,0.9995,0.1464,499.5,954.5,9.0
1.366,0.05267,0.4028,0.806,0.9995,0.08075,470.8,919.0,10.0
0.835,0.04352,0.4546,0.812,0.9995,0.02603,675.0,901.0,11.0
0.549,0.03848,0.4097,0.812,0.9995,0.1445,473.8,885.5,12.0
0.2502,0.03442,0.4265,0.829,0.9995,0.0985,529.0,950.0,13.0
0.1345,0.03363,0.4229,0.844,0.9995,0.03647,652.0,964.5,14.0
-0.0858,0.02814,0.4065,0.8374,0.9995,0.1866,468.8,945.0,15.0
1.2,0.04843,0.4468,0.779,0.9995,-0.05032,820.0,893.5,1.0
1.212,0.04956,0.5596,0.8315,0.9995,-0.0735,917.5,1012.0,2.0
2.049,0.06537,0.4226,0.805,0.9995,-0.05704,966.5,1129.0,3.0
0.68,0.03964,0.6094,0.828,0.9995,-0.01336,1365.0,1285.0,4.0
1.307,0.04965,0.5327,0.774,0.9995,-0.2306,1019.5,1212.0,5.0
1.079,0.04745,0.4805,0.802,0.9995,-0.0898,1057.0,1065.0,6.0
3.41,0.08875,0.4639,0.7886,0.9995,-0.1678,949.5,977.0,7.0
0.4963,0.0387,0.5654,0.8477,0.9995,-0.09753,1061.0,992.0,8.0
-0.3125,0.0162,0.641,0.8965,0.9995,-0.191,1312.0,972.5,9.0
-0.3271,0.01498,0.5645,0.904,0.9995,-0.05414,883.5,808.5,10.0
0.0601,0.03403,0.4363,0.843,0.9995,-0.1749,1078.0,1032.0,11.0
0.4182,0.03766,0.492,0.8228,0.9995,-0.09467,991.0,926.5,12.0
0.008125,0.03114,0.5845,0.87,0.9995,-0.148,1087.0,953.0,13.0
0.001444,0.02992,0.5894,0.845,0.9995,-0.0814,1241.0,1101.0,14.0
0.3599,0.03345,0.483,0.7466,0.9995,-0.06616,860.5,855.5,15.0
1.951,0.06256,0.4536,0.786,0.9995,-0.1919,927.5,970.5,1.0
0.915,0.0428,0.549,0.7676,0.9995,-0.2024,1145.0,1020.0,2.0
0.9077,0.04486,0.4512,0.766,0.9995,-0.2708,939.0,913.5,3.0
0.2384,0.03577,0.4255,0.7905,0.9995,-0.2405,1076.0,964.5,4.0
0.85,0.05194,0.4739,0.8843,0.9995,-0.5786,717.5,1329.0,5.0
-0.3499,0.01973,0.2225,0.8896,0.9995,-0.419,1048.0,1087.0,6.0
1.005,0.0509,0.4675,0.834,0.9995,-0.3945,886.5,1137.0,7.0
0.5806,0.04205,0.3809,0.7783,0.9995,-0.306,887.5,1225.0,8.0
0.1617,0.03983,0.3743,0.8477,0.9995,-0.4614,895.0,1167.0,9.0
0.1234,0.039,0.3748,0.837,0.9995,-0.4956,1070.0,1061.0,10.0
-0.11584,0.0345,0.32,0.8867,0.9995,-0.202,870.0,871.0,11.0
0.299,0.0303,0.6494,0.655,0.9995,-0.4578,662.0,507.8,12.0
-0.05386,0.0322,0.3635,0.7817,0.9995,-0.3132,933.0,1069.0,13.0
-0.04694,0.02997,0.4744,0.738,0.9995,-0.4187,838.0,785.0,14.0
0.1193,0.03693,0.3835,0.8267,0.9995,-0.3396,947.5,1051.0,15.0
1.401,0.0454,0.724,0.702,0.9995,-0.3765,1110.0,809.0,1.0
0.674,0.04358,0.4688,0.833,0.9995,-0.1957,791.0,952.0,2.0
1.947,0.06696,0.5083,0.8853,0.9995,-0.1218,892.5,1190.0,3.0
1.014,0.03827,0.71,0.6807,0.9995,-0.2115,511.2,869.0,4.0
3.424,0.0858,0.4668,0.745,0.9995,-0.3328,900.0,989.0,5.0
0.889,0.04648,0.5225,0.839,0.9995,-0.2157,841.5,1026.0,6.0
0.614,0.0445,0.424,0.821,0.9995,-0.3735,997.0,894.5,7.0
0.3218,0.0365,0.5044,0.8213,0.9995,-0.1765,820.5,955.0,8.0
0.10944,0.03442,0.4976,0.85,0.9995,-0.2227,816.5,940.5,9.0
0.2177,0.0312,0.5293,0.831,0.9995,0.2458,601.0,974.5,10.0
1.113,0.04678,0.3716,0.762,0.9995,0.02634,847.5,754.0,11.0
0.0966,0.03485,0.498,0.8457,0.9995,-0.3271,926.0,921.5,12.0
0.249,0.03455,0.4624,0.7905,0.9995,-0.1488,859.0,804.0,13.0
0.2101,0.03116,0.6323,0.7534,0.9995,-0.2341,665.0,823.5,14.0
1.643,0.05768,0.4712,0.788,0.9995,-0.2686,848.0,966.5,15.0
3.566,0.08246,0.5474,0.7417,0.9995,-0.0576,917.0,1281.0,1.0
0.896,0.0429,0.4395,0.7803,0.9995,0.0476,736.5,1126.0,2.0
1.569,0.05725,0.3945,0.8374,0.9995,0.2063,599.0,782.5,3.0
2.236,0.0726,0.4583,0.854,0.9995,-0.182,710.0,1061.0,4.0
1.335,0.04956,0.508,0.794,0.9995,0.0317,698.5,974.0,5.0
0.4998,0.03116,0.61,0.758,0.9995,0.364,389.2,707.0,6.0
1.64,0.0556,0.4636,0.7886,0.9995,-0.02203,758.0,1283.0,7.0
1.063,0.0504,0.4177,0.834,0.9995,-0.0886,629.5,1183.0,8.0
0.7856,0.04324,0.3982,0.8315,0.9995,0.1832,543.5,966.5,9.0
0.798,0.04416,0.523,0.835,0.9995,-0.1381,665.5,950.0,10.0
-0.3032,0.02792,0.3298,0.8677,0.9995,-0.05368,474.2,1256.0,11.0
-0.3218,0.01281,0.3489,0.879,0.9995,0.24,368.0,1091.0,12.0
-0.3235,0.01532,0.2515,0.863,0.9995,0.3481,460.0,1313.0,13.0
0.04968,0.0325,0.371,0.845,0.9995,0.0748,540.5,1117.0,14.0
0.1322,0.036,0.3186,0.822,0.9995,-0.1276,686.5,1317.0,15.0
1.361,0.05515,0.3718,0.799,0.9995,-0.1395,781.5,1228.0,1.0
-0.3655,0.02452,0.1888,0.9873,0.9995,-0.2954,752.0,847.0,2.0
1.31,0.05527,0.4536,0.8413,0.9995,-0.202,843.0,696.0,3.0
0.9,0.0468,0.319,0.8364,0.9995,0.2194,844.5,1285.0,4.0
0.452,0.041,0.446,0.873,0.9995,-0.0944,847.5,817.0,5.0
0.7085,0.0432,0.458,0.8423,0.9995,-0.01747,972.5,1202.0,6.0
0.531,0.0421,0.4346,0.848,0.9995,-0.1487,866.5,1056.0,7.0
0.2351,0.03705,0.3489,0.8687,0.9995,0.0799,761.0,1149.0,8.0
-0.305,0.01596,0.2559,0.973,0.999,0.268,1005.5,716.0,9.0
0.1663,0.03613,0.529,0.8804,0.9995,-0.2778,515.0,899.5,10.0
-0.04886,0.03833,0.258,0.939,0.999,-0.1741,1136.0,690.0,11.0
0.0409,0.034,0.4114,0.891,0.9995,-0.00502,936.0,1017.0,12.0
1.6,0.06174,0.3984,0.8765,0.9995,0.04422,1036.0,836.5,13.0
-0.2094,0.0293,0.447,0.9004,0.9995,-0.071,681.5,953.5,14.0
0.5693,0.0441,0.3928,0.9077,0.9995,0.0575,957.0,849.5,15.0
1.634,0.0579,0.515,0.813,0.9995,-0.2489,864.0,1025.0,1.0
1.251,0.0584,0.4036,0.883,0.9995,-0.2449,639.0,1094.0,2.0
-0.4248,0.02454,0.2385,0.915,0.9995,-0.1354,582.0,1213.0,3.0
0.9287,0.04764,0.4507,0.826,0.9995,-0.1702,788.5,1060.0,4.0
0.7993,0.05002,0.514,0.8936,0.9995,-0.538,883.0,980.0,5.0
1.886,0.0633,0.527,0.8374,0.9995,-0.2252,622.0,956.0,6.0
0.8716,0.04797,0.4314,0.835,0.9995,-0.2095,744.5,1026.0,7.0
-0.2202,0.01461,0.3958,0.9653,0.9995,-0.2563,1030.0,1268.0,8.0
0.2874,0.03903,0.4436,0.874,0.9995,-0.1868,885.5,1124.0,9.0
0.01242,0.03156,0.658,0.9077,0.9995,-0.2656,849.5,855.5,10.0
0.3594,0.03955,0.4075,0.856,0.9995,-0.1006,770.5,1080.0,11.0
0.1951,0.0391,0.4438,0.878,0.9995,-0.373,893.0,1035.0,12.0
0.3496,0.04208,0.4019,0.8853,0.9995,-0.2537,725.5,1071.0,13.0
-0.3242,0.01338,0.4521,0.863,0.9995,-0.05563,865.5,1082.0,14.0
-0.1365,0.03186,0.4373,0.885,0.9995,-0.2086,885.5,1087.0,15.0
1.928,0.0608,0.497,0.7935,0.9995,-0.1165,887.0,1104.0,1.0
1.45,0.05402,0.509,0.8276,0.9995,-0.03928,873.5,1036.0,2.0
0.7993,0.04617,0.4978,0.8203,0.9995,-0.41,972.0,823.0,3.0
2.174,0.0642,0.629,0.828,0.9995,-0.1009,914.5,995.0,4.0
-0.304,0.01313,0.458,0.848,0.9995,-0.1354,499.8,1047.0,5.0
0.7866,0.03784,0.6226,0.773,0.9995,0.10614,624.5,1002.5,6.0
0.9155,0.0445,0.5015,0.801,0.9995,-0.098,785.5,1047.0,7.0
0.9185,0.04297,0.622,0.82,0.9995,-0.02765,667.0,1247.0,8.0
0.2944,0.0337,0.5264,0.8164,0.9995,0.04904,805.5,1093.0,9.0
-0.2908,0.013885,0.4424,0.951,0.9995,0.0462,869.5,884.0,10.0
0.469,0.03723,0.4595,0.765,0.9995,-0.1892,547.5,747.5,11.0
0.1818,0.03418,0.508,0.8267,0.9995,-0.1565,883.5,964.5,12.0
5.16,0.1326,0.547,0.883,0.9995,-0.01472,1162.0,1184.0,13.0
0.4182,0.0393,0.52,0.907,0.9995,-0.00475,790.0,967.5,14.0
2.854,0.0799,0.5366,0.856,0.9995,-0.00275,964.0,1139.0,15.0
0.739,0.0416,0.3738,0.7666,0.9995,-0.0384,761.5,1438.0,1.0
1.006,0.0464,0.3743,0.764,0.9995,-0.1039,966.0,1211.0,2.0
1.277,0.05054,0.4453,0.8037,0.9995,0.02823,772.5,1169.0,3.0
0.6416,0.0397,0.4478,0.79,0.9995,-0.001501,824.0,1130.0,4.0
2.158,0.0667,0.4365,0.8184,0.9995,0.0641,729.5,1151.0,5.0
0.9946,0.06168,0.2004,0.8643,0.9995,-0.4148,1168.0,455.2,6.0
5.96,0.0837,0.6997,0.5,0.9995,0.1167,1317.0,1387.0,7.0
1.155,0.04968,0.4395,0.8105,0.9995,-0.0437,751.5,1141.0,8.0
-0.5483,0.01726,0.446,0.7446,0.9995,-0.2893,947.5,816.5,9.0
0.5493,0.04504,0.315,0.822,0.9995,-0.2654,995.5,842.5,10.0
0.747,0.044,0.4307,0.798,0.9995,-0.2158,919.5,1008.0,11.0
-0.3843,0.01507,0.6045,0.836,0.9995,-0.0738,897.0,803.5,12.0
0.2288,0.03123,0.4312,0.717,0.9995,-0.1052,587.5,922.0,13.0
0.1495,0.03253,0.4438,0.7925,0.9995,-0.05804,773.5,1189.0,14.0
2.44,0.05496,0.5728,0.647,0.9995,0.001773,1125.0,1188.0,15.0
1.909,0.04968,0.7036,0.747,0.9995,0.3909,526.5,1147.0,1.0
1.398,0.05228,0.5317,0.8057,0.9995,-0.1387,889.0,933.0,2.0
1.783,0.058,0.5454,0.789,0.9995,-0.2377,865.5,1061.0,3.0
0.8877,0.04675,0.4592,0.826,0.9995,-0.1654,986.5,977.5,4.0
-0.3066,0.01566,0.4563,0.9785,0.9995,-0.0647,1023.5,1185.0,5.0
1.253,0.05515,0.433,0.8564,0.9995,-0.1488,960.0,1014.0,6.0
-0.06174,0.01091,0.4543,0.973,0.9995,-0.1732,1044.0,1466.0,7.0
0.006947,0.01122,0.6084,0.9624,0.9995,-0.3613,1098.0,1398.0,8.0
0.9087,0.0474,0.4688,0.85,0.9995,-0.092,902.5,1100.0,9.0
-0.1965,0.01666,0.3857,0.9463,0.9995,-0.659,1234.0,1048.0,10.0
0.2815,0.03616,0.5166,0.833,0.9995,-0.1897,824.0,1002.5,11.0
6.4,0.1537,0.523,0.805,0.9995,-0.08014,781.0,934.0,12.0
-0.2688,0.02586,0.6094,0.9014,0.9995,-0.2289,883.0,950.0,13.0
-0.1665,0.02895,0.3782,0.836,0.9995,-0.008644,938.0,912.5,14.0
0.1636,0.03607,0.4727,0.864,0.9995,-0.2048,997.5,1111.0,15.0
-0.4048,0.0215,0.4316,0.9805,0.9995,0.1387,378.0,1842.0,1.0
0.8477,0.0427,0.3433,0.7476,0.9995,-0.03427,727.0,1073.0,2.0
-0.2014,0.01105,0.2249,0.6245,0.9995,-0.416,735.5,467.2,3.0
2.137,0.0675,0.4531,0.811,0.9995,-0.1671,864.0,1205.0,4.0
0.6133,0.04138,0.4216,0.785,0.9995,-0.2161,786.5,1099.0,5.0
1.256,0.05594,0.4128,0.8125,0.9995,-0.4463,522.0,768.5,6.0
0.1603,0.03323,0.4812,0.795,0.9995,-0.1725,697.0,1274.0,7.0
0.93,0.04825,0.4133,0.8125,0.9995,-0.217,831.0,1229.0,8.0
-0.1288,0.03026,0.4094,0.833,0.9995,-0.1191,946.5,1349.0,9.0
0.2856,0.03445,0.478,0.777,0.9995,-0.1619,976.5,977.5,10.0
0.522,0.04132,0.4507,0.821,0.9995,-0.2499,555.0,1092.0,11.0
0.1393,0.03244,0.4072,0.78,0.9995,-0.0711,658.5,1201.0,12.0
0.02884,0.0274,0.649,0.6807,0.9995,-0.4065,467.5,1287.0,13.0
0.3289,0.03647,0.4407,0.794,0.9995,-0.1669,683.5,1290.0,14.0
-0.3318,0.01613,0.2737,0.9536,0.999,0.2057,783.0,1392.0,15.0
0.951,0.04852,0.4067,0.81,0.9995,-0.2047,945.5,995.0,1.0
0.8174,0.04633,0.526,0.8613,0.9995,-0.236,976.5,964.0,2.0
-0.1809,0.01207,0.516,0.864,0.9995,-0.2764,1160.0,1049.0,3.0
1.776,0.06323,0.422,0.83,0.9995,-0.1461,1073.0,897.5,4.0
0.228,0.03677,0.4731,0.858,0.9995,-0.1766,1052.0,1027.0,5.0
1.161,0.0499,0.49,0.8228,0.9995,-0.1011,1004.5,959.0,6.0
-0.3274,0.0164,0.3584,0.9263,0.9995,-0.2603,1066.0,1168.0,7.0
0.706,0.0447,0.4363,0.839,0.9995,-0.1522,1124.0,1000.5,8.0
0.1721,0.03497,0.467,0.84,0.9995,-0.1361,1011.5,1159.0,9.0
-0.10126,0.03574,0.3584,0.9097,0.9995,-0.2988,700.0,789.5,10.0
1.19,0.05957,0.359,0.873,0.9995,-0.3699,1322.0,934.5,11.0
-0.2996,0.01356,0.4678,0.8276,0.9995,-0.287,1392.0,1208.0,12.0
-0.2676,0.02753,0.4648,0.8525,0.9995,-0.1548,1148.0,1095.0,13.0
0.325,0.04077,0.4048,0.853,0.9995,-0.3013,1350.0,1055.0,14.0
-0.391,0.0274,0.3945,0.881,0.9995,-0.2607,988.5,959.0,15.0
1.023,0.05222,0.2783,0.8286,0.9995,-0.003616,1046.0,1019.0,1.0
0.8687,0.0453,0.2496,0.6987,0.9995,-0.417,1217.0,888.0,2.0
0.6963,0.04532,0.4421,0.8496,0.9995,-0.2003,940.5,982.0,3.0
1.222,0.05423,0.3433,0.823,0.9995,-0.0492,887.5,1023.5,4.0
0.6104,0.0429,0.327,0.809,0.9995,-0.0513,806.0,1044.0,5.0
1.558,0.05933,0.3472,0.8105,0.9995,-0.05023,816.0,985.0,6.0
2.107,0.06506,0.4536,0.794,0.9995,-0.1103,833.0,1105.0,7.0
0.9463,0.0477,0.3845,0.814,0.9995,-0.05115,755.0,1108.0,8.0
0.2573,0.0376,0.2969,0.7793,0.9995,-0.2352,1020.0,957.5,9.0
-0.2827,0.01878,0.1729,0.7793,0.9995,0.06793,745.5,1261.0,10.0
0.1324,0.0287,0.2339,0.696,0.9995,0.0402,732.0,1069.0,11.0
0.1377,0.03613,0.3767,0.85,0.9995,-0.11523,810.5,1031.0,12.0
0.04874,0.0326,0.2927,0.839,0.9995,0.1276,786.5,1271.0,13.0
-0.1821,0.013435,0.1879,0.8516,0.9995,-0.05054,913.5,1193.0,14.0
0.4197,0.04105,0.2664,0.826,0.9995,-0.01122,891.0,1073.0,15.0
-0.291,0.0245,0.2305,0.8037,1.0,0.03305,1190.0,263.2,1.0
0.8467,0.04453,0.4495,0.863,0.9995,0.206,1390.0,1090.0,2.0
1.816,0.0638,0.3723,0.822,0.9995,-0.02069,942.5,1032.0,3.0
1.418,0.05496,0.4175,0.8335,0.9995,0.07654,780.0,1035.0,4.0
0.1132,0.0346,0.398,0.853,0.9995,-0.03253,1232.0,965.5,5.0
1.096,0.05078,0.4033,0.842,0.9995,0.013824,931.0,1109.0,6.0
0.7812,0.04666,0.3767,0.8247,0.9995,-0.1552,976.0,928.5,7.0
0.2041,0.03787,0.3367,0.7554,0.9995,-0.5522,901.5,864.5,8.0
0.51,0.04144,0.392,0.837,0.9995,-0.07465,950.5,969.0,9.0
0.07697,0.03537,0.3462,0.823,0.9995,-0.1984,958.0,882.5,10.0
2.12,0.0717,0.3298,0.775,0.9995,-0.4473,1150.0,1136.0,11.0
0.7344,0.04752,0.3271,0.8047,0.9995,-0.3113,1043.0,990.0,12.0
-0.013016,0.01084,0.309,0.847,0.9995,-0.483,1265.0,774.0,13.0
-0.355,0.02678,0.3552,0.844,0.9995,-0.1329,1106.0,891.0,14.0
0.1321,0.0375,0.316,0.815,0.9995,-0.2954,1009.0,918.5,15.0
-0.00452,0.03326,0.3843,0.8467,0.9995,-0.11053,1067.0,1163.0,1.0
-0.3054,0.02588,0.4468,0.832,0.9995,-0.0793,648.5,834.0,2.0
1.08,0.04993,0.4028,0.808,0.9995,-0.1262,808.0,893.5,3.0
-0.192,0.02904,0.3977,0.8525,0.9995,-0.0445,794.5,959.5,4.0
-0.1929,0.01305,0.3057,0.8296,0.9995,-0.3806,1346.0,270.2,5.0
0.05945,0.03302,0.4385,0.8145,0.9995,-0.1809,745.0,762.0,6.0
-0.3218,0.02611,0.4521,0.8174,0.9995,-0.1895,750.5,725.5,7.0
-0.4187,0.01451,0.5283,0.7764,0.9995,-0.2644,544.5,378.5,8.0
-0.4597,0.02306,0.4744,0.7896,0.9995,-0.3179,800.5,717.5,9.0
-0.1279,0.011536,0.603,0.84,1.0,-0.384,915.5,241.2,10.0
-0.3103,0.02354,0.522,0.752,0.9995,-0.1376,876.0,275.8,11.0
0.2063,0.035,0.4597,0.818,0.9995,-0.1505,621.5,889.0,12.0
-0.3262,0.012596,0.578,0.749,0.9995,-0.362,643.0,196.5,13.0
-0.3848,0.02516,0.417,0.8203,0.9995,-0.1743,928.0,840.0,14.0
-0.3635,0.0153,0.4585,0.8296,0.9995,-0.3503,372.0,984.0,15.0
-0.354,0.02457,0.458,0.84,0.9995,-0.05515,1033.0,1087.0,1.0
0.2688,0.03745,0.4253,0.847,0.9995,-0.1157,1028.0,1025.0,2.0
-0.1904,0.02959,0.425,0.8423,0.9995,-0.1681,1030.0,984.5,3.0
-0.1272,0.03104,0.4297,0.858,0.9995,-0.1597,944.5,1019.0,4.0
-0.2014,0.01366,0.3228,0.8887,0.9995,-0.3188,1292.0,873.5,5.0
-0.27,0.0286,0.3892,0.8203,0.9995,-0.2394,1069.0,919.5,6.0
-0.362,0.01515,0.2932,0.824,0.9995,-0.1503,1036.0,1017.0,7.0
-0.3567,0.03023,0.3044,0.908,0.9995,-0.2493,1314.0,1181.0,8.0
-0.4106,0.01736,0.3337,0.875,0.9995,-0.2325,1168.0,941.5,9.0
-0.3386,0.01656,0.619,0.8687,0.9995,-0.3057,1081.0,857.5,10.0
-0.3982,0.02621,0.3943,0.8657,0.9995,-0.1875,996.5,969.5,11.0
-0.4512,0.0169,0.3577,0.805,0.9995,-0.3293,1626.0,982.5,12.0
0.5806,0.0376,0.4392,0.7393,0.9995,-0.144,1166.0,1057.0,13.0
-0.4302,0.01697,0.3982,0.8867,0.9995,-0.0661,1074.0,982.5,14.0
-0.4514,0.02516,0.3594,0.8296,0.9995,-0.2554,1128.0,922.5,15.0
-0.01636,0.03275,0.3347,0.7954,0.9995,-0.2004,835.5,841.0,1.0
-0.1333,0.02846,0.3984,0.79,0.9995,-0.0746,725.5,878.5,2.0
-0.2363,0.013176,0.2352,0.826,0.9995,-0.09283,613.5,1043.0,3.0
-0.4443,0.01738,0.3137,0.643,0.9995,-0.04944,681.0,778.5,4.0
-0.342,0.02571,0.3635,0.802,0.9995,-0.1254,718.5,990.5,5.0
-0.302,0.02533,0.3704,0.7715,0.9995,-0.1068,695.0,1072.0,6.0
-0.2379,0.0208,0.1663,0.907,0.9995,-0.616,631.0,857.0,7.0
-0.418,0.01738,0.2693,0.823,0.9995,-0.12463,635.5,982.0,8.0
-0.4424,0.02127,0.241,0.8643,0.9995,-0.3337,653.5,924.0,9.0
-0.1656,0.01205,0.2208,0.793,0.9995,-0.2067,649.5,1109.0,10.0
0.2021,0.03384,0.4338,0.833,0.9995,0.0789,931.0,930.0,11.0
-0.3347,0.02628,0.3235,0.794,0.9995,-0.162,751.0,884.0,12.0
-0.225,0.02722,0.399,0.8145,0.9995,-0.0384,822.0,955.5,13.0
-0.4133,0.01689,0.257,0.7876,0.9995,-0.1628,673.5,1047.0,14.0
-0.4656,0.01743,0.3677,0.8467,0.9995,-0.091,746.5,1003.5,15.0
-0.127,0.02925,0.4756,0.8535,0.9995,-0.05377,624.0,949.5,1.0
0.215,0.0343,0.315,0.726,0.9995,-0.2769,765.5,1009.5,2.0
-0.2115,0.011826,0.542,0.9604,0.9995,0.1738,693.0,869.0,3.0
-0.03372,0.0321,0.4043,0.881,0.9995,0.02283,826.5,891.5,4.0
-0.1729,0.02681,0.4475,0.7915,0.9995,-0.02628,709.0,1078.0,5.0
1.119,0.0499,0.4695,0.848,0.9995,0.014915,811.5,1047.0,6.0
-0.2979,0.01089,0.3992,0.758,0.9995,-0.05222,810.5,900.0,7.0
-0.406,0.02196,0.438,0.786,0.9995,-0.00667,721.0,968.0,8.0
-0.3467,0.02454,0.569,0.7236,0.9995,-0.5376,363.2,589.5,9.0
-0.2166,0.02592,0.4385,0.776,0.9995,-0.0541,686.5,897.5,10.0
-0.3972,0.01504,0.496,0.8696,0.9995,0.05798,632.0,861.0,11.0
-0.4712,0.01529,0.3435,0.6743,0.9995,0.08417,362.2,1207.0,12.0
-0.412,0.02318,0.442,0.825,0.9995,-0.0695,587.0,928.0,13.0
-0.3152,0.02524,0.4258,0.8286,0.9995,-0.01778,703.5,880.5,14.0
-0.4417,0.01458,0.4832,0.807,0.9995,0.06494,867.5,932.5,15.0
0.0831,0.03494,0.4126,0.8423,0.9995,-0.1896,876.0,984.5,1.0
-0.281,0.01718,0.739,0.8906,0.9995,-0.2927,238.8,1003.0,2.0
0.3652,0.0392,0.483,0.855,0.9995,-0.2223,821.0,1010.5,3.0
-0.401,0.02275,0.579,0.6777,0.9995,-0.547,941.0,694.0,4.0
-0.1015,0.03122,0.487,0.857,0.9995,-0.246,782.5,996.0,5.0
-0.1528,0.012695,0.5176,0.8945,0.9995,-0.356,421.0,999.0,6.0
-0.1816,0.02731,0.572,0.8345,0.9995,-0.1765,1142.0,1005.5,7.0
-0.2219,0.013756,0.63,0.8784,0.9995,-0.2874,505.0,1013.5,8.0
-0.3054,0.0165,0.346,0.903,0.999,-0.404,1323.0,1126.0,9.0
-0.4084,0.02226,0.558,0.8833,0.9995,-0.26,864.0,988.5,10.0
-0.421,0.02318,0.567,0.8076,0.999,-0.4414,619.0,872.5,11.0
-0.2805,0.02798,0.46,0.8457,0.9995,-0.249,848.0,998.0,12.0
-0.4336,0.01842,0.4292,0.8765,0.9995,-0.3481,1078.0,1058.0,13.0
1.031,0.04636,0.5874,0.8174,0.9995,-0.1874,945.5,926.0,14.0
-0.2893,0.02899,0.3777,0.823,0.9995,-0.2935,754.5,1026.0,15.0
-0.145,0.02565,0.3462,0.734,0.9995,0.02325,900.5,1043.0,1.0
0.366,0.03748,0.3809,0.8086,0.9995,-0.03084,684.0,1176.0,2.0
-0.1653,0.02945,0.4688,0.8843,0.9995,-0.0667,763.5,1015.5,3.0
1.254,0.05646,0.3904,0.862,0.9995,-0.1197,945.0,949.0,4.0
-0.3828,0.01996,0.3477,0.8066,0.9995,0.2487,440.2,1357.0,5.0
-0.3345,0.02458,0.428,0.814,0.9995,-0.03099,731.5,1065.0,6.0
-0.3782,0.02464,0.427,0.8345,0.9995,-0.0877,768.0,1162.0,7.0
-0.2366,0.02707,0.404,0.823,0.9995,-0.02574,611.5,1088.0,8.0
-0.396,0.02388,0.4536,0.8564,0.9995,-0.06305,677.0,1005.5,9.0
-0.4165,0.01837,0.4053,0.8936,0.9995,-0.3452,931.0,1061.0,10.0
0.2278,0.03683,0.4165,0.852,0.9995,-0.0884,756.0,942.5,11.0
-0.4578,0.0219,0.4248,0.8335,0.9995,-0.05356,694.0,1070.0,12.0
-0.4575,0.0221,0.4182,0.826,0.9995,-0.0703,639.5,1006.5,13.0
-0.2448,0.02608,0.4482,0.787,0.9995,-0.10034,769.5,961.5,14.0
-0.4204,0.02203,0.3906,0.794,0.9995,-0.003685,743.5,991.5,15.0
-0.4304,0.01313,0.3752,0.7295,0.9995,-0.07135,762.5,1198.0,1.0
0.5195,0.0393,0.4954,0.7925,0.9995,-0.2651,751.0,1074.0,2.0
-0.4167,0.01522,0.3164,0.8047,0.9995,0.1042,961.0,1569.0,3.0
-0.05942,0.03,0.4563,0.815,0.9995,-0.09283,949.5,1037.0,4.0
1.552,0.05725,0.4265,0.796,0.9995,-0.1965,855.0,1313.0,5.0
-0.2935,0.01302,0.4006,0.8345,0.9995,-0.1779,1080.0,1227.0,6.0
-0.2964,0.0231,0.35,0.782,0.9995,0.1426,763.0,1375.0,7.0
0.4348,0.0384,0.4094,0.7915,0.9995,-0.1462,867.5,1260.0,8.0
0.010956,0.03134,0.4578,0.793,0.9995,-0.2021,804.5,1164.0,9.0
-0.3252,0.02493,0.4182,0.7983,0.9995,-0.0743,906.5,1146.0,10.0
-0.3198,0.0119,0.345,0.785,0.9995,0.01675,974.5,1212.0,11.0
-0.3962,0.02444,0.4768,0.853,0.9995,-0.1725,886.5,1384.0,12.0
-0.3474,0.01359,0.4124,0.777,0.9995,-0.3274,1014.0,954.0,13.0
-0.401,0.01408,0.3638,0.7324,1.0,-0.3755,843.0,655.0,14.0
-0.4785,0.02177,0.4114,0.7764,0.9995,-0.1653,798.0,1161.0,15.0
0.2394,0.0325,0.587,0.783,0.9995,-0.1544,974.0,1017.0,1.0
-0.01962,0.03122,0.3955,0.838,0.9995,0.02153,851.5,1128.0,2.0
-0.243,0.02785,0.3813,0.847,0.9995,-0.02356,857.0,1074.0,3.0
-0.257,0.01178,0.495,0.7886,0.9995,-0.2666,1256.0,815.0,4.0
0.1255,0.03244,0.455,0.837,0.9995,0.07007,939.0,1135.0,5.0
-0.3372,0.01613,0.6094,0.9326,0.9995,0.1967,768.5,1630.0,6.0
-0.2195,0.02345,0.572,0.8535,0.9995,0.2346,798.0,1532.0,7.0
-0.263,0.02542,0.4775,0.8447,0.9995,0.04623,926.0,1197.0,8.0
-0.2546,0.02563,0.473,0.8696,0.9995,0.0961,839.0,1275.0,9.0
-0.2151,0.010735,0.57,0.9546,0.9995,0.4888,891.0,1891.0,10.0
-0.3828,0.01563,0.4702,0.8813,0.9995,-0.10846,895.0,1169.0,11.0
-0.1866,0.02174,0.8594,0.867,0.9995,0.0873,873.5,1399.0,12.0
-0.3801,0.02318,0.4426,0.862,0.9995,0.06305,805.0,1217.0,13.0
-0.4026,0.0216,0.4778,0.864,0.9995,0.091,822.0,1261.0,14.0
-0.2286,0.02553,0.5527,0.8423,0.9995,-0.005566,893.0,1268.0,15.0
-0.2115,0.02715,0.4321,0.824,0.9995,-0.01636,838.5,990.5,1.0
0.3877,0.03815,0.4019,0.827,0.9995,-0.01249,827.5,972.0,2.0
-0.10406,0.03075,0.642,0.9224,0.9995,-0.4468,478.0,1045.0,3.0
-0.4841,0.02026,0.616,0.7456,0.9995,-0.9185,1506.0,363.8,4.0
1.522,0.05478,0.4539,0.801,0.9995,-0.0325,932.5,961.5,5.0
-0.3757,0.02681,0.3696,0.845,0.9995,-0.1941,955.0,793.5,6.0
0.1175,0.04068,0.263,0.8413,0.9995,-0.4036,1319.0,810.0,7.0
-0.3828,0.02531,0.507,0.86,0.9995,-0.3164,731.5,891.0,8.0
-0.3213,0.03008,0.3223,0.831,0.9995,-0.3662,1134.0,817.0,9.0
-0.3586,0.013824,0.4685,0.8804,1.0,0.116,297.5,887.0,10.0
-0.451,0.01729,0.4446,0.8384,0.9995,-0.273,1052.0,947.0,11.0
-0.4873,0.02441,0.359,0.826,0.9995,-0.3018,995.0,832.5,12.0
-0.4426,0.01516,0.4175,0.8145,0.9995,0.2086,791.0,642.0,13.0
-0.3672,0.0159,0.366,0.8325,0.9995,-0.3767,1110.0,806.0,14.0
-0.09607,0.0307,0.4226,0.825,0.9995,-0.1516,921.0,878.0,15.0
-0.22,0.01307,0.3008,0.8735,0.999,-0.1871,1080.0,1216.0,1.0
-0.118,0.03476,0.3147,0.919,0.9995,-0.1366,1079.0,1206.0,2.0
-0.3928,0.02634,0.3167,0.879,0.9995,-0.0921,978.5,1116.0,3.0
0.3435,0.03894,0.3855,0.807,0.9995,-0.2397,875.0,947.0,4.0
-0.137,0.02908,0.4238,0.8774,0.9995,0.0831,809.5,904.0,5.0
-0.3396,0.0246,0.4668,0.8384,0.9995,-0.03998,1006.0,1012.0,6.0
-0.298,0.0282,0.4133,0.8413,0.9995,-0.2325,847.0,1016.0,7.0
-0.2286,0.02818,0.376,0.81,0.9995,-0.1283,803.5,980.5,8.0
-0.2832,0.01524,0.2827,0.831,0.9995,-0.4026,1056.0,1308.0,9.0
-0.3916,0.02936,0.3774,0.844,0.9995,-0.5186,659.5,1418.0,10.0
-0.3975,0.01537,0.2832,0.783,0.9995,0.1647,675.0,733.5,11.0
0.01558,0.03247,0.413,0.8037,0.9995,-0.202,923.5,975.5,12.0
-0.4478,0.01761,0.409,0.8477,0.9995,-0.3003,1023.0,960.5,13.0
-0.4229,0.02718,0.3364,0.881,0.9995,-0.2379,1203.0,1278.0,14.0
-0.476,0.02304,0.3955,0.8345,0.9995,-0.1737,849.0,993.5,15.0
0.59,0.03882,0.425,0.7764,0.9995,-0.03247,693.0,1051.0,1.0
-0.3176,0.01158,0.6074,0.8374,0.9995,0.343,1102.0,1307.0,2.0
-0.1224,0.03053,0.53,0.8457,0.9995,-0.3455,1316.0,999.0,3.0
0.03485,0.03195,0.4575,0.8374,0.9995,-0.05063,891.0,958.0,4.0
-0.2927,0.0242,0.477,0.7925,0.9995,-0.013565,964.0,1056.0,5.0
-0.1586,0.03032,0.4614,0.849,0.9995,-0.2338,909.5,1023.5,6.0
-0.2603,0.02538,0.4873,0.8286,0.9995,0.00793,888.0,999.5,7.0
-0.125,0.01153,0.804,0.8564,0.9995,-0.1893,164.6,436.5,8.0
-0.527,0.02312,0.4102,0.797,0.9995,-0.4595,764.5,732.0,9.0
-0.3481,0.02357,0.4927,0.7925,0.9995,-0.08606,768.0,1125.0,10.0
-0.359,0.02486,0.511,0.8223,0.9995,-0.2426,1040.0,942.0,11.0
1.878,0.05414,0.546,0.72,0.9995,-0.1757,662.5,1209.0,12.0
-0.3472,0.01671,0.634,0.738,0.9995,0.3965,541.5,1220.0,13.0
-0.478,0.0156,0.4417,0.792,0.9995,-0.06335,832.0,971.5,14.0
-0.2961,0.012024,0.515,0.8027,0.9995,-0.1376,872.5,894.5,15.0
-0.07947,0.0334,0.3865,0.788,0.9995,-0.511,747.0,714.5,1.0
0.01755,0.03204,0.4033,0.8125,0.9995,-0.0968,770.5,1190.0,2.0
0.6543,0.04184,0.442,0.846,0.9995,0.0823,822.5,1176.0,3.0
-0.2163,0.02858,0.4177,0.8403,0.9995,-0.1071,821.5,1184.0,4.0
-0.1907,0.01196,0.442,0.935,0.9995,-0.05276,484.2,1640.0,5.0
-0.2156,0.01238,0.2484,0.9033,1.0,0.14,614.0,1602.0,6.0
-0.367,0.02718,0.3938,0.8384,0.9995,-0.2605,684.0,1053.0,7.0
-0.412,0.02269,0.468,0.7617,0.9995,-0.1766,589.5,1351.0,8.0
-0.4133,0.0169,0.3389,0.8984,0.9995,0.02417,649.0,1477.0,9.0
-0.4136,0.02428,0.4194,0.8716,0.9995,-0.07904,750.5,1298.0,10.0
-0.06757,0.0112,0.1979,0.8804,0.9995,-0.11127,481.2,1596.0,11.0
-0.3647,0.01639,0.2976,0.9023,0.9995,-0.06586,564.5,1469.0,12.0
-0.0807,0.03098,0.4253,0.8823,0.9995,0.01619,756.0,1290.0,13.0
-0.3428,0.02556,0.4116,0.8745,0.9995,-0.001987,753.5,1359.0,14.0
-0.4258,0.02078,0.3042,0.786,0.9995,0.03053,1083.0,1239.0,15.0
-0.0932,0.02798,0.5405,0.8213,0.9995,-0.03564,1162.0,1128.0,1.0
0.03235,0.03183,0.4705,0.8516,0.9995,-0.01765,801.0,889.0,2.0
-0.3083,0.02614,0.4185,0.8496,0.9995,-0.03244,775.0,1087.0,3.0
0.4746,0.03873,0.4753,0.8193,0.9995,-0.0966,877.0,1120.0,4.0
-0.2734,0.02576,0.3914,0.833,0.9995,0.06354,1103.0,1079.0,5.0
-0.1564,0.01298,0.1759,0.799,1.0,-0.1692,1006.5,1589.0,6.0
-0.3887,0.0165,0.353,0.8623,0.9995,-0.2664,970.0,896.5,7.0
-0.1702,0.01352,0.2722,0.8354,1.0,-0.4348,1252.0,1560.0,8.0
-0.407,0.01723,0.3318,0.861,0.9995,-0.283,1095.0,1308.0,9.0
-0.2169,0.02608,0.715,0.8965,0.9995,-0.4207,1008.5,1023.0,10.0
-0.1981,0.02823,0.4656,0.851,0.9995,-0.0802,968.0,1065.0,11.0
-0.479,0.02809,0.2377,0.793,1.0,-0.666,1668.0,1529.0,12.0
-0.4365,0.01843,0.2944,0.8237,1.0,-0.4104,922.0,1403.0,13.0
-0.2065,0.01657,0.3167,0.887,0.9995,-0.7134,1302.0,1546.0,14.0
-0.4375,0.01855,0.3271,0.9067,0.9995,-0.07764,1113.0,1026.0,15.0
-0.081,0.02673,0.5093,0.734,0.9995,-0.12445,861.0,828.0,1.0
-0.475,0.01602,0.4128,0.768,0.9995,0.1611,381.8,895.0,2.0
-0.062,0.0243,0.539,0.7935,0.9995,0.3599,553.0,796.0,3.0
-0.3147,0.01682,0.2262,0.9106,0.9995,0.00366,235.5,1214.0,4.0
-0.10345,0.010956,0.1567,0.8413,0.9995,0.213,437.0,1205.0,5.0
0.4565,0.0397,0.39,0.802,0.9995,-0.1547,695.0,1027.0,6.0
-0.358,0.0159,0.275,0.8003,0.9995,-0.3452,682.5,1178.0,7.0
-0.0236,0.0317,0.382,0.8105,0.9995,-0.1142,680.0,1031.0,8.0
-0.3718,0.02441,0.3745,0.8037,0.9995,-0.071,585.5,963.5,9.0
-0.1598,0.01848,0.1453,0.8633,0.9995,-0.5894,675.5,1341.0,10.0
-0.3887,0.02472,0.3435,0.824,0.9995,-0.0698,583.5,1049.0,11.0
-0.4724,0.02042,0.273,0.838,0.9995,-0.3435,681.0,1185.0,12.0
-0.1857,0.015465,0.1655,0.895,0.9995,-0.0931,40.97,1119.0,13.0
-0.1694,0.03217,0.4678,0.841,0.9995,-0.5454,862.0,985.5,14.0
0.05978,0.03235,0.3613,0.802,0.9995,-0.03683,643.5,1066.0,15.0
0.01297,0.03668,0.4097,0.9087,0.9995,-0.2847,763.5,1128.0,1.0
3.676,0.09674,0.403,0.8013,0.9995,-0.003038,706.0,1104.0,2.0
1.789,0.06354,0.3872,0.821,0.9995,-0.10364,686.0,1081.0,3.0
-0.3809,0.02008,0.2156,0.844,1.0,-0.0449,647.5,893.0,4.0
0.8154,0.04703,0.3772,0.8267,0.9995,-0.1222,759.5,983.5,5.0
0.2104,0.0364,0.436,0.8306,0.9995,-0.2037,745.5,942.5,6.0
0.2617,0.03757,0.3706,0.8315,0.9995,-0.0994,745.5,964.0,7.0
-0.1685,0.01659,0.1814,0.86,0.9995,-0.5205,441.0,1086.0,8.0
-0.2537,0.0282,0.4705,0.857,0.9995,-0.2007,490.5,954.0,9.0
-0.1874,0.01192,0.269,0.8447,0.9995,-0.11633,610.5,918.5,10.0
-0.3762,0.0251,0.3982,0.847,0.9995,-0.0671,486.2,1259.0,11.0
-0.322,0.02911,0.365,0.8745,0.9995,-0.2198,672.0,1072.0,12.0
-0.09296,0.01562,0.1511,0.88,1.0,-0.4365,441.8,1073.0,13.0
-0.3865,0.02563,0.3313,0.8394,0.9995,-0.1005,807.5,936.5,14.0
-0.3308,0.01712,0.2208,0.859,1.0,-0.1515,548.5,776.5,15.0
-0.2014,0.0301,0.4673,0.8594,0.9995,-0.294,1000.0,1081.0,1.0
4.594,0.11316,0.4937,0.792,0.9995,-0.2803,1006.5,1183.0,2.0
0.8765,0.04642,0.503,0.84,0.9995,-0.1782,688.5,1030.0,3.0
-0.131,0.0302,0.4763,0.853,0.9995,-0.1768,1121.0,1094.0,4.0
0.1392,0.0339,0.4924,0.841,0.9995,-0.12256,719.0,1084.0,5.0
-0.13,0.01192,0.6357,0.9204,0.9995,-0.1555,1228.0,1050.0,6.0
-0.24,0.02728,0.5986,0.92,0.9995,-0.2673,934.5,1005.5,7.0
-0.0641,0.02943,0.508,0.8164,0.9995,-0.1167,670.5,933.5,8.0
0.03638,0.03223,0.4697,0.842,0.9995,-0.08594,811.0,983.5,9.0
-0.3767,0.01653,0.5566,0.881,0.9995,-0.1664,1084.0,1073.0,10.0
-0.2864,0.01536,0.5654,0.8867,0.9995,-0.33,1360.0,1149.0,11.0
-0.3623,0.02402,0.534,0.8525,0.9995,-0.1465,1100.0,1100.0,12.0
-0.3245,0.02177,0.5786,0.9097,0.9995,0.1594,568.0,1197.0,13.0
2.082,0.06635,0.526,0.835,0.9995,-0.1942,1029.0,1119.0,14.0
-0.501,0.01976,0.348,0.8384,0.9995,-0.3403,979.0,1112.0,15.0
