like1,parKperc,parKb,parKe,parCqq,parBias,parS_init,parG_init,chain
12.53,0.3628,0.4482,0.6743,0.9995,-0.295,801.5,1575.0,0.0
-0.2255,0.02856,0.4395,0.769,0.9995,0.01525,1675.0,208.8,0.0
0.1415,0.02448,0.3542,0.4102,1.0,-0.6836,1023.0,351.0,0.0
10000.0,0.209,0.2832,0.2617,0.9995,0.888,776.0,1716.0,0.0
7.24,0.11084,0.5977,0.7334,1.0,0.3425,201.1,166.9,0.0
17.28,0.661,0.6465,0.93,0.999,0.8003,350.0,650.0,0.0
10000.0,0.779,0.1528,0.2893,0.9995,-0.689,1286.0,1709.0,0.0
2.969,0.0378,0.676,0.474,0.9995,-0.1865,442.5,1931.0,0.0
0.2446,0.3606,0.388,0.957,0.999,-0.6616,678.0,199.2,0.0
10000.0,0.7065,0.4702,0.3435,0.9995,0.6963,31.67,165.6,0.0
16.88,0.885,0.343,0.8105,1.0,0.3547,1641.0,215.8,0.0
6.543,0.53,0.4922,0.8335,0.9995,-0.704,482.8,994.5,0.0
79.1,0.7905,0.4055,0.3987,0.999,-0.2808,266.5,258.8,0.0
21.84,0.1895,0.5317,0.596,0.9995,0.765,947.5,975.5,0.0
2.484,0.01962,0.6763,0.871,0.9995,0.2258,778.5,918.0,0.0
10000.0,0.9814,0.4639,0.3845,0.9995,-0.1058,1118.0,314.2,0.0
17.8,0.1354,0.2598,0.572,0.999,0.718,314.0,1199.0,0.0
23.97,0.5933,0.1772,0.717,0.999,0.8916,864.0,972.5,0.0
82.3,0.1737,0.982,0.2893,0.9995,-0.2715,110.44,1126.0,0.0
10000.0,0.9067,0.372,0.1335,0.999,0.847,945.0,1860.0,0.0
10000.0,0.6436,0.501,0.3274,1.0,0.5337,1608.0,44.53,0.0
21.45,0.94,0.1917,0.6196,0.9995,-0.5415,680.0,638.0,0.0
10000.0,0.3142,0.287,0.1036,0.9995,0.5586,1479.0,1666.0,0.0
10000.0,0.9805,0.6323,0.2316,0.9995,0.4473,25.9,828.5,0.0
7.19,0.157,0.1875,0.639,0.9995,0.2133,748.0,884.5,0.0
10000.0,0.3206,0.6187,0.138,0.9995,0.645,1306.0,1825.0,0.0
35.47,0.723,0.3484,0.516,0.999,-0.7705,214.5,1218.0,0.0
10000.0,0.8223,0.8193,0.2727,0.999,-0.959,1224.0,1148.0,0.0
3.94,0.813,0.2026,0.841,0.9995,-0.8306,1300.0,143.8,0.0
10000.0,0.7754,0.568,0.02513,0.999,0.1068,776.5,1684.0,0.0
10000.0,0.3481,0.2935,0.2491,0.9995,0.747,1085.0,1693.0,0.0
10000.0,0.5894,0.697,0.2161,0.9995,-0.2246,1165.0,811.0,0.0
21.22,0.9463,0.7246,0.939,0.999,0.8467,164.4,940.5,0.0
2.791,0.148,0.408,0.903,0.9995,0.2179,1847.0,607.0,0.0
10000.0,0.784,0.9717,0.1271,0.999,-0.947,1673.0,41.9,0.0
39.2,0.619,0.68,0.6,0.9995,-0.1633,1208.0,1511.0,0.0
10000.0,0.801,0.6294,0.2313,1.0,0.8125,557.0,293.0,0.0
10000.0,0.03494,0.894,0.1464,0.9995,-0.9233,7.56,438.2,0.0
15.51,0.633,0.787,0.808,0.999,-0.9175,351.5,104.2,0.0
10000.0,0.6216,0.3176,0.2108,0.9995,0.3066,1465.0,1742.0,0.0
3.566,0.03867,0.4524,0.3638,0.999,-0.83,1087.0,384.0,0.0
0.1164,0.271,0.1289,0.867,1.0,-0.01695,1798.0,570.0,0.0
0.065,0.1293,0.682,0.9473,0.9995,-0.175,1709.0,243.2,0.0
1.122,0.04245,0.1515,0.938,0.999,0.1445,598.5,219.8,0.0
17.7,0.4421,0.10767,0.946,0.9995,0.969,1629.0,559.0,0.0
18.28,0.0585,0.224,0.3748,0.999,0.4006,1184.0,420.0,0.0
20.03,0.594,0.655,0.7295,0.999,-0.3914,1234.0,1087.0,0.0
10000.0,0.6626,0.3093,0.1497,1.0,0.3276,1874.0,826.0,0.0
10000.0,0.7476,0.403,0.07874,0.999,-0.8623,278.5,1517.0,0.0
20.28,0.4192,0.3992,0.7637,0.9995,0.8354,815.5,1498.0,0.0
60.84,0.2893,0.1558,0.3477,0.9995,0.7407,562.0,139.4,0.0
5.023,0.702,0.4304,0.963,0.9995,0.0916,1450.0,664.0,0.0
11.23,0.927,0.539,0.943,0.9995,0.2778,1211.0,1085.0,0.0
8.64,0.787,0.374,0.854,0.999,-0.388,1768.0,1520.0,0.0
10000.0,0.3547,0.3403,0.0514,0.9995,-0.598,1645.0,1374.0,0.0
6.703,0.0739,0.1624,0.507,0.999,0.1846,303.8,28.16,0.0
6.71,0.1433,0.1973,0.9346,0.9995,0.4377,1512.0,1429.0,0.0
10000.0,0.1036,0.544,0.2213,1.0,-0.8096,1581.0,1110.0,0.0
10000.0,0.7676,0.2042,0.05847,1.0,0.143,614.0,580.5,0.0
10000.0,0.2678,0.6694,0.2834,0.999,0.6304,1361.0,1334.0,0.0
10000.0,0.1602,0.3801,0.08594,0.9995,0.714,1612.0,1269.0,0.0
10000.0,0.603,0.2037,0.04678,0.9995,0.385,54.8,964.5,0.0
0.2045,0.1123,0.5493,0.972,0.9995,-0.48,702.5,963.0,0.0
10000.0,0.2314,0.9062,0.1735,1.0,0.8657,523.0,1669.0,0.0
18.06,0.6753,0.3958,0.8345,0.999,0.717,78.5,108.3,0.0
10000.0,0.5576,0.2617,0.1881,0.9995,0.05923,1143.0,1717.0,0.0
10000.0,0.507,0.9854,0.03522,1.0,0.3738,71.6,1384.0,0.0
52.84,0.402,0.5967,0.4543,0.999,0.6978,1218.0,732.0,0.0
22.53,0.4255,0.865,0.715,0.9995,0.2808,1692.0,1501.0,0.0
10000.0,0.5303,0.3662,0.04977,0.999,0.9307,308.0,1380.0,0.0
12.91,0.503,0.898,0.86,0.999,0.2225,1202.0,58.53,0.0
88.75,0.65,0.6816,0.3936,1.0,-0.785,746.5,1988.0,0.0
10000.0,0.5464,0.566,0.01082,1.0,-0.3865,1876.0,1212.0,0.0
10000.0,0.4688,0.1466,0.2452,0.9995,0.05875,1208.0,140.6,0.0
33.75,0.94,0.7417,0.8154,1.0,0.99,829.0,299.2,0.0
50.03,0.4392,0.453,0.4346,0.9995,0.1982,1436.0,482.0,0.0
10000.0,0.812,0.3003,0.1304,0.9995,0.2202,1856.0,688.0,0.0
4.375,0.831,0.1155,0.8535,0.9995,-0.01572,540.0,561.0,0.0
10000.0,0.7944,0.7144,0.02246,0.999,-0.345,1407.0,1805.0,0.0
46.75,0.864,0.895,0.705,0.9995,0.2075,1450.0,360.2,0.0
41.5,0.58,0.4282,0.4646,1.0,-0.7896,559.0,583.5,0.0
0.128,0.5635,0.1475,0.9614,0.999,-0.3015,158.4,1006.0,0.0
10000.0,0.338,0.8467,0.02785,0.9995,-0.6953,1799.0,100.5,0.0
10000.0,0.5137,0.1453,0.2969,0.999,0.823,932.0,1258.0,0.0
9.3,0.2076,0.1646,0.7812,0.999,0.478,1145.0,1160.0,0.0
13.03,0.2578,0.635,0.712,0.9995,0.3135,1240.0,1839.0,0.0
10000.0,0.2954,0.8423,0.2289,0.999,-0.5054,283.2,449.2,0.0
66.2,0.889,0.791,0.6094,0.999,0.785,1354.0,1734.0,0.0
12.12,0.5117,0.808,0.8135,1.0,-0.7563,1474.0,632.0,0.0
0.1033,0.2428,0.68,0.98,0.999,-0.828,200.2,467.5,0.0
12.08,0.1821,0.8423,0.6846,0.999,0.2632,993.5,1021.5,0.0
10000.0,0.3882,0.1545,0.10803,1.0,0.2505,109.3,758.5,0.0
1.176,0.0774,0.4402,0.6284,0.9995,-0.4995,836.5,1531.0,0.0
7.684,0.03964,0.2303,0.602,0.9995,0.429,1717.0,1945.0,0.0
10000.0,0.4006,0.8496,0.02379,0.9995,-0.4944,359.8,1265.0,0.0
10000.0,0.146,0.1854,0.05325,0.9995,0.905,646.5,1254.0,0.0
10000.0,0.446,0.915,0.2542,0.999,-0.706,492.0,1539.0,0.0
10000.0,0.689,0.5938,0.147,0.9995,-0.4473,1573.0,1457.0,0.0
1.936,0.566,0.1322,0.858,1.0,-0.1283,161.6,1808.0,0.0
10000.0,0.534,0.3933,0.1466,0.9995,-0.2915,598.0,719.0,0.0
17.88,0.446,0.2216,0.9644,1.0,0.99,758.0,1328.0,0.0
10000.0,0.231,0.288,0.2412,0.9995,-0.9863,1197.0,1415.0,0.0
0.005684,0.1515,0.331,0.8833,0.9995,-0.1753,1794.0,705.5,0.0
10000.0,0.5464,0.432,0.336,0.9995,0.8354,140.9,745.0,0.0
3.547,0.4702,0.494,0.925,1.0,-0.2043,980.5,1193.0,0.0
10000.0,0.544,0.9844,0.3892,0.9995,-0.3577,1632.0,1848.0,0.0
0.2424,0.4243,0.1343,0.771,1.0,-0.883,1029.0,704.0,0.0
17.66,0.09485,0.3096,0.566,0.9995,0.793,1473.0,193.0,0.0
9.41,0.2744,0.653,0.957,1.0,0.55,268.2,119.6,0.0
0.732,0.05276,0.1289,0.54,0.9995,-0.8613,500.0,1969.0,0.0
87.94,0.341,0.2966,0.2866,0.9995,-0.965,775.5,641.5,0.0
10000.0,0.2473,0.2659,0.02605,0.9995,-0.07825,1147.0,719.5,0.0
6.938,0.9956,0.4792,0.965,0.999,-0.4722,1211.0,232.1,0.0
37.38,0.5083,0.9624,0.6504,1.0,0.2783,360.5,1363.0,0.0
1.511,0.3884,0.557,0.9736,0.9995,-0.3357,956.5,227.2,0.0
83.6,0.8184,0.9087,0.5244,0.9995,0.2517,859.0,1528.0,0.0
23.56,0.2333,0.568,0.4688,0.999,-0.5693,1307.0,1652.0,0.0
10000.0,0.4531,0.62,0.2072,0.9995,-0.04642,631.5,303.2,0.0
10000.0,0.817,0.616,0.3586,0.9995,0.11926,917.0,156.1,0.0
0.6226,0.1567,0.2742,0.815,0.999,-0.0593,1408.0,158.0,0.0
11.07,0.7983,0.292,0.783,0.999,-0.2766,767.0,1997.0,0.0
10000.0,0.74,0.411,0.3308,0.9995,0.02357,14.65,243.6,0.0
8.23,0.12177,0.1536,0.782,0.9995,0.47,1388.0,1343.0,0.0
0.088,0.05167,0.3972,0.845,0.999,-0.08136,758.5,988.5,0.0
84.7,0.961,0.6714,0.5034,1.0,0.5977,1512.0,1778.0,0.0
10.12,0.868,0.1241,0.994,0.9995,0.5503,113.25,1853.0,0.0
17.33,0.4922,0.2676,0.6123,0.999,-0.0894,704.5,1935.0,0.0
95.0,0.684,0.986,0.4482,1.0,0.0302,1475.0,498.5,0.0
7.26,0.11456,0.1123,0.3887,0.9995,-0.735,811.5,817.5,0.0
10000.0,0.909,0.7,0.09753,1.0,-0.1371,76.3,112.7,0.0
11.92,0.7583,0.1913,0.646,0.9995,-0.9297,56.6,1483.0,0.0
45.8,0.922,0.876,0.706,0.9995,-0.766,842.5,629.5,0.0
10000.0,0.5815,0.4844,0.2598,0.999,-0.3203,163.0,492.5,0.0
10000.0,0.6187,0.9453,0.2744,0.9995,0.5195,442.5,1308.0,0.0
44.8,0.5005,0.9966,0.5757,0.9995,-0.996,1222.0,43.75,0.0
10000.0,0.94,0.4153,0.3513,0.999,0.3804,1.39,1363.0,0.0
56.22,0.6123,0.7866,0.548,0.9995,0.5386,1054.0,1129.0,0.0
37.56,0.8013,0.504,0.6104,0.999,-0.312,1255.0,1392.0,0.0
23.02,0.472,0.3545,0.7456,0.999,0.912,1007.5,1822.0,0.0
10000.0,0.7354,0.453,0.2756,0.9995,-0.9053,165.4,1926.0,0.0
10000.0,0.41,0.1643,0.2131,0.999,0.6816,1857.0,1447.0,0.0
17.2,0.4119,0.9136,0.7695,0.999,0.2573,303.0,961.5,0.0
53.8,0.2018,0.82,0.3926,0.9995,0.951,859.5,1359.0,0.0
68.3,0.8115,0.965,0.6035,0.999,0.2179,786.5,767.0,0.0
7.03,0.03537,0.6484,0.3796,0.9995,-0.1587,1760.0,95.3,0.0
10000.0,0.2966,0.12085,0.01482,0.999,-0.3054,556.0,1535.0,0.0
17.64,0.3027,0.6987,0.811,0.9995,0.83,1678.0,681.0,0.0
10000.0,0.865,0.3982,0.325,1.0,-0.8013,369.8,232.9,0.0
8.8,0.1859,0.1782,0.5063,0.9995,-0.2603,1326.0,229.9,0.0
17.47,0.6523,0.358,0.8896,0.9995,0.824,349.5,1255.0,0.0
10000.0,0.4922,0.516,0.0759,0.999,0.2666,652.5,1800.0,0.0
22.11,0.8413,0.686,0.894,1.0,0.83,1547.0,74.56,0.0
31.58,0.4202,0.909,0.6177,0.999,-0.2585,998.0,1945.0,0.0
10000.0,0.672,0.696,0.07587,0.9995,0.7764,1094.0,1938.0,0.0
67.4,0.781,0.678,0.5156,1.0,0.4153,450.0,1891.0,0.0
0.956,0.249,0.3726,0.8,0.9995,-0.925,1149.0,1781.0,0.0
10000.0,0.4602,0.9897,0.0658,1.0,0.6367,1306.0,853.5,0.0
10.37,0.3481,0.779,0.9277,0.9995,0.536,1268.0,1504.0,0.0
96.7,0.6675,0.681,0.388,0.999,-0.3064,1196.0,640.5,0.0
7.957,0.11066,0.3503,0.5977,1.0,0.219,502.2,1385.0,0.0
59.4,0.1799,0.2942,0.3384,0.9995,0.952,617.5,1633.0,0.0
10000.0,0.759,0.4854,0.3503,0.999,-0.02213,1196.0,423.5,0.0
8.43,0.0162,0.649,0.4802,0.999,0.4736,1623.0,607.5,0.0
10000.0,0.4924,0.713,0.3037,0.999,0.5176,291.2,1507.0,0.0
10000.0,0.952,0.4775,0.0837,1.0,-0.4016,117.5,1099.0,0.0
0.1912,0.1475,0.3457,0.9194,1.0,-0.555,1384.0,1663.0,0.0
28.69,0.8374,0.499,0.7944,0.9995,0.9546,1504.0,67.06,0.0
10000.0,0.3213,0.2284,0.2556,0.999,-0.0419,759.0,1744.0,0.0
10000.0,0.306,0.556,0.2096,0.9995,-0.567,1535.0,954.5,0.0
28.12,0.351,0.756,0.552,0.9995,-0.6953,1510.0,1406.0,0.0
10000.0,0.9204,0.4272,0.1765,0.9995,-0.5874,206.5,178.6,0.0
10000.0,0.416,0.739,0.1438,0.999,-0.4753,916.5,1933.0,0.0
79.2,0.8926,0.677,0.483,0.999,-0.1431,547.0,1074.0,0.0
10000.0,0.7275,0.9023,0.3086,0.9995,0.9634,210.5,625.5,0.0
15.07,0.821,0.2532,0.722,0.9995,-0.2177,1180.0,1364.0,0.0
74.0,0.7827,0.3855,0.417,0.9995,0.2263,811.5,1556.0,0.0
3.727,0.1487,0.5093,0.781,0.9995,0.1428,782.0,1538.0,0.0
0.9126,0.04172,0.72,0.776,0.9995,0.1151,618.5,1439.0,0.0
10000.0,0.03818,0.346,0.05615,0.9995,-0.36,584.0,1208.0,0.0
50.28,0.8784,0.582,0.617,0.9995,0.5215,551.0,1553.0,0.0
30.94,0.353,0.7,0.624,0.9995,0.8135,156.6,706.5,0.0
10000.0,0.7925,0.6895,0.3562,0.9995,0.2612,106.25,1993.0,0.0
5.89,0.1346,0.3179,0.5703,1.0,-0.2308,412.2,1130.0,0.0
30.16,0.08887,0.1407,0.3643,0.999,0.7417,555.0,1346.0,0.0
17.31,0.254,0.6255,0.6978,0.999,0.5806,118.7,1895.0,0.0
10000.0,0.6025,0.922,0.2983,0.999,0.2192,491.2,1962.0,0.0
10.29,0.328,0.384,0.663,0.999,-0.4019,894.5,1171.0,0.0
12.72,0.1569,0.6367,0.661,1.0,0.4272,560.5,229.1,0.0
10000.0,0.7275,0.4236,0.1545,0.9995,-0.622,949.0,958.0,0.0
44.44,0.945,0.93,0.739,0.999,-0.176,1859.0,100.44,0.0
10000.0,0.9004,0.643,0.408,0.9995,0.2654,1214.0,282.5,0.0
8.97,0.1813,0.1431,0.8813,1.0,0.5376,1670.0,1492.0,0.0
10000.0,0.08716,0.2527,0.016,1.0,-0.5703,299.8,1500.0,0.0
10000.0,0.4998,0.6987,0.3254,0.999,0.279,631.0,596.0,0.0
10000.0,0.4097,0.9956,0.01204,1.0,0.408,820.0,1849.0,0.0
23.86,0.871,0.3652,0.743,0.9995,0.394,1757.0,1036.0,0.0
0.5615,0.0645,0.5747,0.668,1.0,-0.4812,517.0,113.56,0.0
12.234,0.572,0.1562,0.5527,0.9995,-0.9663,567.5,491.8,0.0
10000.0,0.6514,0.8643,0.1001,0.999,0.7583,1307.0,1552.0,0.0
0.07904,0.1984,0.1747,0.796,0.9995,-0.539,194.5,738.0,0.0
8.375,0.1008,0.389,0.666,0.9995,0.3752,1256.0,1131.0,0.0
63.97,0.4338,0.912,0.4304,0.999,-0.5776,1258.0,699.5,0.0
7.78,0.2094,0.5986,0.6904,0.9995,-0.2998,77.94,1178.0,0.0
10000.0,0.3154,0.4973,0.01504,1.0,0.4265,1890.0,1841.0,0.0
53.0,0.9575,0.88,0.724,0.999,0.9434,453.2,976.0,0.0
10000.0,0.808,0.5195,0.2048,0.999,-0.991,1381.0,405.5,0.0
67.7,0.437,0.5483,0.4028,1.0,0.468,1025.0,926.5,0.0
9.35,0.4448,0.26,0.6816,0.9995,-0.367,769.0,504.2,0.0
5.137,0.425,0.157,0.6445,0.999,-0.7266,1672.0,1823.0,0.0
10000.0,0.1783,0.1665,0.2405,0.9995,-0.3425,1311.0,1274.0,0.0
10000.0,0.75,0.1514,0.1847,1.0,-0.4048,233.6,332.8,0.0
42.0,0.2695,0.997,0.4514,1.0,-0.1587,1871.0,307.8,0.0
43.56,0.901,0.991,0.738,0.9995,-0.919,1513.0,88.3,0.0
4.582,0.03906,0.913,0.3762,0.9995,-0.9463,1185.0,118.7,0.0
10.92,0.9956,0.3955,0.904,0.999,0.11237,936.0,1351.0,0.0
37.9,0.1108,0.2477,0.309,0.9995,-0.2742,1724.0,1427.0,0.0
10000.0,0.769,0.1964,0.1866,0.999,0.8604,1619.0,482.8,0.0
10000.0,0.2246,0.8657,0.192,1.0,-0.1095,657.5,1057.0,0.0
10000.0,0.4773,0.3423,0.0653,0.999,0.3865,1089.0,1634.0,0.0
10000.0,0.9517,0.829,0.2349,0.9995,0.2852,1782.0,1796.0,0.0
10000.0,0.9316,0.8057,0.3088,0.9995,0.4507,617.0,1673.0,0.0
8.84,0.4766,0.1971,0.628,0.9995,-0.735,642.5,1611.0,0.0
10000.0,0.3413,0.6626,0.2013,1.0,0.7354,616.5,1780.0,0.0
57.84,0.777,0.9517,0.619,0.9995,-0.903,1428.0,728.0,0.0
10000.0,0.899,0.625,0.2451,0.999,-0.8228,1895.0,14.48,0.0
62.06,0.6665,0.753,0.499,0.9995,-0.3506,682.5,834.5,0.0
12.805,0.903,0.567,0.8867,0.999,-0.2233,1511.0,67.4,0.0
56.34,0.9834,0.8945,0.7188,0.9995,0.971,1277.0,1026.0,0.0
10000.0,0.768,0.505,0.2502,0.9995,-0.3572,1296.0,1682.0,0.0
10000.0,0.586,0.16,0.2399,0.999,-0.9263,573.5,772.0,0.0
8.836,0.866,0.756,0.9683,0.999,-0.5947,530.0,164.5,0.0
10000.0,0.7026,0.4946,0.08466,0.9995,-0.616,647.5,1391.0,0.0
28.92,0.3176,0.807,0.6445,0.999,0.825,1230.0,1245.0,0.0
84.4,0.8477,0.9155,0.5454,0.9995,0.6465,860.0,759.5,0.0
11.484,0.152,0.2441,0.5513,0.9995,0.2542,1562.0,1067.0,0.0
28.44,0.8594,0.4734,0.755,0.9995,0.6504,612.0,1224.0,0.0
10000.0,0.06046,0.4038,0.1929,0.9995,0.2094,1705.0,207.4,0.0
10000.0,0.925,0.4016,0.197,0.9995,0.43,309.0,1872.0,0.0
10000.0,0.5605,0.12335,0.2186,0.9995,-0.6367,988.0,1577.0,0.0
93.56,0.2593,0.911,0.3071,0.9995,-0.08673,1148.0,808.0,0.0
10000.0,0.73,0.972,0.1029,0.9995,0.4548,1810.0,876.0,0.0
47.25,0.8228,0.631,0.5957,0.9995,-0.501,1780.0,1977.0,0.0
4.457,0.4521,0.4614,0.8574,0.9995,-0.4539,1845.0,711.0,0.0
7.285,0.5728,0.746,0.9136,0.9995,-0.6973,1604.0,453.5,0.0
58.75,0.53,0.4753,0.4116,0.999,-0.525,1599.0,788.5,0.0
92.75,0.4058,0.496,0.332,0.9995,0.4233,987.5,216.0,0.0
10000.0,0.7305,0.1687,0.2734,0.999,0.1022,59.7,210.8,0.0
15.62,0.273,0.539,0.579,0.9995,-0.5903,1137.0,227.6,0.0
4.13,0.0905,0.6475,0.598,1.0,-0.447,656.0,487.5,0.0
10000.0,0.7974,0.4004,0.3276,0.9995,0.2172,23.0,1414.0,0.0
7.47,0.6045,0.4949,0.8677,0.999,-0.2864,192.5,1892.0,0.0
0.732,0.259,0.131,0.998,0.9995,-0.767,1121.0,1338.0,0.0
0.3857,0.1361,0.3413,0.8647,1.0,-0.9233,1162.0,351.2,0.0
2.334,0.06146,0.6255,0.5605,0.9995,-0.48,1481.0,166.9,0.0
11.37,0.4006,0.894,0.8213,0.9995,0.1031,1193.0,167.1,0.0
10000.0,0.7534,0.4941,0.2354,0.999,-0.07007,440.5,733.0,0.0
10000.0,0.5366,0.443,0.174,0.9995,0.891,708.5,987.0,0.0
51.78,0.638,0.381,0.4485,0.9995,0.01599,339.0,523.5,0.0
10000.0,0.9917,0.78,0.3525,1.0,0.7754,1852.0,1859.0,0.0
26.89,0.1625,0.99,0.4473,0.999,-0.1514,865.0,1251.0,0.0
10.016,0.1543,0.8794,0.6387,1.0,-0.2067,779.5,558.0,0.0
35.28,0.1941,0.919,0.4084,0.999,-0.575,1784.0,1910.0,0.0
10000.0,0.389,0.1222,0.279,0.9995,0.4685,450.2,1707.0,0.0
10000.0,0.814,0.1832,0.1062,0.9995,0.7344,412.8,1813.0,0.0
39.97,0.5894,0.9326,0.657,0.9995,0.156,450.2,1163.0,0.0
85.7,0.618,0.958,0.4482,1.0,0.108,1639.0,378.8,0.0
34.8,0.372,0.741,0.515,0.9995,-0.3604,596.5,695.5,0.0
41.94,0.809,0.2375,0.4934,0.999,0.168,1205.0,757.5,0.0
10000.0,0.1783,0.5645,0.2286,0.9995,-0.6997,200.2,1320.0,0.0
16.83,0.6245,0.9946,0.86,0.9995,-0.0713,1705.0,224.8,0.0
65.6,0.4246,0.9473,0.4353,0.999,-0.02214,273.5,1482.0,0.0
10000.0,0.1483,0.3633,0.2122,0.9995,-0.7256,1119.0,438.5,0.0
10000.0,0.1536,0.331,0.05356,0.9995,0.4136,391.2,1734.0,0.0
10000.0,0.6035,0.979,0.2028,1.0,0.712,1635.0,1952.0,0.0
10000.0,0.2441,0.6353,0.03152,1.0,-0.856,291.5,852.0,0.0
10000.0,0.9727,0.6963,0.4036,1.0,-0.961,600.0,955.0,0.0
45.1,0.952,0.854,0.7544,0.999,0.856,1206.0,1554.0,0.0
32.5,0.471,0.555,0.5654,0.9995,0.1396,97.4,305.5,0.0
10000.0,0.978,0.6777,0.3457,0.9995,0.1115,303.2,1112.0,0.0
10000.0,0.384,0.1785,0.1724,0.999,0.5464,821.0,966.0,0.0
10000.0,0.2334,0.8237,0.1244,0.9995,-0.667,542.0,1246.0,0.0
0.868,0.4688,0.1936,0.8667,0.999,-0.511,244.1,363.2,0.0
91.8,0.8975,0.6523,0.4248,1.0,-0.9214,167.0,536.0,0.0
2.516,0.721,0.189,0.8516,1.0,-0.7783,1674.0,1330.0,0.0
26.31,0.588,0.794,0.7563,0.9995,0.6045,762.5,1467.0,0.0
10000.0,0.858,0.946,0.09625,0.999,-0.2854,1272.0,1293.0,0.0
34.7,0.9536,0.4282,0.6865,1.0,0.3547,1374.0,1366.0,0.0
10000.0,0.32,0.1426,0.0796,0.999,0.4036,1254.0,277.8,0.0
22.03,0.183,0.5386,0.491,0.999,0.2837,676.5,258.2,0.0
49.94,0.1866,0.7817,0.3513,0.9995,-0.10657,1691.0,363.5,0.0
10000.0,0.923,0.942,0.1681,1.0,0.3447,1392.0,395.0,0.0
85.4,0.254,0.6987,0.3083,0.9995,-0.1205,59.88,1254.0,0.0
26.7,0.1384,0.353,0.4226,0.9995,0.517,1071.0,1595.0,0.0
10000.0,0.877,0.728,0.02187,0.999,0.6235,243.5,1519.0,0.0
2.707,0.2786,0.717,0.9507,0.999,0.128,702.5,1151.0,0.0
0.3708,0.2786,0.3896,0.9653,0.999,-0.1273,423.2,102.1,0.0
51.16,0.7197,0.59,0.5513,0.9995,0.3125,1101.0,1881.0,0.0
4.59,0.5386,0.3914,0.8477,0.9995,-0.7104,1330.0,1729.0,0.0
16.5,0.854,0.7773,0.8906,0.999,0.1198,596.5,947.0,0.0
2.102,0.1119,0.725,0.868,0.9995,0.1622,1809.0,1923.0,0.0
44.7,0.578,0.6357,0.5234,0.9995,-0.3965,751.0,738.5,1.0
10000.0,0.777,0.9717,0.1691,0.999,-0.4226,307.8,552.0,2.0
10000.0,0.03415,0.8477,0.05753,0.999,-0.6235,677.5,880.5,3.0
10000.0,0.5083,0.2668,0.1312,0.9995,0.6167,1740.0,230.2,4.0
25.33,0.4077,0.6377,0.604,0.9995,-0.2009,1118.0,738.0,5.0
1.117,0.2292,0.9033,0.982,0.999,-0.2568,65.4,241.4,6.0
72.25,0.2201,0.4976,0.3171,0.9995,0.2808,1039.0,334.2,7.0
15.49,0.2969,0.7017,0.652,0.9995,-0.4236,1309.0,984.0,8.0
10000.0,0.3772,0.5464,0.03287,0.9995,-0.2554,984.0,1594.0,9.0
20.08,0.2441,0.8457,0.5884,0.9995,-0.1532,1499.0,500.5,10.0
8.0,0.8643,0.11237,0.947,0.9995,0.3887,1829.0,1161.0,11.0
0.1376,0.0868,0.661,0.8657,0.999,-0.0753,1302.0,522.0,12.0
20.9,0.2476,0.4365,0.5806,0.9995,0.516,898.5,1203.0,13.0
37.5,0.4907,0.5776,0.534,0.9995,0.0626,1242.0,175.5,14.0
17.75,0.4019,0.572,0.682,0.9995,0.0926,1231.0,456.5,15.0
12.25,0.8335,0.747,0.944,0.9995,0.2484,1055.0,1410.0,1.0
4.66,0.1826,0.747,0.8237,0.9995,0.1772,140.2,1074.0,2.0
89.6,0.567,0.813,0.4055,0.9995,0.1808,501.0,970.5,3.0
10.99,0.8706,0.3008,0.809,0.9995,-0.249,1648.0,357.8,4.0
26.78,0.699,0.525,0.783,0.9995,0.9253,151.8,1859.0,5.0
1.318,0.0745,0.212,0.5537,0.9995,-0.277,1715.0,1749.0,6.0
8.15,0.7505,0.4644,0.882,0.999,-0.4875,742.0,1731.0,7.0
2.08,0.09125,0.3687,0.6587,1.0,-0.1437,1771.0,1658.0,8.0
45.9,0.9824,0.8496,0.723,1.0,-0.08777,1855.0,1463.0,9.0
23.28,0.4001,0.3237,0.5767,0.9995,0.3184,761.0,864.5,10.0
13.62,0.452,0.39,0.698,0.9995,-0.02051,896.0,1055.0,11.0
11.45,0.2725,0.785,0.6836,0.9995,-0.976,1491.0,1819.0,12.0
7.887,0.581,0.3564,0.794,0.9995,-0.3062,1441.0,923.5,13.0
8.72,0.4753,0.4397,0.7803,0.9995,-0.1718,1018.0,1238.0,14.0
56.25,0.743,0.4956,0.509,1.0,0.517,876.5,1109.0,15.0
12.09,0.4124,0.542,0.8057,0.9995,0.4082,146.4,58.4,1.0
46.4,0.3464,0.2861,0.3594,0.9995,-0.8823,1281.0,829.5,2.0
0.04172,0.702,0.153,0.981,0.9995,-0.8003,945.0,618.5,3.0
43.6,0.4753,0.883,0.557,0.9995,-0.1173,758.0,403.8,4.0
17.31,0.4006,0.631,0.693,0.9995,0.005955,864.0,510.2,5.0
22.95,0.862,0.3323,0.7363,0.9995,0.3613,91.0,7.72,6.0
71.5,0.16,0.9766,0.323,0.9995,0.8423,915.5,149.9,7.0
10.84,0.618,0.3347,0.804,0.9995,0.2092,540.5,244.0,8.0
0.1214,0.5757,0.2637,0.969,0.999,-0.886,1428.0,750.5,9.0
13.26,0.397,0.3289,0.629,0.9995,-0.4246,1198.0,681.5,10.0
10.17,0.4185,0.493,0.7515,0.9995,-0.1934,1065.0,595.5,11.0
6.43,0.3953,0.3325,0.747,0.9995,-0.3608,1208.0,578.0,12.0
21.83,0.2769,0.6562,0.594,0.9995,0.2727,1066.0,312.2,13.0
5.594,0.01826,0.715,0.376,0.9995,0.127,636.0,1925.0,14.0
0.8706,0.1919,0.2317,0.71,0.9995,-0.679,1802.0,1106.0,15.0
10000.0,0.46,0.867,0.01854,1.0,-0.7485,123.6,248.9,1.0
3.57,0.313,0.403,0.8516,0.9995,0.0961,751.5,892.0,2.0
34.53,0.5356,0.7046,0.609,0.9995,-0.0649,1068.0,641.0,3.0
10000.0,0.565,0.3982,0.1991,0.9995,-0.2615,308.2,1802.0,4.0
10000.0,0.7915,0.709,0.0424,1.0,-0.06683,826.0,255.9,5.0
32.8,0.533,0.2262,0.4443,0.9995,-0.6616,894.0,111.0,6.0
10000.0,0.719,0.1643,0.1113,0.9995,0.2722,1612.0,1840.0,7.0
14.21,0.7075,0.1444,0.9355,0.9995,0.749,635.5,979.0,8.0
10000.0,0.948,0.9277,0.4568,0.9995,-0.6484,412.2,1662.0,9.0
1.4795,0.506,0.2585,0.854,0.999,-0.911,732.0,957.5,10.0
24.12,0.888,0.2495,0.6562,0.9995,0.01338,1521.0,1161.0,11.0
15.79,0.2532,0.2944,0.6064,0.9995,0.3765,716.5,252.5,12.0
5.1,0.6504,0.6753,0.959,0.9995,-0.8887,1758.0,431.2,13.0
15.75,0.4626,0.307,0.614,0.9995,-0.4084,817.0,509.5,14.0
10000.0,0.1633,0.8296,0.1436,0.9995,-0.00915,321.0,606.0,15.0
0.03317,0.03763,0.2115,0.956,0.9995,0.05316,263.8,1318.0,1.0
10000.0,0.5835,0.814,0.1096,0.999,-0.6733,469.0,1294.0,2.0
30.9,0.3958,0.6587,0.561,0.999,0.06122,574.0,1263.0,3.0
19.38,0.5386,0.538,0.708,0.9995,0.0721,397.8,1897.0,4.0
81.75,0.4788,0.75,0.3955,0.999,0.2698,1297.0,602.0,5.0
10000.0,0.7505,0.162,0.2388,0.9995,-0.74,1230.0,1231.0,6.0
22.92,0.6167,0.636,0.746,0.999,0.4026,1007.5,1164.0,7.0
17.77,0.4055,0.692,0.698,0.9995,-0.1073,819.5,1592.0,8.0
0.4116,0.2112,0.2969,0.7705,0.9995,-0.8716,563.5,982.5,9.0
14.54,0.326,0.4963,0.6553,0.999,-0.05197,582.5,1229.0,10.0
10.83,0.1663,0.261,0.571,0.9995,0.2059,593.0,1234.0,11.0
9.84,0.1545,0.2922,0.5454,0.999,0.05032,914.0,739.0,12.0
36.56,0.9604,0.7817,0.8,0.999,0.9326,1639.0,448.2,13.0
7.734,0.2756,0.2275,0.5396,0.9995,-0.978,982.0,793.5,14.0
0.3584,0.2803,0.12024,0.8296,0.9995,-0.6997,935.5,769.0,15.0
10000.0,0.353,0.6025,0.0969,0.999,-0.757,349.5,1668.0,1.0
10000.0,0.781,0.254,0.1718,0.9995,-0.6294,1132.0,1625.0,2.0
10000.0,0.52,0.761,0.1373,1.0,-0.7383,304.8,1646.0,3.0
20.14,0.673,0.702,0.7646,0.9995,-0.417,786.0,787.0,4.0
27.45,0.7715,0.4214,0.7773,1.0,0.9414,903.5,1097.0,5.0
77.4,0.9565,0.7114,0.5605,0.999,0.907,645.5,1567.0,6.0
58.44,0.4104,0.6807,0.425,0.999,0.1137,1208.0,1341.0,7.0
25.38,0.4055,0.3193,0.6104,0.9995,0.643,272.2,1265.0,8.0
31.44,0.178,0.587,0.4878,0.999,0.922,1011.5,311.2,9.0
13.75,0.4377,0.424,0.727,0.9995,0.1993,546.0,1111.0,10.0
0.9536,0.1997,0.2761,0.9116,0.9995,0.1051,784.5,1218.0,11.0
16.12,0.553,0.4666,0.681,0.9995,-0.974,1841.0,219.1,12.0
32.38,0.6396,0.6567,0.6772,0.9995,0.4006,1202.0,1298.0,13.0
20.88,0.648,0.5825,0.7227,1.0,-0.2708,214.9,1125.0,14.0
0.3232,0.1952,0.401,0.97,0.9995,-0.8574,840.0,321.2,15.0
21.06,0.4036,0.1953,0.621,1.0,0.58,399.8,234.1,1.0
15.05,0.3787,0.4338,0.984,1.0,0.851,558.0,1649.0,2.0
6.332,0.566,0.469,0.8486,0.9995,-0.658,1191.0,236.8,3.0
21.25,0.2517,0.1224,0.6494,0.9995,0.9155,91.0,1927.0,4.0
7.04,0.5903,0.2642,0.819,1.0,0.0739,1637.0,1329.0,5.0
30.56,0.536,0.5356,0.622,0.9995,0.343,718.0,1440.0,6.0
15.586,0.3413,0.654,0.6904,0.999,0.03607,1040.0,1587.0,7.0
1.372,0.03964,0.1781,0.891,0.999,0.158,1724.0,873.5,8.0
0.2686,0.07184,0.3967,0.828,0.9995,-0.4893,1405.0,633.0,9.0
7.027,0.2666,0.4856,0.7446,0.9995,0.00506,1190.0,1181.0,10.0
10.1,0.2976,0.2566,0.71,0.9995,0.277,869.5,504.5,11.0
9.27,0.6855,0.6367,0.89,0.9995,-0.56,847.5,526.0,12.0
10.74,0.2576,0.263,0.7207,0.9995,0.3916,627.5,1301.0,13.0
19.64,0.55,0.6455,0.7344,0.9995,0.0875,1340.0,589.5,14.0
6.375,0.2683,0.3193,0.752,0.9995,0.1431,980.5,1072.0,15.0
10000.0,0.4172,0.581,0.11725,0.9995,-0.9736,83.7,444.5,1.0
32.16,0.2294,0.4868,0.4153,0.9995,-0.2126,168.8,932.0,2.0
10000.0,0.8726,0.546,0.3506,0.9995,0.567,119.0,1827.0,3.0
7.055,0.455,0.5435,0.839,1.0,-0.0715,1068.0,18.36,4.0
21.53,0.3945,0.552,0.625,0.9995,0.02444,508.2,27.67,5.0
24.56,0.601,0.4954,0.648,0.9995,-0.3303,1303.0,1376.0,6.0
14.33,0.809,0.822,0.894,0.9995,-0.764,1133.0,1607.0,7.0
10.64,0.2964,0.1298,0.5996,0.9995,0.1259,1496.0,1978.0,8.0
10.33,0.3757,0.387,0.771,0.9995,0.2905,602.5,52.22,9.0
27.52,0.2086,0.7515,0.506,0.9995,0.4417,1627.0,1978.0,10.0
11.41,0.5376,0.3044,0.6714,0.9995,-0.856,370.2,91.06,11.0
10.5,0.6025,0.31,0.747,0.9995,-0.1844,1101.0,1164.0,12.0
0.3774,0.432,0.1478,0.846,0.9995,-0.4465,1285.0,1251.0,13.0
10000.0,0.3179,0.8223,0.05414,1.0,0.5327,744.0,1201.0,14.0
11.45,0.715,0.535,0.8857,0.9995,0.2542,532.0,892.0,15.0
10000.0,0.4846,0.7417,0.0637,0.999,-0.5347,1651.0,1311.0,1.0
3.564,0.2461,0.705,0.8247,0.999,-0.5586,830.0,1663.0,2.0
22.8,0.1589,0.6797,0.531,0.999,0.6367,245.8,157.2,3.0
65.75,0.879,0.5493,0.519,0.9995,0.5684,1532.0,258.0,4.0
45.4,0.524,0.525,0.4968,1.0,0.3862,987.5,1747.0,5.0
37.4,0.679,0.3044,0.5117,0.9995,0.082,537.0,974.5,6.0
3.723,0.4329,0.2451,0.7866,1.0,-0.3296,153.1,114.25,7.0
10000.0,0.6455,0.7256,0.1653,1.0,0.518,646.5,1272.0,8.0
22.19,0.6475,0.627,0.7637,0.9995,0.4194,664.5,321.2,9.0
7.742,0.2964,0.9194,0.7876,0.9995,-0.9604,1703.0,981.0,10.0
9.71,0.4949,0.3826,0.928,0.9995,0.4988,129.1,475.2,11.0
12.875,0.527,0.5728,0.7812,0.9995,0.04987,652.0,436.2,12.0
1.725,0.1846,0.6157,0.861,0.9995,-0.08136,951.5,1090.0,13.0
14.46,0.269,0.585,0.675,0.9995,0.2413,449.0,367.5,14.0
9.195,0.4246,0.6772,0.799,0.9995,-0.445,492.0,408.2,15.0
10000.0,0.8955,0.4788,0.391,0.9995,0.721,166.6,1910.0,1.0
5.582,0.0849,0.3335,0.672,0.9995,0.2612,678.0,1071.0,2.0
11.07,0.846,0.3865,0.8154,0.9995,-0.702,1107.0,1117.0,3.0
10000.0,0.4019,0.558,0.1981,1.0,-0.4314,1131.0,295.5,4.0
4.633,0.3748,0.1826,0.6816,0.9995,-0.518,1246.0,980.0,5.0
6.38,0.605,0.286,0.758,0.9995,-0.8657,726.0,399.0,6.0
10000.0,0.719,0.5737,0.1653,0.999,0.1068,1648.0,1621.0,7.0
0.3074,0.1144,0.4653,0.9414,1.0,-0.6377,834.5,1259.0,8.0
25.81,0.8325,0.57,0.785,0.9995,0.5835,862.5,1298.0,9.0
4.176,0.8916,0.255,0.9243,0.999,-0.4692,1870.0,804.5,10.0
0.1866,0.1465,0.727,0.958,1.0,-0.167,1271.0,1119.0,11.0
22.69,0.1011,0.957,0.523,0.9995,0.8477,731.5,478.5,12.0
8.125,0.2979,0.4978,0.7114,0.9995,-0.4775,1175.0,671.5,13.0
-0.376,0.10394,0.4277,0.942,1.0,0.04715,1833.0,1951.0,14.0
1.481,0.1748,0.5435,0.799,0.9995,-0.5625,316.2,72.2,15.0
29.97,0.843,0.743,0.7466,0.9995,-0.4763,1278.0,1945.0,1.0
77.94,0.165,0.877,0.283,0.999,-0.7476,1050.0,318.0,2.0
17.8,0.010254,0.301,0.2563,0.9995,-0.1284,500.2,332.0,3.0
34.84,0.537,0.9673,0.655,0.999,-0.9307,195.9,658.0,4.0
17.8,0.597,0.5996,0.744,0.9995,-0.1891,927.5,1429.0,5.0
40.3,0.4585,0.7217,0.608,0.9995,0.9546,1098.0,17.52,6.0
10.62,0.2336,0.3896,0.8247,0.9995,0.5557,1506.0,209.5,7.0
16.06,0.3315,0.1304,0.8296,0.9995,0.845,1790.0,1543.0,8.0
18.81,0.528,0.526,0.8237,0.9995,0.7876,1248.0,1274.0,9.0
0.3477,0.1448,0.2196,0.7153,0.999,-0.519,318.5,1056.0,10.0
13.13,0.3943,0.2322,0.6284,0.9995,0.01185,1868.0,752.0,11.0
15.2,0.09686,0.6772,0.4675,1.0,0.2113,1634.0,1153.0,12.0
10.25,0.1403,0.355,0.526,0.9995,-0.01709,659.0,685.5,13.0
12.34,0.5635,0.556,0.7983,0.9995,0.0578,730.0,998.5,14.0
35.66,0.2654,0.3662,0.4373,0.999,0.4004,1319.0,718.5,15.0
1.391,0.1046,0.1519,0.974,0.999,0.1586,1166.0,636.5,1.0
10000.0,0.559,0.909,0.2576,0.9995,-0.3936,1084.0,761.5,2.0
14.41,0.1741,0.9023,0.5615,0.9995,-0.7437,3.924,682.0,3.0
8.25,0.855,0.3982,0.872,0.9995,-0.76,264.5,1205.0,4.0
18.52,0.2634,0.754,0.6035,0.9995,-0.264,1418.0,1209.0,5.0
26.56,0.258,0.8726,0.6245,1.0,0.7314,1269.0,191.2,6.0
9.95,0.4653,0.71,0.8213,0.9995,-0.1835,1238.0,481.8,7.0
11.58,0.5947,0.542,0.857,0.9995,0.3074,1248.0,392.5,8.0
47.94,0.2632,0.905,0.4402,0.9995,0.5635,874.5,1895.0,9.0
14.875,0.2944,0.678,0.7095,0.9995,0.303,1036.0,442.8,10.0
12.79,0.3284,0.6245,0.704,0.9995,-0.1486,1141.0,925.5,11.0
0.01103,0.3677,0.1711,0.9355,0.9995,-0.2825,756.0,494.8,12.0
2.775,0.3337,0.63,0.937,0.9995,0.0343,1818.0,1137.0,13.0
0.647,0.1641,0.1859,0.792,0.9995,-0.8813,337.5,996.0,14.0
1.077,0.592,0.1952,0.8765,1.0,-0.7705,307.0,1478.0,15.0
1.359,0.10815,0.8975,0.994,0.999,0.162,1328.0,1689.0,1.0
13.66,0.7285,0.6694,0.853,0.999,-0.2766,1576.0,1100.0,2.0
10000.0,0.482,0.884,0.1648,1.0,0.5176,1753.0,337.8,3.0
52.4,0.8525,0.4026,0.565,0.9995,0.9375,1242.0,1089.0,4.0
62.66,0.7114,0.943,0.57,0.999,-0.689,232.2,17.38,5.0
74.0,0.701,0.88,0.503,0.9995,0.006702,841.0,883.0,6.0
-0.01619,0.1586,0.497,0.9287,0.999,-0.3938,955.5,1106.0,7.0
10000.0,0.975,0.3655,0.06323,1.0,0.06525,225.9,1615.0,8.0
21.44,0.3792,0.29,0.5444,0.9995,0.11554,423.0,412.2,9.0
30.62,0.07135,0.2908,0.3423,0.9995,0.5635,1083.0,708.5,10.0
7.79,0.02293,0.1037,0.798,0.9995,0.4692,1748.0,1948.0,11.0
15.3,0.1984,0.4216,0.5737,0.9995,0.2764,1022.5,858.5,12.0
15.27,0.5186,0.9014,0.7935,0.9995,-0.942,112.0,1469.0,13.0
15.19,0.523,0.12427,0.989,0.999,0.8535,590.5,1068.0,14.0
11.74,0.5493,0.4495,0.77,0.9995,0.0001659,1203.0,684.5,15.0
55.88,0.8555,0.5864,0.5386,1.0,-0.59,948.5,1997.0,1.0
1.894,0.087,0.7705,0.7183,0.9995,-0.3206,397.0,1651.0,2.0
10000.0,0.2123,0.723,0.1454,0.999,-0.989,243.6,240.4,3.0
20.72,0.2427,0.1451,0.587,1.0,0.766,845.0,1745.0,4.0
18.97,0.4727,0.7563,0.7383,0.9995,0.12384,572.5,1214.0,5.0
40.9,0.12164,0.6724,0.375,0.9995,0.844,1368.0,513.5,6.0
4.37,0.792,0.356,0.9316,0.999,-0.6196,675.5,1573.0,7.0
8.445,0.1857,0.8105,0.689,0.999,-0.372,1677.0,125.56,8.0
10.92,0.4775,0.4602,0.8047,0.999,0.2969,982.0,1372.0,9.0
12.27,0.3188,0.3608,0.7056,0.9995,0.2957,830.5,1389.0,10.0
7.89,0.132,0.875,0.681,1.0,0.1101,216.1,1300.0,11.0
0.2764,0.2195,0.431,0.8945,0.999,-0.4773,956.5,876.5,12.0
14.336,0.372,0.2052,0.9766,0.9995,0.819,876.5,1937.0,13.0
5.945,0.4119,0.331,0.92,0.9995,0.3135,809.5,1550.0,14.0
0.6357,0.2502,0.6353,0.919,0.9995,-0.954,888.0,437.0,15.0
0.732,0.133,0.195,0.8345,0.999,-0.983,799.5,1326.0,1.0
10000.0,0.3572,0.845,0.1619,0.9995,-0.486,1042.0,1819.0,2.0
10000.0,0.616,0.8687,0.3103,0.9995,-0.5835,311.0,1211.0,3.0
10000.0,0.59,0.4822,0.2637,1.0,-0.3948,1752.0,401.5,4.0
17.36,0.5854,0.9614,0.8213,0.999,-0.485,1375.0,856.0,5.0
85.25,0.216,0.5483,0.288,0.999,-0.233,535.5,1941.0,6.0
25.69,0.665,0.6533,0.7275,0.999,0.2524,631.5,1078.0,7.0
10000.0,0.687,0.7925,0.0798,1.0,-0.1465,1735.0,273.5,8.0
26.81,0.1791,0.8564,0.5405,0.9995,0.756,1885.0,206.4,9.0
10000.0,0.7905,0.621,0.08923,1.0,0.02235,1380.0,61.3,10.0
10000.0,0.564,0.1729,0.1434,0.9995,0.3945,878.0,1308.0,11.0
0.3254,0.06073,0.5083,0.911,0.9995,-0.3867,508.0,505.0,12.0
15.73,0.308,0.652,0.6934,0.9995,0.2491,1258.0,660.0,13.0
9.85,0.4314,0.716,0.8013,0.999,-0.4111,1070.0,840.0,14.0
0.732,0.07434,0.357,0.815,1.0,-0.9175,661.5,993.0,15.0
48.1,0.2295,0.2646,0.3696,0.9995,0.5825,567.0,1355.0,1.0
10000.0,0.614,0.589,0.1492,0.9995,-0.885,611.5,492.5,2.0
10000.0,0.9507,0.12427,0.01875,0.9995,0.838,1722.0,158.0,3.0
27.38,0.2332,0.873,0.604,0.999,0.8047,868.0,158.0,4.0
17.48,0.3032,0.396,0.968,0.999,0.987,1626.0,1749.0,5.0
75.94,0.6885,0.426,0.3992,1.0,-0.1073,1205.0,689.0,6.0
29.88,0.4849,0.4373,0.5586,0.9995,0.1262,1069.0,1036.0,7.0
0.01894,0.3062,0.2085,0.923,0.999,-0.529,1123.0,973.0,8.0
17.0,0.2556,0.3877,0.5376,0.9995,-0.0521,1318.0,1199.0,9.0
10000.0,0.656,0.4253,0.322,1.0,0.2175,1481.0,1110.0,10.0
0.4268,0.11865,0.10724,0.605,1.0,-0.3108,718.0,889.5,11.0
5.113,0.06213,0.733,0.943,1.0,0.3652,219.5,622.0,12.0
6.434,0.2458,0.989,0.9434,0.999,0.3528,877.5,23.44,13.0
15.53,0.2888,0.2712,0.9136,1.0,0.87,385.2,1942.0,14.0
28.98,0.4895,0.4917,0.54,0.999,-0.822,666.5,809.0,15.0
30.27,0.541,0.6143,0.638,0.9995,0.2374,1009.5,997.5,1.0
10000.0,0.124,0.3665,0.12085,1.0,-0.1342,309.2,1489.0,2.0
10000.0,0.295,0.5327,0.0439,1.0,-0.11786,418.2,1602.0,3.0
46.9,0.877,0.4487,0.5366,0.9995,-0.7007,242.6,905.0,4.0
9.26,0.5728,0.3865,0.8564,0.9995,0.2822,1312.0,1144.0,5.0
6.56,0.946,0.1871,0.83,0.9995,-0.4512,1865.0,200.1,6.0
28.39,0.387,0.575,0.5464,0.9995,-0.1329,613.0,912.0,7.0
22.73,0.4277,0.328,0.549,0.9995,-0.0687,1299.0,1258.0,8.0
23.64,0.521,0.2864,0.5317,0.9995,-0.4646,713.5,740.0,9.0
23.66,0.697,0.3848,0.639,0.9995,-0.4587,690.5,882.5,10.0
23.45,0.1361,0.4736,0.3672,0.9995,-0.823,238.4,112.56,11.0
23.08,0.4468,0.4548,0.589,0.9995,-0.2827,749.5,853.5,12.0
2.596,0.235,0.3154,0.7744,0.9995,-0.1843,1453.0,316.0,13.0
14.8,0.533,0.3071,0.7285,0.9995,0.2883,963.5,719.0,14.0
4.25,0.747,0.1891,0.8267,0.9995,-0.5273,857.0,156.5,15.0
28.53,0.9,0.4417,0.7676,0.9995,0.7417,388.0,1670.0,1.0
98.2,0.773,0.833,0.4368,0.999,0.1907,1560.0,669.5,2.0
10000.0,0.349,0.8853,0.277,0.9995,-0.703,1405.0,1740.0,3.0
10000.0,0.917,0.521,0.275,1.0,-0.8154,1044.0,293.2,4.0
7.047,0.1494,0.7363,0.912,0.9995,0.4407,699.5,1673.0,5.0
29.38,0.8813,0.8213,0.7773,0.9995,-0.5293,1714.0,1230.0,6.0
67.6,0.6772,0.1656,0.364,1.0,-0.4355,1675.0,1029.0,7.0
43.22,0.62,0.781,0.6104,0.9995,0.1218,1245.0,773.0,8.0
7.473,0.374,0.2524,0.8564,1.0,0.3735,999.0,1456.0,9.0
28.17,0.941,0.77,0.806,0.999,0.253,885.0,1193.0,10.0
45.94,0.8228,0.272,0.48,0.9995,0.06366,907.0,1213.0,11.0
8.91,0.2218,0.3054,0.924,0.9995,0.536,444.8,1684.0,12.0
19.92,0.5083,0.3264,0.6284,0.9995,0.0754,881.0,1256.0,13.0
10.734,0.3198,0.3452,0.6274,0.999,-0.5093,539.5,1945.0,14.0
10.12,0.6743,0.4873,0.9473,0.999,0.441,1714.0,1266.0,15.0
41.2,0.8867,0.5415,0.633,0.999,-0.1628,1246.0,820.0,1.0
10000.0,0.2059,0.587,0.2625,0.999,0.4473,1463.0,1210.0,2.0
29.62,0.1506,0.2725,0.461,0.9995,0.946,649.0,145.6,3.0
18.11,0.3115,0.2294,0.7827,0.999,0.8823,1081.0,1489.0,4.0
12.99,0.4128,0.62,0.7344,0.9995,-0.3098,1515.0,853.5,5.0
18.48,0.2747,0.2888,0.598,0.9995,0.4775,807.5,671.5,6.0
50.84,0.618,0.2335,0.4238,0.9995,0.0284,329.8,451.0,7.0
10000.0,0.7134,0.2306,0.0839,0.9995,0.5405,489.0,1750.0,8.0
10000.0,0.6523,0.2433,0.02374,0.999,0.72,967.0,1112.0,9.0
0.3892,0.3352,0.349,0.944,0.999,-0.409,1400.0,1749.0,10.0
18.5,0.637,0.404,0.699,0.9995,-0.0838,1098.0,1073.0,11.0
18.5,0.836,0.1656,0.9956,0.9995,0.9966,1479.0,832.5,12.0
16.1,0.378,0.897,0.9814,0.9995,0.882,214.4,1734.0,13.0
6.117,0.07446,0.4685,0.7563,0.9995,0.3613,574.5,1465.0,14.0
-0.00413,0.04538,0.682,0.6504,0.9995,-0.601,662.5,1072.0,15.0
0.2512,0.2004,0.11707,0.9956,0.999,-0.07214,614.5,1795.0,1.0
0.732,0.3704,0.1068,0.9653,1.0,-0.69,1630.0,1353.0,2.0
29.66,0.385,0.2637,0.4224,0.9995,-0.9814,377.2,1819.0,3.0
22.5,0.537,0.3452,0.6064,0.9995,-0.03815,1144.0,1027.0,4.0
25.11,0.4902,0.516,0.5996,0.9995,-0.4731,925.5,1523.0,5.0
2.17,0.05276,0.7153,0.762,0.9995,0.1648,207.0,445.2,6.0
13.664,0.2117,0.651,0.6113,0.999,-0.07416,902.0,1076.0,7.0
9.73,0.1893,0.352,0.686,0.9995,0.3135,1271.0,629.0,8.0
12.12,0.3982,0.3914,0.6953,0.9995,-0.05756,1104.0,917.5,9.0
10.55,0.4395,0.622,0.9,0.999,0.477,1233.0,1738.0,10.0
7.465,0.258,0.4922,0.722,0.9995,-0.1304,945.0,982.0,11.0
9.39,0.1556,0.9404,0.671,0.9995,-0.0927,1408.0,1000.5,12.0
1.675,0.301,0.991,0.9805,0.9995,-0.938,1744.0,1281.0,13.0
5.754,0.2413,0.641,0.7817,0.9995,-0.0563,1013.5,1006.0,14.0
4.598,0.3572,0.5396,0.8765,0.999,0.09814,1263.0,1459.0,15.0
7.992,0.4563,0.6006,0.823,0.9995,-0.2491,1200.0,1047.0,1.0
9.484,0.303,0.7217,0.7666,0.9995,0.01852,450.2,873.5,2.0
0.732,0.02252,0.372,0.7676,1.0,-0.9917,252.5,473.5,3.0
10.72,0.2455,0.4832,0.678,0.9995,0.1058,819.5,1057.0,4.0
0.732,0.01511,0.3735,0.6816,0.9995,-0.472,1116.0,835.5,5.0
0.3093,0.1979,0.5273,0.8657,0.9995,-0.838,643.0,879.5,6.0
4.43,0.2896,0.58,0.8115,0.9995,-0.3691,874.0,554.0,7.0
6.5,0.02003,0.765,0.7183,0.9995,0.4258,453.5,1791.0,8.0
4.27,0.3064,0.543,0.8193,0.9995,-0.322,863.5,934.0,9.0
99.2,0.7803,0.8877,0.4548,0.999,0.4827,679.0,1466.0,10.0
1.03,0.1022,0.6733,0.8096,0.9995,-0.07074,120.2,1079.0,11.0
3.713,0.0757,0.6133,0.596,0.9995,-0.2035,605.0,1337.0,12.0
97.25,0.1838,0.6724,0.27,0.9995,-0.2379,352.5,630.0,13.0
1.764,0.2026,0.4893,0.811,0.9995,-0.4338,824.0,998.0,14.0
1.026,0.0891,0.529,0.7144,0.9995,-0.365,660.0,1181.0,15.0
6.047,0.549,0.5776,0.8867,0.9995,-0.6606,541.5,920.5,1.0
8.26,0.0937,0.7734,0.511,1.0,-0.4841,20.77,1796.0,2.0
14.695,0.364,0.792,0.894,0.9995,0.731,1828.0,1211.0,3.0
6.145,0.331,0.5845,0.85,0.9995,0.1959,1355.0,941.0,4.0
9.2,0.2256,0.627,0.678,0.9995,-0.3804,726.0,751.5,5.0
1.246,0.02618,0.2842,0.566,0.999,0.09247,1265.0,1285.0,6.0
6.777,0.3604,0.3857,0.7627,0.9995,-0.1206,731.5,897.0,7.0
0.04092,0.1512,0.4224,0.8325,0.999,-0.6826,1348.0,725.0,8.0
6.688,0.1383,0.604,0.6245,0.9995,-0.3496,612.0,1270.0,9.0
4.246,0.1824,0.4646,0.7075,0.9995,-0.3965,822.0,963.0,10.0
4.293,0.4065,0.496,0.8447,0.9995,-0.521,770.5,742.5,11.0
5.64,0.2256,0.5894,0.74,0.9995,-0.3748,1353.0,349.0,12.0
3.414,0.293,0.4766,0.8325,0.9995,-0.1572,1200.0,731.5,13.0
0.05704,0.06027,0.2317,0.6997,0.9995,-0.1987,1300.0,465.5,14.0
3.855,0.1448,0.244,0.5693,0.9995,-0.501,1037.0,775.0,15.0
0.411,0.7056,0.2468,0.965,0.9995,-0.9863,827.0,1037.0,1.0
4.754,0.4192,0.593,0.865,0.9995,-0.6294,1223.0,817.0,2.0
13.05,0.665,0.2983,0.698,0.9995,-0.609,833.0,925.5,3.0
17.14,0.961,0.3835,0.8228,0.999,0.2734,362.8,1105.0,4.0
10.414,0.705,0.3657,0.8135,0.999,-0.02444,640.0,1120.0,5.0
7.055,0.4849,0.375,0.7637,0.9995,-0.64,869.5,1001.5,6.0
6.617,0.5293,0.4229,0.817,0.9995,-0.4666,1328.0,1327.0,7.0
4.1,0.524,0.3193,0.887,0.9995,-0.002953,855.0,1114.0,8.0
0.732,0.02684,0.406,0.874,0.9995,-0.7183,1028.0,1008.5,9.0
0.732,0.03192,0.556,0.8804,0.9995,-0.4888,597.5,965.5,10.0
3.611,0.4207,0.4333,0.8433,0.9995,-0.6294,957.0,969.5,11.0
3.984,0.2532,0.622,0.7793,0.9995,-0.8486,1198.0,1450.0,12.0
0.2646,0.1694,0.2744,0.9263,0.9995,-0.542,530.5,1149.0,13.0
16.05,0.95,0.984,0.95,0.999,-0.10254,1699.0,93.94,14.0
2.945,0.1985,0.4238,0.7397,0.9995,-0.475,708.0,1069.0,15.0
4.03,0.6016,0.2517,0.9126,0.9995,0.09106,565.5,1475.0,1.0
21.05,0.03897,0.972,0.4631,0.9995,0.9907,1708.0,819.5,2.0
0.732,0.0868,0.1837,0.778,0.9995,-0.655,1158.0,1467.0,3.0
0.553,0.9575,0.2068,0.989,0.999,-0.8896,873.0,1810.0,4.0
6.82,0.5864,0.5586,0.8813,0.9995,-0.5796,1050.0,1538.0,5.0
16.52,0.2454,0.6626,0.653,0.9995,0.3252,1298.0,1023.5,6.0
6.77,0.3137,0.4656,0.77,0.9995,-0.01614,1100.0,1263.0,7.0
3.963,0.313,0.39,0.794,0.9995,-0.2676,944.0,1222.0,8.0
2.475,0.4326,0.3215,0.904,0.9995,-0.0628,876.0,1399.0,9.0
12.24,0.3708,0.4897,0.7085,0.9995,-0.0466,971.0,829.0,10.0
0.2585,0.09375,0.6978,0.7695,0.9995,-0.7417,1500.0,1615.0,11.0
2.67,0.5103,0.2927,0.9004,0.9995,-0.2096,841.0,1382.0,12.0
0.732,0.144,0.3618,0.9844,0.9995,-0.645,1101.0,1903.0,13.0
0.05725,0.3103,0.2515,0.953,0.9995,-0.6274,1350.0,1310.0,14.0
1.418,0.3662,0.3328,0.8936,0.9995,-0.3306,990.0,1414.0,15.0
13.086,0.2278,0.3723,0.579,0.9995,0.03436,1202.0,788.5,1.0
0.2052,0.1102,0.2389,0.7856,0.9995,-0.503,1623.0,1816.0,2.0
17.1,0.05798,0.971,0.672,1.0,0.9116,1734.0,935.5,3.0
7.926,0.0885,0.6733,0.695,0.9995,0.3748,1487.0,1008.0,4.0
5.188,0.3926,0.4453,0.839,0.9995,0.04782,1496.0,1052.0,5.0
5.734,0.195,0.3303,0.6494,0.9995,-0.2798,1182.0,761.0,6.0
2.879,0.1216,0.5415,0.7417,0.9995,-0.001018,1355.0,1048.0,7.0
2.605,0.148,0.3997,0.7085,0.9995,-0.3438,1155.0,904.5,8.0
4.125,0.3516,0.4692,0.8286,0.9995,-0.2893,654.0,1540.0,9.0
5.24,0.09326,0.1989,0.4548,1.0,-0.3887,653.5,588.0,10.0
2.46,0.1177,0.311,0.625,0.9995,-0.4114,876.0,882.5,11.0
2.377,0.1188,0.519,0.698,0.9995,-0.4177,945.5,789.5,12.0
3.057,0.2484,0.4314,0.802,0.9995,-0.2072,1298.0,1060.0,13.0
0.732,0.04037,0.516,0.983,1.0,-0.617,1377.0,1445.0,14.0
1.787,0.2228,0.4597,0.825,0.9995,-0.3606,942.0,1362.0,15.0
5.63,0.3833,0.3296,0.935,0.9995,0.3213,1317.0,1376.0,1.0
0.0592,0.655,0.1427,0.9985,0.999,-0.234,365.2,1334.0,2.0
15.67,0.7544,0.5273,0.841,0.9995,0.3525,1277.0,705.0,3.0
12.06,0.2554,0.6333,0.716,0.9995,0.2603,849.5,685.5,4.0
9.734,0.9775,0.199,0.988,0.999,0.487,1197.0,1026.0,5.0
7.652,0.413,0.593,0.839,0.9995,0.1335,817.0,1234.0,6.0
2.56,0.44,0.2612,0.8896,0.9995,0.01445,998.0,1283.0,7.0
3.627,0.5347,0.3574,0.884,0.9995,-0.4187,1055.0,688.0,8.0
3.771,0.4363,0.4194,0.889,0.9995,-0.0685,936.0,1153.0,9.0
4.574,0.45,0.383,0.8467,0.9995,-0.1484,1025.0,897.0,10.0
2.947,0.4705,0.3342,0.886,0.9995,-0.2471,1034.0,982.5,11.0
3.205,0.701,0.214,0.955,0.9995,0.09204,984.0,1093.0,12.0
2.162,0.4473,0.3157,0.9106,0.9995,-0.1615,849.5,1164.0,13.0
7.293,0.668,0.3704,0.883,0.9995,0.0928,1066.0,922.5,14.0
5.152,0.517,0.2778,0.826,0.9995,-0.03323,936.0,953.0,15.0
0.7803,0.2253,0.7153,0.9473,1.0,-0.467,329.0,1728.0,1.0
10.32,0.127,0.5913,0.4817,0.999,-0.8716,1118.0,1590.0,2.0
20.53,0.2295,0.7637,0.5415,1.0,-0.325,774.0,863.5,3.0
10.516,0.249,0.586,0.666,0.9995,-0.3792,888.0,1034.0,4.0
7.086,0.502,0.2656,0.7207,0.9995,-0.6504,504.0,1422.0,5.0
6.426,0.3394,0.5176,0.8325,0.9995,0.1881,1187.0,838.5,6.0
7.164,0.2092,0.4849,0.6567,0.9995,-0.5356,1061.0,1364.0,7.0
2.283,0.4236,0.617,0.9526,1.0,-0.693,495.0,975.0,8.0
3.643,0.1753,0.3213,0.73,0.9995,0.01057,1315.0,1531.0,9.0
6.24,0.4187,0.3193,0.7393,0.9995,-0.566,716.0,1371.0,10.0
3.316,0.3096,0.332,0.8027,0.9995,-0.1589,877.5,1063.0,11.0
4.582,0.263,0.5,0.768,0.9995,-0.4138,849.0,1090.0,12.0
3.344,0.5117,0.3018,0.8486,0.9995,-0.488,834.0,651.0,13.0
0.262,0.02785,0.5347,0.986,0.9995,0.004807,1315.0,830.0,14.0
2.33,0.2703,0.4421,0.825,0.9995,-0.4211,897.0,1024.0,15.0
5.953,0.4023,0.593,0.824,0.9995,-0.5713,1272.0,886.5,1.0
8.32,0.433,0.882,0.8555,0.999,-0.991,1787.0,1383.0,2.0
10000.0,0.699,0.937,0.1735,0.9995,-0.773,407.2,974.5,3.0
1.396,0.4165,0.6206,0.976,0.9995,-0.8027,1555.0,960.5,4.0
4.46,0.3115,0.3098,0.7065,0.9995,-0.763,1035.0,878.5,5.0
15.56,0.06158,0.654,0.541,0.999,0.711,476.8,444.8,6.0
9.65,0.3389,0.443,0.7007,0.9995,-0.349,892.0,849.5,7.0
3.287,0.351,0.3904,0.819,0.9995,-0.4172,1191.0,866.5,8.0
5.65,0.36,0.282,0.899,0.9995,0.3066,1369.0,814.0,9.0
10000.0,0.6924,0.4119,0.03111,1.0,-0.778,1509.0,1810.0,10.0
8.07,0.1909,0.553,0.7124,0.999,0.162,794.0,808.5,11.0
1.227,0.2148,0.3708,0.8833,0.9995,0.07336,801.0,1364.0,12.0
4.266,0.3438,0.4524,0.8066,0.9995,-0.429,954.0,981.0,13.0
3.885,0.2445,0.443,0.782,0.9995,-0.1492,852.0,943.0,14.0
5.066,0.2137,0.8345,0.7783,0.9995,-0.6157,930.5,858.0,15.0
10000.0,0.954,0.503,0.09,0.999,-0.4463,448.5,929.0,1.0
3.654,0.26,0.656,0.8276,0.9995,-0.4548,714.5,1161.0,2.0
3.383,0.2473,0.347,0.873,0.9995,0.1957,1150.0,1085.0,3.0
10.61,0.2078,0.633,0.663,0.9995,-0.003674,1202.0,903.5,4.0
6.41,0.2607,0.546,0.7593,0.9995,-0.08624,936.0,867.0,5.0
11.97,0.2578,0.5146,0.6167,0.9995,-0.5796,564.0,393.2,6.0
3.969,0.2798,0.7163,0.894,0.9995,0.1183,789.0,406.0,7.0
0.01837,0.1134,0.715,0.9395,0.9995,-0.2206,514.0,763.5,8.0
4.04,0.256,0.759,0.8286,0.9995,-0.585,1159.0,872.0,9.0
9.77,0.508,0.619,0.7944,0.9995,-0.7837,204.5,448.5,10.0
2.03,0.1755,0.4368,0.9116,0.9995,0.1665,69.06,653.5,11.0
4.426,0.338,0.465,0.8325,0.9995,-0.02336,568.5,351.5,12.0
10000.0,0.972,0.424,0.3528,0.9995,-0.4941,983.5,1139.0,13.0
3.42,0.2087,0.3552,0.967,0.9995,0.2566,1209.0,946.5,14.0
-0.022,0.2297,0.312,0.948,1.0,-0.306,1127.0,152.8,15.0
54.72,0.10724,0.792,0.3218,1.0,0.7534,1311.0,929.0,1.0
0.03075,0.0667,0.6343,0.6997,0.999,-0.998,1132.0,985.5,2.0
10.57,0.227,0.544,0.6353,0.999,-0.3765,1188.0,1260.0,3.0
0.732,0.03079,0.384,0.717,0.9995,-0.592,1521.0,1116.0,4.0
0.2966,0.1836,0.254,0.7725,1.0,-0.565,1246.0,1889.0,5.0
7.492,0.572,0.481,0.9478,0.9995,0.3293,1006.0,1882.0,6.0
4.746,0.2517,0.513,0.7686,0.9995,-0.2935,586.5,1105.0,7.0
4.28,0.289,0.6294,0.857,0.9995,0.0637,1258.0,1247.0,8.0
7.613,0.507,0.598,0.8633,0.9995,-0.1327,1124.0,1213.0,9.0
4.227,0.3594,0.508,0.864,0.9995,-0.004528,1108.0,1376.0,10.0
12.89,0.1409,0.6284,0.5664,0.9995,0.1965,1233.0,1031.0,11.0
4.285,0.3608,0.509,0.843,0.9995,-0.2368,1085.0,1161.0,12.0
0.2305,0.142,0.374,0.9927,0.9995,-0.315,999.5,784.5,13.0
0.732,0.05014,0.3599,0.8623,0.9995,-0.612,1709.0,1023.5,14.0
1.852,0.2339,0.4622,0.829,0.9995,-0.3882,1159.0,1088.0,15.0
7.1,0.2998,0.3506,0.7246,0.9995,-0.0338,960.0,1242.0,1.0
10000.0,0.4116,0.3308,0.1189,1.0,-0.614,579.0,1457.0,2.0
-0.02286,0.1528,0.3525,0.957,1.0,-0.08356,1629.0,1019.5,3.0
5.586,0.425,0.3506,0.8076,0.9995,-0.02203,1265.0,1003.0,4.0
14.46,0.2301,0.689,0.6353,0.9995,0.0429,1635.0,1260.0,5.0
6.676,0.09467,0.957,0.586,0.999,-0.4675,527.5,1513.0,6.0
1.3545,0.1351,0.2932,0.774,0.9995,0.02315,1382.0,1351.0,7.0
15.445,0.9766,0.5527,0.855,0.9995,-0.5713,154.6,989.0,8.0
9.375,0.2302,0.4512,0.663,0.9995,-0.05298,1114.0,860.5,9.0
3.92,0.2194,0.3928,0.748,0.9995,-0.1708,1081.0,971.5,10.0
6.812,0.4443,0.3274,0.757,0.9995,-0.3508,1146.0,1009.0,11.0
8.4,0.6445,0.4329,0.829,0.9995,-0.4739,705.0,1003.0,12.0
0.732,0.01339,0.4329,0.7695,0.9995,-0.4492,720.5,1313.0,13.0
6.223,0.416,0.4077,0.779,0.9995,-0.4373,835.5,949.0,14.0
6.395,0.2073,0.519,0.7173,0.9995,-0.0951,1272.0,1135.0,15.0
2.014,0.3845,0.6323,0.969,0.9995,-0.3242,1580.0,1730.0,1.0
4.62,0.317,0.3755,0.8213,0.9995,0.1084,1140.0,517.5,2.0
8.8,0.3948,0.533,0.76,0.9995,-0.45,1139.0,997.5,3.0
0.732,0.0341,0.2112,0.843,0.9995,-0.475,884.5,670.5,4.0
6.543,0.535,0.477,0.845,0.9995,-0.4463,855.5,680.5,5.0
10000.0,0.523,0.51,0.187,1.0,0.2294,748.5,849.5,6.0
5.89,0.3948,0.3147,0.9185,0.9995,0.3186,898.5,1152.0,7.0
5.543,0.2437,0.2421,0.691,0.9995,-0.0535,618.5,535.5,8.0
2.318,0.2925,0.4348,0.8003,0.9995,-0.8784,860.5,871.5,9.0
0.3289,0.3535,0.1604,0.9907,0.9995,-0.4773,823.5,916.5,10.0
0.732,0.0523,0.438,0.989,0.999,-0.4055,534.5,1035.0,11.0
4.496,0.5137,0.5347,0.8857,0.999,-0.924,250.2,1835.0,12.0
2.441,0.4465,0.4253,0.8926,0.9995,-0.736,593.0,1425.0,13.0
0.2477,0.156,0.2612,0.959,0.9995,-0.3162,1384.0,1675.0,14.0
1.742,0.24,0.296,0.807,0.9995,-0.1721,713.0,743.5,15.0
12.3,0.2212,0.1565,0.8115,0.9995,0.661,101.0,907.5,1.0
8.27,0.6367,0.54,0.934,0.9995,0.2754,1569.0,1409.0,2.0
6.46,0.2793,0.324,0.7227,0.9995,-0.01061,1150.0,1432.0,3.0
5.78,0.282,0.351,0.8794,0.9995,0.3218,654.5,1450.0,4.0
6.484,0.2705,0.2769,0.8394,0.9995,0.3403,599.5,991.5,5.0
5.543,0.4578,0.4978,0.8867,0.9995,0.09576,1189.0,1221.0,6.0
1.686,0.2258,0.3286,0.901,0.9995,0.1254,1184.0,1170.0,7.0
0.0911,0.1448,0.5776,0.8345,1.0,-0.9243,61.8,518.5,8.0
15.45,0.1633,0.876,0.8267,0.999,0.8306,1482.0,1170.0,9.0
5.277,0.199,0.7114,0.842,0.9995,0.2434,1060.0,961.0,10.0
1.31,0.4043,0.7275,0.991,1.0,-0.923,523.0,993.5,11.0
4.934,0.2158,0.676,0.782,0.9995,-0.1511,496.8,1111.0,12.0
17.08,0.505,0.759,0.748,0.9995,-0.5034,1079.0,772.5,13.0
0.3364,0.068,0.61,0.8657,0.999,-0.7524,350.0,268.5,14.0
4.926,0.3027,0.4946,0.786,0.9995,-0.3606,715.5,1171.0,15.0
11.81,0.4707,0.5728,0.7666,0.9995,-0.1719,1264.0,985.0,1.0
6.727,0.2186,0.498,0.7373,0.9995,0.091,768.5,523.5,2.0
-0.02567,0.1863,0.4116,0.9937,0.9995,-0.0442,1294.0,892.5,3.0
17.16,0.3223,0.4985,0.617,0.9995,-0.05875,1168.0,1072.0,4.0
6.12,0.348,0.474,0.79,0.9995,-0.162,1166.0,910.5,5.0
11.53,0.1674,0.7075,0.5845,1.0,-0.3752,282.2,1652.0,6.0
6.113,0.2666,0.4824,0.766,0.9995,0.02246,1203.0,648.0,7.0
6.25,0.2407,0.5312,0.732,0.9995,-0.2864,712.5,1090.0,8.0
10.555,0.4436,0.5254,0.7812,0.9995,0.091,774.0,995.5,9.0
4.72,0.606,0.399,0.9,0.9995,-0.352,1178.0,455.5,10.0
5.86,0.3306,0.417,0.7812,0.9995,-0.0647,900.0,891.0,11.0
2.799,0.3015,0.425,0.8438,0.9995,-0.1554,1150.0,761.5,12.0
7.77,0.7603,0.2876,0.926,0.999,0.2874,475.2,528.0,13.0
2.959,0.2369,0.437,0.8174,0.9995,-0.02888,951.0,568.0,14.0
5.363,0.1921,0.374,0.7217,0.9995,0.06573,847.5,1091.0,15.0
19.98,0.329,0.4976,0.5776,0.9995,-0.1606,853.5,1610.0,1.0
12.88,0.332,0.533,0.6875,0.9995,-0.1019,1002.5,1337.0,2.0
9.31,0.588,0.5244,0.8335,0.999,-0.2289,1375.0,647.0,3.0
11.445,0.424,0.5166,0.7485,0.9995,-0.0529,830.0,1547.0,4.0
0.1611,0.165,0.341,0.879,0.9995,-0.111,1094.0,1806.0,5.0
0.734,0.1381,0.10315,0.8325,0.9995,-0.3928,329.5,1562.0,6.0
7.742,0.3647,0.3599,0.7217,0.9995,-0.3223,985.0,915.0,7.0
6.066,0.2556,0.6304,0.774,0.9995,-0.1803,1328.0,1193.0,8.0
-0.00886,0.2197,0.729,0.9966,0.9995,-0.9434,1536.0,1664.0,9.0
0.02931,0.3186,0.2167,0.9893,0.9995,-0.2737,1746.0,964.5,10.0
1.541,0.2976,0.4895,0.914,0.9995,-0.234,1507.0,1285.0,11.0
2.94,0.277,0.422,0.826,0.9995,-0.1495,1141.0,1247.0,12.0
2.945,0.3179,0.3862,0.8184,0.9995,-0.3513,1048.0,1108.0,13.0
3.475,0.5776,0.293,0.92,0.9995,0.01077,1509.0,1192.0,14.0
2.037,0.3982,0.3323,0.8955,0.9995,-0.1931,1332.0,1348.0,15.0
18.66,0.5605,0.1389,0.5596,0.9995,0.00219,649.5,470.0,1.0
26.1,0.7866,0.9155,0.833,1.0,0.5405,94.75,561.5,2.0
11.375,0.423,0.4963,0.7446,0.9995,-0.0479,1158.0,702.5,3.0
8.74,0.3213,0.362,0.7354,0.9995,0.1354,795.0,446.8,4.0
7.133,0.4783,0.1378,0.8423,0.9995,0.3318,1357.0,1008.5,5.0
1.748,0.664,0.10187,0.769,0.999,-0.5693,1386.0,1761.0,6.0
6.98,0.452,0.447,0.8105,0.9995,-0.05792,853.5,710.0,7.0
40.28,0.937,0.2496,0.572,0.999,0.4324,127.2,143.1,8.0
0.10126,0.1929,0.2085,0.8506,0.999,-0.528,1448.0,1619.0,9.0
3.7,0.2637,0.51,0.858,0.9995,0.1333,687.5,447.5,10.0
4.652,0.4167,0.3599,0.8145,0.9995,-0.1948,956.0,943.0,11.0
16.56,0.4146,0.6294,0.697,1.0,-0.245,1536.0,1850.0,12.0
4.16,0.517,0.3542,0.889,0.9995,-0.0627,1311.0,913.0,13.0
5.113,0.37,0.379,0.783,0.9995,-0.3237,1109.0,885.5,14.0
0.0396,0.235,0.1595,0.836,0.9995,-0.3035,1121.0,1449.0,15.0
11.94,0.4722,0.4417,0.743,0.9995,-0.0126,1075.0,1076.0,1.0
6.543,0.07117,0.277,0.981,0.9995,0.4397,1235.0,1384.0,2.0
39.62,0.6533,0.4683,0.5596,0.9995,0.201,120.3,1982.0,3.0
10000.0,0.3625,0.7056,0.1543,0.999,-0.457,91.5,1207.0,4.0
7.227,0.355,0.475,0.779,0.9995,-0.06244,1139.0,1122.0,5.0
8.6,0.4167,0.682,0.8276,0.9995,0.04187,1139.0,574.5,6.0
3.193,0.3813,0.6836,0.933,0.9995,-0.4065,1090.0,392.5,7.0
6.477,0.3577,0.596,0.819,0.9995,-0.0744,1095.0,943.0,8.0
7.113,0.624,0.4675,0.8887,0.9995,-0.0254,1080.0,1135.0,9.0
2.38,0.2089,0.6577,0.8354,0.9995,-0.4038,1226.0,931.0,10.0
6.24,0.407,0.4373,0.806,0.9995,-0.09,1381.0,1188.0,11.0
16.89,0.4534,0.5024,0.691,0.9995,0.00902,628.5,1556.0,12.0
5.41,0.4058,0.4836,0.8374,0.9995,-0.0865,1068.0,1085.0,13.0
13.04,0.0971,0.254,0.877,1.0,0.7676,764.5,1033.0,14.0
5.71,0.1898,0.4036,0.844,0.9995,0.3262,793.0,1061.0,15.0
0.827,0.0953,0.2507,0.76,1.0,0.04614,344.2,680.5,1.0
4.875,0.1573,0.3716,0.727,0.9995,0.133,1078.0,684.0,2.0
10000.0,0.1781,0.2487,0.159,0.9995,0.4873,1761.0,1682.0,3.0
8.305,0.2294,0.6353,0.861,0.9995,0.4417,557.0,1200.0,4.0
7.883,0.124,0.4597,0.7925,0.9995,0.441,239.2,1154.0,5.0
11.22,0.4194,0.5796,0.753,0.9995,-0.2827,966.0,954.5,6.0
7.875,0.4963,0.444,0.7896,0.9995,-0.3784,901.0,938.5,7.0
6.8,0.254,0.746,0.7476,1.0,-0.7817,452.8,21.48,8.0
6.664,0.2869,0.494,0.751,0.9995,-0.1836,927.5,841.0,9.0
14.375,0.482,0.4014,0.758,1.0,0.3699,921.0,894.0,10.0
5.168,0.336,0.4614,0.797,0.9995,-0.2385,864.5,843.5,11.0
4.57,0.4082,0.889,0.94,0.999,-0.696,1765.0,184.4,12.0
4.59,0.0537,0.143,0.723,0.999,0.294,1656.0,1044.0,13.0
2.852,0.1749,0.5967,0.8257,0.9995,0.084,865.0,1151.0,14.0
3.072,0.1422,0.4702,0.789,0.9995,0.1313,683.0,890.0,15.0
6.93,0.5195,0.3496,0.7915,0.9995,-0.2365,978.5,1438.0,1.0
0.4834,0.339,0.1381,0.898,0.999,-0.903,910.0,259.2,2.0
10.32,0.2695,0.625,0.699,0.9995,-0.2644,1314.0,684.0,3.0
10000.0,0.781,0.3777,0.1613,0.999,0.1881,429.8,951.0,4.0
4.457,0.2466,0.2874,0.8335,1.0,0.2253,1609.0,752.5,5.0
0.01726,0.4321,0.1456,0.8535,0.9995,-0.6753,1712.0,271.5,6.0
8.71,0.1945,0.475,0.6865,0.9995,0.1559,1731.0,1436.0,7.0
5.11,0.2837,0.5,0.7764,0.9995,-0.3018,1280.0,746.5,8.0
4.82,0.2186,0.2659,0.611,0.9995,-0.7266,952.5,905.5,9.0
3.465,0.206,0.4363,0.7773,0.9995,-0.03674,1471.0,1099.0,10.0
10.19,0.88,0.3694,0.936,0.9995,0.362,314.0,224.1,11.0
0.732,0.01511,0.4841,0.8364,0.9995,-0.726,1429.0,294.2,12.0
8.42,0.3555,0.512,0.76,0.999,-0.1538,550.0,827.0,13.0
31.48,0.472,0.518,0.577,0.9995,0.285,1240.0,1456.0,14.0
11.71,0.3552,0.4575,0.7,0.9995,-0.0495,1329.0,1162.0,15.0
0.3318,0.1559,0.1178,0.58,1.0,-0.804,1224.0,1831.0,1.0
0.732,0.1449,0.26,0.9624,0.9995,-0.6265,656.5,1080.0,2.0
5.95,0.316,0.52,0.7754,0.9995,-0.3752,1029.0,989.5,3.0
10.38,0.4233,0.4546,0.7275,0.9995,-0.4097,592.5,1132.0,4.0
41.6,0.58,0.5176,0.5225,1.0,0.04187,41.66,513.0,5.0
2.943,0.8335,0.2472,0.9214,0.9995,-0.734,1220.0,1010.5,6.0
0.732,0.1334,0.264,0.9136,0.9995,-0.64,1595.0,1194.0,7.0
10000.0,0.3752,0.4165,0.1368,0.999,0.7266,34.9,1770.0,8.0
7.13,0.5806,0.4346,0.8525,0.9995,-0.1702,1130.0,1043.0,9.0
3.361,0.2004,0.3782,0.752,0.9995,-0.1265,1131.0,1137.0,10.0
8.055,0.6636,0.7603,0.981,0.9995,0.2646,1784.0,1768.0,11.0
5.52,0.333,0.564,0.79,0.9995,-0.6294,1885.0,1765.0,12.0
4.44,0.434,0.3586,0.808,0.9995,-0.419,1111.0,1064.0,13.0
2.473,0.1838,0.2542,0.723,0.9995,-0.1649,867.0,993.0,14.0
0.732,0.04306,0.1953,0.7173,0.9995,-0.747,979.5,1162.0,15.0
2.494,0.2651,0.491,0.827,0.9995,-0.4614,1022.0,1040.0,1.0
0.732,0.02971,0.5703,0.8276,0.9995,-0.6123,1364.0,630.0,2.0
0.705,0.2426,0.684,0.937,0.9995,-0.748,1456.0,1138.0,3.0
2.59,0.4888,0.3982,0.9087,0.9995,-0.562,967.0,1400.0,4.0
1.123,0.3296,0.395,0.892,0.9995,-0.546,1092.0,1257.0,5.0
0.1677,0.06824,0.504,0.838,1.0,-0.4907,1617.0,1141.0,6.0
0.296,0.1351,0.4512,0.813,0.9995,-0.4707,982.0,1085.0,7.0
2.307,0.3174,0.287,0.834,0.9995,-0.0783,1337.0,976.0,8.0
1.873,0.2876,0.3835,0.848,0.9995,-0.2642,1077.0,993.0,9.0
0.732,0.09467,0.4019,0.97,1.0,-0.698,1441.0,976.5,10.0
0.2477,0.1378,0.3955,0.937,0.9995,-0.605,1360.0,1035.0,11.0
10000.0,0.506,0.4448,0.1783,0.9995,-0.4631,801.5,1527.0,12.0
0.02982,0.1256,0.4722,0.885,0.9995,-0.6123,1322.0,838.0,13.0
0.03198,0.307,0.1466,0.872,0.9995,-0.4587,1490.0,1902.0,14.0
0.4084,0.11127,0.11176,0.8467,0.9995,-0.1809,1196.0,1191.0,15.0
0.3516,0.326,0.1169,0.973,0.999,-0.3398,1569.0,753.0,1.0
2.898,0.5474,0.2118,0.8726,0.9995,-0.1204,879.0,829.0,2.0
0.4534,0.0807,0.2382,0.911,0.999,-0.3137,1223.0,1433.0,3.0
2.66,0.333,0.4517,0.8486,0.9995,-0.4385,1225.0,863.5,4.0
1.641,0.395,0.2607,0.876,0.9995,-0.2063,1038.0,918.5,5.0
0.433,0.345,0.3125,0.907,0.999,-0.5713,973.0,1035.0,6.0
0.3599,0.1555,0.1283,0.9277,0.999,-0.1837,1099.0,1202.0,7.0
0.901,0.1868,0.376,0.812,0.9995,-0.3745,1052.0,938.5,8.0
0.732,0.1233,0.1862,0.923,0.999,-0.506,1116.0,867.5,9.0
0.8765,0.1781,0.4714,0.857,0.9995,-0.1879,648.5,1067.0,10.0
0.3018,0.2131,0.3555,0.8916,0.9995,-0.2212,947.0,1130.0,11.0
3.742,0.268,0.4592,0.8174,0.9995,-0.015465,1064.0,878.5,12.0
0.0627,0.2856,0.2313,0.9946,0.999,-0.2622,1407.0,1034.0,13.0
0.0338,0.154,0.3535,0.8926,0.9995,-0.5034,1287.0,764.0,14.0
0.2651,0.1559,0.2278,0.9194,0.999,-0.3823,1227.0,917.0,15.0
-0.0793,0.01184,0.4749,0.701,0.9995,0.06046,1547.0,283.0,1.0
3.299,0.603,0.288,0.881,0.9995,-0.5044,1367.0,1166.0,2.0
1.031,0.233,0.4785,0.8906,0.9995,-0.2274,972.5,1032.0,3.0
0.3313,0.133,0.3894,0.961,0.9995,-0.556,1705.0,1116.0,4.0
1.857,0.4143,0.3293,0.887,0.9995,-0.4011,1156.0,1118.0,5.0
0.754,0.199,0.5044,0.8745,0.9995,-0.3352,1180.0,988.0,6.0
1.972,0.2351,0.4812,0.843,0.9995,-0.2499,1171.0,1145.0,7.0
0.4592,0.03302,0.4783,0.952,0.9995,-0.2015,1380.0,697.5,8.0
0.865,0.2318,0.4407,0.8823,0.9995,-0.2678,1205.0,1029.0,9.0
10000.0,0.9297,0.94,0.0806,1.0,0.07825,1126.0,739.0,10.0
0.03537,0.2003,0.481,0.992,0.9995,-0.4973,1602.0,922.0,11.0
0.2334,0.2125,0.4224,0.9067,0.9995,-0.362,1179.0,1003.0,12.0
0.4514,0.2322,0.463,0.9233,0.9995,-0.3086,1181.0,940.0,13.0
0.0589,0.2477,0.3645,0.9556,0.9995,-0.2715,1181.0,740.5,14.0
-0.0215,0.1389,0.4363,0.939,0.9995,-0.2291,1287.0,772.5,15.0
2.836,0.2174,0.5513,0.8003,0.9995,-0.3994,832.0,839.0,1.0
3.549,0.2184,0.4607,0.769,0.9995,-0.234,1042.0,947.5,2.0
6.79,0.0788,0.783,0.658,1.0,0.2703,43.16,1622.0,3.0
-0.00615,0.1912,0.29,0.8794,0.9995,-0.3347,925.0,761.5,4.0
0.2712,0.11444,0.3152,0.8804,0.9995,-0.5166,990.0,1025.0,5.0
0.9976,0.3047,0.3933,0.8735,0.9995,-0.607,678.5,1136.0,6.0
0.2756,0.1453,0.4753,0.86,0.999,-0.2866,428.0,1211.0,7.0
0.732,0.1461,0.1614,0.9136,0.9995,-0.5576,543.0,987.5,8.0
0.505,0.2263,0.374,0.8477,0.9995,-0.561,783.5,1103.0,9.0
0.2766,0.1448,0.2466,0.869,0.9995,-0.5527,756.0,1015.5,10.0
2.686,0.3982,0.547,0.9067,0.9995,-0.6743,1328.0,684.5,11.0
1.1875,0.2844,0.439,0.8657,0.9995,-0.6035,1067.0,833.5,12.0
0.3313,0.2092,0.3818,0.852,0.9995,-0.5527,1032.0,941.0,13.0
0.3914,0.101,0.4365,0.849,0.9995,-0.936,829.0,1332.0,14.0
3.34,0.4658,0.3582,0.893,0.9995,-0.1065,610.0,728.0,15.0
2.309,0.3157,0.3394,0.826,0.9995,-0.3113,1081.0,953.0,1.0
1.692,0.2306,0.4343,0.861,0.9995,-0.04108,846.0,708.0,2.0
2.61,0.2153,0.4321,0.7856,0.9995,-0.2827,1084.0,776.5,3.0
10.82,0.6387,0.1382,0.9097,0.9995,0.553,150.6,1801.0,4.0
4.27,0.4417,0.5713,0.922,0.9995,-0.01302,1417.0,1343.0,5.0
0.732,0.0175,0.278,0.8794,0.9995,-0.1478,776.0,706.0,6.0
1.81,0.2703,0.4727,0.8843,0.9995,-0.1217,1164.0,1051.0,7.0
3.848,0.3645,0.2593,0.9077,0.9995,0.2113,505.2,1227.0,8.0
0.3389,0.0878,0.2744,0.878,0.9995,-0.3438,780.5,695.5,9.0
0.1445,0.0814,0.9785,0.923,0.9995,-0.08594,167.4,651.5,10.0
1.07,0.1942,0.3464,0.813,0.9995,-0.264,992.5,774.5,11.0
0.7764,0.0892,0.395,0.803,0.9995,0.07715,749.5,1092.0,12.0
61.7,0.9663,0.5063,0.506,0.9995,-0.847,1717.0,1493.0,13.0
0.8706,0.2263,0.3516,0.881,0.9995,-0.02756,615.5,973.5,14.0
0.9717,0.11835,0.3943,0.747,0.9995,-0.2869,777.5,853.5,15.0
0.3674,0.05325,0.5435,0.862,0.9995,-0.52,95.56,1509.0,1.0
1.95,0.298,0.334,0.814,0.9995,-0.4658,377.5,562.0,2.0
0.61,0.1846,0.315,0.8027,0.9995,-0.396,757.0,946.5,3.0
2.5,0.318,0.3347,0.909,0.9995,0.1296,81.1,89.06,4.0
0.732,0.04495,0.4614,0.9497,0.999,-0.779,1043.0,1362.0,5.0
0.0674,0.0831,0.4556,0.786,1.0,-0.6157,1299.0,842.5,6.0
0.4558,0.2363,0.3638,0.8936,0.9995,-0.2593,429.8,514.5,7.0
0.669,0.1251,0.4106,0.743,0.9995,-0.547,710.0,1176.0,8.0
0.1709,0.1433,0.3389,0.884,0.9995,-0.6377,1124.0,1066.0,9.0
-0.01712,0.09375,0.588,0.8975,0.9995,-0.116,451.0,837.0,10.0
0.013985,0.1733,0.485,0.979,0.9995,-0.408,741.0,490.2,11.0
0.0007014,0.2319,0.2964,0.8965,0.9995,-0.682,826.0,629.5,12.0
4.43,0.1982,0.543,0.779,0.9995,0.05905,445.0,1368.0,13.0
-0.010056,0.2396,0.3215,0.896,0.9995,-0.5977,1404.0,247.8,14.0
0.3113,0.1109,0.4343,0.912,0.9995,-0.683,957.5,1033.0,15.0
1.908,0.2164,0.4685,0.839,0.9995,-0.1495,936.5,1386.0,1.0
6.137,0.3247,0.3816,0.75,0.9995,-0.209,907.0,1632.0,2.0
1.561,0.2786,0.5757,0.913,0.9995,-0.3694,1084.0,926.0,3.0
0.7974,0.0382,0.7793,0.5947,0.999,-0.3074,798.5,1880.0,4.0
3.205,0.3662,0.2896,0.7725,0.999,-0.5986,1413.0,1583.0,5.0
1.536,0.271,0.3787,0.8325,0.9995,-0.4656,1245.0,1522.0,6.0
2.623,0.2496,0.4417,0.8125,0.9995,-0.2913,1034.0,1424.0,7.0
0.9575,0.2983,0.4585,0.8926,0.9995,-0.693,1195.0,1529.0,8.0
1.416,0.2588,0.4524,0.855,0.9995,-0.4612,1025.0,1522.0,9.0
1.303,0.2747,0.5063,0.8906,0.9995,-0.4895,1142.0,1251.0,10.0
2.992,0.2642,0.5327,0.852,0.9995,-0.05478,842.0,1332.0,11.0
0.263,0.366,0.443,0.976,0.9995,-0.6655,1155.0,1299.0,12.0
0.1261,0.1256,0.461,0.845,0.999,-0.958,1531.0,1526.0,13.0
2.404,0.318,0.4392,0.857,0.9995,-0.3083,1280.0,1369.0,14.0
0.8105,0.1833,0.4763,0.8447,0.9995,-0.3843,1100.0,1461.0,15.0
4.9,0.2888,0.668,0.7974,0.9995,-0.7544,1322.0,1146.0,1.0
4.117,0.3591,0.355,0.798,0.9995,-0.283,927.5,949.0,2.0
0.374,0.1671,0.397,0.856,0.9995,-0.2467,1093.0,1204.0,3.0
9.234,0.3997,0.554,0.766,0.9995,-0.326,927.5,1206.0,4.0
0.732,0.04272,0.5093,0.741,0.9995,-0.782,910.5,940.5,5.0
4.234,0.3164,0.4111,0.7754,0.9995,-0.514,752.5,1112.0,6.0
2.459,0.4333,0.305,0.829,0.9995,-0.624,1319.0,1189.0,7.0
0.4558,0.1026,0.1981,0.8047,0.9995,-0.4731,1017.5,780.5,8.0
0.4333,0.07886,0.399,0.877,0.9995,-0.608,1055.0,596.5,9.0
0.732,0.0314,0.1766,0.8135,0.9995,-0.4482,495.8,888.0,10.0
0.445,0.0829,0.288,0.8306,0.9995,-0.5146,704.5,896.0,11.0
0.9995,0.1628,0.453,0.7983,0.9995,-0.438,967.0,916.0,12.0
0.4956,0.0668,0.3726,0.6743,0.9995,-0.2443,1029.0,1074.0,13.0
0.06354,0.2087,0.2201,0.927,0.999,-0.3035,838.5,819.0,14.0
0.3386,0.10803,0.4075,0.7666,0.9995,-0.3777,908.5,961.0,15.0
2.348,0.233,0.4292,0.812,0.9995,-0.2485,960.0,1072.0,1.0
-0.0359,0.1752,0.2289,0.908,0.9995,-0.0694,1568.0,774.0,2.0
2.016,0.2617,0.3774,0.821,0.9995,-0.3247,1176.0,988.5,3.0
0.732,0.05133,0.2178,0.9194,0.9995,-0.4067,1723.0,986.0,4.0
2.514,0.296,0.614,0.8833,0.9995,-0.4573,1553.0,573.5,5.0
1.242,0.3066,0.2815,0.868,0.9995,-0.1248,1205.0,1111.0,6.0
0.8735,0.2284,0.4421,0.8726,0.9995,-0.3215,1506.0,688.0,7.0
0.1005,0.192,0.2961,0.9824,0.9995,-0.2576,1714.0,676.5,8.0
0.732,0.04062,0.3225,0.862,0.9995,-0.4053,1752.0,779.0,9.0
0.732,0.0629,0.11066,0.844,0.9995,-0.2299,1467.0,1112.0,10.0
0.7563,0.1307,0.54,0.809,0.9995,-0.348,915.5,1335.0,11.0
0.5303,0.2654,0.5005,0.923,1.0,-0.611,1018.5,998.0,12.0
0.732,0.08453,0.1692,0.9146,0.9995,-0.4067,1860.0,995.5,13.0
0.314,0.328,0.2368,0.926,0.9995,-0.1953,1352.0,1106.0,14.0
0.1375,0.1356,0.1803,0.862,0.9995,-0.2106,1511.0,976.0,15.0
26.7,0.681,0.3032,0.588,1.0,-0.1394,1314.0,117.9,1.0
0.743,0.03406,0.271,0.508,1.0,-0.901,255.8,787.0,2.0
0.1696,0.2357,0.32,0.814,0.9995,-0.9717,1048.0,846.0,3.0
-0.02417,0.1354,0.3992,0.9023,0.999,-0.2744,291.5,170.1,4.0
4.348,0.1064,0.477,0.642,0.9995,-0.06152,1236.0,747.0,5.0
1.106,0.28,0.3525,0.851,0.9995,-0.4312,860.5,885.0,6.0
0.732,0.3381,0.116,0.949,0.9995,-0.8535,362.8,691.0,7.0
1.381,0.404,0.2458,0.853,1.0,-0.4219,486.8,1305.0,8.0
0.4043,0.2812,0.338,0.876,0.9995,-0.583,818.5,755.5,9.0
3.807,0.1061,0.6436,0.605,0.9995,-0.826,931.0,415.5,10.0
1.951,0.2006,0.4092,0.7847,0.9995,-0.35,1002.0,699.0,11.0
0.87,0.156,0.2776,0.723,0.9995,-0.51,1241.0,1266.0,12.0
0.3987,0.321,0.1982,0.9395,0.9995,-0.914,782.0,808.5,13.0
0.732,0.03513,0.3962,0.828,0.9995,-0.9697,1020.5,209.9,14.0
0.2874,0.1888,0.3308,0.8125,0.9995,-0.6064,1041.0,941.0,15.0
0.04306,0.476,0.2277,0.966,0.9995,-0.9204,1198.0,883.5,1.0
0.8447,0.1757,0.2327,0.789,0.9995,-0.10156,1333.0,1000.5,2.0
2.635,0.3281,0.429,0.856,0.9995,-0.2445,1166.0,879.0,3.0
1.346,0.326,0.3735,0.876,0.9995,-0.4475,1107.0,924.5,4.0
3.207,0.421,0.8716,0.998,0.9995,-0.0348,851.5,1098.0,5.0
1.315,0.3486,0.4358,0.9204,0.9995,-0.4434,1329.0,1301.0,6.0
2.188,0.3574,0.566,0.934,0.9995,-0.3267,932.0,982.0,7.0
0.404,0.1315,0.307,0.9146,0.999,-0.6357,911.0,1346.0,8.0
0.684,0.2214,0.2747,0.8315,0.9995,-0.2522,1272.0,1136.0,9.0
0.732,0.152,0.2059,0.863,0.9995,-0.928,1116.0,943.0,10.0
2.57,0.7246,0.1694,0.883,0.999,-0.3623,1089.0,1370.0,11.0
0.7607,0.3027,0.423,0.9116,0.9995,-0.529,900.0,996.5,12.0
0.37,0.2358,0.2585,0.8413,0.9995,-0.3533,1210.0,968.0,13.0
0.489,0.333,0.3352,0.907,0.9995,-0.57,1117.0,1111.0,14.0
3.42,0.0508,0.6226,0.4138,0.999,-0.939,1745.0,698.0,15.0
0.732,0.02051,0.1857,0.8955,0.9995,-0.8047,400.2,718.5,1.0
1.203,0.1886,0.4087,0.818,0.9995,-0.2898,895.5,957.0,2.0
1.552,0.2234,0.6104,0.895,0.9995,-0.1677,814.5,665.5,3.0
1.203,0.3125,0.3735,0.8906,0.9995,-0.3242,725.5,1006.0,4.0
0.02432,0.0271,0.3428,0.6665,0.999,-0.0915,252.8,12.82,5.0
0.732,0.01993,0.534,0.85,0.999,-0.987,1484.0,876.0,6.0
0.732,0.0785,0.2742,0.815,0.9995,-0.6445,708.0,736.5,7.0
2.117,0.2646,0.4973,0.8633,0.9995,-0.2013,917.0,902.0,8.0
-0.014465,0.102,0.6436,0.9185,0.9995,-0.211,1091.0,1183.0,9.0
37.0,0.2976,0.8037,0.469,1.0,-0.2712,11.195,1178.0,10.0
0.3777,0.1765,0.481,0.8726,0.9995,-0.3726,823.5,788.0,11.0
0.2664,0.1428,0.4421,0.835,0.9995,-0.39,808.5,807.5,12.0
8.84,0.1974,0.6396,0.66,0.9995,-0.3806,366.5,917.5,13.0
0.4268,0.0684,0.429,0.8145,0.9995,-0.6978,527.0,589.0,14.0
0.2336,0.1941,0.4182,0.875,0.9995,-0.435,773.0,861.0,15.0
1.35,0.2095,0.5054,0.8716,0.9995,-0.11444,862.5,1036.0,1.0
0.66,0.0888,0.2786,0.7656,0.9995,-0.8076,821.5,814.0,2.0
2.092,0.2245,0.3237,0.81,0.9995,-0.04218,813.0,944.5,3.0
2.139,0.2064,0.481,0.775,0.9995,-0.6465,1080.0,1137.0,4.0
3.541,0.3433,0.3582,0.85,0.9995,0.07855,708.5,744.0,5.0
2.15,0.2384,0.3545,0.8086,0.9995,-0.1786,782.5,833.0,6.0
0.912,0.169,0.3213,0.7993,0.9995,-0.194,884.0,910.5,7.0
2.248,0.2598,0.413,0.843,0.9995,-0.10956,1126.0,1195.0,8.0
0.91,0.1521,0.3916,0.7627,0.9995,-0.5024,1023.0,1025.0,9.0
0.09454,0.0712,0.2842,0.817,0.9995,-0.1467,1308.0,828.0,10.0
1.129,0.2494,0.317,0.829,0.9995,-0.3408,1111.0,1093.0,11.0
0.732,0.02565,0.256,0.6846,0.9995,-0.728,1328.0,825.5,12.0
0.9956,0.1711,0.357,0.7944,0.9995,-0.2932,1006.0,1011.5,13.0
0.8887,0.1605,0.4006,0.801,0.9995,-0.322,990.5,926.5,14.0
0.732,0.03906,0.3389,0.796,0.9995,-0.775,1171.0,720.0,15.0
2.059,0.3616,0.3296,0.8813,0.9995,-0.1203,1107.0,1106.0,1.0
1.699,0.1622,0.3325,0.805,0.9995,0.05392,918.5,1090.0,2.0
1.226,0.1664,0.345,0.7915,0.9995,-0.1602,1399.0,1418.0,3.0
5.55,0.4312,0.10065,0.9746,1.0,0.3047,1498.0,1953.0,4.0
10000.0,0.9272,0.7925,0.2014,0.999,0.5747,1303.0,1305.0,5.0
13.375,0.157,0.3442,0.4922,0.9995,-0.03394,1699.0,1428.0,6.0
2.34,0.3625,0.425,0.869,0.9995,-0.473,803.5,1116.0,7.0
0.732,0.1081,0.223,0.978,0.9995,-0.3843,784.5,1731.0,8.0
6.723,0.3955,0.3787,0.8423,0.9995,0.2512,512.0,1103.0,9.0
1.343,0.2502,0.3499,0.865,0.9995,-0.0449,1035.0,925.0,10.0
0.1555,0.177,0.358,0.9194,0.9995,-0.013565,1448.0,961.0,11.0
0.061,0.2277,0.4316,0.986,0.9995,-0.623,1126.0,1413.0,12.0
1.486,0.31,0.348,0.893,0.9995,-0.086,810.5,1131.0,13.0
0.04266,0.1648,0.2507,0.965,0.9995,-0.08856,1108.0,998.0,14.0
0.4082,0.2324,0.3357,0.9,0.9995,-0.1626,1038.0,1145.0,15.0
5.02,0.2126,0.338,0.714,0.9995,-0.0627,949.5,1244.0,1.0
2.74,0.295,0.2986,0.775,0.9995,-0.4019,1269.0,1119.0,2.0
2.412,0.1837,0.887,0.8853,0.999,-0.04303,1297.0,1618.0,3.0
0.04517,0.1393,0.4114,0.914,0.9995,-0.01901,1326.0,1391.0,4.0
0.327,0.02327,0.7705,0.954,0.9995,-0.08636,1248.0,1472.0,5.0
2.297,0.2089,0.3804,0.787,0.9995,-0.1938,1129.0,1283.0,6.0
2.412,0.2012,0.82,0.8237,0.9995,-0.9873,1654.0,1725.0,7.0
1.63,0.1945,0.6553,0.8726,0.9995,-0.1841,1303.0,1470.0,8.0
0.732,0.1731,0.1375,0.7974,1.0,-0.939,526.5,601.0,9.0
0.01945,0.1852,0.4695,0.9097,1.0,-0.935,1457.0,1748.0,10.0
0.1211,0.1333,0.55,0.9497,0.9995,-0.648,1289.0,1216.0,11.0
1.32,0.2054,0.635,0.847,0.9995,-0.7495,1452.0,1476.0,12.0
-0.02306,0.246,0.3162,0.9087,0.9995,-0.6064,1454.0,1374.0,13.0
0.05777,0.16,0.3088,0.84,0.9995,-0.7026,925.5,1025.0,14.0
0.02095,0.08856,0.6294,0.9185,0.9995,-0.3342,1256.0,1369.0,15.0
3.955,0.6416,0.2563,0.8613,0.9995,-0.4236,1435.0,568.5,1.0
0.2778,0.3496,0.2678,0.85,0.9995,-0.896,704.0,860.5,2.0
2.893,0.5664,0.3088,0.8965,0.9995,-0.468,1312.0,841.0,3.0
4.08,0.3198,0.6006,0.853,0.9995,-0.2059,964.0,511.0,4.0
1.701,0.3982,0.3372,0.8813,0.9995,-0.4795,1043.0,877.0,5.0
2.424,0.4448,0.3145,0.867,0.9995,-0.4155,1119.0,724.0,6.0
0.732,0.05478,0.361,0.9136,0.9995,-0.764,954.0,943.5,7.0
1.479,0.2341,0.3823,0.834,0.9995,-0.2664,1091.0,1033.0,8.0
8.75,0.8203,0.1664,0.703,0.999,-0.8057,1665.0,379.2,9.0
0.8247,0.3208,0.3271,0.899,0.9995,-0.3445,781.5,1043.0,10.0
1.575,0.24,0.4407,0.8594,0.9995,-0.1722,824.5,1103.0,11.0
0.732,0.1005,0.2322,0.9023,0.9995,-0.7524,735.0,855.5,12.0
1.395,0.2627,0.4714,0.878,0.9995,-0.3289,878.0,787.0,13.0
0.454,0.2703,0.341,0.89,0.9995,-0.401,869.5,1179.0,14.0
0.732,0.1356,0.285,0.961,0.9995,-0.776,362.5,1021.0,15.0
5.363,0.2844,0.4504,0.766,0.9995,-0.1952,1076.0,909.0,1.0
0.732,0.1962,0.1622,0.886,0.9995,-0.8706,1123.0,1399.0,2.0
0.03943,0.1272,0.3423,0.8857,1.0,-0.347,363.0,1933.0,3.0
0.732,0.12164,0.2406,0.921,0.9995,-0.7837,652.5,1449.0,4.0
0.997,0.1351,0.473,0.796,0.9995,-0.2329,540.0,890.5,5.0
0.5933,0.1299,0.4177,0.7944,0.9995,-0.2788,1092.0,1193.0,6.0
1.357,0.2603,0.3901,0.8555,0.9995,-0.2869,988.5,1356.0,7.0
0.732,0.1414,0.115,0.8994,0.9995,-0.8804,1117.0,1786.0,8.0
0.5947,0.3342,0.2612,0.8345,0.999,-0.722,886.0,1147.0,9.0
0.732,0.1037,0.1843,0.8477,0.999,-0.844,696.0,1117.0,10.0
0.732,0.155,0.2059,0.867,0.9995,-0.714,989.5,1540.0,11.0
1.475,0.1816,0.491,0.8286,0.9995,-0.2201,490.8,1166.0,12.0
0.282,0.1664,0.369,0.835,0.9995,-0.392,628.5,1269.0,13.0
0.1587,0.1569,0.2615,0.857,0.9995,-0.585,877.0,1432.0,14.0
0.3176,0.1403,0.2788,0.884,0.9995,-0.6196,708.5,1386.0,15.0
0.2786,0.1284,0.3657,0.9604,0.999,-0.4285,1040.0,1067.0,1.0
10.234,0.6333,0.5283,0.8193,1.0,-0.5713,1305.0,1094.0,2.0
1.168,0.1726,0.4094,0.839,0.9995,-0.04315,862.0,1038.0,3.0
3.588,0.1606,0.3523,0.713,0.9995,-0.06915,1267.0,1127.0,4.0
0.732,0.0685,0.4092,0.926,0.9995,-0.61,604.5,1078.0,5.0
0.732,0.09784,0.12195,0.907,0.9995,-0.4417,1074.0,585.5,6.0
2.086,0.376,0.4062,0.888,0.9995,-0.4077,1075.0,777.0,7.0
0.727,0.2435,0.4058,0.877,0.9995,-0.366,971.0,892.0,8.0
0.03656,0.1498,0.3557,0.8647,0.9995,-0.2908,942.5,1024.0,9.0
0.0843,0.0881,0.528,0.83,0.9995,-0.2009,811.5,1256.0,10.0
0.2086,0.111,0.3838,0.892,0.9995,-0.53,814.0,1076.0,11.0
0.9937,0.2908,0.4822,0.9023,0.9995,-0.611,749.0,955.5,12.0
2.406,0.1175,0.6714,0.7246,0.999,-0.4482,803.0,1318.0,13.0
0.2532,0.11005,0.3828,0.926,0.9995,-0.453,815.5,1044.0,14.0
0.57,0.12115,0.5405,0.7925,0.9995,-0.464,885.0,1163.0,15.0
3.205,0.2803,0.4927,0.8276,0.9995,-0.2651,995.0,900.0,1.0
4.344,0.4521,0.4756,0.8647,0.9995,-0.4802,984.0,1105.0,2.0
1.62,0.3179,0.417,0.8823,0.9995,-0.373,969.5,882.5,3.0
50.0,0.7505,0.6494,0.6274,1.0,0.97,506.8,1550.0,4.0
35.88,0.5684,0.8794,0.7056,0.9995,0.808,1019.5,1280.0,5.0
1.757,0.2278,0.3447,0.7705,0.9995,-0.545,931.5,847.5,6.0
4.465,0.3398,0.4114,0.801,0.9995,-0.2491,1125.0,970.5,7.0
0.8887,0.2876,0.4038,0.87,0.9995,-0.6274,888.5,810.0,8.0
1.672,0.5625,0.3145,0.9375,0.9995,-0.561,1065.0,877.0,9.0
1.614,0.3298,0.3997,0.878,0.9995,-0.4248,940.0,908.5,10.0
11.7,0.3843,0.6567,0.7754,0.9995,0.1615,986.0,969.0,11.0
-0.006866,0.2593,0.3286,0.894,0.9995,-0.75,661.5,312.5,12.0
0.79,0.3047,0.3992,0.918,0.9995,-0.3806,940.0,813.0,13.0
0.732,0.06885,0.243,0.8545,0.9995,-0.4915,793.0,292.8,14.0
0.3032,0.0708,0.3486,0.931,0.9995,-0.2084,561.5,482.2,15.0
3.271,0.2554,0.4734,0.806,0.9995,-0.2537,1136.0,1216.0,1.0
2.387,0.266,0.312,0.8164,0.9995,-0.06683,789.5,1252.0,2.0
2.791,0.2642,0.3499,0.7954,0.9995,-0.2136,848.0,1050.0,3.0
0.4502,0.2512,0.1891,0.751,0.9995,-0.6753,1240.0,1222.0,4.0
5.9,0.27,0.3933,0.6973,0.9995,-0.6074,825.5,856.5,5.0
4.363,0.3552,0.411,0.8047,1.0,-0.319,1082.0,615.0,6.0
0.2452,0.1885,0.1266,0.7524,0.9995,-0.5854,989.5,1381.0,7.0
2.664,0.1882,0.3264,0.7363,0.9995,-0.2372,1070.0,949.0,8.0
2.164,0.2303,0.322,0.7495,0.9995,-0.5176,898.5,1160.0,9.0
0.2578,0.3047,0.10266,0.88,0.9995,-0.415,1466.0,1416.0,10.0
0.2607,0.2203,0.1311,0.7812,0.9995,-0.6543,1370.0,1412.0,11.0
30.53,0.69,0.4558,0.6265,0.9995,0.0419,1051.0,88.4,12.0
1.46,0.2578,0.2703,0.7993,0.9995,-0.3264,971.5,1197.0,13.0
1.161,0.2605,0.337,0.83,0.9995,-0.4465,1329.0,1283.0,14.0
0.1986,0.3965,0.10657,0.8496,0.9995,-0.1906,1602.0,374.5,15.0
0.732,0.1026,0.129,0.679,1.0,-0.8984,1469.0,791.5,1.0
0.732,0.09314,0.147,0.979,0.9995,-0.636,496.0,439.8,2.0
0.803,0.2423,0.467,0.8643,0.9995,-0.6494,1265.0,1283.0,3.0
0.08264,0.2076,0.1904,0.8057,0.9995,-0.6514,1301.0,1062.0,4.0
0.2563,0.2008,0.1384,0.966,0.9995,-0.1459,919.0,919.5,5.0
1.572,0.329,0.2825,0.856,0.9995,-0.1665,1143.0,1014.5,6.0
0.328,0.273,0.1857,0.872,1.0,-0.07904,1564.0,880.5,7.0
0.09186,0.2336,0.254,0.895,1.0,-0.2137,1319.0,906.5,8.0
0.3472,0.2118,0.2212,0.9546,0.9995,-0.53,762.5,763.5,9.0
11.86,0.957,0.556,0.906,0.9995,-0.3296,4.664,308.8,10.0
0.0971,0.225,0.2593,0.954,0.9995,-0.407,878.5,857.0,11.0
0.3613,0.3196,0.4014,0.9805,1.0,-0.2053,1357.0,1572.0,12.0
0.4873,0.1514,0.309,0.945,0.9995,-0.718,1560.0,1066.0,13.0
0.5166,0.2651,0.3154,0.892,0.9995,-0.2448,1107.0,958.0,14.0
0.1825,0.1923,0.2683,0.937,0.9995,-0.4883,1356.0,1051.0,15.0
0.6543,0.2817,0.3225,0.871,0.9995,-0.3945,1154.0,710.0,1.0
0.269,0.0916,0.296,0.845,0.9995,-0.4175,967.5,638.0,2.0
0.3916,0.2329,0.4287,0.9536,0.9995,-0.0688,1726.0,650.5,3.0
0.1791,0.1508,0.3362,0.981,0.9995,-0.2793,1745.0,905.0,4.0
0.312,0.11414,0.4646,0.7847,0.9995,-0.459,839.5,430.0,5.0
1.575,0.2058,0.4587,0.8203,0.9995,-0.37,1315.0,515.5,6.0
0.2203,0.1757,0.3787,0.8555,0.9995,-0.3726,1151.0,817.0,7.0
0.11584,0.188,0.3892,0.919,0.9995,-0.1779,1498.0,661.5,8.0
0.0651,0.1406,0.3823,0.923,0.9995,-0.4106,1503.0,868.0,9.0
0.1805,0.1481,0.418,0.8394,0.9995,-0.4216,1043.0,541.5,10.0
0.02747,0.1497,0.3496,0.8906,0.9995,-0.4587,1108.0,870.0,11.0
0.175,0.11444,0.3577,0.9316,0.9995,-0.323,1452.0,704.5,12.0
0.05704,0.1404,0.3655,0.9097,0.9995,-0.413,1110.0,900.0,13.0
0.1476,0.11633,0.455,0.825,0.9995,-0.3425,851.5,439.0,14.0
-0.001185,0.154,0.3208,0.8774,0.9995,-0.404,1105.0,660.5,15.0
-0.00969,0.0848,0.3887,0.853,0.9995,-0.02525,1503.0,1035.0,1.0
0.814,0.2747,0.4785,0.906,0.9995,-0.555,1376.0,838.0,2.0
-0.0635,0.2365,0.1774,0.941,1.0,-0.0187,1731.0,509.0,3.0
0.1549,0.1388,0.2363,0.8804,0.9995,-0.329,1200.0,696.0,4.0
1.108,0.3145,0.339,0.8613,0.9995,-0.467,1372.0,972.5,5.0
0.1155,0.1272,0.3157,0.798,0.9995,-0.3596,1577.0,268.0,6.0
0.2268,0.1565,0.4011,0.8623,0.9995,-0.2399,956.5,930.0,7.0
0.2766,0.02415,0.292,0.8916,0.9995,0.08923,1490.0,447.8,8.0
0.0628,0.09094,0.36,0.776,0.9995,-0.3774,1298.0,729.5,9.0
-0.039,0.1691,0.2426,0.9014,0.9995,-0.02011,1711.0,454.5,10.0
17.03,0.2798,0.255,0.958,0.999,0.967,277.0,23.58,11.0
-0.02275,0.1469,0.4373,0.892,0.9995,-0.425,1408.0,928.5,12.0
2.223,0.1918,0.3926,0.759,0.9995,-0.3704,1303.0,980.5,13.0
-0.01313,0.1573,0.3428,0.921,0.9995,-0.2622,1299.0,660.0,14.0
0.2603,0.2048,0.4036,0.8877,0.9995,-0.3506,1431.0,745.0,15.0
0.3145,0.2444,0.1316,0.903,0.9995,-0.4207,1364.0,1025.0,1.0
0.4355,0.07947,0.1943,0.967,0.9995,-0.1431,1136.0,582.5,2.0
0.03528,0.1654,0.2067,0.845,0.9995,-0.302,1211.0,1068.0,3.0
0.05783,0.2053,0.2517,0.86,0.9995,-0.6675,1120.0,1182.0,4.0
0.2269,0.11426,0.517,0.865,0.9995,-0.0954,949.5,918.0,5.0
0.085,0.1506,0.2769,0.914,0.9995,-0.2935,1138.0,807.0,6.0
2.488,0.2249,0.9424,0.9873,0.9995,0.1687,579.5,1964.0,7.0
-0.01602,0.2228,0.2383,0.886,0.9995,-0.3848,1260.0,935.5,8.0
-0.0006723,0.2323,0.2896,0.9053,0.999,-0.3857,1100.0,749.0,9.0
0.1487,0.1092,0.2006,0.834,1.0,-0.2235,1227.0,829.5,10.0
0.032,0.1327,0.2537,0.849,0.9995,-0.2644,1193.0,843.0,11.0
0.192,0.1616,0.1969,0.9316,0.9995,-0.2164,1246.0,423.2,12.0
0.00922,0.2004,0.26,0.922,0.9995,-0.316,1204.0,637.5,13.0
0.758,0.1982,0.6304,0.9424,0.9995,-0.0739,861.0,1407.0,14.0
10.54,0.9116,0.4204,0.8794,0.9995,-0.2189,1732.0,854.0,15.0
0.0567,0.2175,0.3079,0.898,0.9995,-0.3086,824.5,1095.0,1.0
0.3545,0.1652,0.2258,0.87,0.9995,-0.6675,876.0,1123.0,2.0
0.3286,0.07355,0.44,0.988,0.9995,-0.206,963.0,686.0,3.0
1.192,0.4668,0.2361,0.8867,0.999,-0.4724,1061.0,1250.0,4.0
0.3167,0.4485,0.2976,0.943,0.9995,-0.733,970.0,1038.0,5.0
0.4312,0.2566,0.3035,0.8594,0.9995,-0.4229,1048.0,1148.0,6.0
3.164,0.1069,0.6567,0.7026,1.0,-0.2021,972.0,147.0,7.0
0.3877,0.0999,0.409,0.9673,0.9995,-0.4438,1028.0,866.0,8.0
0.1552,0.1494,0.2566,0.843,0.9995,-0.574,1126.0,1281.0,9.0
0.0643,0.2074,0.2695,0.8857,0.9995,-0.63,961.5,1120.0,10.0
-0.02109,0.1565,0.4688,0.89,0.9995,-0.6533,732.0,678.0,11.0
-0.005093,0.282,0.423,0.9824,0.9995,-0.4973,1108.0,888.5,12.0
0.4937,0.3464,0.2966,0.8975,0.9995,-0.5454,1072.0,1150.0,13.0
0.0381,0.1536,0.4038,0.9487,0.9995,-0.3645,999.0,847.5,14.0
0.11456,0.3257,0.3408,0.9355,0.9995,-0.6357,1055.0,1038.0,15.0
0.4211,0.3071,0.11774,0.925,0.9995,-0.547,1170.0,1847.0,1.0
0.1823,0.184,0.2522,0.8535,0.999,-0.744,804.5,1213.0,2.0
3.367,0.5415,0.2279,0.783,0.9995,-0.7056,1220.0,676.0,3.0
0.746,0.08887,0.1345,0.723,0.999,-0.5967,1498.0,1281.0,4.0
-0.007305,0.34,0.2612,0.875,0.9995,-0.98,913.5,1236.0,5.0
0.3752,0.2927,0.3042,0.839,0.9995,-0.84,1019.5,1506.0,6.0
0.2277,0.3132,0.3442,0.919,0.9995,-0.61,1243.0,1070.0,7.0
0.11725,0.5796,0.11145,0.834,0.9995,-0.7456,1807.0,579.0,8.0
0.8135,0.2059,0.8965,0.9834,1.0,-0.2223,1438.0,1683.0,9.0
0.1925,0.2317,0.268,0.9277,0.9995,-0.7114,653.0,1067.0,10.0
0.01941,0.2905,0.214,0.896,0.9995,-0.6353,1150.0,1473.0,11.0
0.00841,0.3887,0.2457,0.9497,0.9995,-0.544,690.0,399.0,12.0
0.02042,0.281,0.2708,0.9263,0.9995,-0.3875,1302.0,840.5,13.0
0.662,0.2281,0.6035,0.932,1.0,-0.437,1244.0,1390.0,14.0
10000.0,0.5195,0.2325,0.251,0.999,-0.9595,1604.0,276.5,15.0
0.732,0.02473,0.146,0.7505,0.9995,-0.2822,849.5,712.5,1.0
0.3154,0.11163,0.2822,0.9097,0.9995,-0.3923,1442.0,910.0,2.0
0.732,0.06366,0.2478,0.8936,0.9995,-0.661,1193.0,1495.0,3.0
2.047,0.1707,0.477,0.766,0.9995,-0.4045,743.0,952.0,4.0
0.1455,0.1142,0.242,0.7256,0.9995,-0.599,858.5,1372.0,5.0
0.4067,0.1085,0.2932,0.885,0.9995,-0.5664,1138.0,1248.0,6.0
0.0878,0.1532,0.3064,0.851,0.9995,-0.2292,1281.0,621.5,7.0
12.9,0.0944,0.661,0.6904,0.999,0.641,1602.0,849.0,8.0
0.97,0.0865,0.4485,0.7188,0.999,-0.2101,647.0,844.0,9.0
0.203,0.09875,0.2405,0.8135,0.9995,-0.3577,1031.0,843.5,10.0
0.1406,0.1283,0.3162,0.8745,0.9995,-0.4792,1129.0,1125.0,11.0
0.4883,0.1377,0.4048,0.804,0.999,-0.3262,906.0,892.5,12.0
0.06525,0.129,0.315,0.8745,0.9995,-0.3813,920.0,795.5,13.0
0.2472,0.1687,0.4038,0.8716,0.9995,-0.2401,906.5,922.0,14.0
0.3044,0.1489,0.3345,0.948,0.9995,-0.551,1255.0,1400.0,15.0
0.03067,0.1652,0.2246,0.837,0.9995,-0.3506,571.5,1219.0,1.0
0.1886,0.04364,0.4702,0.702,0.9995,-0.04684,464.0,271.2,2.0
0.1652,0.3403,0.1295,0.906,0.999,-0.4873,411.8,923.0,3.0
1.323,0.291,0.4302,0.8945,0.9995,-0.2905,780.5,555.0,4.0
0.518,0.09503,0.2573,0.8154,0.9995,-0.5957,985.0,737.0,5.0
0.1003,0.2625,0.1986,0.889,0.9995,-0.6104,513.5,772.0,6.0
0.052,0.1543,0.2876,0.8257,0.9995,-0.4124,879.5,759.0,7.0
0.042,0.1372,0.373,0.8296,0.9995,-0.4785,673.5,777.5,8.0
0.03052,0.2876,0.1157,0.8223,0.9995,-0.3975,584.5,518.5,9.0
14.22,0.468,0.532,0.7246,1.0,-0.2081,1094.0,1691.0,10.0
0.2396,0.2148,0.2098,0.799,0.9995,-0.4482,814.0,1037.0,11.0
0.2026,0.2903,0.2263,0.788,0.999,-0.992,989.0,294.0,12.0
0.1367,0.3252,0.2206,0.9375,0.9995,-0.1962,422.8,620.0,13.0
0.03226,0.2423,0.2332,0.8677,0.999,-0.3787,627.0,806.5,14.0
6.12,0.3518,0.4165,0.767,0.9995,-0.2957,896.5,1216.0,15.0
1.482,0.4302,0.2517,0.8877,0.9995,-0.2852,981.0,1068.0,1.0
0.1908,0.11743,0.2693,0.6973,0.9995,-0.7417,710.5,912.5,2.0
0.732,0.10583,0.1054,0.756,0.9995,-0.66,1199.0,567.0,3.0
0.2496,0.1239,0.2299,0.766,0.9995,-0.666,1041.0,1013.0,4.0
0.204,0.2764,0.3103,0.886,0.9995,-0.5312,1129.0,918.5,5.0
0.001875,0.2507,0.2076,0.889,0.9995,-0.442,1365.0,758.5,6.0
0.732,0.04138,0.1279,0.672,0.9995,-0.552,1375.0,628.0,7.0
0.1913,0.1257,0.2185,0.7827,0.9995,-0.5327,1293.0,755.0,8.0
0.02354,0.2006,0.245,0.857,1.0,-0.3574,1543.0,469.0,9.0
0.3975,0.3237,0.254,0.891,0.9995,-0.3694,1167.0,881.5,10.0
0.2424,0.0838,0.2788,0.7554,1.0,-0.524,1469.0,367.0,11.0
0.2223,0.1454,0.1963,0.785,0.9995,-0.5874,1199.0,662.5,12.0
3.71,0.274,0.4744,0.8096,0.9995,-0.1925,1126.0,892.5,13.0
0.00837,0.26,0.2974,0.9365,0.9995,-0.348,1576.0,572.0,14.0
0.06793,0.1788,0.2405,0.807,0.9995,-0.697,773.0,861.5,15.0
1.378,0.3052,0.4011,0.895,0.9995,-0.2522,831.5,855.0,1.0
0.2388,0.09143,0.4038,0.862,0.9995,-0.557,1324.0,906.5,2.0
0.2905,0.1409,0.4775,0.9766,0.9995,-0.636,1070.0,641.5,3.0
0.07025,0.2125,0.5327,0.991,0.9995,-0.1633,1219.0,1266.0,4.0
0.1299,0.1378,0.4949,0.86,0.9995,-0.398,992.5,1114.0,5.0
0.0334,0.1471,0.4924,0.949,0.9995,-0.483,1086.0,791.0,6.0
0.732,0.02238,0.5884,0.98,0.9995,-0.411,1334.0,1251.0,7.0
0.03525,0.15,0.3813,0.9375,0.9995,-0.3457,1234.0,1274.0,8.0
0.01367,0.1498,0.4363,0.875,0.9995,-0.4248,1125.0,1034.0,9.0
-0.001025,0.1274,0.4497,0.8984,0.9995,-0.4302,1216.0,944.0,10.0
0.10974,0.1202,0.7046,0.9185,0.9995,-0.2458,686.5,792.0,11.0
0.01718,0.1523,0.4807,0.8994,0.9995,-0.3806,1080.0,1053.0,12.0
0.0147,0.1354,0.584,0.924,0.9995,-0.3118,946.5,891.5,13.0
0.00828,0.1876,0.4768,0.9556,0.9995,-0.2915,1215.0,1131.0,14.0
0.0638,0.1272,0.3638,0.8457,0.9995,-0.605,1005.0,883.0,15.0
6.6,0.555,0.6577,0.918,0.9995,-0.1898,1339.0,599.5,1.0
0.895,0.2712,0.3174,0.858,0.9995,-0.3005,1026.0,997.0,2.0
0.349,0.2273,0.369,0.9233,0.9995,-0.1285,1247.0,1529.0,3.0
0.0899,0.2057,0.1986,0.924,0.999,-0.2744,1329.0,1479.0,4.0
0.04816,0.1604,0.2456,0.902,0.9995,-0.2488,1048.0,1231.0,5.0
0.2883,0.1082,0.3599,0.904,0.9995,-0.514,996.5,1102.0,6.0
0.2424,0.2286,0.4006,0.9033,0.9995,-0.4177,930.5,1072.0,7.0
2.646,0.3586,0.512,0.905,0.9995,-0.2499,1131.0,850.0,8.0
0.732,0.07,0.3262,0.903,0.999,-0.5015,926.0,1329.0,9.0
0.11945,0.188,0.3833,0.901,0.9995,-0.2488,1147.0,1312.0,10.0
0.043,0.1825,0.2493,0.9375,0.999,-0.2223,798.5,1450.0,11.0
0.04422,0.1327,0.3677,0.8926,0.9995,-0.4146,1026.0,1095.0,12.0
0.12335,0.07117,0.3994,0.861,0.9995,-0.2441,1024.0,1060.0,13.0
0.1453,0.10815,0.3655,0.8813,0.9995,-0.4348,980.5,1274.0,14.0
0.005016,0.1691,0.3704,0.892,0.9995,-0.3083,1047.0,1220.0,15.0
6.566,0.302,0.5146,0.757,0.9995,-0.3225,1366.0,1398.0,1.0
0.2583,0.318,0.2644,0.9663,0.999,-0.8857,1327.0,1329.0,2.0
1.821,0.2362,0.4478,0.826,0.9995,-0.404,1247.0,1297.0,3.0
0.732,0.1232,0.2184,0.926,0.999,-0.593,804.0,1246.0,4.0
0.006447,0.1152,0.3926,0.835,0.9995,-0.444,968.5,1236.0,5.0
0.3777,0.1594,0.3489,0.9346,0.999,-0.787,1424.0,1247.0,6.0
0.1914,0.2148,0.2947,0.83,0.9995,-0.587,1206.0,1163.0,7.0
0.284,0.1504,0.2727,0.9053,0.999,-0.5444,955.0,1261.0,8.0
0.2343,0.1659,0.4377,0.8843,0.9995,-0.2076,749.0,939.0,9.0
0.04504,0.1609,0.3218,0.892,0.9995,-0.4802,1036.0,1199.0,10.0
0.1295,0.1555,0.4026,0.9575,0.9995,-0.471,1287.0,1377.0,11.0
0.03897,0.1337,0.4077,0.911,0.9995,-0.4233,973.0,1041.0,12.0
-0.01237,0.2441,0.338,0.934,0.999,-0.631,1249.0,1236.0,13.0
0.1577,0.2064,0.3826,0.8804,0.9995,-0.436,1004.5,1047.0,14.0
-0.01259,0.1709,0.334,0.879,0.9995,-0.504,1035.0,1274.0,15.0
0.4773,0.1959,0.654,0.9507,0.9995,-0.2476,460.2,754.5,1.0
0.482,0.2756,0.3347,0.901,0.9995,-0.3257,882.0,909.0,2.0
7.824,0.4136,0.347,0.7466,0.9995,-0.1919,1070.0,510.5,3.0
0.3823,0.213,0.539,0.9155,0.9995,-0.5005,905.5,1388.0,4.0
0.205,0.157,0.2778,0.8804,0.9995,-0.5977,988.5,1009.0,5.0
0.2048,0.189,0.5264,0.924,0.9995,-0.3716,558.0,1326.0,6.0
0.91,0.1598,0.3733,0.81,0.9995,-0.1855,1047.0,1069.0,7.0
0.2754,0.1492,0.3394,0.968,0.9995,-0.4446,1063.0,1364.0,8.0
0.3447,0.03848,0.642,0.932,0.9995,-0.2515,547.0,1067.0,9.0
0.04602,0.1875,0.3975,0.9136,0.9995,-0.3052,1041.0,1081.0,10.0
0.11084,0.2072,0.3735,0.93,0.9995,-0.1931,698.5,631.5,11.0
0.2314,0.07074,0.1847,0.8887,0.9995,-0.0411,929.0,599.0,12.0
0.08905,0.1517,0.3306,0.932,0.9995,-0.3572,978.0,1197.0,13.0
0.10046,0.1075,0.3674,0.924,0.9995,-0.2319,686.0,846.0,14.0
0.0904,0.08057,0.4875,0.9146,0.9995,-0.2289,703.0,1042.0,15.0
0.732,0.05313,0.417,0.99,0.9995,-0.279,1517.0,933.0,1.0
0.617,0.139,0.369,0.7944,0.9995,-0.246,1377.0,1283.0,2.0
7.215,0.3154,0.4272,0.7046,0.9995,-0.6714,950.0,867.5,3.0
-0.02184,0.2474,0.3757,0.9683,0.9995,-0.3884,936.5,947.0,4.0
0.2395,0.1702,0.3928,0.94,0.9995,-0.7754,955.5,684.0,5.0
0.1136,0.222,0.3743,0.904,0.9995,-0.4219,1042.0,862.5,6.0
0.1487,0.0974,0.3328,0.7754,0.9995,-0.634,1214.0,882.5,7.0
0.05847,0.1744,0.4658,0.918,0.9995,-0.873,1404.0,585.0,8.0
1.684,0.2466,0.4004,0.803,0.9995,-0.6187,1023.0,837.0,9.0
0.2493,0.0965,0.2703,0.919,0.9995,-0.2019,928.5,559.5,10.0
0.4788,0.1332,0.264,0.96,0.9995,-0.4841,986.5,627.5,11.0
0.09515,0.1356,0.4404,0.903,0.9995,-0.6416,1014.5,1042.0,12.0
0.1259,0.138,0.3076,0.897,0.9995,-0.4111,1000.0,620.0,13.0
0.2064,0.1509,0.3125,0.9146,0.9995,-0.53,1069.0,692.5,14.0
-0.007744,0.1282,0.4202,0.8584,0.9995,-0.5215,1322.0,919.0,15.0
1.3545,0.264,0.418,0.8623,0.9995,-0.3264,1124.0,1025.0,1.0
-0.02338,0.1353,0.537,0.8467,0.9995,-0.876,1135.0,1403.0,2.0
0.00612,0.12146,0.4995,0.848,0.9995,-0.7905,1002.5,1165.0,3.0
0.3433,0.1497,0.552,0.9805,0.9995,-0.8657,1347.0,1422.0,4.0
10000.0,0.9214,0.3845,0.1692,0.999,-0.01784,1703.0,1361.0,5.0
0.1586,0.2322,0.4045,0.8936,0.9995,-0.604,1055.0,1200.0,6.0
0.2334,0.11127,0.4097,0.8647,0.9995,-0.727,1201.0,1017.5,7.0
0.02812,0.1431,0.382,0.9077,0.9995,-0.4243,1808.0,1588.0,8.0
0.002647,0.1437,0.4548,0.877,0.9995,-0.7124,1185.0,1113.0,9.0
0.05603,0.08545,0.8896,0.8174,0.9995,-0.8496,1409.0,1101.0,10.0
0.0669,0.1986,0.3354,0.8364,0.9995,-0.7104,1316.0,1278.0,11.0
0.0804,0.1909,0.4756,0.885,0.9995,-0.681,1198.0,1265.0,12.0
0.1255,0.0701,0.7896,0.9653,0.999,-0.3145,1700.0,1786.0,13.0
0.013565,0.1265,0.518,0.8687,0.9995,-0.4524,1082.0,1280.0,14.0
0.04614,0.15,0.5503,0.9297,0.9995,-0.7876,1350.0,1384.0,15.0
0.4663,0.10754,0.531,0.7476,0.9995,-0.6577,982.5,645.5,1.0
0.4211,0.07153,0.3447,0.864,0.9995,-0.478,639.5,263.8,2.0
0.571,0.2551,0.2317,0.903,0.9995,0.04578,203.2,688.5,3.0
0.1458,0.1938,0.321,0.88,0.9995,-0.2137,513.5,705.0,4.0
0.2905,0.0884,0.4065,0.8667,0.9995,-0.577,917.0,897.0,5.0
-0.00333,0.1476,0.4402,0.883,0.9995,-0.4016,888.5,833.5,6.0
0.03925,0.1847,0.3757,0.8936,0.9995,-0.348,647.5,607.5,7.0
0.2593,0.176,0.4722,0.926,0.9995,-0.0974,1081.0,1457.0,8.0
0.04608,0.11725,0.406,0.8843,0.9995,-0.4302,923.5,914.5,9.0
0.372,0.07776,0.494,0.913,0.9995,-0.5703,653.5,602.0,10.0
0.5103,0.2146,0.3865,0.8657,0.9995,-0.3525,933.0,883.5,11.0
0.07196,0.1326,0.4146,0.905,0.9995,-0.515,899.5,889.5,12.0
0.3228,0.07965,0.4485,0.923,0.999,-0.4373,664.0,742.0,13.0
0.04962,0.1643,0.4255,0.9033,0.9995,-0.2646,963.5,1137.0,14.0
0.08466,0.1143,0.4185,0.902,0.9995,-0.42,741.0,769.0,15.0
0.732,0.02498,0.3594,0.885,0.9995,-0.977,332.8,948.0,1.0
4.645,0.01994,0.7456,0.7,0.9995,0.325,1504.0,117.56,2.0
0.2078,0.1531,0.3274,0.903,0.9995,-0.6304,817.0,934.0,3.0
0.4512,0.0977,0.3726,0.885,0.9995,-0.708,581.0,985.0,4.0
-0.02383,0.2037,0.5044,0.9863,0.9995,-0.4045,359.2,940.0,5.0
0.1305,0.1225,0.3118,0.8457,0.9995,-0.525,879.0,861.5,6.0
0.07544,0.1554,0.3616,0.8994,0.9995,-0.5757,708.5,1052.0,7.0
0.2815,0.239,0.386,0.897,0.9995,-0.4475,774.0,921.5,8.0
0.02185,0.1678,0.3853,0.8916,0.9995,-0.668,990.0,735.5,9.0
1.326,0.1709,0.3276,0.7417,0.9995,-0.4768,948.0,960.5,10.0
0.1542,0.2603,0.4346,0.9316,0.9995,-0.606,981.0,1077.0,11.0
0.2449,0.1086,0.3962,0.87,0.9995,-0.667,928.5,660.0,12.0
0.03833,0.1412,0.4014,0.882,0.9995,-0.6055,790.0,817.5,13.0
0.3252,0.1665,0.3599,0.819,0.9995,-0.4546,883.5,1022.0,14.0
0.2063,0.1182,0.4414,0.9053,0.9995,-0.6553,479.8,1083.0,15.0
0.201,0.1545,0.3413,0.9233,0.9995,-0.5796,1078.0,1582.0,1.0
-0.01383,0.05075,0.702,0.8223,0.9995,-0.0765,1490.0,1015.5,2.0
0.388,0.1836,0.3457,0.936,0.9995,-0.9175,487.2,1271.0,3.0
4.26,0.343,0.647,0.875,0.999,-0.2246,1048.0,1241.0,4.0
0.2086,0.1367,0.263,0.8857,0.9995,-0.4294,1506.0,1173.0,5.0
0.2008,0.236,0.3787,0.8984,0.9995,-0.4653,1195.0,1549.0,6.0
0.06445,0.1302,0.338,0.86,0.9995,-0.5024,965.0,1321.0,7.0
0.00531,0.1506,0.3433,0.878,0.9995,-0.4622,824.0,1204.0,8.0
0.9897,0.2339,0.3242,0.837,0.9995,-0.282,1137.0,1109.0,9.0
1.699,0.2336,0.5225,0.8564,0.9995,-0.3286,1092.0,1226.0,10.0
0.07806,0.1576,0.3755,0.8906,0.9995,-0.6733,820.0,1290.0,11.0
0.335,0.2269,0.3892,0.8726,0.9995,-0.5024,1096.0,1174.0,12.0
0.05292,0.1414,0.3318,0.873,0.9995,-0.489,1248.0,1278.0,13.0
0.23,0.1733,0.4138,0.854,0.9995,-0.4536,1085.0,1199.0,14.0
0.00902,0.1417,0.3936,0.8833,0.9995,-0.5146,1094.0,1441.0,15.0
0.04822,0.1201,0.4397,0.8804,0.9995,-0.551,831.5,868.5,1.0
0.2507,0.3247,0.2607,0.881,0.9995,-0.5576,646.0,583.0,2.0
0.3015,0.2261,0.1655,0.938,0.9995,-0.3955,1309.0,534.5,3.0
0.05557,0.2098,0.347,0.9307,0.9995,-0.6646,1005.5,501.8,4.0
1.506,0.2705,0.4346,0.844,0.9995,-0.5586,1554.0,1217.0,5.0
18.97,0.3943,0.778,0.7017,1.0,0.010544,1180.0,5.043,6.0
0.3115,0.2152,0.3306,0.882,0.9995,-0.2094,966.5,1050.0,7.0
0.0212,0.1678,0.36,0.8716,0.9995,-0.705,1006.0,980.0,8.0
0.208,0.1881,0.263,0.9243,0.9995,-0.5366,880.0,939.0,9.0
0.01619,0.2078,0.3245,0.8955,0.9995,-0.3762,1001.5,893.5,10.0
0.03702,0.2537,0.3054,0.8853,0.9995,-0.5786,816.0,687.0,11.0
0.194,0.2336,0.3696,0.883,0.9995,-0.527,1317.0,969.0,12.0
0.07025,0.2131,0.2474,0.9106,0.9995,-0.4788,1193.0,681.5,13.0
0.2267,0.2356,0.418,0.8696,0.9995,-0.7964,847.0,611.5,14.0
0.2056,0.1813,0.338,0.9326,0.9995,-0.683,1026.0,374.8,15.0
0.1873,0.2156,0.1824,0.898,0.999,-0.439,978.0,724.0,1.0
49.8,0.6826,0.3862,0.447,0.9995,-0.57,1012.0,758.5,2.0
0.732,0.1305,0.2637,0.903,0.9995,-0.665,699.0,790.0,3.0
0.06216,0.1685,0.326,0.862,0.9995,-0.7246,863.5,942.5,4.0
0.2844,0.2119,0.2764,0.8076,0.9995,-0.602,1386.0,949.5,5.0
0.0245,0.2842,0.2522,0.9146,0.9995,-0.701,967.0,860.5,6.0
0.732,0.0895,0.1167,0.8926,0.9995,-0.5923,969.0,444.5,7.0
0.01548,0.307,0.1658,0.852,0.9995,-0.6167,1635.0,1196.0,8.0
0.2421,0.3547,0.1846,0.9287,0.9995,-0.1288,1354.0,1459.0,9.0
-0.0211,0.3093,0.3042,0.985,0.9995,-0.3777,988.5,945.5,10.0
0.00849,0.1725,0.4011,0.932,0.9995,-0.4944,970.5,981.0,11.0
0.0682,0.2281,0.2598,0.914,0.9995,-0.568,967.5,878.0,12.0
0.5737,0.2712,0.3584,0.8755,0.9995,-0.4907,973.5,983.5,13.0
0.00468,0.2607,0.3489,0.9175,0.9995,-0.938,1008.5,308.5,14.0
-0.009514,0.2484,0.2391,0.882,0.9995,-0.564,1310.0,1209.0,15.0
-0.00973,0.2678,0.2109,0.9316,0.9995,-0.2856,1013.5,1388.0,1.0
0.2069,0.2832,0.2017,0.9443,0.9995,-0.573,986.5,1213.0,2.0
0.004322,0.2026,0.225,0.879,0.9995,-0.3586,1354.0,994.5,3.0
-0.007763,0.249,0.2544,0.92,0.9995,-0.4524,999.5,958.0,4.0
0.04376,0.2054,0.2281,0.8887,0.9995,-0.4243,1073.0,935.0,5.0
0.06445,0.2554,0.2123,0.9087,0.9995,-0.511,1037.0,1146.0,6.0
-0.01037,0.2218,0.2603,0.862,0.9995,-0.566,981.5,930.0,7.0
0.02164,0.1909,0.3242,0.875,0.9995,-0.3918,1173.0,946.0,8.0
-0.02003,0.2634,0.3218,0.968,0.9995,-0.4158,1791.0,1006.0,9.0
0.01566,0.1589,0.3887,0.8896,0.9995,-0.2717,1759.0,1101.0,10.0
-0.01727,0.2546,0.2441,0.904,0.9995,-0.4688,1089.0,930.0,11.0
-0.01634,0.2405,0.2756,0.924,0.9995,-0.4336,1708.0,1268.0,12.0
0.005062,0.1954,0.331,0.8975,0.9995,-0.3398,1564.0,1115.0,13.0
-0.002535,0.3286,0.1652,0.9204,0.9995,-0.35,1658.0,1290.0,14.0
10000.0,0.1499,0.6377,0.2507,0.9995,0.3909,180.5,1070.0,15.0
0.09045,0.0816,0.3308,0.849,0.9995,-0.2107,1294.0,615.5,1.0
10000.0,0.3892,0.5176,0.05075,0.9995,-0.2284,1399.0,1495.0,2.0
-0.0004563,0.198,0.3135,0.867,0.9995,-0.511,843.5,812.5,3.0
39.22,0.7734,0.3867,0.573,0.9995,0.251,526.0,1595.0,4.0
-0.01271,0.1324,0.5747,0.974,0.999,-0.03017,1641.0,636.5,5.0
0.04245,0.0706,0.6494,0.8223,0.999,-0.215,1528.0,845.0,6.0
-0.00283,0.1092,0.408,0.853,0.9995,-0.3115,1238.0,736.0,7.0
0.1908,0.0843,0.4368,0.8604,0.999,-0.503,1318.0,925.0,8.0
19.53,0.761,0.3086,0.711,0.9995,0.1548,1670.0,1209.0,9.0
-0.00419,0.1118,0.449,0.8594,0.9995,-0.4543,1260.0,885.0,10.0
2.127,0.0956,0.4595,0.6113,0.999,-0.6577,1129.0,686.0,11.0
0.7983,0.11066,0.4526,0.735,0.9995,-0.4712,1219.0,736.5,12.0
0.02971,0.1715,0.3162,0.887,0.9995,-0.518,942.0,756.5,13.0
11.71,0.692,0.579,0.993,1.0,0.5913,424.8,1874.0,14.0
2.287,0.266,0.5767,0.9824,0.9995,0.1719,1105.0,1483.0,15.0
0.02113,0.1345,0.3513,0.8604,0.9995,-0.4863,996.5,998.0,1.0
0.03342,0.1324,0.3804,0.884,0.9995,-0.4653,1265.0,1257.0,2.0
0.10645,0.1777,0.4258,0.862,0.9995,-0.5786,1002.5,735.5,3.0
0.009346,0.12024,0.3833,0.8574,0.9995,-0.437,1171.0,1044.0,4.0
0.008316,0.1088,0.4111,0.8823,0.9995,-0.3098,962.0,908.0,5.0
0.3137,0.1768,0.5107,0.8853,0.9995,-0.3914,1253.0,1214.0,6.0
-0.0201,0.1443,0.3289,0.9023,0.9995,-0.1995,1191.0,1028.0,7.0
-0.01413,0.1686,0.3225,0.8794,0.9995,-0.4436,1175.0,808.5,8.0
1.4375,0.1926,0.464,0.8306,0.9995,-0.2435,1180.0,889.5,9.0
-0.007484,0.11957,0.4067,0.8545,0.9995,-0.39,1115.0,959.5,10.0
-0.0076,0.152,0.355,0.8555,0.9995,-0.5415,1088.0,1103.0,11.0
0.0825,0.1078,0.2333,0.8193,0.9995,-0.2428,1168.0,853.5,12.0
0.04047,0.1182,0.3,0.8506,0.9995,-0.0722,1530.0,1348.0,13.0
12.22,0.06226,0.1952,0.445,0.9995,0.3857,799.5,858.5,14.0
0.01869,0.1096,0.3345,0.8325,0.9995,-0.2803,1201.0,874.0,15.0
0.0844,0.1614,0.3904,0.8843,0.9995,-0.2251,1150.0,831.5,1.0
-0.008415,0.1812,0.3337,0.901,0.9995,-0.4753,1083.0,818.0,2.0
0.0496,0.1431,0.2717,0.802,0.9995,-0.5176,1209.0,734.5,3.0
0.249,0.2368,0.2725,0.8525,1.0,-0.3994,1321.0,498.8,4.0
0.1837,0.2281,0.2756,0.956,0.9995,-0.5645,1273.0,225.0,5.0
0.1055,0.2333,0.2856,0.9644,0.9995,-0.4705,1461.0,769.5,6.0
0.02309,0.1897,0.2979,0.945,0.9995,-0.3008,1447.0,725.5,7.0
69.0,0.6914,0.4968,0.4255,1.0,-0.1298,1792.0,1860.0,8.0
0.04272,0.1365,0.2793,0.8267,0.9995,-0.3005,917.0,751.0,9.0
0.0995,0.1604,0.291,0.845,0.9995,-0.2595,1000.0,1398.0,10.0
0.01567,0.1866,0.2886,0.866,0.9995,-0.3594,1119.0,1011.5,11.0
-0.004513,0.2094,0.2676,0.866,0.9995,-0.583,1176.0,923.0,12.0
-0.004536,0.1823,0.342,0.896,0.9995,-0.3223,1208.0,769.5,13.0
0.006252,0.1908,0.2769,0.925,0.9995,-0.3022,1035.0,1068.0,14.0
0.003382,0.1693,0.281,0.8535,0.9995,-0.451,1252.0,705.5,15.0
0.12366,0.2134,0.326,0.847,0.9995,-0.6123,1111.0,1413.0,1.0
0.1464,0.1338,0.3928,0.95,0.9995,-0.389,1273.0,882.0,2.0
0.756,0.09314,0.578,0.792,0.9995,-0.09045,1273.0,608.0,3.0
0.121,0.358,0.3618,0.9507,0.9995,-0.7363,986.0,304.0,4.0
-0.02351,0.197,0.4705,0.971,0.9995,-0.3687,904.5,437.5,5.0
-0.01344,0.1919,0.3481,0.9067,0.9995,-0.529,920.5,930.5,6.0
0.005173,0.1329,0.518,0.9507,0.9995,-0.3586,609.0,418.2,7.0
0.11,0.2644,0.4187,0.9404,0.9995,-0.5547,923.0,511.8,8.0
0.732,0.02519,0.304,0.627,0.9995,-0.69,1064.0,694.5,9.0
-0.02362,0.196,0.4297,0.9233,0.9995,-0.636,1165.0,627.5,10.0
0.0744,0.2388,0.5127,0.9473,0.9995,-0.6743,592.5,675.0,11.0
0.00494,0.0959,0.3613,0.902,1.0,-0.0791,1367.0,726.5,12.0
0.02592,0.2074,0.3245,0.892,0.9995,-0.374,834.5,811.0,13.0
0.00492,0.1813,0.3765,0.937,0.9995,-0.446,1176.0,805.5,14.0
0.01866,0.1008,0.2085,0.8853,0.9995,-0.0315,1519.0,1195.0,15.0
5.137,0.612,0.3506,0.87,0.9995,-0.348,495.5,1058.0,1.0
1.772,0.4114,0.32,0.883,0.9995,-0.4229,780.0,1061.0,2.0
0.00964,0.1277,0.3271,0.862,0.999,-0.178,1153.0,1256.0,3.0
0.1499,0.1276,0.292,0.8486,0.9995,-0.5176,1177.0,1062.0,4.0
0.0443,0.1531,0.277,0.815,0.9995,-0.4763,975.0,1198.0,5.0
-0.01869,0.1854,0.346,0.9233,0.9995,-0.273,844.5,863.0,6.0
-0.01869,0.2009,0.333,0.928,0.9995,-0.298,1073.0,919.5,7.0
-0.2307,0.1566,0.2462,0.908,0.999,0.02621,1003.5,994.0,8.0
0.2178,0.09174,0.4392,0.948,0.9995,-0.3035,1178.0,1151.0,9.0
0.1346,0.158,0.1403,0.9727,0.999,-0.03021,881.0,880.0,10.0
0.539,0.303,0.3047,0.8945,0.9995,-0.3643,961.0,1056.0,11.0
-0.0052,0.1698,0.2751,0.87,0.9995,-0.361,996.5,1105.0,12.0
0.0955,0.1547,0.2177,0.9424,0.999,-0.1213,948.0,978.5,13.0
0.1326,0.2219,0.1705,0.835,0.999,-0.1914,940.5,932.0,14.0
-0.00429,0.2556,0.2229,0.9067,0.9995,-0.3008,1190.0,1022.0,15.0
0.0254,0.1577,0.32,0.9434,0.9995,-0.2245,1048.0,749.0,1.0
0.06683,0.135,0.2683,0.9062,0.9995,-0.205,1094.0,708.0,2.0
-0.00676,0.1952,0.3633,0.9136,0.9995,-0.3687,1146.0,809.0,3.0
-0.003662,0.2288,0.2426,0.8647,0.9995,-0.461,628.0,844.0,4.0
0.03156,0.2522,0.354,0.9526,0.9995,-0.3237,1180.0,459.8,5.0
-0.0009294,0.3691,0.2754,0.9775,0.9995,-0.6313,1447.0,980.0,6.0
0.259,0.1539,0.2588,0.9395,0.9995,-0.3826,982.5,1261.0,7.0
-0.01131,0.1683,0.3018,0.9136,0.9995,-0.2593,1154.0,690.5,8.0
0.0469,0.1827,0.2979,0.9395,0.9995,-0.3362,1139.0,1008.0,9.0
2.074,0.314,0.3308,0.8354,0.9995,-0.2668,1161.0,620.0,10.0
10000.0,0.889,0.1492,0.02597,1.0,0.5293,353.5,1794.0,11.0
-0.005634,0.1958,0.312,0.9287,0.9995,-0.3704,1181.0,861.5,12.0
0.0748,0.1819,0.322,0.9316,0.9995,-0.4707,1196.0,1116.0,13.0
0.02869,0.1556,0.2905,0.8833,0.9995,-0.3765,1426.0,1163.0,14.0
-0.02861,0.2228,0.1824,0.9,0.9995,-0.09985,1491.0,625.0,15.0
0.0858,0.2258,0.3813,0.9536,0.9995,-0.7563,1375.0,1614.0,1.0
0.3247,0.1356,0.2515,0.8857,0.9995,-0.521,1154.0,775.5,2.0
0.159,0.263,0.321,0.9194,0.9995,-0.3428,1199.0,1081.0,3.0
27.23,0.62,0.9614,0.757,0.9995,0.02754,1876.0,1702.0,4.0
0.1786,0.11523,0.446,0.915,0.9995,-0.5596,1557.0,1536.0,5.0
0.0314,0.2406,0.375,0.9214,0.9995,-0.5317,1092.0,1058.0,6.0
2.172,0.1066,0.485,0.708,0.9995,-0.1951,334.2,279.5,7.0
0.1677,0.253,0.322,0.9,0.9995,-0.4028,787.5,599.0,8.0
0.05438,0.1484,0.3223,0.8877,0.9995,-0.4424,1098.0,829.5,9.0
0.0196,0.211,0.3608,0.9033,0.9995,-0.4473,928.5,820.0,10.0
0.06323,0.2113,0.368,0.9062,0.9995,-0.3872,1142.0,1068.0,11.0
0.04172,0.09595,0.3816,0.7944,0.999,-0.379,1034.0,518.5,12.0
-0.00606,0.1885,0.3745,0.901,0.9995,-0.4194,1118.0,993.0,13.0
7.41,0.3955,0.673,0.827,0.9995,-0.2059,1473.0,1326.0,14.0
-0.007755,0.1471,0.3591,0.8804,0.9995,-0.43,1072.0,822.0,15.0
0.1753,0.2462,0.2357,0.9077,0.9995,-0.7246,1442.0,1378.0,1.0
0.2861,0.1958,0.4944,0.9243,0.9995,-0.2637,936.0,1241.0,2.0
0.03943,0.2188,0.3496,0.9697,0.9995,-0.454,1233.0,1364.0,3.0
0.1206,0.1512,0.3818,0.8667,0.9995,-0.2303,1025.0,825.5,4.0
0.1096,0.2039,0.4175,0.9136,0.9995,-0.3718,1028.0,1128.0,5.0
0.0437,0.1942,0.2612,0.8823,0.9995,-0.5146,1119.0,1055.0,6.0
-0.007645,0.1946,0.37,0.915,0.9995,-0.375,1058.0,1106.0,7.0
0.00926,0.1682,0.3245,0.8594,0.9995,-0.4224,1319.0,678.5,8.0
-0.005085,0.2048,0.2678,0.8574,0.9995,-0.5557,1182.0,1031.0,9.0
-0.0213,0.2106,0.344,0.932,0.9995,-0.4521,1152.0,1185.0,10.0
-0.006462,0.1858,0.3298,0.881,0.9995,-0.5903,969.5,981.5,11.0
-0.01755,0.1721,0.3718,0.9214,0.9995,-0.3926,1126.0,1135.0,12.0
0.00618,0.2312,0.3193,0.9136,0.9995,-0.4114,1163.0,942.5,13.0
0.1086,0.1316,0.3604,0.9097,0.9995,-0.4253,821.5,479.0,14.0
0.0927,0.266,0.354,0.928,0.9995,-0.472,1164.0,1619.0,15.0
-0.3496,0.0521,0.626,0.911,0.9995,0.06174,1735.0,537.0,1.0
-0.02452,0.2456,0.3389,0.9507,0.9995,-0.4604,1042.0,1025.0,2.0
0.0483,0.1726,0.3977,0.9214,0.9995,-0.6294,995.5,869.5,3.0
0.05087,0.2073,0.4648,0.9224,0.9995,-0.552,1127.0,1105.0,4.0
62.62,0.83,0.4214,0.4504,0.999,-0.1573,1261.0,798.0,5.0
0.0357,0.1432,0.5605,0.909,0.9995,-0.862,879.0,1788.0,6.0
0.00423,0.1299,0.452,0.905,0.9995,-0.44,957.0,900.5,7.0
-0.0146,0.1581,0.4321,0.913,0.9995,-0.5034,1109.0,965.5,8.0
-0.02455,0.2242,0.3503,0.9536,0.999,-0.3774,1261.0,1082.0,9.0
-0.00797,0.1494,0.4316,0.936,0.9995,-0.3452,1286.0,1253.0,10.0
-0.02255,0.1647,0.3252,0.8887,0.9995,-0.3193,1220.0,1026.0,11.0
-0.01277,0.1516,0.5073,0.9185,0.9995,-0.59,1071.0,1404.0,12.0
4.562,0.5283,0.4526,0.8955,0.9995,-0.3242,1468.0,979.5,13.0
1.326,0.1558,0.743,0.821,0.9995,-0.704,1345.0,847.0,14.0
0.3533,0.1656,0.5806,0.868,0.9995,-0.6,1253.0,1006.5,15.0
0.732,0.10724,0.4133,0.933,0.9995,-0.758,1475.0,824.0,1.0
0.132,0.1528,0.2944,0.789,0.9995,-0.536,836.0,980.0,2.0
0.02385,0.135,0.3325,0.8354,0.9995,-0.5303,1410.0,680.5,3.0
0.0885,0.1808,0.4915,0.8784,0.9995,-0.6797,1437.0,1136.0,4.0
0.1862,0.1332,0.4048,0.905,0.9995,-0.6626,1381.0,935.5,5.0
0.01546,0.1594,0.327,0.894,0.9995,-0.4236,1242.0,878.0,6.0
0.1722,0.2369,0.544,0.929,0.9995,-0.816,1523.0,1057.0,7.0
0.007504,0.1302,0.3792,0.8374,0.9995,-0.4795,1319.0,874.5,8.0
4.92,0.5635,0.4548,0.894,0.9995,-0.42,695.5,599.5,9.0
2.041,0.3757,0.4048,0.8833,0.9995,-0.4724,1050.0,761.0,10.0
0.09607,0.2045,0.4048,0.8926,0.9995,-0.4863,1275.0,1159.0,11.0
0.01584,0.1791,0.4507,0.9575,1.0,-0.5176,1824.0,745.5,12.0
0.10895,0.1057,0.2812,0.842,0.9995,-0.3225,1163.0,1150.0,13.0
0.0919,0.1492,0.316,0.8867,1.0,-0.493,1625.0,567.5,14.0
0.04834,0.2152,0.3994,0.9023,0.9995,-0.551,1185.0,1189.0,15.0
-0.01637,0.1608,0.3367,0.916,1.0,-0.2715,1127.0,795.0,1.0
0.4597,0.2493,0.3716,0.883,0.9995,-0.4243,938.0,807.0,2.0
18.58,0.8965,0.958,0.9004,0.9995,-0.796,551.0,158.2,3.0
4.32,0.189,0.4512,0.737,0.9995,-0.1047,1173.0,973.5,4.0
0.2805,0.1748,0.2106,0.895,0.9995,-0.4976,1118.0,1004.5,5.0
0.0188,0.10065,0.5137,0.9653,0.9995,-0.1081,1271.0,1017.0,6.0
0.0701,0.2703,0.3691,0.9375,0.9995,-0.5005,941.0,599.5,7.0
0.02942,0.185,0.2896,0.9023,0.9995,-0.4512,1104.0,957.0,8.0
0.0157,0.1825,0.3481,0.923,0.9995,-0.1764,1285.0,920.0,9.0
-0.01118,0.211,0.2844,0.9263,0.9995,-0.354,984.0,847.0,10.0
0.9673,0.1769,0.395,0.832,0.9995,-0.1733,1190.0,971.5,11.0
0.1636,0.1769,0.3726,0.8823,0.9995,-0.211,1187.0,945.0,12.0
-0.01477,0.1699,0.319,0.886,0.9995,-0.279,1212.0,749.5,13.0
-0.002403,0.1791,0.2861,0.9062,0.9995,-0.3252,1105.0,1066.0,14.0
0.10126,0.2651,0.2449,0.9326,0.9995,-0.617,990.0,821.5,15.0
0.732,0.04807,0.3855,0.8735,0.9995,-0.8394,993.5,482.8,1.0
0.01743,0.1892,0.3687,0.88,0.9995,-0.4739,991.5,899.0,2.0
0.04688,0.1813,0.4478,0.9033,0.9995,-0.447,808.5,1045.0,3.0
-0.022,0.1603,0.401,0.886,0.9995,-0.5273,930.0,814.5,4.0
0.224,0.1213,0.3896,0.8887,0.9995,-0.6543,1017.5,735.0,5.0
0.1349,0.2406,0.3865,0.9336,0.9995,-0.3494,1218.0,1165.0,6.0
0.08014,0.22,0.3457,0.9194,0.9995,-0.8257,1096.0,727.0,7.0
0.1165,0.3264,0.3242,0.91,0.9995,-0.773,1021.5,413.2,8.0
0.02277,0.2167,0.3738,0.914,0.9995,-0.45,1152.0,949.0,9.0
0.2006,0.2947,0.2947,0.8984,0.9995,-0.491,985.0,662.0,10.0
0.0959,0.2416,0.3425,0.899,0.9995,-0.488,998.0,781.5,11.0
-0.00927,0.2029,0.3528,0.9004,0.9995,-0.669,1098.0,739.0,12.0
0.02037,0.2222,0.2952,0.898,0.9995,-0.666,1202.0,501.5,13.0
0.01287,0.2634,0.3806,0.953,0.9995,-0.477,1085.0,656.0,14.0
0.0409,0.2646,0.3464,0.9062,0.9995,-0.6577,1034.0,583.0,15.0
0.02298,0.1499,0.3718,0.8794,0.9995,-0.2417,1041.0,1415.0,1.0
0.3608,0.06885,0.3499,0.938,0.9995,-0.2472,718.5,1418.0,2.0
0.1029,0.111,0.3481,0.9053,0.9995,-0.2808,809.0,1090.0,3.0
0.014595,0.154,0.3203,0.8765,0.9995,-0.4502,951.5,916.5,4.0
0.1472,0.0816,0.4287,0.886,0.9995,-0.3276,608.5,758.0,5.0
-0.01009,0.1024,0.575,0.9155,0.9995,-0.3215,1278.0,1336.0,6.0
-0.00595,0.147,0.3513,0.8984,0.9995,-0.34,965.5,1030.0,7.0
-0.02913,0.0656,0.5015,0.868,0.9995,-0.0527,944.0,519.0,8.0
5.305,0.2045,0.325,0.912,0.9995,0.3433,609.0,387.0,9.0
10000.0,0.2401,0.3042,0.1031,0.9995,0.3875,1541.0,1824.0,10.0
0.0787,0.15,0.369,0.921,0.9995,-0.468,1167.0,961.5,11.0
-0.0003798,0.1338,0.3608,0.8984,0.9995,-0.295,908.0,998.0,12.0
-0.010735,0.1499,0.3955,0.9233,0.9995,-0.3323,1006.5,832.0,13.0
0.732,0.1129,0.4253,0.894,0.9995,-0.995,1459.0,1445.0,14.0
0.1484,0.1309,0.4102,0.8965,0.9995,-0.643,1249.0,1146.0,15.0
0.5034,0.1956,0.4978,0.8887,0.9995,-0.3433,1126.0,1179.0,1.0
0.102,0.2024,0.2399,0.941,0.9995,-0.3335,966.5,926.5,2.0
0.0829,0.2047,0.406,0.909,0.9995,-0.4062,1085.0,1014.0,3.0
0.04208,0.1505,0.2837,0.8403,0.9995,-0.5137,1314.0,1362.0,4.0
0.01368,0.167,0.322,0.9004,0.9995,-0.4238,1018.0,825.5,5.0
-0.002762,0.2026,0.2761,0.918,0.9995,-0.355,1166.0,1160.0,6.0
-0.00645,0.3325,0.1731,0.9067,0.9995,-0.4368,1428.0,1350.0,7.0
0.011925,0.2086,0.285,0.9287,0.9995,-0.396,1012.5,985.5,8.0
-0.01892,0.3235,0.2686,0.9824,0.9995,-0.347,1327.0,678.0,9.0
-0.01212,0.2008,0.2795,0.8853,0.9995,-0.469,1232.0,1142.0,10.0
18.6,0.2664,0.3462,0.5,0.9995,-0.274,765.5,509.2,11.0
0.012505,0.223,0.3523,0.918,0.9995,-0.422,1121.0,971.5,12.0
4.543,0.2556,0.3167,0.715,0.9995,-0.343,977.5,719.5,13.0
-0.01749,0.2051,0.285,0.879,0.9995,-0.426,1027.0,836.5,14.0
-0.002157,0.3997,0.2057,0.992,0.9995,-0.3264,1530.0,1136.0,15.0
0.002508,0.2344,0.263,0.8784,0.9995,-0.43,1268.0,1092.0,1.0
0.4846,0.09564,0.2472,0.873,0.9995,-0.504,827.0,743.0,2.0
0.00948,0.1382,0.381,0.897,0.9995,-0.3914,1259.0,872.0,3.0
9.516,0.4314,0.4126,0.7446,0.9995,-0.1987,1045.0,524.0,4.0
3.426,0.3015,0.4126,0.807,0.9995,-0.3037,1074.0,697.0,5.0
0.2023,0.106,0.345,0.864,0.9995,-0.5054,948.0,921.5,6.0
-0.0256,0.1251,0.4597,0.897,0.9995,-0.2954,916.5,920.0,7.0
0.1683,0.1266,0.3882,0.9336,0.9995,-0.4358,1072.0,849.0,8.0
-0.01701,0.1372,0.3923,0.8706,0.9995,-0.4246,1035.0,851.5,9.0
33.1,0.3296,0.8604,0.5083,0.9995,-0.9507,1872.0,932.0,10.0
0.001541,0.1677,0.3767,0.904,0.9995,-0.5317,1012.0,604.0,11.0
-0.002777,0.143,0.403,0.903,0.9995,-0.417,1010.5,835.5,12.0
0.2373,0.1654,0.4426,0.921,0.9995,-0.9937,1159.0,821.5,13.0
-0.02434,0.1523,0.4006,0.8887,0.9995,-0.406,988.5,954.0,14.0
-0.02184,0.155,0.3794,0.88,0.9995,-0.426,1054.0,853.0,15.0
21.25,0.658,0.6855,0.7495,0.9995,-0.2698,1816.0,575.0,1.0
0.582,0.1831,0.4072,0.8315,0.9995,-0.4463,1176.0,957.0,2.0
6.6,0.4155,0.564,0.817,0.9995,-0.3845,1489.0,787.5,3.0
1.798,0.2888,0.4727,0.866,0.9995,-0.4263,1257.0,890.0,4.0
0.2308,0.1339,0.5547,0.832,0.9995,-0.607,1246.0,1229.0,5.0
0.1384,0.1313,0.332,0.903,0.9995,-0.4246,1086.0,1161.0,6.0
0.02621,0.1381,0.4392,0.8926,0.9995,-0.5874,707.0,961.0,7.0
0.732,0.012535,0.3542,0.9,0.9995,-0.4548,855.5,1221.0,8.0
0.10266,0.1415,0.458,0.9316,0.9995,-0.5923,664.0,1239.0,9.0
0.981,0.604,0.1144,0.9463,0.999,0.00872,285.0,1162.0,10.0
0.01692,0.1506,0.3745,0.906,0.9995,-0.4397,1028.0,1113.0,11.0
0.004105,0.1581,0.4397,0.918,0.9995,-0.557,856.0,1086.0,12.0
0.03824,0.1505,0.4524,0.9233,0.9995,-0.578,1454.0,1623.0,13.0
0.2942,0.0896,0.3923,0.901,0.9995,-0.4592,970.0,1136.0,14.0
0.8457,0.379,0.2812,0.9185,0.9995,-0.2832,544.5,1030.0,15.0
0.0373,0.1969,0.3406,0.891,0.9995,-0.345,1188.0,965.0,1.0
0.101,0.1384,0.4329,0.829,0.9995,-0.5312,1035.0,855.5,2.0
0.2272,0.1501,0.292,0.906,0.9995,-0.5303,637.0,1183.0,3.0
-0.01993,0.2012,0.4285,0.9497,0.9995,-0.4111,1156.0,1241.0,4.0
0.03745,0.11615,0.6353,0.914,1.0,-0.225,1159.0,894.0,5.0
0.03244,0.1584,0.3625,0.9062,0.9995,-0.4907,890.5,1195.0,6.0
0.01152,0.1663,0.3726,0.9087,0.9995,-0.51,1122.0,832.5,7.0
-0.02182,0.157,0.3706,0.9023,1.0,-0.365,780.5,1476.0,8.0
0.02472,0.1678,0.3833,0.9326,0.9995,-0.4585,1179.0,1177.0,9.0
0.95,0.269,0.461,0.9097,0.9995,-0.3308,1131.0,901.0,10.0
0.1991,0.1558,0.2244,0.9224,0.9995,-0.295,98.44,440.2,11.0
-0.01913,0.1897,0.3484,0.9033,0.9995,-0.3977,1134.0,981.5,12.0
0.00886,0.152,0.4978,0.9165,0.9995,-0.3374,1121.0,968.5,13.0
0.03137,0.1617,0.3218,0.916,0.9995,-0.3652,565.5,760.0,14.0
-0.01689,0.2466,0.4475,0.976,0.9995,-0.4875,1175.0,1101.0,15.0
91.4,0.7905,0.654,0.4067,1.0,-0.9414,1559.0,1271.0,1.0
0.9575,0.1323,0.518,0.794,0.9995,-0.3242,953.0,559.0,2.0
0.1465,0.187,0.481,0.915,0.9995,-0.3665,768.0,921.0,3.0
0.0392,0.1534,0.3638,0.8926,0.9995,-0.537,911.5,945.5,4.0
-0.0215,0.08856,0.6323,0.8667,0.9995,-0.3672,441.0,617.0,5.0
0.06104,0.0934,0.4954,0.942,0.9995,-0.1986,1047.0,856.5,6.0
0.2058,0.1305,0.506,0.847,0.9995,-0.3652,943.5,698.0,7.0
0.1365,0.08905,0.3289,0.808,0.9995,-0.432,1195.0,1020.0,8.0
0.00901,0.173,0.574,0.9683,0.9995,-0.301,665.0,833.5,9.0
-0.0129,0.139,0.3755,0.8696,0.9995,-0.4312,841.5,911.0,10.0
-0.01446,0.1213,0.48,0.924,0.9995,-0.2751,919.5,865.0,11.0
10000.0,0.3667,0.8193,0.3257,0.999,0.12103,1209.0,148.9,12.0
63.38,0.6616,0.82,0.5405,0.999,0.5874,1386.0,1471.0,13.0
0.02057,0.1729,0.4011,0.9004,0.9995,-0.3298,801.5,972.5,14.0
-0.00815,0.1694,0.4045,0.8774,0.9995,-0.5337,1069.0,1055.0,15.0
-0.01059,0.1906,0.3,0.8945,0.9995,-0.4517,915.5,832.0,1.0
10000.0,0.5986,0.8447,0.3777,1.0,-0.1937,1443.0,350.0,2.0
10000.0,0.857,0.7505,0.04407,0.9995,-0.917,1116.0,1310.0,3.0
-0.01904,0.1564,0.4106,0.8867,0.9995,-0.5522,1018.0,925.5,4.0
0.2644,0.253,0.3496,0.8823,0.9995,-0.5205,1068.0,1003.0,5.0
10000.0,0.478,0.3682,0.2126,0.999,0.246,1757.0,1685.0,6.0
4.3,0.05563,0.689,0.869,0.9995,0.315,1649.0,1754.0,7.0
0.2847,0.1209,0.533,0.877,0.9995,-0.04843,1277.0,1293.0,8.0
26.94,0.6016,0.3247,0.5273,0.9995,-0.864,1438.0,1119.0,9.0
54.56,0.895,0.5728,0.586,0.999,0.3633,1372.0,1290.0,10.0
52.8,0.899,0.3044,0.536,1.0,0.909,1884.0,603.0,11.0
1.6875,0.369,0.3047,0.833,0.9995,-0.5845,1111.0,761.0,12.0
18.12,0.199,0.831,0.8726,0.9995,0.9927,1656.0,23.03,13.0
0.4512,0.02495,0.458,0.948,0.9995,-0.1326,844.5,1066.0,14.0
0.06854,0.0914,0.443,0.8564,0.9995,-0.4333,1004.0,642.0,15.0
0.01128,0.1621,0.4614,0.866,0.9995,-0.6655,540.0,704.5,1.0
0.07355,0.1576,0.4524,0.8623,0.9995,-0.5254,1107.0,1082.0,2.0
-0.02249,0.2426,0.41,0.972,0.9995,-0.4592,1360.0,1511.0,3.0
-0.0149,0.1718,0.4092,0.9624,0.9995,-0.2773,1168.0,1363.0,4.0
-0.01834,0.2219,0.4358,0.9834,0.9995,-0.2778,1209.0,1377.0,5.0
-0.0213,0.1741,0.4453,0.948,0.9995,-0.397,956.0,869.0,6.0
-0.02284,0.2133,0.324,0.927,0.9995,-0.3845,1093.0,1101.0,7.0
0.01862,0.2312,0.3018,0.9883,0.9995,-0.245,1021.0,1007.5,8.0
-0.007244,0.2218,0.3047,0.9243,0.9995,-0.3052,1206.0,1147.0,9.0
-0.00512,0.1663,0.4287,0.9395,0.9995,-0.4412,1118.0,1350.0,10.0
1.123,0.2301,0.3586,0.8267,0.9995,-0.3906,1045.0,952.5,11.0
-0.02568,0.1656,0.387,0.909,0.9995,-0.376,1051.0,1120.0,12.0
-0.01768,0.1072,0.503,0.8765,0.9995,-0.3955,1492.0,1691.0,13.0
-0.02118,0.1707,0.417,0.9326,0.9995,-0.3962,1201.0,1345.0,14.0
-0.0198,0.26,0.3958,0.967,0.9995,-0.5195,1427.0,1598.0,15.0
0.01823,0.2057,0.3938,0.918,0.9995,-0.4248,1245.0,1246.0,1.0
0.013245,0.1514,0.5,0.938,0.9995,-0.1969,1771.0,760.0,2.0
-0.01878,0.1521,0.4314,0.902,0.9995,-0.4944,1346.0,852.0,3.0
1.808,0.3413,0.439,0.9053,0.9995,-0.2961,1469.0,907.0,4.0
0.00996,0.1124,0.4639,0.919,0.9995,-0.2793,1502.0,587.5,5.0
0.05338,0.1696,0.42,0.922,0.9995,-0.671,1261.0,864.5,6.0
-0.02052,0.1443,0.4712,0.9253,0.9995,-0.265,1548.0,837.5,7.0
0.01246,0.1333,0.45,0.9155,0.9995,0.05713,1590.0,862.5,8.0
-0.3423,0.0834,0.5273,0.927,1.0,0.05795,1570.0,1257.0,9.0
-0.01636,0.1356,0.4502,0.895,0.9995,-0.457,1299.0,1005.0,10.0
0.646,0.2361,0.448,0.9077,0.9995,-0.2783,1423.0,898.5,11.0
0.1597,0.1787,0.4653,0.915,0.9995,-0.253,1454.0,913.0,12.0
0.001595,0.1304,0.4497,0.914,0.9995,-0.11255,1520.0,891.5,13.0
11.2,0.554,0.3325,0.6943,0.999,-0.8306,644.5,1430.0,14.0
-0.02336,0.163,0.3586,0.902,0.9995,-0.3628,1288.0,986.5,15.0
10.18,0.778,0.941,0.991,0.999,0.2505,1232.0,442.2,1.0
2.596,0.2898,0.5464,0.867,0.9995,-0.2847,1299.0,1056.0,2.0
10000.0,0.955,0.8125,0.0813,0.9995,-0.0401,915.5,1384.0,3.0
10000.0,0.944,0.4521,0.0906,0.9995,1.0,613.0,1099.0,4.0
0.010895,0.1989,0.295,0.971,0.9995,-0.1912,1620.0,861.5,5.0
0.01605,0.11945,0.3555,0.8447,0.9995,-0.2712,1165.0,866.5,6.0
-0.02086,0.2054,0.3157,0.916,0.9995,-0.361,1554.0,656.0,7.0
10.63,0.81,0.1544,0.714,0.999,-0.2715,135.5,29.4,8.0
4.93,0.4607,0.678,0.9355,0.999,-0.007175,1263.0,651.0,9.0
-0.01662,0.1895,0.3552,0.9253,0.9995,-0.296,1405.0,826.0,10.0
2.516,0.3164,0.55,0.902,0.9995,-0.1703,1236.0,801.5,11.0
78.9,0.4966,0.487,0.3867,0.9995,0.6016,641.5,655.0,12.0
1.037,0.233,0.488,0.893,0.9995,-0.2338,1246.0,847.0,13.0
0.2568,0.1494,0.2349,0.9385,0.9995,-0.3096,1287.0,669.0,14.0
3.936,0.4849,0.2559,0.8047,0.9995,-0.296,709.5,466.5,15.0
-0.0235,0.12164,0.494,0.898,0.9995,-0.3633,1173.0,1134.0,1.0
0.000837,0.237,0.3252,0.916,0.9995,-0.4556,1063.0,1047.0,2.0
0.1536,0.1431,0.4412,0.874,0.9995,-0.2037,1197.0,1102.0,3.0
-0.01889,0.1577,0.3435,0.8833,0.9995,-0.394,1173.0,889.0,4.0
0.05637,0.1652,0.282,0.8735,0.9995,-0.4941,1051.0,589.5,5.0
0.01216,0.1488,0.3013,0.914,0.9995,-0.2246,1034.0,925.5,6.0
-0.01169,0.1525,0.3513,0.901,0.9995,-0.3445,866.0,855.5,7.0
6.168,0.266,0.377,0.6904,0.999,-0.5225,1380.0,590.5,8.0
-0.01599,0.1688,0.369,0.893,0.9995,-0.3545,1112.0,997.5,9.0
12.18,0.4546,0.6265,0.8325,0.999,0.4116,1886.0,519.0,10.0
-0.02141,0.1576,0.3867,0.903,0.9995,-0.4033,1074.0,915.5,11.0
-0.01994,0.1504,0.4062,0.8955,0.9995,-0.4348,1017.0,968.0,12.0
1.637,0.2057,0.3726,0.7803,0.9995,-0.437,1250.0,701.5,13.0
-0.002678,0.1051,0.5,0.8794,0.9995,-0.1783,1252.0,1234.0,14.0
8.016,0.4255,0.3455,0.74,0.999,-0.2761,225.5,1544.0,15.0
0.03552,0.1443,0.3794,0.8994,0.9995,-0.4768,1078.0,1037.0,1.0
10000.0,0.818,0.9253,0.3198,0.9995,-0.9385,356.2,683.5,2.0
-0.02145,0.1558,0.3767,0.8877,0.9995,-0.4333,1106.0,907.0,3.0
-0.02306,0.1608,0.461,0.904,0.9995,-0.5835,1270.0,1091.0,4.0
-0.01955,0.1617,0.3772,0.874,0.9995,-0.536,1073.0,854.0,5.0
64.5,0.418,0.808,0.4124,1.0,-0.4495,1068.0,1535.0,6.0
0.02222,0.0975,0.417,0.868,0.9995,-0.3125,1387.0,790.0,7.0
3.059,0.11633,0.2876,0.663,0.9995,-0.01465,993.5,818.0,8.0
13.76,0.3237,0.6426,0.693,0.999,-0.1339,1838.0,789.0,9.0
-0.02216,0.261,0.3513,0.929,0.9995,-0.686,794.5,1139.0,10.0
-0.0233,0.1512,0.409,0.8906,0.9995,-0.4272,1084.0,857.5,11.0
0.792,0.1561,0.323,0.782,0.9995,-0.2607,1034.0,847.0,12.0
29.56,0.895,0.7246,0.762,0.9995,-0.2465,991.0,1340.0,13.0
0.02484,0.081,0.3833,0.824,0.9995,-0.2383,1278.0,391.8,14.0
9.37,0.517,0.563,0.809,0.9995,-0.3267,1079.0,1082.0,15.0
-0.015594,0.0855,0.3188,0.86,0.9995,-0.04843,1069.0,480.0,1.0
-0.1832,0.1443,0.1526,0.917,0.9995,0.009766,1027.0,558.0,2.0
-0.01547,0.1669,0.3674,0.893,0.9995,-0.485,1057.0,778.5,3.0
-0.03455,0.11426,0.4248,0.9404,1.0,-0.02148,964.0,508.2,4.0
-0.00938,0.1879,0.424,0.9434,0.9995,-0.306,962.0,756.5,5.0
-0.014694,0.1909,0.3586,0.94,1.0,-0.229,851.5,731.0,6.0
-0.02975,0.1128,0.4993,0.9546,1.0,-0.05997,681.0,365.8,7.0
-0.07733,0.2031,0.2156,0.9663,1.0,-0.004665,1147.0,403.0,8.0
-0.013664,0.1693,0.451,0.952,0.9995,-0.2168,864.0,696.5,9.0
4.918,0.1234,0.4956,0.8076,0.9995,0.2874,1298.0,702.0,10.0
0.9404,0.134,0.4329,0.8647,0.9995,0.0898,1156.0,628.0,11.0
-0.01608,0.2104,0.3027,0.9272,0.9995,-0.3774,994.0,704.0,12.0
-0.02322,0.1595,0.3594,0.911,0.9995,-0.2954,1023.5,674.5,13.0
-0.02199,0.1467,0.2625,0.927,0.9995,-0.0567,1284.0,372.5,14.0
-0.02051,0.1696,0.3762,0.934,0.9995,-0.2057,1039.0,625.0,15.0
0.1421,0.357,0.2732,0.8823,0.9995,-0.8555,1226.0,753.0,1.0
0.002655,0.1895,0.3918,0.9043,0.9995,-0.4314,984.0,1063.0,2.0
0.008354,0.1682,0.3035,0.8906,0.9995,-0.4084,1092.0,896.0,3.0
-0.02005,0.1921,0.3171,0.899,0.9995,-0.45,1099.0,844.5,4.0
-0.0003364,0.2761,0.2805,0.916,0.9995,-0.4956,1348.0,324.0,5.0
-0.1934,0.0714,0.3152,0.922,0.9995,0.02238,1153.0,860.0,6.0
5.312,0.1957,0.577,0.8926,0.9995,0.3242,1407.0,447.0,7.0
-0.01884,0.229,0.3389,0.914,0.9995,-0.6455,1095.0,524.0,8.0
-0.01862,0.188,0.3528,0.9023,0.9995,-0.3994,1087.0,907.0,9.0
-0.0207,0.1703,0.3416,0.9136,0.9995,-0.2413,1232.0,826.0,10.0
-0.01117,0.2242,0.2236,0.9,0.9995,-0.311,1359.0,719.5,11.0
-0.01117,0.2361,0.2078,0.908,0.9995,-0.2173,1294.0,236.9,12.0
-0.2646,0.06537,0.3135,0.9014,0.9995,0.0484,1146.0,1053.0,13.0
-0.02293,0.2698,0.3372,0.9814,0.9995,-0.367,1139.0,541.5,14.0
-0.02235,0.1326,0.355,0.908,0.9995,-0.1561,1221.0,977.0,15.0
-0.01459,0.179,0.354,0.901,0.9995,-0.3447,1050.0,1116.0,1.0
5.953,0.5464,0.638,0.909,0.9995,-0.566,861.5,542.5,2.0
0.0887,0.1216,0.2517,0.9014,0.9995,-0.1548,1412.0,1390.0,3.0
-0.01149,0.2042,0.298,0.985,0.9995,-0.1067,862.5,681.5,4.0
33.66,0.2412,0.599,0.483,0.999,0.649,1316.0,242.8,5.0
-0.01955,0.1923,0.3533,0.93,0.9995,-0.4045,1127.0,831.0,6.0
0.3672,0.0831,0.3523,0.9443,0.9995,-0.3223,1423.0,793.0,7.0
0.00861,0.1605,0.302,0.91,0.9995,-0.288,1313.0,1128.0,8.0
-0.0006914,0.2319,0.3462,0.9453,0.9995,-0.3242,932.5,738.5,9.0
-0.01695,0.2198,0.3333,0.936,0.9995,-0.3442,1000.0,778.5,10.0
-0.01967,0.2047,0.3127,0.923,0.9995,-0.3828,1077.0,990.0,11.0
0.3555,0.2993,0.2942,0.916,0.9995,-0.2957,1031.0,767.0,12.0
-0.3596,0.1503,0.3599,0.979,0.9995,0.03442,1418.0,1425.0,13.0
-0.01912,0.1953,0.3027,0.9253,0.9995,-0.3022,1198.0,821.5,14.0
-0.01807,0.1855,0.385,0.9424,0.9995,-0.2576,1297.0,822.0,15.0
-0.01808,0.1699,0.3333,0.9194,0.9995,-0.2886,1273.0,784.0,1.0
-0.009834,0.1425,0.3777,0.892,0.9995,-0.3826,1175.0,1050.0,2.0
-0.00877,0.1118,0.372,0.893,1.0,-0.1732,1390.0,973.5,3.0
-0.003654,0.1771,0.3643,0.918,0.9995,-0.4646,1050.0,693.0,4.0
0.1278,0.10547,0.3481,0.9536,1.0,-0.1404,1118.0,840.0,5.0
0.03992,0.12244,0.3643,0.93,1.0,-0.2026,1098.0,836.0,6.0
-0.01886,0.1514,0.3535,0.8813,0.9995,-0.3376,1207.0,781.0,7.0
-0.0005436,0.1349,0.3718,0.917,0.9995,-0.2522,1077.0,838.0,8.0
-0.02281,0.1321,0.3594,0.904,0.9995,-0.1775,1269.0,840.5,9.0
-0.00841,0.1262,0.3987,0.8765,0.9995,-0.2413,1243.0,816.5,10.0
-0.02548,0.0923,0.4116,0.874,0.9995,-0.04327,1115.0,1039.0,11.0
39.88,0.09894,0.799,0.319,1.0,-0.2751,1540.0,1972.0,12.0
0.11414,0.653,0.10364,0.9746,0.9995,-0.1407,381.5,1062.0,13.0
-0.01967,0.1613,0.3796,0.903,0.9995,-0.3052,1109.0,871.5,14.0
-0.02277,0.142,0.3901,0.9106,0.9995,-0.2734,1047.0,867.5,15.0
-0.0195,0.2416,0.2961,0.9243,0.9995,-0.5034,1297.0,1135.0,1.0
0.02824,0.2253,0.2754,0.918,0.9995,-0.2133,1031.0,1131.0,2.0
-0.01359,0.2097,0.2935,0.9146,0.9995,-0.294,1150.0,1063.0,3.0
6.78,0.398,0.32,0.717,0.9995,-0.609,1301.0,1033.0,4.0
-0.02078,0.1973,0.287,0.8843,0.9995,-0.389,1368.0,746.5,5.0
0.005375,0.1769,0.3416,0.8867,0.9995,-0.3079,1158.0,867.0,6.0
-0.01735,0.1853,0.322,0.8955,0.9995,-0.3389,1181.0,873.5,7.0
-0.01848,0.1882,0.2964,0.9062,0.9995,-0.3372,1177.0,975.5,8.0
-0.01964,0.1752,0.3403,0.9077,0.9995,-0.384,1183.0,1038.0,9.0
1.808,0.2905,0.3206,0.809,0.9995,-0.4744,1292.0,962.0,10.0
-0.01578,0.2598,0.2744,0.9585,0.9995,-0.2487,1260.0,894.5,11.0
-0.012535,0.1793,0.3386,0.8975,0.9995,-0.317,1139.0,1041.0,12.0
-0.01984,0.1962,0.3035,0.9067,0.9995,-0.3787,1092.0,867.0,13.0
0.07947,0.1045,0.311,0.766,0.9995,-0.5117,1128.0,797.5,14.0
-0.013176,0.2118,0.2622,0.9185,0.9995,-0.3135,1519.0,709.5,15.0
-0.01299,0.1588,0.399,0.92,0.9995,-0.3955,1351.0,894.0,1.0
0.4207,0.1619,0.4312,0.832,0.9995,-0.4355,1208.0,874.0,2.0
7.81,0.2764,0.618,0.7236,0.9995,-0.647,1594.0,961.0,3.0
-0.02704,0.144,0.4807,0.9473,0.9995,-0.225,1030.0,536.5,4.0
-0.02106,0.1709,0.358,0.884,0.9995,-0.4214,1300.0,790.0,5.0
0.0688,0.1603,0.4453,0.882,0.9995,-0.3792,1186.0,870.0,6.0
1.9795,0.2155,0.53,0.82,0.9995,-0.4795,1357.0,904.0,7.0
0.00716,0.2378,0.288,0.984,0.9995,-0.2334,1479.0,912.0,8.0
-0.02258,0.2085,0.4255,0.9595,0.9995,-0.403,1414.0,920.5,9.0
0.4983,0.03552,0.4807,0.4265,0.9995,-0.7837,1388.0,666.5,10.0
-0.01031,0.1838,0.3865,0.972,0.9995,-0.256,1261.0,723.0,11.0
9.07e-05,0.1306,0.5527,0.972,0.9995,-0.2637,747.5,420.0,12.0
-0.02415,0.1505,0.4895,0.9443,0.9995,-0.317,926.5,649.5,13.0
68.44,0.9556,0.8984,0.62,1.0,-0.7065,1505.0,691.0,14.0
7.254,0.1772,0.9263,0.693,0.9995,-0.8936,1683.0,850.0,15.0
-4.42e-05,0.1499,0.4065,0.8687,0.9995,-0.6704,1303.0,1269.0,1.0
8.266,0.8887,0.3486,0.849,0.9995,-0.9434,621.5,1320.0,2.0
-0.0242,0.2233,0.3188,0.9067,0.9995,-0.5435,1032.0,942.0,3.0
0.3506,0.2717,0.3254,0.9077,0.9995,-0.322,798.0,966.0,4.0
-0.01536,0.1833,0.3823,0.9287,0.9995,-0.446,1314.0,1043.0,5.0
-0.00251,0.1316,0.4055,0.845,0.9995,-0.506,1149.0,837.0,6.0
2.299,0.3538,0.5415,0.947,1.0,0.02026,1605.0,1583.0,7.0
0.1112,0.2192,0.361,0.9043,0.9995,-0.3682,954.0,985.0,8.0
0.0944,0.1285,0.4175,0.9062,0.9995,-0.5215,1405.0,1196.0,9.0
-0.02167,0.1497,0.4553,0.922,0.9995,-0.406,882.5,739.5,10.0
-0.00823,0.1566,0.5024,0.9463,0.9995,-0.4795,1314.0,1267.0,11.0
0.006786,0.1454,0.416,0.9023,0.9995,-0.4973,1289.0,1121.0,12.0
25.52,0.2832,0.8374,0.5645,0.9995,-0.07446,1629.0,484.2,13.0
-0.01366,0.2181,0.4004,0.987,0.999,-0.3293,1212.0,1343.0,14.0
2.176e-05,0.2251,0.443,0.9585,0.9995,-0.7153,1103.0,821.0,15.0
0.0418,0.2272,0.2485,0.877,0.9995,-0.297,1029.0,849.0,1.0
0.0445,0.365,0.2126,0.9907,0.9995,-0.3813,1030.0,1300.0,2.0
-0.005722,0.144,0.4148,0.937,0.9995,-0.2888,1501.0,1015.0,3.0
0.4043,0.2075,0.173,0.9385,0.9995,-0.4824,1096.0,698.0,4.0
0.07837,0.2177,0.2466,0.928,0.9995,-0.4302,1062.0,814.0,5.0
-0.0175,0.291,0.2703,0.9526,0.9995,-0.3752,1043.0,1100.0,6.0
-0.01063,0.2198,0.2864,0.928,0.9995,-0.3877,1113.0,888.0,7.0
-0.01785,0.1838,0.3677,0.9243,0.9995,-0.4316,1192.0,995.0,8.0
14.02,0.5933,0.4187,0.7153,0.9995,-0.6294,1442.0,1166.0,9.0
32.72,0.585,0.521,0.6265,0.999,0.4414,1.083,93.06,10.0
-0.012,0.2112,0.346,0.9165,0.9995,-0.4116,1146.0,925.5,11.0
-0.01949,0.2861,0.3162,0.988,0.9995,-0.2668,1518.0,687.0,12.0
-0.02448,0.1831,0.3826,0.9194,0.9995,-0.3958,1195.0,921.5,13.0
3.455,0.4163,0.3728,0.829,0.9995,-0.492,1318.0,1041.0,14.0
-0.01663,0.304,0.2355,0.9233,0.9995,-0.4707,752.5,849.5,15.0
0.334,0.1982,0.4111,0.876,0.9995,-0.3506,1084.0,932.5,1.0
23.28,0.905,0.2313,0.8267,1.0,0.9507,1173.0,921.0,2.0
0.0305,0.2769,0.236,0.918,0.9995,-0.2935,860.5,312.0,3.0
0.00841,0.2169,0.3987,0.929,0.9995,-0.4583,937.0,731.5,4.0
-0.02098,0.183,0.3594,0.936,0.9995,-0.3333,1011.0,862.5,5.0
7.516,0.5454,0.324,0.874,0.9995,0.2666,1037.0,930.5,6.0
0.0286,0.1608,0.4546,0.934,0.9995,-0.576,1467.0,1575.0,7.0
-0.02026,0.1862,0.4133,0.93,0.9995,-0.5176,1310.0,1212.0,8.0
-0.01624,0.1758,0.382,0.914,0.9995,-0.4763,1128.0,857.5,9.0
-0.002445,0.1685,0.3313,0.9097,0.9995,-0.379,1352.0,1222.0,10.0
-0.01817,0.18,0.3542,0.905,0.9995,-0.3464,1477.0,848.5,11.0
-0.02385,0.2805,0.3215,0.949,0.9995,-0.5366,1237.0,1001.5,12.0
-0.02074,0.1898,0.3474,0.919,0.9995,-0.4246,1208.0,1121.0,13.0
2.008,0.3806,0.3376,0.902,0.9995,-0.09607,1058.0,986.0,14.0
-0.02065,0.2327,0.299,0.927,0.9995,-0.3923,1081.0,1164.0,15.0
0.03088,0.1337,0.4148,0.8936,0.9995,-0.503,1187.0,1086.0,1.0
-0.012856,0.1514,0.3804,0.8955,0.9995,-0.4185,1045.0,965.5,2.0
6.887,0.082,0.5415,0.9033,0.9995,0.4517,933.5,972.0,3.0
-0.01424,0.1516,0.396,0.9014,0.9995,-0.422,1137.0,1023.0,4.0
0.678,0.2712,0.3767,0.8896,0.9995,-0.392,1092.0,842.0,5.0
0.03537,0.1255,0.4922,0.871,0.9995,-0.327,950.0,925.5,6.0
0.06903,0.1311,0.4639,0.904,0.9995,0.05374,1004.0,965.0,7.0
0.1622,0.2186,0.3726,0.8926,0.9995,-0.4116,1080.0,912.0,8.0
-0.00468,0.1832,0.3652,0.8955,0.9995,-0.3877,954.5,911.5,9.0
0.02902,0.1088,0.3774,0.9053,0.9995,-0.2072,1040.0,973.0,10.0
-0.01414,0.125,0.398,0.8965,0.9995,-0.2776,1086.0,992.0,11.0
0.006207,0.0645,0.5347,0.868,0.9995,-0.1503,1324.0,1037.0,12.0
-0.007378,0.196,0.324,0.9062,0.9995,-0.51,925.5,1044.0,13.0
-0.000996,0.1564,0.3127,0.926,0.9995,-0.2131,1350.0,1068.0,14.0
-0.01631,0.1364,0.4465,0.879,0.9995,-0.544,1072.0,1088.0,15.0
-0.001341,0.1636,0.3594,0.9097,0.9995,-0.422,1151.0,983.5,1.0
-0.0175,0.1604,0.3887,0.8955,0.9995,-0.478,901.5,921.5,2.0
15.336,0.446,0.4097,0.6626,0.9995,-0.2803,1417.0,1370.0,3.0
0.010315,0.1338,0.3462,0.8384,0.9995,-0.4954,1126.0,861.5,4.0
4.133,0.321,0.371,0.779,0.9995,-0.3652,1239.0,1108.0,5.0
-0.02151,0.2448,0.3333,0.9663,0.9995,-0.3699,1135.0,1111.0,6.0
0.01141,0.2385,0.405,0.9917,0.9995,-0.4636,661.0,876.5,7.0
-0.02081,0.1777,0.3538,0.9126,0.9995,-0.4067,1100.0,948.0,8.0
-0.001815,0.185,0.3218,0.917,0.9995,-0.4126,724.0,838.5,9.0
-0.01683,0.2161,0.3225,0.914,0.9995,-0.4111,1092.0,925.5,10.0
-0.01802,0.1511,0.3357,0.8887,0.9995,-0.2241,1255.0,1092.0,11.0
-0.0219,0.1848,0.3452,0.92,0.9995,-0.3813,889.5,854.5,12.0
1.013,0.2588,0.3674,0.853,0.9995,-0.3926,1114.0,1039.0,13.0
-0.0179,0.1604,0.3855,0.9297,0.9995,-0.3176,1012.0,818.0,14.0
-0.01573,0.1406,0.4072,0.9565,0.9995,-0.1436,1038.0,943.0,15.0
0.02803,0.1014,0.4622,0.9756,0.9995,-0.0454,969.5,1406.0,1.0
27.64,0.643,0.2622,0.6304,1.0,0.568,908.0,1437.0,2.0
0.6216,0.1449,0.4553,0.8223,0.9995,-0.296,658.0,678.5,3.0
0.02956,0.1432,0.3564,0.8926,0.9995,-0.4287,1084.0,1042.0,4.0
-0.02611,0.1747,0.459,0.9653,1.0,-0.255,173.9,454.0,5.0
-0.015236,0.1471,0.4395,0.965,0.9995,-0.1898,909.0,1133.0,6.0
0.0996,0.1604,0.4324,0.8784,0.9995,-0.3386,742.0,790.5,7.0
0.003199,0.1923,0.436,0.9126,0.9995,-0.527,1021.5,1090.0,8.0
-0.01366,0.274,0.326,0.9277,0.9995,-0.605,383.2,829.5,9.0
7.33,0.415,0.3252,0.7803,0.9995,0.0859,930.5,1199.0,10.0
0.002089,0.1769,0.4082,0.907,0.9995,-0.3748,788.5,891.5,11.0
-0.009346,0.1819,0.513,0.9385,0.9995,-0.515,395.5,618.0,12.0
0.02905,0.2507,0.4949,0.975,0.9995,-0.5103,331.5,741.0,13.0
-0.003069,0.226,0.3982,0.941,0.9995,-0.4587,955.0,768.0,14.0
-0.00812,0.2395,0.4177,0.959,0.9995,-0.48,945.0,895.0,15.0
-0.0004497,0.1628,0.3782,0.8916,0.9995,-0.556,1165.0,1055.0,1.0
-0.01643,0.1998,0.3875,0.9194,0.9995,-0.6196,1262.0,1247.0,2.0
0.529,0.217,0.504,0.9365,0.9995,-0.1526,1127.0,1213.0,3.0
0.0006933,0.238,0.4104,0.9404,0.9995,-0.563,1382.0,646.0,4.0
0.03583,0.1838,0.4385,0.94,1.0,-0.2378,1136.0,1348.0,5.0
-0.02441,0.161,0.372,0.889,0.9995,-0.424,1333.0,1071.0,6.0
-0.01365,0.201,0.2908,0.8994,0.9995,-0.4397,1362.0,606.0,7.0
-0.00576,0.1912,0.3982,0.9224,0.9995,-0.3787,1198.0,1117.0,8.0
-0.01081,0.2394,0.3164,0.9106,0.9995,-0.501,1216.0,934.0,9.0
-0.02292,0.1713,0.3896,0.8945,0.9995,-0.503,1205.0,972.5,10.0
-0.014244,0.2125,0.392,0.924,0.9995,-0.524,1309.0,796.0,11.0
0.4678,0.1664,0.2617,0.8887,0.9995,-0.8574,1261.0,661.0,12.0
59.7,0.7026,0.4905,0.4702,1.0,0.3955,183.9,1479.0,13.0
-0.0216,0.1884,0.355,0.9053,0.9995,-0.495,1157.0,882.5,14.0
13.875,0.4846,0.9873,0.9043,0.9995,0.5034,1582.0,548.0,15.0
0.1843,0.2017,0.3013,0.9404,0.9995,-0.612,1162.0,976.5,1.0
0.03091,0.1948,0.3323,0.92,0.9995,-0.5503,1119.0,918.0,2.0
-0.01694,0.12427,0.3857,0.8813,0.9995,-0.2715,943.5,941.5,3.0
0.005726,0.1328,0.3875,0.847,0.9995,-0.4348,1047.0,668.0,4.0
2.252,0.11206,0.496,0.651,0.9995,-0.6885,1415.0,784.0,5.0
-0.01628,0.1984,0.3455,0.915,0.9995,-0.505,1131.0,895.0,6.0
-0.002424,0.1669,0.3591,0.901,0.9995,-0.4739,998.5,622.5,7.0
-0.02399,0.2313,0.3027,0.901,0.9995,-0.5527,1075.0,1150.0,8.0
-0.02158,0.2517,0.294,0.948,0.9995,-0.357,1391.0,923.5,9.0
0.001918,0.2301,0.3584,0.979,0.9995,-0.3865,1063.0,918.0,10.0
-0.02379,0.1664,0.3694,0.8843,0.9995,-0.45,1204.0,830.0,11.0
0.642,0.1522,0.435,0.785,0.9995,-0.579,1235.0,804.5,12.0
-0.0221,0.1818,0.3608,0.907,0.9995,-0.4607,1051.0,737.5,13.0
0.1465,0.1707,0.4038,0.8477,0.9995,-0.5337,1139.0,824.0,14.0
-0.01709,0.17,0.3801,0.905,0.9995,-0.475,1039.0,697.5,15.0
0.00497,0.1912,0.426,0.893,0.9995,-0.611,1365.0,1098.0,1.0
-0.01012,0.1693,0.367,0.8687,0.9995,-0.51,983.0,919.0,2.0
10000.0,0.8745,0.8354,0.4058,0.999,0.247,1094.0,858.0,3.0
10000.0,0.8003,0.79,0.18,1.0,0.5664,55.84,1239.0,4.0
7.66,0.06235,0.3972,0.8003,0.999,0.475,595.5,111.56,5.0
0.001602,0.1964,0.411,0.9253,0.9995,-0.405,1225.0,1025.0,6.0
-0.02222,0.2037,0.3071,0.927,0.9995,-0.3,1098.0,815.0,7.0
1.243,0.195,0.4453,0.843,0.9995,-0.1969,791.5,1131.0,8.0
-0.01729,0.1971,0.3281,0.905,0.9995,-0.498,1166.0,1003.5,9.0
-0.007175,0.1852,0.327,0.8994,0.9995,-0.4915,1144.0,898.0,10.0
-0.02342,0.1768,0.4587,0.9673,0.9995,-0.308,1240.0,994.0,11.0
0.318,0.1292,0.3857,0.8545,0.9995,-0.02878,902.5,572.0,12.0
-0.0194,0.1808,0.3474,0.9087,0.9995,-0.4333,1098.0,875.0,13.0
0.2683,0.285,0.3213,0.9736,0.9995,-0.9414,1519.0,1316.0,14.0
0.01945,0.156,0.299,0.846,0.9995,-0.5244,1186.0,839.0,15.0
