like1,parKperc,parKb,parKe,parCqq,parBias,parS_init,parG_init,chain
0.665,0.2124,0.2856,0.967,0.9995,-0.7646,1733.0,748.0,0.0
-0.1709,0.8774,0.1614,0.635,1.0,-0.2737,1874.0,1056.0,0.0
0.3281,0.3882,0.3528,0.81,1.0,-0.6357,1255.0,1908.0,0.0
0.724,0.0791,0.4312,0.9395,1.0,-0.5864,1775.0,1354.0,0.0
15.03,0.4133,0.4539,0.09705,0.9995,-0.311,369.8,1834.0,0.0
-0.02898,0.2773,0.3372,0.5825,1.0,0.1796,951.5,1688.0,0.0
0.4365,0.963,0.922,0.98,0.9995,-0.386,1119.0,1670.0,0.0
0.1061,0.7188,0.10657,0.7026,0.999,0.759,542.5,898.0,0.0
2.416,0.8354,0.918,0.587,0.9995,-0.04263,311.8,1192.0,0.0
-0.0975,0.9736,0.2766,0.8823,0.9995,0.194,860.0,1892.0,0.0
4.082,0.4973,0.61,0.313,0.9995,0.801,919.0,1861.0,0.0
1.229,0.924,0.5034,0.553,0.999,-0.4336,61.53,13.65,0.0
0.1638,0.4966,0.2006,0.7217,0.9995,-0.6035,1566.0,333.8,0.0
11.29,0.09814,0.8384,0.1348,0.9995,0.3154,1584.0,652.0,0.0
0.269,0.2494,0.294,0.4885,0.9995,0.8706,419.2,1336.0,0.0
4.754,0.5776,0.4395,0.2732,0.999,0.02989,762.0,322.5,0.0
0.3445,0.2603,0.989,0.8296,0.999,-0.624,562.0,499.5,0.0
-0.05154,0.4075,0.1829,0.6074,0.9995,0.3818,168.9,1372.0,0.0
1.478,0.1256,0.3274,0.2893,1.0,0.7134,435.2,917.5,0.0
0.0002326,0.694,0.534,0.941,0.999,0.9863,1810.0,1594.0,0.0
3.635,0.4797,0.8926,0.3318,1.0,-0.3384,803.0,258.8,0.0
0.1274,0.4006,0.74,0.701,0.999,0.1157,1052.0,376.2,0.0
0.5713,0.208,0.1973,0.745,1.0,-0.6025,1588.0,602.5,0.0
0.0748,0.4856,0.1239,0.728,0.9995,0.0777,965.0,1942.0,0.0
0.03275,0.98,0.2854,0.7676,0.999,0.554,772.0,1396.0,0.0
0.3486,0.2395,0.947,0.4736,0.9995,-0.3032,259.5,773.5,0.0
-0.0668,0.5474,0.3628,0.78,0.9995,0.2194,1650.0,1985.0,0.0
7.027,0.7603,0.6816,0.2773,0.9995,0.419,959.0,782.5,0.0
22.81,0.2007,0.1472,0.02461,0.9995,0.9277,895.5,190.8,0.0
0.2349,0.03915,0.978,0.4365,0.9995,0.5674,1286.0,494.8,0.0
0.246,0.4067,0.708,0.6016,0.9995,-0.638,489.8,446.0,0.0
0.235,0.8657,0.6973,0.92,0.9995,0.9917,1413.0,273.0,0.0
5.434,0.725,0.315,0.251,0.999,-0.501,937.5,1146.0,0.0
0.2566,0.1471,0.888,0.951,0.999,0.9263,1113.0,539.0,0.0
0.1542,0.3662,0.1799,0.9,1.0,0.7637,598.0,1297.0,0.0
1.789,0.9775,0.896,0.7383,1.0,0.8564,1045.0,222.6,0.0
0.448,0.02992,0.9497,0.9375,0.9995,0.813,1891.0,931.0,0.0
0.1562,0.5396,0.293,0.501,0.999,-0.08374,831.0,1117.0,0.0
0.4055,0.2563,0.983,0.53,1.0,0.56,1210.0,1841.0,0.0
19.28,0.2247,0.9653,0.04816,0.999,-0.8633,356.5,932.5,0.0
2.654,0.7495,0.8486,0.4858,0.9995,-0.3938,900.0,1744.0,0.0
4.66,0.525,0.4624,0.29,1.0,0.9814,1777.0,1218.0,0.0
0.5566,0.03067,0.1636,0.4714,0.9995,-0.1403,969.5,580.0,0.0
-0.04495,0.1404,0.716,0.3428,1.0,-0.9253,433.2,1390.0,0.0
9.94,0.8066,0.627,0.2065,0.9995,0.02365,1117.0,273.0,0.0
0.781,0.0732,0.135,0.702,0.9995,-0.6646,1149.0,612.0,0.0
0.2004,0.8843,0.2578,0.7173,1.0,0.888,474.0,1161.0,0.0
6.72,0.4158,0.8716,0.2333,0.999,0.4421,1610.0,1671.0,0.0
3.066,0.6787,0.4045,0.3267,0.999,-0.3958,530.5,447.2,0.0
3.041,0.4688,0.4663,0.313,0.999,0.1057,1809.0,789.5,0.0
-0.1318,0.643,0.258,0.736,0.9995,0.2042,645.0,1632.0,0.0
0.1179,0.308,0.6597,0.7773,0.9995,0.1711,860.0,182.2,0.0
6.727,0.8413,0.885,0.328,0.9995,-0.1351,262.5,1934.0,0.0
0.2559,0.2327,0.654,0.4822,0.9995,0.584,650.5,1497.0,0.0
0.1844,0.6597,0.757,0.8506,1.0,0.2793,958.5,610.0,0.0
0.1724,0.0549,0.642,0.3513,0.999,-0.8984,1288.0,560.0,0.0
0.12195,0.2637,0.8477,0.7256,1.0,0.224,455.0,870.0,0.0
7.176,0.8276,0.832,0.313,0.999,0.7607,919.0,596.5,0.0
0.1808,0.04868,0.807,0.2742,1.0,-0.1245,934.0,1438.0,0.0
0.1517,0.2905,0.3933,0.834,0.9995,0.3909,172.4,709.0,0.0
2.85,0.966,0.4763,0.4458,0.9995,0.625,1804.0,679.0,0.0
5.484,0.201,0.875,0.2048,1.0,-0.279,398.8,1642.0,0.0
19.31,0.4534,0.3857,0.05957,0.999,0.3713,241.6,341.0,0.0
9.22,0.9365,0.8843,0.2769,0.9995,-0.561,751.0,989.5,0.0
0.5713,0.1621,0.3562,0.872,0.999,-0.311,1488.0,1165.0,0.0
14.16,0.3604,0.891,0.11127,1.0,-0.3752,187.4,256.8,0.0
1.217,0.704,0.4373,0.4568,1.0,-0.1356,1154.0,520.5,0.0
0.1505,0.712,0.7183,0.901,0.9995,0.1614,324.8,1212.0,0.0
0.2112,0.2494,0.11847,0.7856,0.999,0.9126,120.9,568.0,0.0
1.95,0.834,0.8857,0.6396,0.9995,0.636,836.5,948.5,0.0
1.461,0.43,0.985,0.4705,0.999,-0.273,535.5,1369.0,0.0
15.66,0.551,0.2101,0.08344,0.9995,-0.66,945.5,1491.0,0.0
21.56,0.9277,0.81,0.068,0.999,-0.958,990.0,1386.0,0.0
0.2908,0.0895,0.8384,0.781,1.0,0.785,1630.0,1221.0,0.0
12.55,0.6284,0.521,0.141,1.0,0.3396,542.5,229.2,0.0
2.613,0.5938,0.863,0.4482,0.999,0.578,1271.0,520.5,0.0
1.602,0.6855,0.683,0.5093,0.9995,0.07336,1035.0,818.0,0.0
0.09186,0.896,0.1685,0.882,1.0,-0.2983,917.5,1641.0,0.0
0.334,0.647,0.695,0.7227,0.999,-0.5684,611.5,1557.0,0.0
4.844,0.108,0.7876,0.2158,0.9995,0.933,807.5,1930.0,0.0
2.576,0.9355,0.4824,0.4065,1.0,-0.859,646.0,1362.0,0.0
6.56,0.0568,0.621,0.1812,0.999,-0.3508,1398.0,691.5,0.0
1.421,0.8413,0.455,0.4663,0.999,-0.6426,1090.0,1592.0,0.0
2.873,0.9375,0.773,0.5073,0.999,-0.8027,409.0,771.5,0.0
3.076,0.0456,0.8047,0.2151,1.0,-0.711,541.5,926.5,0.0
3.943,0.01915,0.1005,0.1969,1.0,-0.6147,156.4,663.5,0.0
0.8164,0.9834,0.6675,0.7446,0.999,-0.7144,1690.0,820.0,0.0
0.07446,0.8667,0.6255,0.927,1.0,0.5576,548.5,1042.0,0.0
5.133,0.593,0.7017,0.3074,0.9995,0.733,1699.0,443.5,0.0
0.1077,0.1399,0.595,0.539,0.9995,0.2644,1332.0,1899.0,0.0
20.58,0.538,0.1151,0.0354,0.9995,-0.4033,1066.0,397.2,0.0
8.35,0.9814,0.3086,0.2058,0.999,-0.5474,870.0,478.8,0.0
0.10754,0.684,0.55,0.859,0.9995,-0.1469,1068.0,115.4,0.0
0.2283,0.733,0.1354,0.8926,0.9995,-0.2467,1714.0,863.0,0.0
0.711,0.07855,0.5996,0.9644,0.999,-0.61,783.5,867.0,0.0
0.03815,0.403,0.7593,0.8115,0.9995,0.9214,1576.0,1053.0,0.0
0.7505,0.828,0.324,0.4712,0.9995,-0.684,248.2,675.0,0.0
8.26,0.9395,0.6987,0.2805,1.0,0.7134,1041.0,1589.0,0.0
21.86,0.481,0.9907,0.04367,0.9995,-0.8394,152.6,712.5,0.0
0.2515,0.1234,0.493,0.8174,1.0,0.806,1461.0,319.0,0.0
-0.04733,0.463,0.529,0.758,1.0,0.531,1237.0,667.5,0.0
1.528,0.6035,0.9233,0.581,0.9995,0.5176,702.5,206.2,0.0
26.78,0.994,0.733,0.02612,1.0,0.6816,1384.0,1954.0,0.0
0.12445,0.35,0.5835,0.591,0.999,-0.952,523.0,614.5,0.0
0.1765,0.478,0.3557,0.742,0.9995,-0.925,1108.0,816.5,0.0
-0.08154,0.5723,0.2903,0.596,1.0,-0.03537,981.0,1913.0,0.0
3.336,0.2773,0.2886,0.2445,0.9995,-0.486,1221.0,1771.0,0.0
0.549,0.933,0.7856,0.871,0.9995,-0.2996,1412.0,1266.0,0.0
22.94,0.7925,0.9014,0.0633,1.0,0.829,544.5,866.0,0.0
-0.02379,0.973,0.1903,0.9204,1.0,0.7773,1382.0,1872.0,0.0
10.52,0.289,0.742,0.1453,1.0,-0.258,710.0,151.4,0.0
1.95,0.9453,0.701,0.59,0.9995,-0.03973,864.0,1540.0,0.0
1.396,0.9443,0.587,0.589,1.0,-0.406,1185.0,436.5,0.0
0.1927,0.561,0.721,0.809,0.9995,-0.3481,808.0,1058.0,0.0
0.2098,0.531,0.8564,0.847,0.9995,0.12244,617.5,1329.0,0.0
2.482,0.9683,0.6025,0.4736,1.0,-0.9155,674.0,278.8,0.0
0.2278,0.337,0.647,0.5366,0.999,-0.01153,46.1,601.0,0.0
0.05307,0.4062,0.2273,0.8154,0.9995,0.794,1588.0,1300.0,0.0
0.11957,0.5073,0.8604,0.8843,0.999,0.3247,1098.0,1649.0,0.0
4.383,0.762,0.996,0.4504,0.9995,0.98,182.8,1646.0,0.0
5.492,0.6816,0.7886,0.3008,0.9995,-0.9272,1189.0,1562.0,0.0
0.5737,0.8735,0.8604,0.877,0.9995,0.7256,755.5,460.5,0.0
7.656,0.8594,0.577,0.2656,0.9995,0.705,140.8,134.4,0.0
0.3167,0.1143,0.682,0.5376,0.9995,-0.2566,1846.0,1350.0,0.0
-0.008865,0.653,0.3755,0.6533,0.9995,0.11383,317.2,996.0,0.0
1.208,0.4373,0.1925,0.3694,0.999,0.1676,1379.0,1618.0,0.0
2.186,0.6035,0.7607,0.423,1.0,-0.68,329.2,1481.0,0.0
0.07794,0.4756,0.3145,0.971,0.9995,0.8813,576.5,229.9,0.0
0.4065,0.693,0.883,0.837,0.999,0.663,999.0,1236.0,0.0
16.58,0.452,0.7573,0.0876,0.999,-0.7944,449.8,383.8,0.0
21.36,0.5073,0.1403,0.03528,0.9995,0.5366,1012.0,1098.0,0.0
7.21,0.8687,0.9614,0.3367,0.9995,-0.242,231.6,641.0,0.0
2.016,0.3572,0.8145,0.3384,1.0,-0.7803,127.44,325.2,0.0
0.7075,0.11475,0.2517,0.8936,1.0,-0.5303,1377.0,91.94,0.0
0.732,0.01113,0.8545,0.9824,0.9995,-0.7163,143.2,355.5,0.0
0.28,0.987,0.5566,0.8506,1.0,0.6094,1284.0,373.2,0.0
19.94,0.65,0.8203,0.07117,0.9995,-0.529,1697.0,1649.0,0.0
0.978,0.3833,0.3872,0.35,0.9995,-0.7173,1051.0,331.0,0.0
0.1072,0.8823,0.10767,0.8496,0.9995,-0.1432,961.0,1628.0,0.0
0.2693,0.7974,0.8384,0.964,0.999,-0.5176,1630.0,1117.0,0.0
0.1683,0.954,0.535,0.867,1.0,-0.5366,1354.0,342.8,0.0
0.4658,0.0912,0.8394,0.8857,0.9995,0.2944,1390.0,1969.0,0.0
0.3445,0.09546,0.9937,0.5146,0.999,-0.4355,1628.0,504.5,0.0
0.05804,0.618,0.691,0.8555,0.9995,0.6577,172.0,906.5,0.0
10.43,0.92,0.4866,0.1874,0.9995,-0.3088,1311.0,1143.0,0.0
5.938,0.3286,0.1968,0.1992,0.9995,-0.4246,630.5,1400.0,0.0
0.5513,0.1979,0.2017,0.7046,0.9995,-0.6562,781.5,725.5,0.0
0.7915,0.8794,0.3079,0.4785,0.9995,-0.579,172.9,955.0,0.0
8.78,0.65,0.8994,0.2311,0.9995,-0.572,1124.0,922.0,0.0
1.123,0.394,0.5547,0.3765,0.9995,-0.452,1085.0,279.2,0.0
0.4875,0.4373,0.1744,0.999,0.9995,-0.2388,259.0,878.5,0.0
4.406,0.3452,0.827,0.2573,0.999,-0.3677,1799.0,446.5,0.0
0.10626,0.361,0.2263,0.739,0.9995,0.0921,1329.0,432.0,0.0
0.0944,0.1554,0.1449,0.4985,0.9995,0.1019,530.0,1505.0,0.0
12.484,0.848,0.7344,0.1831,0.9995,0.4395,1378.0,1774.0,0.0
6.105,0.2369,0.657,0.1947,0.999,-0.4802,1744.0,1402.0,0.0
0.825,0.768,0.3784,0.5405,1.0,0.496,570.0,1381.0,0.0
0.2262,0.705,0.2119,0.9907,0.999,-0.0322,1397.0,987.0,0.0
0.2273,0.2198,0.9785,0.5894,1.0,-0.01419,139.2,15.96,0.0
0.3445,0.0676,0.757,0.492,1.0,-0.0106,1418.0,1446.0,0.0
1.233,0.5312,0.5645,0.439,0.9995,-0.04453,52.78,407.5,0.0
1.74,0.9067,0.5444,0.5107,1.0,-0.2472,775.0,235.2,0.0
20.08,0.2319,0.517,0.0527,0.999,0.9326,1821.0,389.8,0.0
0.487,0.709,0.903,0.8506,0.9995,-0.001402,1113.0,1095.0,0.0
0.3286,0.4229,0.915,0.9976,0.999,-0.2323,1130.0,775.0,0.0
0.3098,0.4172,0.324,0.829,0.999,-0.4854,1381.0,365.5,0.0
0.3203,0.3562,0.9473,0.643,0.999,-0.5303,568.0,1532.0,0.0
0.4087,0.2666,0.888,0.9688,0.999,-0.00489,1752.0,892.5,0.0
20.25,0.8125,0.621,0.06964,1.0,-0.0509,241.8,917.5,0.0
16.02,0.5234,0.4565,0.0962,0.9995,0.366,1712.0,1870.0,0.0
0.229,0.1091,0.935,0.367,0.999,0.4783,596.5,185.1,0.0
24.77,0.5625,0.907,0.0256,0.9995,-0.1565,1762.0,1389.0,0.0
4.62,0.866,0.7734,0.3938,1.0,0.226,1564.0,455.8,0.0
-0.02182,0.6294,0.4395,0.925,0.9995,0.4258,1728.0,287.8,0.0
2.11,0.946,0.68,0.589,0.9995,0.8105,1124.0,1441.0,0.0
0.777,0.09064,0.1029,0.3118,0.9995,0.757,589.0,302.0,0.0
0.4607,0.843,0.4722,0.7305,0.9995,0.9883,618.5,1620.0,0.0
3.375,0.2068,0.8447,0.2434,1.0,-0.5054,989.0,1512.0,0.0
1.366,0.3477,0.7393,0.3762,0.999,-0.2054,795.0,327.0,0.0
18.06,0.4597,0.736,0.072,1.0,-0.958,814.5,1021.5,0.0
1.553,0.861,0.4346,0.5103,0.9995,0.6357,1111.0,46.97,0.0
0.4153,0.499,0.5435,0.568,0.9995,0.4485,1001.5,1990.0,0.0
2.691,0.9795,0.7607,0.543,0.9995,-0.4783,345.2,1980.0,0.0
17.95,0.7993,0.823,0.10956,0.999,0.5845,1034.0,524.5,0.0
0.0661,0.341,0.4604,0.7407,0.9995,0.10626,91.56,1524.0,0.0
7.1,0.9277,0.2578,0.2157,0.999,-0.957,254.9,957.5,0.0
2.428,0.235,0.159,0.2773,1.0,0.272,1005.0,1278.0,0.0
0.926,0.771,0.791,0.698,1.0,-0.349,635.5,306.5,0.0
0.4658,0.1578,0.3538,0.3596,0.9995,0.4856,500.2,260.5,0.0
0.03195,0.4614,0.1699,0.6924,0.9995,0.789,852.0,121.6,0.0
0.519,0.1533,0.928,0.8384,0.999,-0.6084,1004.5,2.492,0.0
20.3,0.9766,0.72,0.0879,0.9995,0.6504,1636.0,486.8,0.0
14.9,0.7817,0.4766,0.116,0.999,0.1776,485.2,530.0,0.0
7.906,0.8384,0.2378,0.2002,0.999,-0.329,1316.0,1011.5,0.0
0.99,0.9653,0.1674,0.5054,1.0,0.4468,1779.0,1469.0,0.0
0.5605,0.9287,0.953,0.939,0.9995,0.6655,352.2,327.8,0.0
22.44,0.4128,0.1307,0.02036,1.0,0.02486,186.8,1097.0,0.0
-0.04767,0.624,0.1818,0.6323,1.0,0.4482,1476.0,396.2,0.0
0.0753,0.3875,0.4321,0.535,1.0,0.05206,1552.0,1790.0,0.0
20.08,0.1004,0.486,0.05182,1.0,0.94,570.5,614.5,0.0
0.4915,0.3147,0.7866,0.457,0.999,-0.564,937.0,1665.0,0.0
7.2,0.9263,0.1593,0.2123,0.999,-0.562,1145.0,42.4,0.0
2.395,0.9434,0.8623,0.6025,0.999,-0.733,438.0,1244.0,0.0
11.39,0.199,0.2499,0.12317,0.999,-0.9478,710.5,1015.5,0.0
8.28,0.521,0.1265,0.1749,0.9995,-0.10077,1760.0,442.8,0.0
0.366,0.809,0.888,0.9414,0.9995,-0.1473,1622.0,1440.0,0.0
4.73,0.319,0.23,0.2361,0.999,0.5405,178.8,1010.0,0.0
0.487,0.811,0.709,0.787,0.9995,0.03714,980.0,145.2,0.0
0.1433,0.1428,0.922,0.4795,0.999,0.5303,662.0,1488.0,0.0
3.084,0.583,0.3484,0.3418,1.0,0.947,840.5,360.5,0.0
18.11,0.3464,0.2605,0.06274,0.9995,-0.1414,223.1,549.0,0.0
0.3699,0.0429,0.2015,0.873,0.9995,0.838,1253.0,1699.0,0.0
19.02,0.99,0.733,0.0993,0.9995,0.0262,1468.0,1971.0,0.0
0.7603,0.0313,0.4775,0.709,0.9995,-0.2825,1042.0,483.0,0.0
0.704,0.0557,0.657,0.9575,1.0,-0.2047,973.0,169.2,0.0
0.10284,0.2686,0.9727,0.7354,0.999,0.9683,1142.0,1319.0,0.0
10.836,0.2422,0.8247,0.1382,1.0,-0.3933,814.0,1760.0,0.0
0.529,0.04825,0.7397,0.545,1.0,-0.01714,1753.0,187.4,0.0
0.0507,0.3574,0.4656,0.581,0.9995,-0.466,1230.0,1555.0,0.0
3.129,0.744,0.8022,0.4385,0.9995,-0.1285,1532.0,1155.0,0.0
0.1921,0.3936,0.88,0.7036,0.9995,0.427,327.0,727.0,0.0
0.1609,0.4214,0.4949,0.8086,0.9995,-0.1719,77.94,1648.0,0.0
0.287,0.1798,0.1148,0.8096,0.9995,0.673,1873.0,1199.0,0.0
0.657,0.1357,0.2952,0.91,0.9995,-0.4812,1593.0,1573.0,0.0
15.23,0.8784,0.1356,0.0914,1.0,-0.3374,642.5,1712.0,0.0
0.0915,0.3354,0.795,0.864,0.999,0.4675,1871.0,1284.0,0.0
0.1936,0.03183,0.661,0.4211,0.9995,0.8345,1664.0,987.0,0.0
4.453,0.977,0.6206,0.3635,0.9995,-0.953,857.0,1845.0,0.0
2.326,0.9336,0.1359,0.3396,0.9995,-0.7725,894.5,166.1,0.0
0.4614,0.01807,0.6484,0.5664,1.0,0.678,777.0,891.0,0.0
0.772,0.03366,0.1696,0.98,0.9995,-0.0996,1088.0,695.0,0.0
0.2125,0.5815,0.705,0.882,0.9995,-0.822,36.2,655.5,0.0
0.4243,0.041,0.1467,0.995,0.999,0.666,1548.0,741.0,0.0
1.381,0.767,0.7334,0.5767,0.999,-0.781,1034.0,273.2,0.0
1.294,0.913,0.8706,0.7524,0.999,0.0659,221.8,465.5,0.0
2.855,0.546,0.599,0.361,0.9995,0.5557,655.0,1101.0,0.0
0.732,0.03607,0.2935,0.634,0.999,-0.9854,1173.0,1590.0,0.0
18.38,0.844,0.707,0.0946,0.9995,-0.12335,1591.0,1115.0,0.0
2.248,0.2101,0.7983,0.3105,0.9995,0.876,129.6,1732.0,0.0
3.014,0.5947,0.747,0.385,0.9995,0.3337,1281.0,1095.0,0.0
4.355,0.3767,0.1359,0.2554,0.9995,0.704,1723.0,1852.0,0.0
0.0337,0.837,0.161,0.8936,0.999,0.8745,1487.0,440.5,0.0
3.828,0.9136,0.849,0.496,0.999,0.992,1135.0,1712.0,0.0
0.4124,0.4448,0.4622,0.4395,0.999,-0.731,1154.0,417.8,0.0
3.102,0.4229,0.665,0.317,0.9995,0.00989,1373.0,450.0,0.0
21.77,0.3723,0.3096,0.02925,1.0,0.02971,1703.0,1660.0,0.0
7.6,0.9556,0.3518,0.2383,0.999,0.2386,1105.0,1622.0,0.0
15.51,0.4307,0.6147,0.09985,1.0,0.0454,922.5,1094.0,0.0
0.0763,0.569,0.1842,0.8765,0.9995,0.99,1631.0,1488.0,0.0
-0.02147,0.3423,0.2795,0.613,0.999,-0.0626,1853.0,1290.0,0.0
0.2128,0.912,0.4768,0.828,1.0,0.9077,651.5,600.5,0.0
4.195,0.5884,0.427,0.2947,0.9995,0.2366,1380.0,1905.0,0.0
3.914,0.9966,0.932,0.5474,0.9995,0.7935,397.8,1330.0,0.0
16.23,0.52,0.3848,0.0832,0.999,-0.637,957.5,153.5,0.0
0.05206,0.5103,0.4622,0.741,0.9995,0.9976,439.5,1498.0,0.0
1.536,0.8022,0.6055,0.5747,1.0,0.9473,648.0,344.5,0.0
13.31,0.2607,0.7866,0.12274,0.9995,0.9053,1097.0,649.0,0.0
20.38,0.284,0.6577,0.05096,0.9995,0.686,227.0,306.2,0.0
3.217,0.995,0.36,0.3992,1.0,0.7427,898.0,311.2,0.0
14.54,0.57,0.8,0.12494,0.999,0.03156,51.38,405.2,0.0
10.44,0.75,0.5957,0.1766,1.0,-0.8213,1757.0,141.6,0.0
9.92,0.2052,0.911,0.1547,1.0,0.4497,236.5,1460.0,0.0
2.727,0.5493,0.4143,0.3203,0.9995,-0.4287,1474.0,1863.0,0.0
18.69,0.866,0.6587,0.0967,1.0,0.9146,1444.0,1423.0,0.0
0.02318,0.861,0.3977,0.756,0.999,-0.484,1408.0,647.5,0.0
0.6475,0.3933,0.782,0.5356,1.0,0.4563,1322.0,1548.0,0.0
0.3306,0.1196,0.4753,0.9272,1.0,0.6274,695.0,1423.0,0.0
6.676,0.155,0.164,0.1876,1.0,0.257,1111.0,1918.0,0.0
6.77,0.6772,0.5684,0.2393,0.999,-0.7397,1747.0,1119.0,0.0
0.10785,0.286,0.511,0.618,0.9995,-0.3535,1372.0,1805.0,0.0
1.471,0.428,0.834,0.426,1.0,-0.3174,661.0,1733.0,0.0
20.58,0.06525,0.1882,0.04517,0.999,0.4648,597.5,217.2,0.0
0.1371,0.9243,0.2783,0.7256,0.999,0.6953,1321.0,1566.0,0.0
0.07837,0.7036,0.47,0.7754,1.0,0.8335,1656.0,405.8,0.0
0.5503,0.2527,0.3127,0.935,1.0,-0.4666,828.0,1667.0,0.0
0.0982,0.654,0.118,0.746,0.9995,-0.308,343.8,575.5,0.0
20.08,0.3955,0.326,0.0401,0.9995,-0.772,858.5,718.0,0.0
10.59,0.672,0.9375,0.2051,1.0,-0.2761,1567.0,642.5,0.0
6.047,0.2688,0.967,0.2231,1.0,0.7944,1826.0,1656.0,0.0
0.00837,0.321,0.2052,0.525,0.9995,-0.5347,419.0,1962.0,0.0
0.2261,0.5107,0.5283,0.876,0.9995,-0.641,370.0,709.0,0.0
0.256,0.3296,0.10693,0.807,0.9995,0.2878,164.5,1233.0,0.0
2.28,0.8037,0.8706,0.59,0.999,0.931,564.0,754.5,0.0
2.508,0.4,0.3503,0.2954,0.999,-0.4097,1259.0,1142.0,0.0
20.72,0.701,0.545,0.06055,1.0,0.4373,1121.0,1334.0,0.0
0.4072,0.0311,0.709,0.944,0.9995,0.988,725.0,290.0,0.0
0.12494,0.262,0.9277,0.647,0.9995,0.6567,1873.0,871.0,0.0
27.23,0.6797,0.833,0.010056,0.9995,0.1631,1627.0,717.5,0.0
0.1774,0.53,0.7314,0.9146,0.9995,0.02963,103.94,47.84,0.0
15.336,0.0639,0.415,0.0881,1.0,-0.7466,1609.0,19.5,0.0
2.01,0.481,0.9517,0.45,0.9995,0.1382,555.0,537.0,0.0
0.0824,0.8237,0.4531,0.8237,1.0,-0.819,295.8,1907.0,0.0
0.855,0.6895,0.1162,0.4407,0.9995,0.1759,331.0,960.0,0.0
8.38,0.559,0.2261,0.1809,1.0,0.2544,1303.0,713.5,0.0
0.403,0.6655,0.7593,0.7866,0.9995,0.9854,1278.0,208.5,0.0
0.245,0.897,0.695,0.924,0.999,-0.438,889.0,1745.0,0.0
6.137,0.0315,0.1678,0.2161,1.0,0.8174,1859.0,1005.5,0.0
0.6963,0.503,0.937,0.6636,0.9995,0.6465,552.0,613.0,0.0
0.1179,0.2452,0.4321,0.4949,0.9995,-0.971,742.0,1127.0,0.0
20.0,0.4314,0.8994,0.05594,0.999,-0.7993,515.0,1746.0,0.0
7.375,0.862,0.807,0.2898,0.9995,-0.8555,1828.0,1851.0,1.0
0.5166,0.5825,0.4363,0.5464,0.9995,0.4788,1071.0,636.5,2.0
0.0764,0.1685,0.355,0.545,0.9995,0.1412,1778.0,1988.0,3.0
0.4634,0.4343,0.1384,0.8945,1.0,-0.3503,1343.0,732.5,4.0
0.2542,0.4497,0.564,0.875,0.999,-0.5327,1810.0,1022.5,5.0
0.2534,0.0941,0.5522,0.7266,0.9995,0.809,266.8,818.0,6.0
0.1884,0.609,0.6626,0.754,0.9995,0.06946,1129.0,491.2,7.0
0.1494,0.3262,0.7324,0.632,0.9995,-0.0381,1456.0,774.0,8.0
0.5713,0.1459,0.1971,0.596,0.999,-0.817,1092.0,530.0,9.0
0.10864,0.297,0.8516,0.767,0.9995,0.2798,984.0,1912.0,10.0
0.1381,0.404,0.5625,0.781,0.9995,-0.1821,1475.0,1115.0,11.0
0.4045,0.6772,0.667,0.71,0.9995,0.0777,744.5,775.5,12.0
-0.001785,0.4307,0.4136,0.827,0.999,0.927,796.5,69.8,13.0
-0.002552,0.3086,0.5127,0.721,0.9995,0.4346,783.5,835.5,14.0
0.088,0.2625,0.545,0.5312,0.999,-0.3542,1261.0,870.5,15.0
4.555,0.692,0.4702,0.3079,1.0,0.4492,627.0,29.98,1.0
0.004044,0.7905,0.521,0.981,1.0,0.2976,1101.0,174.2,2.0
0.2211,0.2615,0.122,0.812,0.9995,0.9834,1467.0,373.8,3.0
5.977,0.3538,0.6807,0.2098,0.9995,-0.7812,551.0,1720.0,4.0
0.2203,0.48,0.5854,0.604,0.9995,-0.2251,847.5,657.5,5.0
0.73,0.407,0.7715,0.5454,0.9995,0.7544,1646.0,1189.0,6.0
0.1007,0.473,0.631,0.6836,0.9995,0.2588,1222.0,935.5,7.0
0.4731,0.717,0.6597,0.7124,0.9995,0.3604,704.5,807.0,8.0
0.558,0.349,0.5156,0.4553,0.9995,0.421,695.5,734.5,9.0
0.1009,0.1616,0.3728,0.5464,0.9995,0.09357,493.8,965.0,10.0
-0.008354,0.653,0.5933,0.9375,0.9995,0.469,1663.0,1879.0,11.0
0.01637,0.597,0.522,0.7373,0.9995,0.227,902.5,932.0,12.0
0.0943,0.1534,0.2664,0.563,1.0,0.748,1184.0,561.5,13.0
-0.0047,0.416,0.2996,0.799,0.9995,0.6387,1290.0,632.0,14.0
0.2023,0.4175,0.712,0.8174,0.9995,-0.307,860.0,736.0,15.0
0.2288,0.2405,0.4685,0.646,0.9995,-0.4941,902.0,1382.0,1.0
0.3882,0.7217,0.3518,0.52,0.9995,-0.417,816.0,614.5,2.0
-0.0397,0.482,0.432,0.81,0.9995,0.4038,303.5,238.5,3.0
0.856,0.9243,0.4277,0.5425,0.9995,-0.8726,469.5,380.0,4.0
0.1941,0.3362,0.551,0.4797,1.0,-0.3767,1231.0,1017.5,5.0
0.4155,0.4224,0.287,0.469,0.9995,0.4336,1135.0,393.8,6.0
14.414,0.0304,0.378,0.11084,0.9995,-0.866,1862.0,707.5,7.0
0.08344,0.3088,0.4875,0.5264,1.0,-0.754,1055.0,998.5,8.0
0.02098,0.01458,0.2607,0.3425,0.999,0.04642,1702.0,268.8,9.0
0.2373,0.1445,0.5557,0.733,1.0,0.3806,921.5,1202.0,10.0
0.07544,0.7007,0.3713,0.626,0.999,-0.04294,734.5,752.5,11.0
0.2578,0.297,0.882,0.778,1.0,-0.3882,159.0,832.0,12.0
0.2158,0.3381,0.721,0.582,0.9995,-0.059,503.2,836.0,13.0
0.07996,0.3137,0.4883,0.629,0.9995,-0.3008,853.5,988.5,14.0
0.1102,0.3696,0.6177,0.6265,0.9995,-0.2203,619.0,635.5,15.0
1.329,0.776,0.4675,0.4985,0.9995,0.243,904.5,656.5,1.0
0.5396,0.0741,0.5347,0.589,0.999,-0.291,622.5,1472.0,2.0
5.984,0.2764,0.9956,0.2079,0.9995,-0.6665,1275.0,822.5,3.0
0.2502,0.4717,0.883,0.8237,0.9995,-0.3252,1188.0,1693.0,4.0
0.6953,0.02892,0.799,0.614,0.999,-0.986,1224.0,1408.0,5.0
0.7554,0.3853,0.693,0.457,1.0,-0.0931,770.5,1392.0,6.0
0.1488,0.0755,0.442,0.4514,0.9995,0.175,1412.0,1562.0,7.0
-0.06186,0.3547,0.3362,0.584,1.0,0.1698,634.0,1150.0,8.0
0.1155,0.1449,0.986,0.3633,0.999,-0.63,568.5,1914.0,9.0
0.2659,0.3901,0.658,0.591,1.0,0.538,1602.0,1207.0,10.0
0.2795,0.1942,0.6885,0.759,0.9995,0.0714,1464.0,1326.0,11.0
0.1173,0.2174,0.5923,0.676,0.9995,0.1788,1375.0,1290.0,12.0
0.2096,0.2915,0.8125,0.905,0.9995,0.2852,652.5,790.5,13.0
0.1816,0.567,0.7124,0.796,0.9995,-0.04446,1323.0,1446.0,14.0
0.1196,0.2307,0.1964,0.5034,1.0,0.675,951.5,972.0,15.0
11.734,0.7515,0.8506,0.1855,0.999,-0.5757,1465.0,1475.0,1.0
2.352,0.6445,0.7334,0.4307,0.9995,-0.2328,1152.0,1328.0,2.0
1.178,0.5977,0.654,0.4897,0.9995,-0.4531,1096.0,1441.0,3.0
1.84,0.697,0.642,0.488,0.9995,0.4302,1348.0,44.7,4.0
0.033,0.589,0.743,0.9814,0.9995,0.544,1376.0,1335.0,5.0
0.4124,0.513,0.621,0.5854,0.9995,-0.0769,1100.0,1305.0,6.0
0.6465,0.12274,0.2822,0.87,0.9995,-0.382,1164.0,834.0,7.0
0.2294,0.1954,0.484,0.9067,0.9995,0.646,827.5,1027.0,8.0
0.4475,0.7563,0.686,0.762,0.9995,0.569,1135.0,1767.0,9.0
0.419,0.06805,0.426,0.875,0.9995,0.508,833.0,821.5,10.0
0.1393,0.188,0.624,0.6836,0.9995,0.2769,1359.0,756.0,11.0
0.03598,0.437,0.6074,0.6953,0.9995,0.2349,1021.0,1212.0,12.0
0.204,0.2798,0.751,0.538,0.9995,-0.5796,855.5,1761.0,13.0
0.3503,0.2566,0.4233,0.818,0.9995,-0.11304,1149.0,977.5,14.0
0.1896,0.2046,0.518,0.8022,0.9995,0.4365,894.0,1066.0,15.0
0.2988,0.3276,0.669,0.4976,0.9995,-0.1749,833.0,1304.0,1.0
0.0808,0.318,0.9175,0.9287,0.9995,0.882,59.9,96.94,2.0
6.516,0.355,0.2502,0.1974,0.9995,0.02333,1819.0,636.5,3.0
0.4426,0.2169,0.5913,0.802,0.9995,-0.564,873.0,402.0,4.0
0.3064,0.3809,0.746,0.588,0.9995,-0.09106,504.8,1166.0,5.0
0.305,0.3728,0.3914,0.4583,0.9995,0.1212,1153.0,792.0,6.0
0.1432,0.3743,0.3616,0.6733,0.999,-0.6953,770.0,1654.0,7.0
0.06003,0.3403,0.5894,0.623,0.9995,0.02399,591.0,1137.0,8.0
0.4314,0.1932,0.3645,0.843,0.9995,0.005814,761.5,857.0,9.0
5.57,0.752,0.382,0.255,0.999,-0.689,1389.0,434.5,10.0
0.2041,0.2896,0.5405,0.744,0.9995,-0.1799,667.5,702.0,11.0
0.1294,0.3203,0.871,0.897,0.9995,0.4402,736.0,1547.0,12.0
0.0855,0.34,0.316,0.7515,0.9995,0.1608,330.5,1138.0,13.0
0.06647,0.329,0.2141,0.735,0.9995,0.3884,446.5,945.5,14.0
0.2152,0.2683,0.4739,0.7915,0.9995,0.096,605.5,876.0,15.0
1.58,0.7427,0.7563,0.565,0.9995,-0.1558,115.9,1401.0,1.0
0.8384,0.1833,0.4492,0.337,0.9995,0.332,1369.0,901.5,2.0
9.81,0.66,0.7754,0.1976,1.0,-0.573,258.8,1693.0,3.0
0.1499,0.723,0.4932,0.6777,0.9995,-0.9233,1738.0,1050.0,4.0
0.3787,0.2179,0.88,0.9165,1.0,0.08905,377.5,945.0,5.0
0.6978,0.06555,0.479,0.958,0.9995,-0.2468,13.8,1302.0,6.0
0.5093,0.1946,0.632,0.8286,0.9995,-0.696,352.5,1144.0,7.0
0.6694,0.8447,0.699,0.7427,0.999,-0.3079,1290.0,230.5,8.0
0.9014,0.586,0.8467,0.623,0.999,-0.2277,1159.0,1281.0,9.0
0.2505,0.393,0.4775,0.845,1.0,-0.2388,930.5,1418.0,10.0
0.0991,0.151,0.899,0.422,0.9995,-0.4155,860.5,1582.0,11.0
0.1456,0.3313,0.8735,0.676,0.9995,0.344,1014.5,1509.0,12.0
0.1543,0.485,0.4592,0.9497,0.999,0.1749,716.5,673.0,13.0
2.174,0.2279,0.633,0.3167,0.999,0.9277,1696.0,1576.0,14.0
0.2842,0.4434,0.8267,0.681,0.999,-0.686,21.62,226.2,15.0
0.8667,0.6133,0.6265,0.5796,0.9995,0.6143,1083.0,1392.0,1.0
0.661,0.433,0.9175,0.574,1.0,-0.7495,125.06,70.0,2.0
0.414,0.679,0.596,0.648,0.999,-0.546,1820.0,1453.0,3.0
0.4636,0.933,0.4187,0.6724,0.9995,0.2815,1536.0,990.5,4.0
-0.1447,0.747,0.1787,0.6494,0.9995,-0.4663,433.5,1710.0,5.0
0.151,0.374,0.3777,0.4673,0.9995,-0.10376,1055.0,1159.0,6.0
0.02661,0.268,0.688,0.725,0.9995,0.5728,1224.0,1959.0,7.0
0.3174,0.4277,0.717,0.604,0.9995,-0.1713,560.5,643.5,8.0
0.2363,0.1727,0.1063,0.4937,1.0,-0.4731,695.5,1321.0,9.0
0.092,0.4758,0.5127,0.7236,1.0,-0.6924,1439.0,1138.0,10.0
4.086,0.3347,0.942,0.27,0.9995,-0.4282,1164.0,73.3,11.0
0.3784,0.968,0.6885,0.8833,1.0,0.5796,742.5,815.5,12.0
-0.01666,0.8657,0.355,0.74,0.9995,-0.1621,1067.0,512.0,13.0
0.0863,0.0929,0.983,0.4258,1.0,0.4407,1023.0,1218.0,14.0
0.0888,0.2168,0.62,0.5605,0.9995,0.6973,1176.0,638.0,15.0
0.04712,0.8906,0.3225,0.892,0.9995,-0.4045,1691.0,767.0,1.0
4.293,0.842,0.9956,0.456,0.9995,-0.973,112.6,1253.0,2.0
0.4,0.3342,0.7627,0.9673,1.0,-0.3877,748.5,1254.0,3.0
0.6367,0.2847,0.1536,0.933,0.9995,-0.66,1204.0,1668.0,4.0
-0.05075,0.2465,0.2465,0.384,1.0,-0.712,296.8,1891.0,5.0
1.314,0.7188,0.1725,0.378,0.9995,-0.3706,1653.0,1656.0,6.0
0.207,0.2404,0.6333,0.806,0.9995,0.219,853.5,775.0,7.0
0.2698,0.3987,0.323,0.798,0.9995,-0.4302,1097.0,1469.0,8.0
0.2302,0.3567,0.614,0.7944,0.9995,-0.4192,835.0,1248.0,9.0
0.35,0.3394,0.8066,0.945,0.9995,-0.2117,322.2,1019.5,10.0
0.1158,0.386,0.4148,0.7095,0.9995,-0.4395,990.0,1340.0,11.0
0.2507,0.3025,0.658,0.4434,0.999,-0.9976,70.1,921.0,12.0
0.1423,0.2085,0.3525,0.5586,0.9995,-0.2783,943.5,878.0,13.0
0.0799,0.4053,0.523,0.7104,0.9995,-0.304,866.5,1275.0,14.0
0.1425,0.3394,0.5635,0.5137,0.9995,-0.6323,401.0,1101.0,15.0
12.03,0.7275,0.3215,0.1433,1.0,0.6807,632.0,996.0,1.0
4.89,0.2952,0.8765,0.2285,1.0,-0.7734,115.3,625.5,2.0
-0.05008,0.531,0.4944,0.748,0.9995,0.4463,1599.0,1170.0,3.0
-0.01065,0.301,0.366,0.4832,0.9995,-0.1398,700.5,881.5,4.0
0.3782,0.5967,0.5923,0.6553,0.9995,0.6343,975.5,766.5,5.0
0.2961,0.711,0.809,0.848,0.9995,0.5215,822.5,670.5,6.0
6.62,0.914,0.10986,0.2443,0.9995,0.523,1170.0,1223.0,7.0
0.758,0.5513,0.7793,0.616,0.9995,0.4697,1271.0,760.0,8.0
0.04428,0.5195,0.4375,0.8403,0.9995,0.1456,1198.0,1405.0,9.0
0.07275,0.3506,0.1146,0.646,1.0,0.151,1458.0,1711.0,10.0
0.1709,0.1576,0.4307,0.664,0.9995,0.3315,1019.5,1356.0,11.0
0.3167,0.1964,0.1287,0.767,1.0,0.276,1292.0,1771.0,12.0
0.0556,0.337,0.265,0.7437,1.0,0.321,1245.0,1483.0,13.0
0.0936,0.2352,0.4976,0.4426,0.9995,-0.02748,1285.0,1042.0,14.0
0.01791,0.4585,0.597,0.7695,0.9995,0.2115,920.0,1357.0,15.0
10.56,0.08417,0.7524,0.146,1.0,0.6943,1636.0,802.0,1.0
0.01828,0.3179,0.424,0.595,0.9995,0.637,71.75,1779.0,2.0
-0.01271,0.723,0.5435,0.9795,1.0,0.9214,724.5,453.2,3.0
0.735,0.921,0.6177,0.709,0.999,-0.5137,1240.0,1131.0,4.0
0.1957,0.7056,0.6226,0.7847,0.9995,-0.82,1338.0,1546.0,5.0
0.1892,0.4204,0.649,0.7896,0.9995,-0.5444,1547.0,451.0,6.0
0.2751,0.3254,0.4246,0.825,0.9995,-0.103,1209.0,871.0,7.0
0.1791,0.406,0.5356,0.587,0.9995,0.5474,869.0,1430.0,8.0
0.08234,0.618,0.5537,0.788,0.9995,-0.1718,1113.0,1244.0,9.0
0.2101,0.4016,0.2307,0.698,1.0,-0.6245,831.0,908.5,10.0
-0.02155,0.798,0.4058,0.8154,1.0,0.639,575.5,1111.0,11.0
-0.004585,0.44,0.2874,0.811,0.9995,0.6743,545.5,769.0,12.0
0.04514,0.375,0.2471,0.7886,0.9995,0.5283,1323.0,1212.0,13.0
0.1423,0.7666,0.517,0.761,0.9995,-0.1008,1120.0,1078.0,14.0
0.08295,0.548,0.5225,0.825,0.9995,-0.02394,1260.0,740.0,15.0
0.3127,0.1494,0.2325,0.942,0.9995,0.663,29.45,637.5,1.0
0.5967,0.1794,0.7407,0.3843,0.9995,0.619,349.8,586.5,2.0
0.1344,0.9185,0.3606,0.9966,1.0,-0.3281,1537.0,101.7,3.0
-0.1469,0.117,0.2239,0.3486,0.999,-0.818,384.2,1958.0,4.0
0.1667,0.3713,0.5522,0.5693,0.9995,0.4468,722.0,789.5,5.0
12.87,0.533,0.7246,0.1458,0.999,0.891,1849.0,1489.0,6.0
0.747,0.3538,0.594,0.464,1.0,0.6763,148.6,815.5,7.0
0.798,0.7754,0.649,0.6533,0.9995,-0.1048,701.5,1464.0,8.0
0.4517,0.1708,0.2542,0.7065,0.9995,-0.3047,864.0,1792.0,9.0
0.10486,0.3032,0.48,0.887,1.0,0.6816,1510.0,100.9,10.0
0.0718,0.4163,0.4556,0.9644,0.9995,0.9595,1000.5,14.77,11.0
0.2155,0.519,0.5903,0.6226,1.0,-0.5903,891.5,620.0,12.0
0.1058,0.3945,0.344,0.9106,0.9995,0.5063,642.5,542.5,13.0
0.11096,0.3396,0.3513,0.7534,0.9995,0.07086,990.0,1176.0,14.0
0.003536,0.4456,0.538,0.6743,1.0,0.3975,599.0,573.5,15.0
0.2979,0.4585,0.4492,0.862,0.9995,-0.814,28.94,227.1,1.0
1.322,0.6514,0.6577,0.513,0.9995,-0.04556,693.0,1557.0,2.0
0.1118,0.0597,0.2324,0.3267,1.0,-0.98,1431.0,223.4,3.0
3.242,0.6284,0.704,0.387,0.9995,0.773,1703.0,683.5,4.0
0.1466,0.5337,0.52,0.6245,0.9995,-0.226,859.0,1140.0,5.0
0.2238,0.6675,0.659,0.7617,0.9995,0.2817,887.5,731.5,6.0
0.0881,0.4424,0.4001,0.74,0.9995,-0.3472,1104.0,674.0,7.0
0.1725,0.5933,0.588,0.698,0.9995,-0.2808,887.5,632.5,8.0
0.323,0.3887,0.589,0.9375,0.9995,-0.2421,1651.0,1989.0,9.0
0.0942,0.2416,0.5283,0.4038,0.999,-0.6924,1538.0,743.5,10.0
0.05292,0.645,0.4814,0.706,0.9995,0.2644,881.0,797.5,11.0
6.344,0.7485,0.7686,0.3103,0.999,0.725,1013.0,688.0,12.0
0.446,0.09534,0.1394,0.8276,0.9995,0.332,1763.0,577.0,13.0
0.2009,0.2632,0.348,0.8125,0.9995,0.2812,1272.0,948.5,14.0
1.641,0.5566,0.648,0.449,0.999,0.324,1044.0,777.5,15.0
0.5967,0.4014,0.4592,0.413,0.9995,-0.339,1149.0,903.5,1.0
0.5283,0.9756,0.4358,0.6704,0.9995,-0.0684,1127.0,1672.0,2.0
0.725,0.7754,0.7725,0.7437,0.9995,0.3523,1080.0,740.0,3.0
0.0899,0.754,0.3032,0.597,0.9995,-0.01269,1676.0,685.5,4.0
0.04056,0.512,0.4368,0.743,0.9995,-0.347,1286.0,1794.0,5.0
5.89,0.8105,0.571,0.2874,1.0,-0.2524,471.5,1102.0,6.0
0.00834,0.5103,0.2455,0.724,0.999,-0.1644,61.12,1998.0,7.0
0.984,0.6636,0.535,0.506,0.9995,-0.1903,727.0,1251.0,8.0
5.41,0.999,0.59,0.3567,0.9995,0.8564,1873.0,1255.0,9.0
0.1558,0.4802,0.4944,0.5757,0.9995,-0.2063,1094.0,1088.0,10.0
0.7104,0.702,0.3967,0.5386,0.9995,0.4348,1185.0,1190.0,11.0
0.3347,0.371,0.517,0.827,0.9995,-0.8833,558.0,1555.0,12.0
-0.1192,0.958,0.26,0.8267,1.0,0.1832,1347.0,714.5,13.0
0.1104,0.5127,0.4812,0.783,0.9995,-0.495,737.5,1292.0,14.0
0.5034,0.1136,0.722,0.7554,0.9995,-0.1531,1347.0,718.0,15.0
0.1321,0.3271,0.2988,0.9224,1.0,0.9116,855.5,1456.0,1.0
0.732,0.01297,0.57,0.4636,0.9995,-0.6313,235.8,1745.0,2.0
0.4116,0.754,0.5913,0.7046,0.9995,0.107,1042.0,1403.0,3.0
0.6006,0.4536,0.626,0.505,0.9995,-0.06964,1393.0,932.5,4.0
0.536,0.3594,0.3398,0.4336,0.9995,0.4011,913.0,181.2,5.0
0.321,0.3552,0.3723,0.878,0.9995,-0.131,1280.0,1452.0,6.0
-0.0935,0.7183,0.293,0.709,0.9995,0.4119,1484.0,1361.0,7.0
0.3357,0.843,0.1334,0.9062,0.999,-0.7104,1357.0,664.5,8.0
0.0319,0.3042,0.7007,0.773,0.9995,0.938,823.0,1986.0,9.0
-0.0753,0.4666,0.3787,0.6367,0.9995,0.2576,1001.5,753.0,10.0
0.7075,0.2822,0.3591,0.4126,0.999,0.727,765.0,81.44,11.0
-0.09064,0.7197,0.2107,0.6694,1.0,-0.7285,1412.0,662.5,12.0
0.3052,0.3862,0.2443,0.867,0.9995,-0.06366,894.0,1134.0,13.0
-0.003397,0.3718,0.2659,0.5713,1.0,-0.4917,1016.0,1772.0,14.0
0.0837,0.5674,0.51,0.6694,0.9995,0.1973,511.2,765.5,15.0
0.06274,0.265,0.815,0.6636,1.0,0.608,966.5,784.0,1.0
0.297,0.09503,0.4712,0.5117,0.999,-0.1247,69.94,75.75,2.0
0.2522,0.2703,0.459,0.9214,1.0,0.326,1754.0,1716.0,3.0
4.902,0.4758,0.85,0.289,0.999,-0.001999,335.5,986.0,4.0
0.2322,0.0825,0.6753,0.637,1.0,0.969,1054.0,663.5,5.0
0.3755,0.2805,0.3752,0.828,0.9995,-0.2224,1226.0,1009.5,6.0
2.062,0.559,0.5454,0.3972,1.0,0.501,1237.0,1393.0,7.0
0.629,0.4229,0.6865,0.5063,0.9995,0.03577,623.5,1137.0,8.0
0.02742,0.2869,0.5205,0.5737,1.0,0.3982,392.0,1616.0,9.0
1.1875,0.73,0.278,0.3774,1.0,-0.965,1476.0,1792.0,10.0
0.833,0.2273,0.6787,0.342,0.9995,-0.3599,1200.0,1900.0,11.0
0.115,0.3423,0.6294,0.5903,0.9995,0.0976,739.0,1187.0,12.0
0.1228,0.1804,0.5034,0.5674,0.9995,0.00782,387.8,665.5,13.0
0.1521,0.3535,0.5405,0.5205,0.9995,-0.1771,864.5,766.0,14.0
0.4407,0.1799,0.959,0.8413,0.9995,-0.214,1751.0,989.5,15.0
6.582,0.607,0.2468,0.2026,0.999,-0.7397,1190.0,753.5,1.0
0.3596,0.204,0.3872,0.9775,0.9995,0.3342,621.5,1339.0,2.0
0.585,0.5215,0.5845,0.5435,0.9995,0.172,1104.0,1045.0,3.0
0.0854,0.523,0.3767,0.7227,0.999,-0.8726,739.0,324.5,4.0
0.7065,0.67,0.7925,0.679,0.999,-0.6504,932.5,1592.0,5.0
0.01831,0.4392,0.3535,0.5464,0.999,0.04892,1162.0,1247.0,6.0
0.02602,0.8735,0.3625,0.6943,0.999,-0.7056,540.5,106.75,7.0
0.263,0.5977,0.1357,0.418,1.0,-0.739,871.0,773.5,8.0
0.309,0.4753,0.1589,0.778,0.999,-0.535,1389.0,1178.0,9.0
12.31,0.01653,0.12195,0.1427,0.999,0.5737,1382.0,110.5,10.0
0.4307,0.9985,0.8076,0.941,0.9995,0.1357,1386.0,1038.0,11.0
0.02011,0.544,0.2502,0.7046,0.999,-0.487,1060.0,894.5,12.0
0.331,0.03876,0.1484,0.4524,0.9995,0.2206,61.9,1543.0,13.0
-0.002832,0.2817,0.4802,0.5957,0.9995,0.1704,803.0,865.5,14.0
0.2233,0.2269,0.353,0.6987,0.999,-0.02559,1185.0,258.5,15.0
-0.04605,0.0824,0.811,0.3645,1.0,-0.6772,115.7,1291.0,1.0
9.37,0.801,0.5376,0.2141,1.0,0.6294,789.5,1671.0,2.0
5.47,0.587,0.252,0.254,1.0,0.669,1375.0,1432.0,3.0
0.3857,0.7617,0.576,0.675,0.9995,-0.9,405.0,599.0,4.0
0.1565,0.758,0.1693,0.984,0.9995,0.1405,473.5,1840.0,5.0
4.28,0.6587,0.4421,0.2861,1.0,-0.624,353.2,1876.0,6.0
0.1857,0.5337,0.5054,0.6045,0.9995,0.02098,939.5,872.0,7.0
0.271,0.2418,0.4106,0.373,0.999,-0.3264,1342.0,1.427,8.0
0.0946,0.57,0.545,0.7026,0.9995,-0.3289,509.2,907.5,9.0
0.5737,0.5503,0.4832,0.4924,0.9995,-0.2593,470.2,1510.0,10.0
0.6636,0.8193,0.3245,0.48,0.9995,-0.6733,813.5,154.0,11.0
-0.0423,0.6523,0.2805,0.815,0.9995,0.845,478.8,290.2,12.0
0.02751,0.3699,0.4487,0.5654,0.999,-0.1254,993.5,583.5,13.0
0.2103,0.92,0.6504,0.9043,0.9995,0.695,1726.0,1461.0,14.0
0.734,0.012886,0.8745,0.731,1.0,-0.1924,1546.0,771.5,15.0
0.2336,0.2634,0.9946,0.7056,0.999,-0.2837,1884.0,1413.0,1.0
0.1465,0.6245,0.5854,0.962,0.9995,0.02786,1074.0,832.0,2.0
0.6387,0.6,0.4307,0.4949,0.9995,-0.01323,693.0,588.0,3.0
0.958,0.1808,0.789,0.3154,0.999,-0.448,1216.0,457.0,4.0
0.3955,0.03958,0.5166,0.689,0.999,0.668,1788.0,1713.0,5.0
0.2137,0.614,0.1844,0.8325,0.9995,-0.371,873.5,975.5,6.0
18.61,0.865,0.858,0.1119,1.0,0.873,1680.0,1898.0,7.0
5.266,0.2151,0.1996,0.2054,0.9995,-0.1974,1275.0,465.5,8.0
-0.10736,0.1987,0.3962,0.368,1.0,-0.9927,419.5,1764.0,9.0
0.339,0.4084,0.708,0.581,0.9995,0.02206,226.9,21.62,10.0
-0.02457,0.4404,0.2458,0.7227,0.9995,0.7285,1477.0,166.5,11.0
0.1267,0.2483,0.8286,0.615,1.0,0.166,1486.0,1741.0,12.0
0.3013,0.7866,0.862,0.952,0.9995,-0.2505,1649.0,1467.0,13.0
0.5654,0.1361,0.4697,0.693,0.9995,-0.752,1559.0,577.0,14.0
0.339,0.8535,0.3398,0.6616,0.999,0.701,377.8,1038.0,15.0
13.12,0.664,0.5303,0.141,0.9995,0.84,555.5,587.0,1.0
1.155,0.9756,0.3442,0.531,1.0,0.2505,1750.0,1893.0,2.0
3.357,0.8506,0.749,0.4304,0.9995,-0.883,343.8,1875.0,3.0
0.5938,0.332,0.6416,0.4207,1.0,-0.3594,822.5,923.5,4.0
0.2201,0.1478,0.1206,0.514,0.999,0.981,271.0,1436.0,5.0
-0.02357,0.428,0.4011,0.7207,0.999,0.839,684.0,1677.0,6.0
0.1584,0.3728,0.6147,0.9536,0.9995,0.363,529.0,839.0,7.0
-0.106,0.735,0.33,0.821,0.9995,0.3987,361.0,1732.0,8.0
0.0576,0.869,0.22,0.6514,1.0,0.4175,103.7,1508.0,9.0
0.3298,0.2727,0.5503,0.853,0.999,-0.01768,801.5,984.5,10.0
0.04297,0.2515,0.6113,0.633,0.9995,0.2173,1172.0,1194.0,11.0
0.02325,0.388,0.4844,0.776,0.9995,0.2345,859.5,1026.0,12.0
0.2856,0.904,0.2324,0.5596,0.9995,-0.0481,798.5,513.0,13.0
0.045,0.4778,0.7373,0.967,1.0,0.599,1510.0,29.22,14.0
0.1729,0.689,0.281,0.473,0.9995,-0.9634,881.0,1704.0,15.0
0.0438,0.4736,0.4172,0.7173,0.9995,-0.4028,1163.0,1538.0,1.0
0.05743,0.3174,0.2688,0.7,0.9995,0.1713,1275.0,417.5,2.0
0.2008,0.4424,0.806,0.706,0.9995,0.541,108.4,808.5,3.0
0.0965,0.3374,0.599,0.776,0.9995,0.1448,847.5,895.0,4.0
-0.0695,0.3704,0.2913,0.6006,0.9995,0.356,1004.5,825.5,5.0
0.0549,0.4375,0.6104,0.685,0.9995,0.1754,541.0,887.0,6.0
0.0371,0.688,0.1304,0.5356,0.9995,-0.02875,1243.0,1017.0,7.0
0.01672,0.5527,0.349,0.56,0.9995,-0.4434,870.5,1293.0,8.0
-0.069,0.432,0.3225,0.668,0.9995,0.07074,1131.0,749.5,9.0
-0.05496,0.4546,0.3894,0.777,0.9995,0.4265,1230.0,563.5,10.0
-0.048,0.5186,0.3726,0.668,0.9995,-0.1886,1131.0,1269.0,11.0
0.1105,0.416,0.674,0.707,0.9995,0.01784,1467.0,1103.0,12.0
-0.0565,0.4521,0.3943,0.6797,0.9995,0.066,595.0,1262.0,13.0
-0.0229,0.5176,0.3674,0.673,0.9995,-0.4175,865.5,677.0,14.0
-0.0799,0.588,0.2615,0.582,0.9995,-0.04898,1045.0,1049.0,15.0
0.191,0.739,0.6855,0.9,0.9995,-0.1656,1718.0,514.5,1.0
0.07056,0.3438,0.597,0.661,0.999,0.875,910.5,1387.0,2.0
0.1436,0.2688,0.4038,0.5303,0.999,-0.9883,837.0,504.8,3.0
-0.05634,0.4805,0.2893,0.4963,1.0,-0.771,1836.0,841.5,4.0
0.0551,0.3325,0.4302,0.6055,0.9995,-0.4023,839.0,797.0,5.0
0.0392,0.347,0.596,0.7104,0.9995,0.1483,679.0,946.5,6.0
0.1459,0.07947,0.4087,0.4587,0.9995,0.828,828.5,589.5,7.0
0.003119,0.4263,0.378,0.811,0.9995,0.3997,838.5,868.0,8.0
0.004128,0.753,0.4717,0.941,0.9995,0.2117,714.5,1011.5,9.0
0.0685,0.6514,0.4766,0.6953,0.9995,0.1256,1596.0,1007.5,10.0
-0.02426,0.5356,0.4485,0.6885,0.9995,0.05896,1257.0,1006.5,11.0
-0.05063,0.4092,0.4885,0.696,0.9995,0.496,872.0,1101.0,12.0
-0.04782,0.435,0.333,0.755,0.9995,0.377,828.0,975.5,13.0
0.002502,0.5557,0.559,0.8506,0.9995,0.3372,1211.0,1208.0,14.0
0.0574,0.5806,0.5293,0.782,0.9995,-0.119,1310.0,796.5,15.0
0.02875,0.681,0.575,0.828,0.9995,0.5273,1177.0,959.5,1.0
0.0346,0.4937,0.598,0.8135,0.9995,0.2018,425.8,371.2,2.0
0.3135,0.4187,0.2494,0.86,0.9995,-0.1992,1008.5,1892.0,3.0
0.1251,0.438,0.2903,0.4702,0.9995,-0.1455,975.5,1391.0,4.0
0.0686,0.4822,0.2659,0.8003,0.9995,0.07574,866.0,1317.0,5.0
0.003325,0.3606,0.2693,0.66,0.9995,0.00913,766.0,940.5,6.0
-0.03357,0.919,0.1943,0.9473,0.9995,0.4197,1007.0,932.0,7.0
-0.0953,0.5244,0.3562,0.6587,0.9995,0.1975,916.5,948.0,8.0
-0.1033,0.6206,0.2537,0.726,0.9995,0.5244,642.5,833.5,9.0
-0.0358,0.5273,0.4126,0.87,0.9995,0.609,850.5,435.5,10.0
-0.0928,0.6943,0.2705,0.82,0.9995,0.5806,1084.0,627.0,11.0
-0.04388,0.551,0.4734,0.7847,0.9995,0.2306,565.0,627.5,12.0
0.05075,0.3276,0.2996,0.686,0.9995,0.972,40.47,176.0,13.0
0.00736,0.4592,0.536,0.696,0.9995,0.1295,1071.0,774.0,14.0
-0.0722,0.888,0.388,0.8965,0.999,0.539,582.0,695.5,15.0
0.4917,0.3723,0.6533,0.48,0.9995,-0.1306,1096.0,717.0,1.0
0.0839,0.4124,0.4517,0.74,0.9995,-0.2056,988.0,1260.0,2.0
0.01453,0.562,0.445,0.682,0.9995,-0.518,1413.0,1007.5,3.0
0.1155,0.517,0.5947,0.777,0.9995,-0.3997,473.2,872.0,4.0
0.1432,0.5684,0.134,0.876,1.0,0.2754,1103.0,1715.0,5.0
0.01274,0.513,0.256,0.793,0.9995,0.1526,1053.0,1391.0,6.0
0.04254,0.4177,0.4688,0.649,0.9995,-0.468,824.5,912.5,7.0
0.277,0.5386,0.9624,0.981,1.0,-0.357,279.2,1579.0,8.0
0.1721,0.4636,0.6934,0.814,1.0,-0.2485,705.0,1408.0,9.0
-0.0414,0.4336,0.4517,0.6436,0.9995,0.2345,938.0,1411.0,10.0
0.08215,0.4675,0.1328,0.6733,1.0,0.8154,1575.0,1762.0,11.0
-0.01955,0.619,0.335,0.687,1.0,0.619,1196.0,1279.0,12.0
-0.09326,0.4922,0.2793,0.692,1.0,0.5005,1264.0,1474.0,13.0
-0.02023,0.74,0.2588,0.841,1.0,0.894,1350.0,1478.0,14.0
-0.04922,0.48,0.467,0.7026,0.9995,0.2351,1054.0,1326.0,15.0
0.2418,0.403,0.637,0.5786,0.9995,0.01401,988.0,912.0,1.0
-0.01419,0.545,0.3755,0.7666,0.9995,-0.01686,979.0,1020.0,2.0
0.0543,0.3833,0.485,0.808,0.9995,0.2646,1376.0,1388.0,3.0
0.007732,0.6743,0.273,0.966,0.9995,0.633,1787.0,943.5,4.0
0.02043,0.4702,0.6333,0.7427,0.9995,0.486,1542.0,928.5,5.0
0.005627,0.3938,0.652,0.772,1.0,0.831,1251.0,318.0,6.0
0.732,0.04987,0.1376,0.7754,1.0,-0.4082,1111.0,1036.0,7.0
0.02101,0.666,0.5664,0.862,0.9995,0.2832,809.5,1049.0,8.0
0.104,0.579,0.3206,0.7676,0.999,-0.7,1575.0,1862.0,9.0
-0.04156,0.7725,0.3723,0.8164,0.999,0.7114,997.0,395.8,10.0
0.01167,0.577,0.3792,0.7734,0.999,-0.1987,1310.0,1372.0,11.0
-0.01682,0.5415,0.3962,0.7803,0.9995,0.05292,1193.0,691.0,12.0
-0.04202,0.5137,0.5513,0.803,0.9995,0.6436,1373.0,967.0,13.0
-0.05093,0.73,0.1769,0.8237,0.9995,0.3374,953.5,486.8,14.0
-0.06186,0.619,0.352,0.797,0.9995,0.1356,1307.0,998.0,15.0
0.0488,0.359,0.546,0.6,0.9995,0.3252,821.0,1366.0,1.0
0.1024,0.655,0.4084,0.618,0.9995,-0.2356,1017.5,700.5,2.0
0.1412,0.3516,0.2861,0.437,0.9995,-0.1515,1110.0,1100.0,3.0
0.02823,0.376,0.4014,0.687,0.9995,-0.0654,780.5,1178.0,4.0
-0.0646,0.4255,0.2031,0.5713,0.9995,0.2323,771.5,899.0,5.0
-0.006626,0.58,0.439,0.7593,0.9995,-0.07294,993.0,830.0,6.0
0.01318,0.4053,0.379,0.545,0.9995,0.001602,1011.0,1302.0,7.0
0.05927,0.3896,0.5835,0.632,0.9995,0.1182,1201.0,1509.0,8.0
-0.01507,0.4292,0.45,0.6284,0.9995,0.012344,1013.5,1455.0,9.0
-0.05713,0.57,0.3726,0.649,0.9995,-0.01971,1035.0,1038.0,10.0
-0.0942,0.682,0.2384,0.6265,0.9995,0.1786,1112.0,1496.0,11.0
-0.05203,0.5283,0.364,0.6904,0.9995,-0.1272,1125.0,1613.0,12.0
-0.04703,0.774,0.311,0.912,0.9995,0.2844,837.5,1793.0,13.0
-0.1274,0.6826,0.254,0.7275,1.0,0.01578,948.5,1594.0,14.0
-0.03308,0.909,0.4597,0.911,1.0,0.4963,1507.0,1039.0,15.0
0.02916,0.3464,0.681,0.8135,0.9995,0.5366,1065.0,827.5,1.0
0.08044,0.4656,0.5503,0.6543,0.9995,-0.11414,950.5,1028.0,2.0
0.2898,0.05765,0.546,0.447,0.999,-0.065,1719.0,158.0,3.0
0.0643,0.2286,0.7324,0.697,1.0,0.9316,1557.0,347.5,4.0
0.7617,0.612,0.4834,0.496,0.9995,-0.1295,1172.0,708.0,5.0
-0.04013,0.5537,0.2827,0.733,1.0,0.781,1067.0,1737.0,6.0
0.03674,0.5737,0.602,0.7705,0.9995,0.3113,957.0,1026.0,7.0
-0.05893,0.8604,0.462,0.9546,1.0,0.6133,628.5,281.0,8.0
-0.0115,0.5728,0.5044,0.817,0.9995,0.9004,1087.0,1058.0,9.0
0.04993,0.5806,0.4739,0.6685,0.9995,0.212,999.5,925.5,10.0
0.2832,0.4368,0.4006,0.5845,0.9995,0.9536,1608.0,1522.0,11.0
-0.03375,0.4763,0.4436,0.654,0.9995,0.36,1232.0,1449.0,12.0
-0.1139,0.894,0.1945,0.7856,0.999,-0.11224,151.4,1993.0,13.0
-0.1263,0.8047,0.1453,0.661,0.999,-0.5317,1206.0,1288.0,14.0
-0.0682,0.8257,0.2062,0.859,0.9995,0.284,586.0,1764.0,15.0
0.1455,0.4312,0.7007,0.781,0.9995,-0.09814,637.5,974.0,1.0
0.0332,0.7744,0.2155,0.902,0.9995,0.0857,1609.0,1416.0,2.0
-0.004402,0.4548,0.4033,0.621,0.9995,0.4697,1019.5,640.5,3.0
0.0405,0.47,0.6255,0.8354,0.9995,0.2861,976.5,1359.0,4.0
0.0541,0.5127,0.5786,0.81,0.9995,0.0991,980.5,1079.0,5.0
0.00926,0.49,0.5933,0.8296,0.9995,0.34,1512.0,1196.0,6.0
-0.0523,0.654,0.4106,0.725,0.9995,0.1223,983.5,958.0,7.0
-0.1223,0.831,0.2249,0.708,1.0,-0.618,1145.0,773.0,8.0
-0.01024,0.8096,0.4036,0.7744,0.9995,0.03204,1090.0,1153.0,9.0
-0.0663,0.9487,0.1605,0.8193,0.9995,-0.0945,1556.0,947.5,10.0
-0.11383,0.9106,0.1383,0.7646,0.9995,0.1407,1535.0,834.0,11.0
0.06152,0.8213,0.2372,0.9365,0.9995,0.014046,1502.0,1387.0,12.0
-0.03278,0.784,0.2678,0.854,0.9995,0.06366,1436.0,1225.0,13.0
0.1184,0.3179,0.898,0.9834,0.999,0.8096,250.4,1727.0,14.0
-0.048,0.619,0.451,0.806,0.9995,0.227,1378.0,1070.0,15.0
0.1864,0.928,0.10223,0.77,0.9995,-0.996,668.5,23.77,1.0
-0.0821,0.536,0.2832,0.5835,0.9995,-0.0451,902.0,1038.0,2.0
0.151,0.2573,0.664,0.7466,0.9995,0.1385,1211.0,995.0,3.0
0.02626,0.4204,0.3174,0.8447,1.0,0.6685,765.5,1278.0,4.0
-0.05072,0.734,0.2478,0.7676,0.9995,-0.3242,886.0,607.0,5.0
0.005314,0.4622,0.334,0.8506,1.0,0.59,829.5,1263.0,6.0
-0.04675,0.1683,0.2355,0.3755,0.999,-0.3455,253.1,1664.0,7.0
0.1043,0.3186,0.3638,0.6284,0.9995,-0.4473,1765.0,943.5,8.0
-0.000526,0.446,0.5903,0.7554,0.9995,0.2793,1011.5,1551.0,9.0
-0.07007,0.486,0.3293,0.7695,0.9995,0.4204,807.0,1253.0,10.0
2.354,0.933,0.1004,0.3962,0.9995,0.677,1255.0,318.5,11.0
-0.02225,0.447,0.3948,0.685,0.9995,-0.0667,1342.0,1006.0,12.0
0.0609,0.4304,0.375,0.674,0.999,0.984,39.53,1280.0,13.0
-0.0676,0.55,0.2856,0.801,0.9995,0.612,1316.0,1249.0,14.0
-0.02481,0.4973,0.5312,0.825,0.9995,0.4143,1197.0,635.5,15.0
0.005768,0.433,0.502,0.637,0.9995,0.2247,1493.0,1113.0,1.0
0.03555,0.4897,0.4766,0.64,0.9995,-0.2123,1186.0,867.5,2.0
2.064,0.951,0.347,0.4734,0.999,0.857,447.2,217.0,3.0
0.00961,0.903,0.3364,0.8164,1.0,-0.7246,810.0,180.9,4.0
0.02414,0.6855,0.372,0.8213,0.9995,-0.1942,1415.0,553.0,5.0
0.1029,0.1022,0.675,0.4749,0.9995,0.2742,413.2,1599.0,6.0
0.02573,0.4526,0.479,0.6455,0.9995,-0.2339,996.0,803.0,7.0
0.07983,0.5283,0.413,0.82,0.9995,-0.0646,1043.0,778.0,8.0
-0.06058,0.579,0.1755,0.6045,0.9995,0.3223,1396.0,872.5,9.0
-0.0332,0.6475,0.26,0.554,1.0,-0.3345,1636.0,786.5,10.0
0.0747,0.3267,0.679,0.908,0.999,0.7485,1361.0,1441.0,11.0
0.04272,0.2954,0.526,0.5596,0.9995,0.1295,885.0,1281.0,12.0
0.5015,0.77,0.323,0.554,0.9995,0.3076,899.0,530.5,13.0
-0.05954,0.4827,0.282,0.7188,0.9995,0.12317,1325.0,996.0,14.0
-0.02441,0.4565,0.4858,0.7837,0.9995,0.29,1389.0,1142.0,15.0
0.1937,0.7124,0.641,0.8306,0.999,-0.259,1344.0,1117.0,1.0
0.1401,0.519,0.6177,0.686,0.9995,0.1687,770.5,919.5,2.0
0.1526,0.7354,0.355,0.5854,0.9995,-0.3926,628.5,1001.5,3.0
0.1195,0.516,0.3967,0.95,0.9995,0.2399,1338.0,863.0,4.0
0.0723,0.887,0.1604,0.9707,0.9995,0.2041,1030.0,961.5,5.0
0.03293,0.725,0.4614,0.8154,0.9995,-0.08014,1224.0,1047.0,6.0
-0.02847,0.601,0.461,0.7354,0.9995,0.1272,869.0,986.0,7.0
1.313,0.7593,0.5703,0.508,0.9995,-0.4836,1484.0,1431.0,8.0
-0.11383,0.6445,0.1764,0.53,1.0,-0.4968,100.7,1189.0,9.0
-0.0947,0.8174,0.2996,0.738,0.9995,0.2573,1123.0,1327.0,10.0
-0.0006433,0.4846,0.4038,0.598,0.9995,-0.04434,1144.0,1106.0,11.0
0.0621,0.915,0.1321,0.642,0.9995,0.393,1168.0,1010.0,12.0
0.3904,0.3904,0.951,0.65,0.9995,0.3896,1680.0,1570.0,13.0
0.004726,0.5986,0.3623,0.8223,0.9995,0.05734,1128.0,993.5,14.0
-0.11017,0.796,0.246,0.677,0.9995,0.1721,1060.0,1016.5,15.0
-0.0696,0.1493,0.3608,0.402,0.999,-0.256,1313.0,1.777,1.0
0.1989,0.7,0.6196,0.774,0.9995,0.073,1236.0,890.5,2.0
0.04556,0.2429,0.3206,0.6367,0.9995,0.2166,970.5,653.0,3.0
0.03656,0.7124,0.4993,0.769,0.9995,0.374,1156.0,561.5,4.0
-0.03723,0.385,0.3782,0.701,0.9995,0.2064,1104.0,809.0,5.0
0.0824,0.1293,0.1444,0.4407,0.999,0.002855,1730.0,513.0,6.0
0.068,0.4333,0.5664,0.6934,0.9995,-0.1617,1101.0,814.5,7.0
0.5347,0.2281,0.13,0.8022,1.0,-0.298,1598.0,1074.0,8.0
0.01872,0.4148,0.4812,0.706,0.9995,-0.001288,1385.0,833.0,9.0
-0.009796,0.555,0.587,0.93,0.9995,0.901,1326.0,211.4,10.0
-0.02654,0.2593,0.2754,0.54,0.9995,0.11273,1455.0,508.2,11.0
0.1653,0.557,0.595,0.689,1.0,-0.1661,1767.0,995.5,12.0
-0.0505,0.5166,0.444,0.689,0.9995,0.2776,1241.0,522.5,13.0
0.00559,0.3582,0.4631,0.634,0.9995,-0.03784,1205.0,664.0,14.0
-0.00672,0.3774,0.4358,0.6353,0.9995,-0.06445,1179.0,1020.0,15.0
0.2168,0.4075,0.2457,0.541,0.9995,0.772,1814.0,1561.0,1.0
0.2615,0.5483,0.4343,0.5664,1.0,0.2438,769.0,1196.0,2.0
0.003319,0.4429,0.3972,0.5903,0.9995,0.252,923.5,1168.0,3.0
0.03104,0.3315,0.3354,0.556,0.9995,0.5254,1509.0,1273.0,4.0
0.1389,0.402,0.10596,0.69,0.9995,-0.02379,1224.0,1867.0,5.0
0.1074,0.4666,0.603,0.6855,0.9995,-0.2866,584.0,724.0,6.0
0.00515,0.458,0.4863,0.662,0.9995,0.00802,850.0,934.5,7.0
0.011696,0.2761,0.4622,0.625,0.9995,0.1311,1278.0,851.0,8.0
0.03192,0.881,0.623,0.9893,0.999,0.8896,762.0,1988.0,9.0
-0.02856,0.3857,0.2576,0.66,0.9995,0.05344,1145.0,1480.0,10.0
-0.0656,0.3687,0.3464,0.6514,0.9995,0.512,1105.0,973.5,11.0
0.254,0.7573,0.674,0.841,0.9995,-0.1032,1088.0,1447.0,12.0
-0.03442,0.5864,0.2842,0.8145,0.9995,0.2177,750.5,1567.0,13.0
-0.0684,0.3748,0.3508,0.6123,0.9995,0.3345,1289.0,1256.0,14.0
-0.04428,0.685,0.4807,0.8345,0.9995,0.4956,956.0,1622.0,15.0
0.04892,0.399,0.52,0.798,0.9995,0.2041,625.5,986.0,1.0
-0.07355,0.6084,0.2976,0.8257,0.999,0.6284,220.8,1194.0,2.0
0.2986,0.3665,0.1506,0.6997,0.999,-0.519,394.2,1745.0,3.0
0.3208,0.39,0.2764,0.8457,0.9995,-0.2292,207.4,784.0,4.0
0.1346,0.1484,0.2373,0.622,0.9995,0.5913,42.2,1109.0,5.0
0.1382,0.4255,0.3975,0.7676,0.9995,-0.3157,337.2,682.0,6.0
0.04706,0.742,0.4487,0.8105,1.0,0.8677,1142.0,1513.0,7.0
0.0646,0.4307,0.3245,0.7764,0.9995,0.05115,413.0,990.0,8.0
0.00628,0.62,0.3267,0.85,0.9995,0.1515,1024.0,1052.0,9.0
0.1505,0.3267,0.671,0.784,0.9995,0.0674,1169.0,1028.0,10.0
-0.05878,0.3467,0.2717,0.628,0.9995,0.2202,609.5,1318.0,11.0
-0.0022,0.4187,0.2546,0.765,0.9995,0.4087,425.8,1548.0,12.0
-0.03485,0.4258,0.4912,0.68,0.9995,0.2283,706.5,1199.0,13.0
-0.01226,0.643,0.341,0.871,0.9995,0.982,461.2,1314.0,14.0
0.01497,0.4402,0.3755,0.7505,0.9995,0.0473,448.5,966.0,15.0
0.1842,0.688,0.6704,0.8613,0.9995,-0.02417,1074.0,1246.0,1.0
0.161,0.2896,0.3613,0.774,0.9995,0.1586,1138.0,854.5,2.0
0.02888,0.378,0.4126,0.721,0.9995,0.05804,996.0,1024.0,3.0
0.8228,0.947,0.32,0.5366,1.0,0.00964,689.0,1706.0,4.0
-0.09894,0.979,0.2249,0.676,0.9995,-0.3372,1411.0,967.5,5.0
0.03128,0.599,0.527,0.788,0.9995,0.04465,945.0,1033.0,6.0
0.1904,0.535,0.637,0.6924,0.999,0.01038,1002.0,1222.0,7.0
-0.02689,0.698,0.3347,0.6743,0.9995,0.3652,646.5,1113.0,8.0
0.006523,0.3723,0.439,0.6313,0.9995,-0.1307,858.0,965.0,9.0
0.012375,0.4226,0.655,0.8354,0.9995,0.506,513.0,597.0,10.0
0.2983,0.7397,0.559,0.722,0.9995,0.4795,1124.0,1379.0,11.0
0.2103,0.3738,0.3853,0.7627,0.999,-0.412,361.2,580.5,12.0
-0.001051,0.3196,0.333,0.596,0.9995,-0.1406,90.9,1333.0,13.0
-0.06274,0.4712,0.3247,0.77,0.9995,0.4536,1198.0,1232.0,14.0
-0.0731,0.7173,0.22,0.7812,0.9995,0.6523,1245.0,1168.0,15.0
0.0925,0.631,0.602,0.8706,0.9995,0.0789,1857.0,23.88,1.0
0.1731,0.2206,0.67,0.8047,0.9995,0.3857,1368.0,1100.0,2.0
0.00369,0.4695,0.3018,0.6807,0.999,-0.3408,364.2,187.9,3.0
0.02505,0.447,0.602,0.705,0.9995,0.534,288.0,1527.0,4.0
0.006283,0.461,0.5156,0.7236,0.9995,0.8003,1099.0,1163.0,5.0
0.05164,0.313,0.515,0.744,0.9995,0.2433,1045.0,1140.0,6.0
0.05972,0.3591,0.3938,0.777,0.9995,0.2241,1041.0,993.5,7.0
-0.0037,0.4868,0.5005,0.739,0.9995,0.08545,1020.0,1321.0,8.0
0.00228,0.3767,0.4185,0.573,0.9995,0.2206,1038.0,1109.0,9.0
-0.005795,0.522,0.4998,0.794,0.9995,0.1597,1377.0,530.0,10.0
-0.0999,0.538,0.2798,0.597,0.9995,6.926e-05,808.0,812.5,11.0
0.2267,0.2487,0.174,0.7544,0.9995,0.2457,483.8,824.5,12.0
-0.03125,0.3958,0.4016,0.703,0.9995,0.154,871.5,1069.0,13.0
-0.0252,0.3853,0.3215,0.6914,0.9995,0.1296,1035.0,1236.0,14.0
0.0352,0.4521,0.219,0.796,0.9995,0.867,1115.0,1255.0,15.0
0.01298,0.4524,0.2201,0.5757,1.0,0.4868,768.5,1891.0,1.0
0.4077,0.10913,0.806,0.5815,1.0,-0.475,705.5,616.0,2.0
-0.01807,0.5933,0.2603,0.7827,0.9995,0.01285,1253.0,1139.0,3.0
0.007904,0.732,0.2365,0.6284,1.0,0.3982,202.9,1474.0,4.0
0.04486,0.8433,0.2263,0.9976,0.9995,0.3093,1240.0,1572.0,5.0
-0.09564,0.7114,0.2703,0.691,1.0,0.4033,480.5,1442.0,6.0
0.006847,0.4343,0.353,0.749,0.9995,0.08887,840.5,1225.0,7.0
0.06024,0.4321,0.632,0.686,1.0,0.5146,324.0,527.5,8.0
0.03342,0.2449,0.1897,0.594,1.0,0.276,1092.0,1915.0,9.0
-0.05963,0.4788,0.4592,0.7075,0.9995,0.4487,611.0,979.0,10.0
0.07385,0.3147,0.571,0.6523,1.0,-0.05466,788.5,923.5,11.0
0.2072,0.7676,0.683,0.9707,0.999,-0.884,1057.0,1901.0,12.0
-0.01299,0.6772,0.352,0.7617,0.9995,-0.472,366.0,878.0,13.0
-0.06125,0.6875,0.2766,0.8374,0.9995,0.2593,934.0,1460.0,14.0
-0.0638,0.4216,0.4224,0.6553,1.0,0.3943,638.5,1440.0,15.0
-0.02953,0.614,0.3286,0.6035,1.0,-0.10486,137.4,526.0,1.0
-0.07184,0.624,0.2041,0.737,0.9995,0.5923,706.0,226.1,2.0
0.3687,0.02003,0.4734,0.3442,0.9995,-0.2793,497.8,1628.0,3.0
0.02895,0.7246,0.45,0.752,0.9995,-0.2678,1051.0,567.0,4.0
0.1307,0.4849,0.2742,0.7856,1.0,-0.229,1090.0,797.0,5.0
0.02087,0.3818,0.4263,0.595,0.9995,-0.3916,860.0,961.0,6.0
0.1738,0.901,0.3982,0.7095,0.9995,-0.02718,1506.0,147.9,7.0
0.2091,0.3152,0.625,0.5225,0.9995,0.2247,766.0,479.5,8.0
-0.0183,0.2832,0.389,0.5063,0.9995,-0.1714,701.5,1189.0,9.0
-0.02248,0.501,0.3323,0.7153,0.9995,-0.1375,931.5,850.0,10.0
-0.01207,0.568,0.5186,0.741,0.9995,0.3276,509.2,771.0,11.0
0.0855,0.4626,0.4756,0.5938,0.9995,0.1361,848.0,518.5,12.0
-0.1034,0.5244,0.1921,0.651,0.9995,-0.0004468,735.0,1043.0,13.0
-0.005196,0.486,0.4863,0.6665,0.9995,0.1376,938.5,865.5,14.0
-0.002768,0.3442,0.6333,0.7856,0.9995,0.712,649.5,1484.0,15.0
0.1431,0.4893,0.7446,0.758,0.9995,0.1473,957.0,1119.0,1.0
0.0602,0.2336,0.488,0.6606,0.9995,0.2496,928.5,1164.0,2.0
0.1375,0.1508,0.3794,0.589,0.9995,0.2327,842.0,881.0,3.0
0.1098,0.2458,0.5234,0.7803,0.9995,0.445,892.5,1090.0,4.0
0.144,0.1674,0.3271,0.689,0.9995,0.569,1234.0,1556.0,5.0
0.05157,0.2996,0.697,0.6597,0.9995,0.2554,906.5,1340.0,6.0
0.04208,0.2332,0.424,0.6646,0.9995,0.374,1040.0,1334.0,7.0
0.0526,0.3057,0.6016,0.72,0.9995,0.2115,915.0,688.0,8.0
0.03848,0.2874,0.553,0.7227,0.9995,0.3208,898.5,1094.0,9.0
0.03032,0.2406,0.4631,0.606,0.9995,0.1447,700.5,1018.5,10.0
0.08813,0.222,0.523,0.5894,0.9995,0.906,1116.0,1773.0,11.0
0.03467,0.2344,0.4614,0.6235,0.9995,0.2146,857.5,995.0,12.0
0.02002,0.3098,0.577,0.6475,0.9995,0.1731,717.0,1139.0,13.0
0.001159,0.2688,0.5425,0.6206,0.9995,0.557,1003.5,1459.0,14.0
0.002893,0.2744,0.2898,0.652,0.9995,0.4053,962.0,783.5,15.0
0.03818,0.3325,0.633,0.7646,0.9995,0.3267,872.5,824.0,1.0
0.0877,0.0785,0.7437,0.3896,0.9995,0.7275,488.0,1101.0,2.0
0.07733,0.4158,0.7173,0.93,0.999,0.4673,1686.0,1085.0,3.0
0.0448,0.2183,0.6914,0.6826,0.9995,0.7305,997.5,873.0,4.0
0.087,0.4521,0.6147,0.69,0.9995,0.04077,850.0,771.5,5.0
0.7715,0.03833,0.3638,0.7056,0.9995,-0.5747,367.8,642.5,6.0
0.1405,0.3503,0.625,0.6636,0.999,-0.7227,900.5,899.0,7.0
1.66,0.836,0.6514,0.525,1.0,-0.917,1268.0,1842.0,8.0
0.1754,0.3867,0.4514,0.8667,0.9995,0.1259,608.5,943.0,9.0
0.03732,0.2103,0.593,0.6597,0.9995,0.6875,839.5,873.0,10.0
0.1162,0.1614,0.858,0.5005,0.9995,0.2305,1161.0,965.5,11.0
0.03284,0.5728,0.2988,0.9634,0.9995,0.7847,744.0,545.5,12.0
0.0907,0.3616,0.581,0.7153,0.999,-0.06995,892.0,858.0,13.0
0.05228,0.4102,0.7544,0.809,0.9995,0.376,990.5,1308.0,14.0
0.02216,0.3772,0.5903,0.7446,0.9995,0.219,912.0,871.5,15.0
-0.1401,0.9946,0.1528,0.711,0.9995,0.009926,1048.0,900.5,1.0
-0.1175,0.5854,0.2688,0.653,0.9995,0.2932,873.0,1463.0,2.0
-0.0225,0.4958,0.581,0.771,0.999,0.508,730.0,1276.0,3.0
-0.0276,0.945,0.1725,0.8306,1.0,-0.2427,996.5,1488.0,4.0
-0.0418,0.7417,0.4177,0.853,0.9995,0.238,1021.5,661.0,5.0
-0.0531,0.7607,0.2625,0.831,0.9995,0.0638,1255.0,1226.0,6.0
-0.11957,0.8257,0.2352,0.7725,0.9995,-0.0754,1035.0,1257.0,7.0
-0.06854,0.8755,0.1979,0.659,0.9995,0.1954,730.5,1522.0,8.0
-0.09595,0.899,0.11975,0.7417,0.9995,0.1483,806.5,1293.0,9.0
-0.013794,0.1715,0.245,0.3638,0.9995,-0.3755,357.8,839.5,10.0
-0.0809,0.6235,0.4148,0.7456,0.9995,0.3174,841.5,1213.0,11.0
-0.1366,0.8115,0.2096,0.7744,0.9995,0.1774,813.5,1485.0,12.0
-0.11414,0.695,0.3328,0.7456,0.9995,0.1493,795.5,955.0,13.0
-0.1243,0.761,0.251,0.777,0.9995,0.0962,1077.0,1206.0,14.0
-0.0991,0.77,0.3345,0.795,0.9995,0.1477,1045.0,907.0,15.0
-0.04773,0.6636,0.401,0.8184,0.9995,0.1553,822.5,1097.0,1.0
-0.0774,0.8774,0.1622,0.769,0.9995,0.4705,859.5,736.0,2.0
-0.0962,0.623,0.2319,0.721,0.9995,-0.0246,614.5,777.5,3.0
0.01015,0.7886,0.1993,0.558,0.9995,-0.2112,174.2,222.2,4.0
-0.005966,0.705,0.3616,0.656,0.9995,-0.0503,1318.0,855.5,5.0
-0.0639,0.5884,0.3572,0.699,0.9995,-0.1521,1106.0,1035.0,6.0
-0.08844,0.7095,0.334,0.711,0.9995,-0.0636,903.5,819.0,7.0
-0.126,0.704,0.2437,0.6216,0.9995,-0.11633,503.8,706.0,8.0
-0.04813,0.4587,0.4746,0.69,0.9995,0.2915,971.5,1511.0,9.0
-0.1067,0.6685,0.1517,0.6465,0.9995,0.2427,523.5,1129.0,10.0
-0.1105,0.6836,0.3281,0.7593,0.9995,0.1233,815.0,1056.0,11.0
-0.107,0.657,0.3064,0.66,0.9995,0.01126,976.5,945.0,12.0
-0.0903,0.586,0.3718,0.6973,0.9995,0.2019,904.0,1283.0,13.0
-0.1326,0.6343,0.1383,0.587,0.9995,-0.2944,507.8,974.0,14.0
0.03723,0.464,0.3503,0.754,0.9995,-0.0741,974.0,1008.5,15.0
0.1418,0.3806,0.3684,0.834,0.9995,0.169,800.0,1408.0,1.0
0.03036,0.4104,0.6475,0.7026,0.9995,0.51,1040.0,1427.0,2.0
-0.1516,0.889,0.1985,0.7227,0.9995,-0.307,526.5,1315.0,3.0
-0.0182,0.9043,0.1841,0.9546,0.999,0.579,604.0,477.5,4.0
-0.055,0.8433,0.215,0.624,0.9995,0.0429,1528.0,1566.0,5.0
-0.04883,0.855,0.2014,0.6177,0.9995,0.02754,1711.0,1479.0,6.0
-0.0825,0.6284,0.3237,0.752,0.9995,0.01467,1123.0,1263.0,7.0
-0.1027,0.5234,0.2668,0.644,0.9995,-0.1477,961.0,1518.0,8.0
-0.05975,0.5347,0.3035,0.7427,0.9995,0.0708,1001.0,1423.0,9.0
-0.10986,0.4656,0.29,0.6323,0.9995,0.07196,1273.0,985.0,10.0
-0.08887,0.576,0.4043,0.742,0.9995,0.28,1146.0,1177.0,11.0
-0.1377,0.765,0.2286,0.6406,0.9995,-0.01105,1354.0,1437.0,12.0
-0.1372,0.5664,0.2092,0.636,0.9995,0.1412,587.0,1422.0,13.0
-0.1393,0.713,0.2534,0.6562,0.9995,0.03622,1305.0,1518.0,14.0
-0.1173,0.5986,0.2668,0.6963,0.9995,-0.003193,947.0,1417.0,15.0
0.02846,0.9194,0.1265,0.9277,0.9995,0.3809,1099.0,737.0,1.0
-0.0758,0.5415,0.3425,0.751,0.9995,0.1523,1055.0,1036.0,2.0
0.03513,0.9043,0.3655,0.749,0.9995,0.1879,814.5,1744.0,3.0
-0.0976,0.7573,0.3384,0.747,0.9995,0.2269,901.5,1390.0,4.0
-0.01339,0.8545,0.126,0.824,0.9995,0.5327,1359.0,974.5,5.0
-0.0384,0.5615,0.4229,0.702,0.9995,0.0177,805.0,1153.0,6.0
-0.09924,0.7944,0.2292,0.83,0.9995,0.308,1063.0,921.5,7.0
-0.0798,0.6445,0.4038,0.7544,0.9995,0.1932,1015.5,960.5,8.0
-0.05545,0.9644,0.2888,0.764,0.9995,0.2554,1167.0,785.0,9.0
-0.09766,0.6807,0.3604,0.7397,0.9995,0.1526,987.0,1060.0,10.0
-0.0956,0.5566,0.3044,0.736,0.9995,0.156,1056.0,1104.0,11.0
-0.1106,0.722,0.3298,0.7915,0.9995,0.4653,974.5,742.5,12.0
-0.1254,0.815,0.2372,0.7886,0.9995,0.0866,1315.0,1017.5,13.0
-0.11395,0.827,0.3005,0.7676,0.9995,0.2411,1110.0,905.0,14.0
-0.0773,0.8594,0.2104,0.7603,0.9995,0.526,1171.0,1200.0,15.0
0.0998,0.3967,0.2837,0.4785,0.9995,0.03934,1743.0,904.0,1.0
-0.05032,0.4148,0.4924,0.7275,0.9995,0.3914,761.5,1375.0,2.0
-0.05542,0.6655,0.278,0.8374,0.9995,0.2778,1016.5,1144.0,3.0
-0.02673,0.4175,0.3406,0.5537,0.9995,-0.0005693,1276.0,1132.0,4.0
-0.01286,0.413,0.3608,0.81,1.0,0.659,896.5,1110.0,5.0
-0.0668,0.485,0.3442,0.778,0.9995,0.4346,968.0,1229.0,6.0
-0.0739,0.4468,0.353,0.7256,1.0,0.3267,866.0,1251.0,7.0
-0.0869,0.4707,0.3936,0.689,0.9995,0.293,964.0,1351.0,8.0
-0.04376,0.594,0.4053,0.731,0.9995,-0.01724,980.5,926.5,9.0
-0.064,0.5933,0.333,0.7104,0.9995,-0.2104,665.0,1118.0,10.0
0.2732,0.3276,0.5356,0.8813,0.999,0.03784,38.94,1199.0,11.0
-0.03708,0.3909,0.4722,0.672,0.9995,0.2017,1072.0,1246.0,12.0
-0.08466,0.4434,0.3342,0.6104,0.9995,0.0663,1067.0,1255.0,13.0
-0.0658,0.387,0.2788,0.546,1.0,-0.2496,643.5,1575.0,14.0
-0.0802,0.53,0.1332,0.624,1.0,0.0677,1199.0,1297.0,15.0
-0.00986,0.4778,0.5083,0.7104,0.9995,0.1252,1258.0,967.0,1.0
-0.04178,0.4446,0.521,0.7803,0.9995,0.4531,998.5,829.5,2.0
-0.01636,0.547,0.1174,0.6665,0.9995,0.394,1022.0,413.8,3.0
-0.08,0.6616,0.38,0.843,1.0,0.5938,899.0,636.5,4.0
-0.1142,0.9033,0.1377,0.751,0.9995,-0.112,1246.0,837.0,5.0
0.03494,0.952,0.402,0.8066,0.999,0.1572,616.5,238.9,6.0
-0.1075,0.7783,0.326,0.7603,0.9995,0.2042,852.5,481.5,7.0
-0.0926,0.5156,0.3535,0.683,0.9995,0.1022,1141.0,684.5,8.0
-0.116,0.61,0.2003,0.7036,0.9995,0.2983,1015.0,607.0,9.0
-0.09045,0.5586,0.3694,0.7017,0.9995,0.1284,1180.0,838.0,10.0
-0.0914,0.5396,0.3877,0.747,0.9995,0.2913,1022.5,779.0,11.0
-0.1184,0.607,0.2678,0.7163,0.9995,0.427,1055.0,1278.0,12.0
-0.131,0.5386,0.2499,0.6523,0.9995,0.2169,902.0,871.5,13.0
-0.12494,0.6255,0.305,0.7104,0.9995,0.1184,1122.0,804.5,14.0
-0.1289,0.6104,0.291,0.703,0.9995,0.1284,1096.0,770.0,15.0
-0.0825,0.884,0.3467,0.9116,1.0,0.3286,1252.0,567.0,1.0
-0.0812,0.4707,0.392,0.676,0.9995,0.4004,548.0,1390.0,2.0
-0.04776,0.7065,0.287,0.8555,0.9995,0.819,993.5,838.5,3.0
-0.0582,0.9106,0.3596,0.8438,0.999,0.2106,1753.0,1199.0,4.0
0.05435,0.972,0.1619,0.874,0.9995,-0.3218,1177.0,837.0,5.0
0.03668,0.68,0.3774,0.778,0.9995,-0.7017,38.2,1892.0,6.0
-0.0738,0.5522,0.3032,0.793,0.9995,0.3691,753.0,1200.0,7.0
-0.084,0.547,0.4058,0.7236,0.9995,0.2734,972.0,1067.0,8.0
-0.102,0.956,0.1368,0.7866,0.999,-0.02907,452.0,1919.0,9.0
-0.1125,0.89,0.111,0.7104,1.0,-0.1411,275.2,826.0,10.0
-0.0895,0.619,0.3464,0.7754,0.9995,0.1652,584.5,634.0,11.0
-0.0421,0.729,0.3162,0.7666,0.9995,-0.4043,454.2,1406.0,12.0
-0.10095,0.8325,0.3137,0.808,0.9995,0.1301,1264.0,1099.0,13.0
-0.12213,0.645,0.3167,0.7217,0.9995,0.1365,730.0,1158.0,14.0
-0.1119,0.6895,0.31,0.8066,0.9995,0.443,699.0,1179.0,15.0
-0.07056,0.662,0.2269,0.816,0.9995,0.3643,749.0,427.0,1.0
-0.02034,0.692,0.5083,0.8257,0.9995,0.4749,820.0,963.0,2.0
0.0061,0.467,0.6333,0.8643,0.9995,0.5195,617.5,1273.0,3.0
-0.08453,0.528,0.385,0.785,0.9995,0.5894,935.0,456.5,4.0
-0.006718,0.56,0.131,0.6895,0.9995,0.535,1191.0,452.2,5.0
-0.054,0.5317,0.4993,0.8037,0.9995,0.4258,872.5,988.5,6.0
-0.03687,0.4695,0.2544,0.7593,0.9995,0.3513,1593.0,783.5,7.0
-0.04202,0.7256,0.3054,0.931,1.0,0.4685,978.5,376.5,8.0
-0.05002,0.5728,0.2329,0.806,0.9995,0.5596,1014.0,714.0,9.0
-0.04367,0.4675,0.1493,0.652,0.9995,0.1049,1316.0,522.0,10.0
-0.10284,0.537,0.2288,0.7026,0.9995,0.2227,1185.0,625.5,11.0
0.0928,0.3228,0.518,0.754,0.9995,0.1201,1233.0,678.5,12.0
-0.08636,0.6367,0.3777,0.77,0.9995,0.5923,1128.0,1120.0,13.0
-0.06946,0.544,0.396,0.6797,0.9995,0.2957,573.0,758.5,14.0
-0.0157,0.6885,0.4834,0.881,0.9995,0.2651,950.0,1211.0,15.0
-0.04535,0.479,0.5293,0.77,0.9995,0.6196,975.5,1695.0,1.0
-0.0797,0.5547,0.254,0.757,0.9995,0.2527,1079.0,1668.0,2.0
-0.058,0.398,0.2893,0.702,0.9995,0.4268,548.0,1217.0,3.0
-0.0982,0.769,0.2712,0.8335,0.9995,0.5464,1133.0,1657.0,4.0
-0.0634,0.4934,0.4128,0.7173,0.9995,0.1569,1047.0,1193.0,5.0
-0.05908,0.5483,0.2046,0.67,0.9995,-0.2168,1091.0,1889.0,6.0
0.2554,0.5156,0.785,0.7383,1.0,-0.6626,1477.0,222.2,7.0
-0.07764,0.6045,0.3323,0.7886,0.9995,0.1884,941.5,1343.0,8.0
-0.0948,0.5874,0.3977,0.751,0.9995,0.304,1274.0,1354.0,9.0
-0.0123,0.281,0.3716,0.595,0.9995,0.5806,370.5,719.5,10.0
-0.07416,0.768,0.301,0.8716,0.9995,0.702,1813.0,1288.0,11.0
-0.09,0.557,0.4167,0.7603,0.9995,0.4138,940.0,1596.0,12.0
-0.0862,0.4365,0.3484,0.6855,0.9995,0.4822,721.0,1071.0,13.0
-0.10187,0.5845,0.2717,0.715,0.9995,0.033,989.0,1674.0,14.0
-0.08545,0.5864,0.3582,0.809,0.9995,0.4158,941.5,1038.0,15.0
-0.03284,0.306,0.3687,0.573,0.9995,0.0792,1243.0,1561.0,1.0
0.03583,0.251,0.2563,0.659,0.9995,0.616,1165.0,671.0,2.0
-0.0238,0.3767,0.4539,0.6143,0.9995,0.1121,755.0,1185.0,3.0
-0.0806,0.401,0.301,0.583,1.0,0.05197,423.2,1281.0,4.0
-0.0482,0.8306,0.2135,0.7837,0.9995,-0.4077,732.0,1412.0,5.0
-0.0739,0.509,0.1461,0.525,1.0,-0.8735,313.0,1439.0,6.0
-0.1035,0.4639,0.2458,0.6475,0.9995,0.3577,750.5,680.5,7.0
-0.0841,0.4463,0.3623,0.6616,0.9995,0.4463,657.5,1391.0,8.0
-0.02524,0.4111,0.42,0.6006,0.9995,0.1543,666.5,1278.0,9.0
-0.1132,0.605,0.1254,0.592,0.9995,-0.1981,720.5,1282.0,10.0
-0.105,0.4692,0.2646,0.668,0.9995,0.2223,981.0,1176.0,11.0
-0.0733,0.7324,0.1304,0.7354,0.9995,0.2352,636.0,1419.0,12.0
-0.1334,0.897,0.2389,0.6685,0.9995,-0.7153,190.9,1991.0,13.0
-0.11475,0.6836,0.256,0.7104,0.9995,-0.1882,678.0,1342.0,14.0
-0.1309,0.848,0.141,0.6953,0.9995,-0.3333,531.5,1436.0,15.0
0.02982,0.4531,0.5215,0.7617,0.9995,0.0655,1076.0,1060.0,1.0
-0.1658,0.799,0.1808,0.6816,0.9995,-0.1299,1599.0,1083.0,2.0
-0.10815,0.6934,0.1523,0.708,0.9995,0.0879,967.0,1232.0,3.0
-0.0464,0.94,0.1188,0.8213,0.9995,0.2402,1455.0,1097.0,4.0
-0.07007,0.5737,0.42,0.7515,0.9995,0.1802,1087.0,1309.0,5.0
-9.435e-05,0.5435,0.501,0.8364,0.9995,0.2556,1428.0,1097.0,6.0
-0.04504,0.8394,0.2032,0.809,0.9995,0.71,1564.0,1535.0,7.0
-0.08026,0.641,0.268,0.733,0.9995,-0.1523,1192.0,1036.0,8.0
-0.10095,0.7744,0.3252,0.763,0.9995,0.05844,1203.0,1123.0,9.0
-0.1355,0.8115,0.2137,0.7773,0.9995,0.1617,1370.0,1063.0,10.0
0.04736,0.5874,0.4277,0.636,0.9995,0.1305,1121.0,1097.0,11.0
-0.1054,0.9893,0.1417,0.712,0.9995,0.1504,1870.0,813.5,12.0
-0.0965,0.8643,0.2588,0.743,0.999,0.3376,1060.0,1204.0,13.0
-0.06235,0.7603,0.2542,0.616,0.999,-0.03204,1593.0,620.5,14.0
-0.1133,0.663,0.336,0.7397,0.9995,0.1382,1184.0,1161.0,15.0
-0.04358,0.5557,0.3442,0.8457,0.9995,0.5044,848.5,796.0,1.0
-0.04504,0.467,0.4106,0.681,0.9995,0.0256,998.5,1039.0,2.0
-0.03406,0.5234,0.3381,0.8457,0.9995,0.599,814.0,618.5,3.0
-0.06976,0.563,0.457,0.819,0.9995,0.581,1155.0,651.0,4.0
-0.004463,0.3752,0.515,0.748,0.9995,0.2864,993.5,967.5,5.0
-0.03983,0.8003,0.3496,0.7627,0.9995,-0.492,1846.0,1780.0,6.0
-0.0836,0.5063,0.12146,0.525,0.9995,-0.607,321.0,611.5,7.0
-0.07367,0.704,0.298,0.622,0.9995,-0.367,1028.0,1407.0,8.0
-0.1259,0.665,0.2837,0.7314,0.999,0.4126,1007.0,1134.0,9.0
-0.07556,0.7114,0.3418,0.753,0.9995,-0.1062,1374.0,1407.0,10.0
-0.10535,0.603,0.318,0.777,0.9995,0.3032,864.5,928.0,11.0
-0.10535,0.5522,0.3296,0.6807,0.9995,0.0746,920.5,1031.0,12.0
0.201,0.3572,0.229,0.7593,0.9995,-0.088,1035.0,1071.0,13.0
-0.09174,0.7603,0.1907,0.782,0.999,0.0639,841.5,677.0,14.0
-0.08307,0.5317,0.39,0.7275,0.9995,0.2004,1037.0,1015.5,15.0
0.01291,0.9478,0.2307,0.977,0.999,0.1558,692.5,1450.0,1.0
-0.0343,0.577,0.4365,0.7373,0.9995,0.0389,1078.0,1104.0,2.0
-0.03882,0.2715,0.313,0.5186,0.9995,0.11694,1216.0,762.5,3.0
0.0556,0.4631,0.2443,0.7544,0.9995,-0.01443,215.1,1784.0,4.0
-0.0641,0.7217,0.2805,0.8286,0.9995,0.1461,822.5,1267.0,5.0
0.01028,0.5176,0.2101,0.6343,0.9995,-0.6943,1390.0,698.0,6.0
-0.05017,0.4736,0.2944,0.6396,0.9995,-0.2996,1176.0,879.5,7.0
-0.05533,0.3674,0.4307,0.637,0.9995,0.274,1005.5,1288.0,8.0
-0.1138,0.4927,0.1887,0.6123,1.0,0.066,757.0,1607.0,9.0
0.6396,0.865,0.2979,0.5933,0.9995,0.7773,1302.0,1731.0,10.0
-0.1271,0.619,0.2998,0.6914,1.0,0.2213,526.5,1313.0,11.0
-0.05875,0.4932,0.2668,0.714,0.9995,0.07684,589.5,1484.0,12.0
-0.178,0.10693,0.4084,0.3552,0.9995,-0.4004,693.5,1721.0,13.0
-0.1242,0.627,0.2233,0.5693,0.9995,-0.414,753.5,1734.0,14.0
-0.04388,0.3423,0.3284,0.541,0.9995,0.001523,948.5,1124.0,15.0
0.1317,0.8286,0.1091,0.9487,0.999,0.903,870.5,924.5,1.0
-0.1247,0.606,0.2778,0.689,0.9995,0.3262,764.0,1011.5,2.0
-0.05646,0.7437,0.2087,0.848,0.9995,0.5894,997.5,884.0,3.0
-0.0471,0.509,0.5146,0.784,0.9995,0.384,1023.0,1203.0,4.0
-0.0987,0.4722,0.255,0.681,0.9995,0.3118,1080.0,1485.0,5.0
-0.047,0.625,0.4614,0.8594,0.9995,0.4172,1351.0,1482.0,6.0
-0.0582,0.857,0.2185,0.919,0.9995,0.5024,851.0,1040.0,7.0
-0.1396,0.6567,0.268,0.6665,0.9995,0.0466,1309.0,967.0,8.0
-0.0995,0.574,0.3901,0.759,0.9995,0.3623,1050.0,1061.0,9.0
0.196,0.71,0.4329,0.6333,0.9995,-0.064,1300.0,1175.0,10.0
-0.0658,0.5522,0.3855,0.6743,0.9995,0.04276,991.5,1189.0,11.0
-0.0718,0.6685,0.2952,0.85,0.9995,0.471,1360.0,975.5,12.0
-0.10596,0.557,0.3022,0.732,0.9995,0.2115,1172.0,1026.0,13.0
0.05734,0.651,0.1461,0.879,0.9995,0.7603,758.5,596.0,14.0
-0.1355,0.7617,0.1587,0.6826,0.9995,0.1735,371.8,706.5,15.0
-0.06168,0.9526,0.1356,0.783,1.0,0.4326,762.0,1013.0,1.0
0.0009556,0.552,0.605,0.811,0.9995,0.3855,1860.0,1726.0,2.0
-0.0594,0.6123,0.475,0.7935,0.9995,0.3784,1413.0,1241.0,3.0
-0.1072,0.915,0.2793,0.861,0.9995,0.3267,1119.0,897.0,4.0
0.3438,0.6597,0.4778,0.621,0.9995,0.3667,1009.0,858.0,5.0
0.004917,0.658,0.3877,0.919,0.9995,0.2527,1666.0,160.6,6.0
-0.0666,0.5444,0.456,0.764,0.9995,0.3027,921.5,917.0,7.0
0.0717,0.851,0.1377,0.9775,1.0,0.4856,687.5,802.5,8.0
-0.0437,0.816,0.2817,0.8345,1.0,0.7954,788.5,794.0,9.0
-0.0991,0.5713,0.3628,0.7153,0.9995,0.1836,1091.0,956.5,10.0
-0.0693,0.542,0.2479,0.727,0.9995,0.0758,1212.0,511.0,11.0
-0.0571,0.6978,0.2705,0.8643,1.0,0.3718,902.5,868.5,12.0
-0.0462,0.3833,0.203,0.6494,0.9995,0.2915,323.0,393.2,13.0
-0.06076,0.6465,0.2896,0.7695,0.9995,-0.04114,861.5,705.0,14.0
-0.1014,0.645,0.161,0.702,1.0,0.2566,711.5,290.2,15.0
-0.001179,0.479,0.4302,0.6533,0.9995,-0.3118,1003.5,1033.0,1.0
-0.07196,0.5127,0.2725,0.7666,0.9995,0.493,1068.0,1196.0,2.0
-0.0877,0.7085,0.3513,0.725,0.9995,0.0815,1307.0,676.5,3.0
-0.04214,0.6265,0.1963,0.7964,0.9995,0.6475,1182.0,1089.0,4.0
0.0836,0.6465,0.4915,0.794,0.999,-0.6265,1069.0,1490.0,5.0
-0.04343,0.471,0.4617,0.6934,0.9995,0.1644,843.0,955.5,6.0
-0.0839,0.824,0.3677,0.915,1.0,0.556,121.1,1115.0,7.0
-0.087,0.754,0.2627,0.779,0.999,0.618,818.0,1287.0,8.0
-0.0007825,0.7935,0.337,0.8623,1.0,0.9604,1814.0,113.4,9.0
-0.08905,0.721,0.3223,0.826,1.0,0.634,1319.0,643.5,10.0
-0.1488,0.8477,0.1781,0.5713,0.999,-0.703,1258.0,922.5,11.0
-0.1146,0.5127,0.2798,0.689,0.9995,0.2522,735.0,1179.0,12.0
-0.111,0.7075,0.283,0.788,0.9995,0.1683,1177.0,1118.0,13.0
-0.11035,0.6523,0.2428,0.771,0.9995,0.455,1052.0,1013.5,14.0
-0.1324,0.9062,0.2295,0.7124,0.999,-0.039,990.5,706.5,15.0
-0.04465,0.4072,0.4055,0.7007,0.9995,0.1763,892.0,1008.5,1.0
-0.0799,0.412,0.3015,0.647,0.9995,0.4846,976.0,903.5,2.0
-0.00463,0.3225,0.191,0.5938,0.9995,0.523,725.5,1179.0,3.0
2.123,0.8066,0.614,0.51,0.9995,0.851,775.5,1569.0,4.0
-0.07086,0.438,0.3347,0.72,0.9995,0.3206,849.0,1015.5,5.0
-0.06885,0.681,0.3384,0.7324,0.9995,-0.26,922.5,541.5,6.0
-0.11395,0.5977,0.3,0.7383,0.9995,0.4773,1159.0,1124.0,7.0
-0.0772,0.409,0.359,0.6455,0.9995,0.1354,902.5,972.5,8.0
0.1462,0.2484,0.5703,0.458,0.9995,0.02379,986.0,1126.0,9.0
0.11383,0.615,0.1083,0.8125,0.999,0.1415,912.0,392.8,10.0
-0.0829,0.3901,0.2664,0.6187,0.9995,0.3267,825.5,1100.0,11.0
-0.06104,0.4917,0.4065,0.719,0.9995,0.1392,1106.0,774.0,12.0
-0.09015,0.5063,0.3496,0.641,0.9995,0.04407,1003.5,886.5,13.0
-0.0927,0.5547,0.3274,0.673,0.9995,-0.04343,960.5,685.0,14.0
-0.05872,0.7554,0.4146,0.9443,1.0,0.735,1583.0,125.75,15.0
-0.0474,0.6,0.391,0.7163,0.9995,-0.09283,1093.0,777.5,1.0
0.06696,0.3928,0.49,0.574,0.9995,-0.1981,1033.0,905.5,2.0
0.0877,0.979,0.6797,0.994,0.9995,0.7544,556.0,106.9,3.0
-0.0657,0.627,0.3877,0.6987,1.0,0.211,844.0,1177.0,4.0
3.959,0.902,0.8154,0.4377,1.0,-0.7896,1250.0,1841.0,5.0
-0.006084,0.4995,0.3965,0.6055,0.9995,0.1241,876.0,1073.0,6.0
0.03604,0.4595,0.2352,0.4788,0.9995,-0.2039,787.0,1165.0,7.0
0.00867,0.5254,0.4653,0.68,0.9995,-0.08777,1106.0,923.5,8.0
-0.02223,0.578,0.3218,0.573,1.0,-0.303,547.0,1085.0,9.0
0.002827,0.4985,0.316,0.543,0.9995,-0.11,810.0,1064.0,10.0
-0.04373,0.6636,0.2083,0.6196,1.0,0.3547,626.0,1108.0,11.0
0.1173,0.2988,0.6445,0.6494,1.0,-0.1772,1291.0,1326.0,12.0
0.0003285,0.504,0.36,0.5728,0.9995,-0.1167,808.0,1052.0,13.0
-0.1013,0.9556,0.1757,0.7114,0.9995,0.2052,655.5,1262.0,14.0
-0.02335,0.602,0.3904,0.67,0.9995,0.354,953.0,1170.0,15.0
0.3281,0.3867,0.8174,0.589,0.9995,-0.9824,1027.0,725.5,1.0
0.1709,0.366,0.657,0.5913,0.9995,-0.4802,987.5,825.5,2.0
-0.02519,0.522,0.2412,0.7754,1.0,0.783,663.0,1323.0,3.0
-0.1199,0.718,0.2179,0.65,1.0,-0.6772,986.0,1550.0,4.0
-0.02898,0.4744,0.496,0.747,0.9995,0.204,770.5,897.0,5.0
-0.006836,0.3535,0.5005,0.614,0.9995,0.326,1047.0,947.5,6.0
0.01653,0.346,0.2998,0.6816,0.9995,0.08514,732.0,989.5,7.0
-0.04126,0.4846,0.465,0.682,0.9995,0.2393,705.0,1321.0,8.0
-0.0825,0.474,0.3257,0.7207,0.9995,0.263,1164.0,922.5,9.0
-0.1192,0.765,0.274,0.663,1.0,-0.3015,1031.0,1126.0,10.0
0.5024,0.2064,0.5835,0.3877,0.9995,0.3928,1137.0,270.8,11.0
-0.0744,0.4717,0.3237,0.6904,0.9995,0.0732,766.5,1106.0,12.0
-0.1216,0.6533,0.2267,0.5815,1.0,-0.8525,1421.0,1100.0,13.0
-0.05045,0.506,0.4346,0.6763,0.9995,0.1766,761.5,948.5,14.0
-0.04565,0.525,0.3975,0.692,0.9995,-0.04745,980.5,965.5,15.0
0.0479,0.6157,0.3472,0.764,1.0,-0.6304,1780.0,795.5,1.0
0.1853,0.1821,0.11066,0.6514,0.9995,0.5835,1145.0,641.0,2.0
-0.03784,0.6973,0.2458,0.7954,1.0,-0.0671,990.5,1397.0,3.0
-0.03717,0.4314,0.4963,0.7505,0.9995,0.3142,918.5,954.5,4.0
-0.0407,0.4756,0.4197,0.7056,0.9995,0.05524,1015.5,951.0,5.0
-0.091,0.7505,0.2864,0.6357,0.9995,-0.358,1081.0,367.0,6.0
-0.02089,0.4004,0.2139,0.7065,0.9995,0.405,1040.0,842.0,7.0
-0.02802,0.595,0.3447,0.752,1.0,-0.1937,1387.0,892.5,8.0
-0.071,0.5234,0.317,0.7827,0.9995,0.3638,838.0,879.5,9.0
-0.07556,0.448,0.2888,0.7026,0.9995,0.2477,1096.0,882.5,10.0
-0.0614,0.528,0.3013,0.696,0.9995,-0.11816,693.5,602.5,11.0
-0.06027,0.512,0.3713,0.6274,0.9995,0.1552,818.0,1035.0,12.0
-0.08716,0.607,0.2969,0.743,0.9995,0.02779,993.0,1103.0,13.0
-0.1476,0.692,0.2183,0.7095,0.9995,0.202,736.5,761.0,14.0
-0.05554,0.792,0.381,0.788,0.9995,0.4348,565.5,709.5,15.0
-0.0838,0.5566,0.3047,0.713,0.9995,0.002775,901.5,1059.0,1.0
-0.1123,0.6064,0.2854,0.7085,0.9995,0.013885,870.5,1009.0,2.0
-0.1321,0.6753,0.2216,0.7363,0.9995,0.2072,902.5,851.5,3.0
-0.1404,0.7324,0.1909,0.5923,0.9995,-0.274,903.0,1174.0,4.0
-0.1337,0.9917,0.1754,0.8027,0.9995,0.1401,865.0,1536.0,5.0
-0.11646,0.629,0.17,0.682,0.9995,0.2063,917.0,1593.0,6.0
-0.129,0.62,0.2922,0.697,0.9995,0.08997,853.5,1135.0,7.0
-0.11896,0.693,0.2473,0.66,0.9995,0.2422,808.0,893.5,8.0
-0.0974,0.4888,0.3503,0.6455,0.9995,0.1515,990.5,918.5,9.0
-0.134,0.6143,0.2703,0.6753,0.9995,0.0228,858.5,1089.0,10.0
-0.1277,0.795,0.2004,0.6772,0.9995,0.2157,935.0,1221.0,11.0
-0.1484,0.6147,0.2208,0.6465,0.9995,0.1012,734.0,322.2,12.0
-0.1705,0.766,0.2028,0.6343,0.9995,-0.2727,638.0,728.5,13.0
-0.0993,0.677,0.1326,0.5605,0.9995,-0.2031,608.5,1168.0,14.0
-0.09656,0.6274,0.3113,0.648,0.9995,0.1261,867.0,1179.0,15.0
-0.12006,0.7163,0.2369,0.719,0.9995,-0.1798,902.5,912.5,1.0
-0.12274,0.6934,0.3174,0.729,0.9995,0.1598,920.0,1212.0,2.0
-0.10657,0.636,0.3254,0.7095,0.9995,0.02394,1022.0,1060.0,3.0
-0.0767,0.6987,0.3313,0.8228,0.9995,0.2002,1347.0,759.0,4.0
-0.1307,0.735,0.2856,0.712,0.9995,0.03394,1092.0,1001.5,5.0
-0.1301,0.7715,0.1534,0.601,0.9995,-0.1036,133.6,1939.0,6.0
-0.1388,0.6323,0.1853,0.608,0.9995,-0.4124,591.0,1369.0,7.0
-0.1373,0.8237,0.1665,0.55,1.0,-0.7334,662.0,1609.0,8.0
-0.12177,0.537,0.2993,0.6436,0.9995,0.1593,1133.0,1221.0,9.0
-0.1327,0.6304,0.2078,0.628,0.9995,0.1412,1178.0,1087.0,10.0
-0.1271,0.6753,0.2051,0.6206,0.9995,-0.6416,1177.0,1219.0,11.0
-0.1321,0.695,0.1461,0.58,0.9995,-0.2234,815.5,1416.0,12.0
-0.1523,0.8447,0.1725,0.7163,0.9995,-0.1037,591.0,1649.0,13.0
-0.1427,0.7573,0.1838,0.6597,0.9995,-0.4504,1650.0,809.5,14.0
-0.1438,0.761,0.1956,0.62,0.9995,-0.0788,1353.0,1426.0,15.0
-0.02596,0.559,0.1691,0.745,0.9995,0.1741,649.0,1212.0,1.0
-0.0998,0.5513,0.3591,0.695,0.9995,0.182,1111.0,870.5,2.0
-0.1079,0.716,0.1869,0.741,0.9995,0.01448,1277.0,1193.0,3.0
-0.0925,0.6206,0.2783,0.59,0.9995,-0.4314,660.5,1121.0,4.0
-0.141,0.666,0.2299,0.656,0.9995,0.1733,866.0,1123.0,5.0
-0.1569,0.7925,0.2,0.6553,0.9995,0.00788,1230.0,1105.0,6.0
-0.1282,0.724,0.2198,0.6196,0.9995,-0.03497,1085.0,1297.0,7.0
-0.1274,0.5522,0.272,0.626,0.9995,0.05222,775.5,1206.0,8.0
-0.1242,0.747,0.2042,0.627,0.9995,0.06366,1090.0,643.5,9.0
-0.1276,0.6133,0.2756,0.728,0.9995,0.2186,931.5,1086.0,10.0
-0.0899,0.704,0.188,0.692,0.9995,-0.3977,941.5,791.5,11.0
-0.1184,0.63,0.2017,0.712,0.9995,0.11975,864.5,1172.0,12.0
-0.1473,0.6895,0.2169,0.703,0.9995,0.03815,1150.0,1134.0,13.0
-0.1499,0.6685,0.2152,0.6895,0.9995,0.0904,996.5,1093.0,14.0
-0.1439,0.6963,0.2119,0.677,0.9995,-0.1698,978.5,988.5,15.0
-0.10406,0.547,0.3584,0.7056,0.9995,0.2935,760.0,987.0,1.0
-0.1032,0.5703,0.3477,0.7036,0.9995,0.1394,884.5,986.0,2.0
-0.0889,0.4683,0.332,0.6187,0.9995,0.01794,752.0,1144.0,3.0
-0.1262,0.6797,0.2798,0.6685,0.9995,-0.12366,981.0,1261.0,4.0
-0.10144,0.5503,0.3516,0.689,0.9995,0.1543,865.0,937.5,5.0
-0.1302,0.841,0.1825,0.7734,0.9995,0.1226,952.0,842.5,6.0
-0.1148,0.765,0.2085,0.6978,0.9995,0.3513,669.0,1219.0,7.0
-0.1283,0.62,0.298,0.6865,0.9995,0.1453,876.0,1033.0,8.0
-0.0889,0.8296,0.2089,0.79,0.9995,-0.1113,1017.5,988.0,9.0
-0.1359,0.74,0.2472,0.745,0.9995,0.345,835.5,1206.0,10.0
-0.11884,0.8833,0.12115,0.7188,0.9995,-0.0806,977.5,1354.0,11.0
-0.1505,0.8203,0.1656,0.611,0.999,-0.2072,987.0,894.5,12.0
-0.1218,0.8,0.2106,0.726,0.9995,-0.3416,1075.0,1135.0,13.0
-0.1458,0.681,0.1993,0.6973,0.9995,0.1084,821.5,728.0,14.0
-0.1398,0.6045,0.2554,0.671,0.9995,0.0655,1075.0,1027.0,15.0
-0.10046,0.6167,0.3772,0.744,0.9995,0.2338,1143.0,1247.0,1.0
-0.06635,0.823,0.2222,0.7563,0.9995,0.5825,614.0,1735.0,2.0
-0.1023,0.7993,0.2383,0.8315,0.9995,0.3105,815.0,912.0,3.0
-0.1238,0.882,0.1558,0.6333,0.9995,-0.034,158.2,369.5,4.0
-0.1333,0.6997,0.2927,0.719,0.9995,0.10974,933.0,1149.0,5.0
-0.12494,0.6855,0.313,0.723,0.9995,0.1464,996.0,1196.0,6.0
-0.07794,0.66,0.1995,0.7896,0.9995,0.4358,756.0,850.5,7.0
-0.1438,0.662,0.17,0.661,0.9995,0.01872,990.0,1162.0,8.0
-0.1497,0.8535,0.2024,0.702,0.9995,0.0783,744.0,1135.0,9.0
-0.1115,0.903,0.118,0.542,1.0,-0.7095,1356.0,786.5,10.0
-0.1147,0.6133,0.3154,0.6772,0.9995,0.07184,945.5,1236.0,11.0
-0.135,0.698,0.2081,0.7324,0.9995,0.1777,805.0,952.0,12.0
-0.1641,0.8296,0.1738,0.688,0.9995,-0.1622,804.5,1112.0,13.0
-0.1486,0.721,0.1835,0.6987,0.9995,0.0732,838.0,1130.0,14.0
-0.1672,0.8457,0.166,0.6094,0.9995,-0.39,1087.0,894.0,15.0
-0.1075,0.7607,0.1311,0.616,0.9995,0.04538,1033.0,656.0,1.0
-0.0994,0.702,0.2961,0.7383,0.9995,-0.1364,724.5,1206.0,2.0
-0.1213,0.6743,0.2642,0.779,0.9995,0.3684,1019.5,805.5,3.0
-0.1387,0.7607,0.2683,0.7227,0.9995,0.1576,1012.0,1119.0,4.0
-0.1384,0.715,0.2017,0.7285,0.9995,0.16,800.0,1266.0,5.0
-0.1437,0.803,0.1115,0.6143,0.999,-0.4724,916.0,1343.0,6.0
-0.1318,0.692,0.2986,0.74,0.9995,0.3022,1032.0,1064.0,7.0
-0.1088,0.622,0.3518,0.738,0.9995,0.188,875.0,980.0,8.0
-0.1344,0.7104,0.2482,0.713,0.9995,-0.06964,842.5,1150.0,9.0
-0.1377,0.653,0.1896,0.686,0.9995,0.136,607.5,902.5,10.0
-0.162,0.735,0.1771,0.6616,0.9995,0.03345,978.0,874.5,11.0
-0.149,0.708,0.2502,0.7153,0.9995,0.1616,936.5,1062.0,12.0
-0.07025,0.6465,0.359,0.6797,0.9995,0.08014,716.0,924.0,13.0
-0.1747,0.822,0.1366,0.597,0.999,-0.529,892.0,1510.0,14.0
-0.0968,0.798,0.3433,0.825,0.9995,0.3174,753.5,635.5,15.0
-0.10034,0.657,0.1069,0.6104,0.9995,-0.2485,580.0,920.5,1.0
-0.0804,0.2422,0.3328,0.3867,0.9995,-0.9604,140.8,1238.0,2.0
-0.04276,0.4775,0.3599,0.5938,0.9995,-0.186,869.0,1377.0,3.0
-0.1009,0.569,0.3113,0.6323,0.9995,-0.11993,889.5,1222.0,4.0
-0.09863,0.628,0.278,0.757,0.9995,0.1006,837.0,827.0,5.0
-0.0826,0.8574,0.1731,0.811,0.9995,0.482,1322.0,1149.0,6.0
-0.1636,0.854,0.1998,0.6187,1.0,-0.7485,1071.0,1200.0,7.0
-0.0686,0.6206,0.1359,0.694,0.9995,0.0744,598.5,879.0,8.0
-0.10333,0.5337,0.2688,0.6533,0.9995,-0.1234,694.5,1388.0,9.0
-0.1334,0.615,0.1984,0.5586,0.9995,-0.6743,706.0,1336.0,10.0
-0.129,0.597,0.1837,0.642,0.9995,-0.13,664.5,1048.0,11.0
-0.1329,0.6377,0.244,0.6143,0.9995,-0.1332,979.5,1392.0,12.0
-0.1545,0.694,0.2042,0.6826,0.9995,-0.010056,1016.5,1246.0,13.0
-0.1361,0.7363,0.2563,0.7056,0.9995,-0.1213,1032.0,1144.0,14.0
-0.1467,0.729,0.1289,0.5513,0.9995,-0.627,1040.0,1188.0,15.0
-0.0942,0.9023,0.1959,0.662,0.9995,0.0799,868.0,1415.0,1.0
-0.1248,0.5557,0.2659,0.615,0.9995,-0.07367,805.0,1386.0,2.0
-0.088,0.729,0.3594,0.8438,0.9995,0.5093,1291.0,603.0,3.0
-0.0982,0.8003,0.3086,0.8525,0.9995,0.4236,767.0,1133.0,4.0
-0.0922,0.914,0.2017,0.67,0.9995,0.07855,1014.0,1328.0,5.0
-0.1072,0.7837,0.1268,0.6646,0.9995,0.1633,502.8,1296.0,6.0
-0.1005,0.672,0.168,0.543,0.9995,-0.359,276.5,1839.0,7.0
-0.10016,0.4966,0.2932,0.6553,0.9995,-0.013275,606.5,1308.0,8.0
-0.11475,0.588,0.1943,0.5537,0.9995,-0.281,738.0,1349.0,9.0
-0.07544,0.428,0.2374,0.5156,0.9995,-0.1819,565.5,1033.0,10.0
-0.1103,0.933,0.2666,0.855,0.9995,0.376,896.0,1322.0,11.0
-0.1486,0.814,0.2148,0.675,0.9995,0.03534,811.0,1396.0,12.0
-0.1364,0.629,0.2654,0.689,0.9995,0.042,695.5,1273.0,13.0
-0.1602,0.727,0.1874,0.665,0.9995,0.0687,629.0,1305.0,14.0
-0.146,0.657,0.2515,0.651,0.9995,0.001728,751.0,1102.0,15.0
-0.0762,0.6885,0.2705,0.7617,0.9995,0.674,1111.0,971.0,1.0
-0.1225,0.602,0.2795,0.742,0.9995,0.355,1084.0,1111.0,2.0
-0.11566,0.768,0.2673,0.8154,0.9995,0.3186,948.0,1043.0,3.0
-0.06903,0.6343,0.1967,0.7715,0.9995,0.2128,1003.0,729.5,4.0
-0.094,0.658,0.3315,0.6807,0.9995,0.153,719.0,1047.0,5.0
-0.10406,0.603,0.2932,0.6787,0.9995,-0.1428,1171.0,1299.0,6.0
-0.12036,0.9473,0.2527,0.781,0.9995,-0.1414,862.5,680.0,7.0
-0.1209,0.5923,0.3052,0.671,0.9995,0.0805,1075.0,1130.0,8.0
-0.09406,0.766,0.2231,0.787,0.9995,0.00914,1404.0,1017.5,9.0
-0.1213,0.9453,0.1227,0.74,0.9995,-0.02338,1091.0,940.0,10.0
-0.1239,0.7144,0.315,0.7573,0.9995,0.1847,1083.0,991.0,11.0
-0.12195,0.6733,0.3206,0.7183,0.9995,0.1448,1009.0,1124.0,12.0
-0.0881,0.5728,0.3936,0.7407,0.9995,0.2174,993.5,978.0,13.0
-0.1414,0.73,0.2717,0.7056,0.9995,0.07336,1034.0,955.5,14.0
-0.1404,0.7095,0.2666,0.7427,0.9995,0.2776,1116.0,1033.0,15.0
-0.1376,0.5767,0.2084,0.6157,0.9995,-0.1954,764.0,1125.0,1.0
-0.11835,0.8164,0.2433,0.689,0.9995,0.153,1296.0,435.5,2.0
-0.1188,0.724,0.217,0.588,0.9995,-0.319,969.5,1169.0,3.0
-0.0925,0.513,0.3645,0.668,0.9995,0.147,1029.0,1128.0,4.0
-0.1633,0.976,0.1779,0.7104,0.9995,-0.4382,1053.0,898.0,5.0
-0.1393,0.6904,0.2208,0.7095,0.9995,0.2993,880.5,563.5,6.0
-0.11926,0.9966,0.1102,0.7334,0.9995,-0.099,1169.0,517.0,7.0
-0.1119,0.8306,0.279,0.706,0.9995,-0.4106,1553.0,598.0,8.0
-0.1318,0.6567,0.3052,0.737,0.9995,0.2374,1043.0,622.5,9.0
-0.015015,0.515,0.4348,0.663,0.9995,-0.0799,1177.0,1049.0,10.0
-0.1373,0.7993,0.2532,0.706,0.9995,-0.1987,1300.0,699.0,11.0
-0.1506,0.7803,0.2354,0.6846,0.9995,0.0301,1179.0,653.5,12.0
-0.1214,0.8545,0.2317,0.8184,0.9995,0.25,1320.0,288.5,13.0
-0.0941,0.6406,0.3374,0.692,0.9995,-0.00961,1113.0,885.5,14.0
-0.1299,0.6436,0.2413,0.723,0.9995,0.1265,1091.0,1215.0,15.0
-0.0602,0.7417,0.2362,0.875,0.999,0.4617,975.5,1478.0,1.0
-0.10443,0.7085,0.2605,0.8086,0.9995,0.3027,949.0,1340.0,2.0
-0.108,0.656,0.293,0.794,0.9995,0.316,915.5,1025.0,3.0
-0.07184,0.515,0.342,0.639,0.9995,0.3748,991.5,1206.0,4.0
-0.118,0.588,0.312,0.69,0.9995,0.2947,902.0,1290.0,5.0
-0.1327,0.6597,0.2292,0.6895,0.9995,0.3115,1124.0,863.0,6.0
0.1182,0.802,0.701,0.9473,1.0,0.2173,295.0,949.5,7.0
-0.0984,0.914,0.1996,0.8237,0.9995,0.04102,869.0,1234.0,8.0
-0.1104,0.686,0.2471,0.6157,0.9995,-0.03848,588.5,1391.0,9.0
0.00965,0.746,0.4849,0.835,0.9995,0.1709,587.0,1146.0,10.0
-0.04834,0.5703,0.11774,0.6025,0.9995,0.2001,1153.0,1209.0,11.0
-0.1368,0.839,0.1841,0.689,0.9995,0.1586,600.0,1475.0,12.0
-0.1394,0.795,0.2323,0.769,0.9995,0.132,865.5,1193.0,13.0
-0.09125,0.5415,0.3684,0.678,0.9995,0.1963,845.5,1181.0,14.0
-0.10876,0.7173,0.2429,0.6196,0.9995,-0.03433,723.0,1310.0,15.0
-0.1271,0.783,0.1646,0.739,0.9995,0.158,1081.0,923.5,1.0
-0.1144,0.576,0.3147,0.6943,0.9995,0.0917,729.5,1125.0,2.0
-0.11096,0.6377,0.3145,0.707,0.9995,0.009834,984.5,911.5,3.0
-0.1047,0.7896,0.1718,0.739,0.999,0.3877,1403.0,968.5,4.0
-0.098,0.5967,0.2937,0.6226,1.0,0.0669,1029.0,1423.0,5.0
-0.1355,0.7866,0.2059,0.7437,0.9995,0.3027,987.0,910.5,6.0
-0.1461,0.7476,0.2032,0.7173,0.9995,0.2131,1184.0,1027.0,7.0
0.0728,0.6104,0.5093,0.7075,0.9995,-0.3289,1225.0,691.0,8.0
-0.10175,0.8276,0.2074,0.8237,0.999,0.2512,1128.0,679.0,9.0
-0.1078,0.6313,0.1338,0.5996,0.9995,0.01296,856.5,1205.0,10.0
-0.11865,0.6245,0.324,0.705,0.9995,0.1514,944.0,1091.0,11.0
-0.1088,0.608,0.2725,0.6206,1.0,0.0693,1100.0,1498.0,12.0
-0.0875,0.4824,0.3667,0.6455,0.9995,0.1318,896.5,996.0,13.0
-0.1177,0.916,0.1477,0.7773,0.9995,0.07074,1204.0,1210.0,14.0
-0.1259,0.838,0.174,0.6064,0.9995,-0.1863,718.0,1425.0,15.0
-0.111,0.4949,0.3171,0.6387,0.9995,0.1403,1182.0,1339.0,1.0
-0.0806,0.88,0.10205,0.7026,0.9995,-0.3132,1459.0,871.5,2.0
-0.07587,0.587,0.39,0.752,0.9995,0.1271,1290.0,1086.0,3.0
-0.1225,0.6787,0.3108,0.7266,0.9995,0.0905,1178.0,1130.0,4.0
-0.0931,0.606,0.3762,0.7163,0.9995,0.259,1227.0,922.5,5.0
-0.1241,0.787,0.2957,0.795,1.0,0.2717,669.0,1146.0,6.0
-0.1665,0.795,0.1467,0.6377,0.9995,-0.11145,1015.0,1657.0,7.0
-0.0931,0.5293,0.2585,0.602,0.9995,-0.452,806.5,1446.0,8.0
-0.1671,0.9604,0.11743,0.632,0.9995,-0.4158,1020.5,1661.0,9.0
-0.1575,0.804,0.1692,0.6914,0.9995,-0.1384,1355.0,1038.0,10.0
-0.1462,0.6367,0.2515,0.6567,0.9995,0.03256,1086.0,1347.0,11.0
-0.1416,0.65,0.2352,0.6426,0.9995,-0.255,921.5,1402.0,12.0
-0.1532,0.8604,0.2122,0.6665,0.9995,-0.2344,1157.0,1202.0,13.0
-0.0572,0.957,0.1969,0.8574,0.999,0.669,432.0,1644.0,14.0
0.2444,0.808,0.2032,0.5376,0.9995,0.02446,1130.0,1862.0,15.0
-0.1653,0.859,0.1697,0.6885,0.9995,-0.1932,1017.5,1024.0,1.0
-0.1107,0.574,0.2937,0.624,0.9995,-0.11096,820.0,1055.0,2.0
-0.0857,0.6875,0.1888,0.506,1.0,-0.713,1027.0,1673.0,3.0
-0.1368,0.707,0.2617,0.6655,0.9995,-0.1835,1004.5,780.5,4.0
-0.1044,0.711,0.2786,0.778,0.9995,0.068,828.5,1439.0,5.0
-0.10724,0.5947,0.3218,0.7017,0.9995,0.04446,974.5,1235.0,6.0
-0.1219,0.723,0.307,0.721,0.9995,0.1401,708.0,889.0,7.0
0.2007,0.9575,0.684,0.9805,0.9995,-0.8926,1500.0,993.5,8.0
-0.1293,0.595,0.2617,0.7007,0.9995,0.1246,1007.5,1247.0,9.0
-0.1421,0.7007,0.2228,0.602,1.0,-0.4119,980.0,1352.0,10.0
-0.128,0.634,0.2852,0.718,0.9995,0.1053,879.5,1031.0,11.0
-0.146,0.6523,0.1941,0.5884,0.9995,-0.2795,1053.0,925.0,12.0
-0.1687,0.7803,0.167,0.61,0.9995,-0.3057,908.5,843.0,13.0
-0.1299,0.9355,0.1398,0.7324,0.9995,-0.292,1145.0,1089.0,14.0
-0.1501,0.623,0.2024,0.6455,0.9995,-0.05966,866.0,1293.0,15.0
-0.1439,0.7993,0.2483,0.7207,0.9995,-0.001109,1170.0,1178.0,1.0
-0.0728,0.7173,0.3242,0.668,0.9995,-0.0218,1272.0,966.0,2.0
-0.09784,0.4631,0.2864,0.687,0.9995,0.292,997.0,913.5,3.0
-0.1094,0.518,0.2483,0.6924,0.9995,0.2466,687.0,769.0,4.0
-0.1261,0.805,0.1604,0.734,0.9995,-0.03607,1087.0,1128.0,5.0
-0.1298,0.681,0.2883,0.6885,0.9995,-0.0004044,1150.0,963.5,6.0
-0.12177,0.7227,0.2373,0.7046,0.9995,-0.301,1278.0,916.0,7.0
-0.1343,0.9067,0.2432,0.7603,0.9995,-0.08624,1045.0,1226.0,8.0
-0.1106,0.6934,0.2651,0.6104,0.9995,-0.551,1057.0,496.2,9.0
-0.14,0.9004,0.1835,0.766,0.9995,-0.03004,1203.0,1047.0,10.0
-0.1215,0.5293,0.2922,0.658,1.0,0.0812,1043.0,1383.0,11.0
-0.1192,0.618,0.2788,0.739,0.9995,0.1608,1162.0,1143.0,12.0
-0.1317,0.7183,0.2632,0.665,0.9995,-0.2896,1105.0,810.5,13.0
-0.11163,0.625,0.3557,0.767,0.9995,0.3115,1111.0,847.0,14.0
-0.1552,0.86,0.1515,0.683,0.9995,-0.3225,1124.0,1369.0,15.0
-0.1262,0.714,0.2118,0.59,0.9995,-0.2854,707.0,1206.0,1.0
-0.10187,0.4785,0.3394,0.642,0.9995,0.168,902.5,1174.0,2.0
-0.0866,0.5796,0.316,0.6816,0.9995,-0.1581,1173.0,884.5,3.0
-0.1315,0.6865,0.2452,0.625,0.9995,-0.0913,1252.0,827.5,4.0
0.4224,0.5796,0.7563,0.678,0.9995,-0.7656,1214.0,594.5,5.0
-0.10547,0.7007,0.2247,0.6045,0.9995,-0.03946,726.0,1104.0,6.0
22.34,0.9727,0.8433,0.07367,0.999,0.2957,1811.0,519.5,7.0
-0.1255,0.859,0.2496,0.6685,0.9995,-0.499,1077.0,911.0,8.0
-0.0826,0.657,0.3145,0.7783,0.9995,0.0684,1296.0,578.0,9.0
-0.1243,0.5923,0.2808,0.6353,0.9995,-0.08734,968.0,958.5,10.0
-0.1206,0.651,0.2722,0.708,0.9995,-0.04276,1128.0,801.5,11.0
0.04883,0.7646,0.3577,0.6865,0.9995,0.3918,799.5,1290.0,12.0
-0.129,0.5713,0.2793,0.6377,0.9995,0.002708,922.0,1071.0,13.0
-0.1335,0.5723,0.2585,0.6514,0.9995,-0.0214,1024.0,1079.0,14.0
0.128,0.617,0.497,0.6543,0.9995,-0.4497,1085.0,814.0,15.0
-0.0786,0.9365,0.2496,0.681,0.9995,-0.2357,732.0,1313.0,1.0
-0.1632,0.9067,0.1825,0.707,0.9995,-0.2428,875.5,1742.0,2.0
-0.1809,0.911,0.1444,0.6367,0.9995,-0.4485,312.5,1733.0,3.0
-0.1299,0.839,0.25,0.69,0.9995,-0.1735,717.5,1355.0,4.0
-0.12225,0.683,0.3164,0.7236,0.9995,0.1256,757.5,1492.0,5.0
-0.1124,0.8438,0.2727,0.792,1.0,0.01852,919.5,989.0,6.0
-0.1416,0.5757,0.2496,0.639,0.9995,0.05362,798.5,1128.0,7.0
-0.12445,0.7236,0.2756,0.7134,0.9995,-0.12256,1027.0,1357.0,8.0
0.501,0.6367,0.7754,0.726,1.0,0.595,619.5,195.8,9.0
-0.1313,0.7734,0.276,0.7207,0.9995,0.01978,802.5,1371.0,10.0
-0.1589,0.8354,0.1716,0.6943,0.9995,-0.2052,475.0,1199.0,11.0
-0.1259,0.747,0.2732,0.6733,0.9995,0.01423,656.5,1321.0,12.0
0.0656,0.617,0.5293,0.918,1.0,0.1384,1054.0,157.1,13.0
-0.1396,0.821,0.2468,0.7363,0.9995,-0.0609,791.0,1198.0,14.0
-0.1753,0.9106,0.1558,0.6587,1.0,-0.3345,186.5,1603.0,15.0
-0.0814,0.5835,0.284,0.775,0.9995,0.2166,959.5,1223.0,1.0
-0.11993,0.5796,0.3167,0.6934,0.9995,0.175,885.0,962.5,2.0
-0.1051,0.6284,0.3623,0.7695,0.9995,0.2593,846.5,1092.0,3.0
-0.12354,0.9614,0.2493,0.739,0.9995,-0.2998,1161.0,1160.0,4.0
-0.11194,0.6387,0.3413,0.719,0.9995,0.1823,699.5,964.5,5.0
-0.1383,0.8364,0.2051,0.767,0.9995,0.259,785.0,1080.0,6.0
-0.12225,0.78,0.2654,0.671,0.9995,-0.0679,720.5,945.5,7.0
-0.1318,0.7695,0.2388,0.764,0.9995,0.3694,1192.0,1270.0,8.0
-0.1544,0.899,0.1786,0.7085,0.9995,0.02313,1015.0,1712.0,9.0
-0.1439,0.647,0.2294,0.69,0.9995,0.05084,793.5,1093.0,10.0
-0.1453,0.87,0.1632,0.671,0.9995,0.0368,537.0,1044.0,11.0
-0.1345,0.861,0.10376,0.583,0.9995,-0.4312,958.0,1191.0,12.0
-0.1415,0.7197,0.273,0.712,0.9995,0.0776,795.5,1090.0,13.0
-0.1473,0.6973,0.2634,0.6934,0.9995,0.06854,837.0,1053.0,14.0
-0.1562,0.766,0.231,0.6714,0.9995,-0.05057,733.0,1010.5,15.0
-0.06793,0.6953,0.4158,0.8057,0.9995,0.2498,947.0,954.0,1.0
-0.0813,0.8057,0.1364,0.721,0.9995,0.342,1253.0,801.0,2.0
-0.0818,0.922,0.2299,0.8027,0.9995,0.551,1476.0,1115.0,3.0
0.2448,0.867,0.664,0.8887,0.999,-0.4597,74.5,473.5,4.0
-0.06366,0.613,0.291,0.7446,0.9995,0.725,738.5,1030.0,5.0
-0.1214,0.6396,0.265,0.747,0.9995,0.1688,1195.0,707.5,6.0
-0.10956,0.715,0.2622,0.7495,0.9995,0.5103,938.0,949.5,7.0
-0.09625,0.6504,0.391,0.792,0.9995,0.367,1145.0,763.0,8.0
-0.1315,0.779,0.2021,0.7446,0.9995,0.3247,1170.0,806.0,9.0
-0.1248,0.6133,0.3022,0.7427,0.9995,0.2715,1157.0,886.0,10.0
0.1257,0.5645,0.4,0.574,0.9995,-0.04367,1637.0,145.9,11.0
-0.1346,0.637,0.2754,0.696,0.9995,0.05307,611.5,628.0,12.0
-0.12427,0.6157,0.2915,0.721,0.9995,0.1417,911.0,967.5,13.0
-0.133,0.7876,0.2612,0.7397,0.9995,0.271,1027.0,1035.0,14.0
-0.12427,0.6934,0.3218,0.764,0.9995,0.313,1041.0,815.5,15.0
-0.09985,0.633,0.3804,0.758,0.9995,0.2478,951.5,1351.0,1.0
-0.0736,0.645,0.4253,0.7617,0.9995,0.306,1051.0,958.0,2.0
-0.1342,0.6743,0.236,0.7354,0.9995,0.327,791.0,512.0,3.0
-0.11755,0.6475,0.342,0.739,0.9995,0.2305,1024.0,979.0,4.0
-0.08496,0.5215,0.29,0.5845,0.9995,-0.3945,78.2,728.5,5.0
0.7007,0.4277,0.6465,0.4766,0.999,-0.12103,1082.0,805.5,6.0
0.1642,0.535,0.4753,0.5938,0.9995,-0.02768,934.5,914.5,7.0
-0.03848,0.84,0.347,0.7305,0.9995,-0.3608,453.8,1660.0,8.0
-0.1387,0.744,0.1812,0.722,0.9995,0.1189,740.5,814.0,9.0
-0.05896,0.5894,0.3706,0.655,0.9995,0.095,914.5,910.5,10.0
-0.1472,0.859,0.2212,0.698,0.9995,-0.0259,337.0,1308.0,11.0
-0.1365,0.6084,0.2725,0.658,0.9995,0.0638,840.0,1037.0,12.0
-0.11035,0.5938,0.3276,0.7163,0.9995,0.125,964.0,887.0,13.0
-0.07825,0.7954,0.1543,0.7925,0.9995,0.2,564.0,1172.0,14.0
-0.12286,0.6006,0.279,0.651,0.9995,-0.12146,415.5,903.0,15.0
-0.1378,0.79,0.1483,0.7,0.9995,0.081,1021.0,1091.0,1.0
-0.1421,0.8623,0.1421,0.658,0.9995,0.014114,813.5,1154.0,2.0
-0.1475,0.7124,0.257,0.7026,0.9995,0.02257,1023.5,1002.0,3.0
-0.1526,0.837,0.1794,0.726,0.9995,0.01656,1026.0,1174.0,4.0
-0.1517,0.9316,0.1443,0.717,0.9995,-0.1246,890.5,1123.0,5.0
-0.1522,0.7915,0.2164,0.722,0.9995,-0.00908,1006.0,1255.0,6.0
-0.1327,0.9585,0.1263,0.6406,0.999,-0.1425,803.5,790.0,7.0
-0.1638,0.854,0.1683,0.669,0.9995,-0.0576,903.0,933.5,8.0
-0.1753,0.8965,0.1718,0.6377,0.9995,-0.4243,1036.0,1752.0,9.0
-0.1324,0.7324,0.2637,0.731,0.9995,-0.0072,1122.0,1132.0,10.0
-0.1652,0.817,0.1929,0.659,0.9995,-0.07294,1106.0,1358.0,11.0
-0.1666,0.744,0.2083,0.661,0.9995,-0.1631,942.0,1294.0,12.0
-0.1716,0.939,0.1249,0.646,0.9995,-0.398,971.0,1612.0,13.0
-0.1469,0.7964,0.2347,0.676,0.9995,-0.358,1055.0,1522.0,14.0
-0.162,0.7803,0.2158,0.6816,0.9995,-0.0946,984.5,1217.0,15.0
-0.1357,0.6724,0.2537,0.6665,0.9995,-0.1879,989.5,1089.0,1.0
-0.1361,0.695,0.2712,0.6743,0.9995,-0.04437,770.5,1288.0,2.0
-0.1285,0.586,0.2705,0.6274,0.9995,-0.01791,741.5,1219.0,3.0
-0.1337,0.673,0.2537,0.7036,0.9995,-0.0414,1115.0,1093.0,4.0
-0.1368,0.5693,0.2532,0.6616,0.9995,0.1616,804.0,903.0,5.0
-0.1183,0.618,0.3118,0.682,0.9995,0.0773,923.0,1065.0,6.0
-0.1633,0.694,0.1942,0.6426,0.9995,-0.1705,741.0,1067.0,7.0
-0.1387,0.79,0.2294,0.7437,0.9995,0.2937,587.0,1421.0,8.0
-0.1581,0.761,0.2114,0.6562,0.9995,0.02757,261.0,1224.0,9.0
-0.1287,0.601,0.2668,0.626,0.9995,-0.03748,713.5,1203.0,10.0
-0.1548,0.7812,0.1998,0.7095,0.9995,0.1343,429.5,1327.0,11.0
-0.1461,0.6113,0.2461,0.6465,0.9995,0.05676,674.5,1108.0,12.0
-0.1405,0.6753,0.26,0.6523,0.9995,-0.04144,673.0,1277.0,13.0
-0.141,0.6616,0.2554,0.642,0.9995,-0.0422,617.5,1270.0,14.0
-0.1409,0.6245,0.2612,0.6514,0.9995,-0.01183,738.5,1155.0,15.0
-0.1473,0.644,0.2383,0.6743,0.9995,0.1356,666.0,1115.0,1.0
-0.1498,0.718,0.2184,0.63,1.0,-0.4792,1089.0,1211.0,2.0
-0.11285,0.589,0.2104,0.654,0.9995,-0.1989,891.0,1303.0,3.0
-0.1544,0.6904,0.2336,0.6606,0.9995,0.04385,855.0,1385.0,4.0
-0.162,0.8364,0.1869,0.7017,0.9995,-0.10913,787.5,1500.0,5.0
-0.152,0.685,0.21,0.659,0.9995,-0.1824,815.0,1347.0,6.0
-0.1462,0.743,0.2471,0.6846,0.9995,0.1113,1082.0,1384.0,7.0
-0.1552,0.711,0.2366,0.667,0.9995,-0.07837,891.0,1231.0,8.0
-0.149,0.718,0.1306,0.555,0.9995,-0.6704,927.0,1545.0,9.0
-0.0693,0.587,0.1978,0.7544,1.0,0.4927,1227.0,443.8,10.0
-0.1604,0.7124,0.2255,0.6562,0.9995,-0.05026,891.0,1418.0,11.0
-0.1675,0.788,0.1813,0.5986,0.9995,-0.496,727.5,1506.0,12.0
-0.1493,0.691,0.2422,0.6816,0.9995,-0.0502,831.5,1212.0,13.0
-0.1711,0.791,0.1743,0.596,1.0,-0.709,1097.0,1591.0,14.0
-0.1666,0.8433,0.1697,0.662,0.9995,-0.0771,560.0,1676.0,15.0
-0.06076,0.846,0.331,0.744,0.9995,-0.372,800.5,1046.0,1.0
-0.1216,0.784,0.2783,0.718,0.9995,-0.1929,910.5,1075.0,2.0
-0.1498,0.712,0.2512,0.7085,0.9995,0.07153,981.0,1015.5,3.0
-0.1285,0.6597,0.2925,0.6836,0.9995,0.04803,1122.0,1022.5,4.0
-0.1377,0.6533,0.2632,0.681,0.9995,-0.03027,945.5,1058.0,5.0
-0.1486,0.7686,0.2352,0.6875,0.9995,-0.2002,928.5,1125.0,6.0
-0.1547,0.8784,0.1121,0.6445,0.9995,-0.312,968.0,928.5,7.0
-0.1501,0.849,0.1172,0.6465,0.9995,-0.3643,854.5,1174.0,8.0
-0.1576,0.768,0.2213,0.676,0.9995,-0.1896,1129.0,925.5,9.0
-0.128,0.73,0.1968,0.5654,0.9995,-0.517,878.0,1248.0,10.0
-0.1561,0.7993,0.1676,0.677,0.9995,-0.265,751.0,1267.0,11.0
-0.1666,0.755,0.1846,0.6055,0.9995,-0.411,919.5,1209.0,12.0
-0.148,0.8574,0.2305,0.753,0.999,0.07434,867.0,1065.0,13.0
-0.1512,0.922,0.11426,0.6665,0.9995,-0.2957,979.0,1103.0,14.0
-0.145,0.901,0.1306,0.65,0.999,-0.7207,1021.5,1223.0,15.0
-0.1543,0.6904,0.1927,0.6753,0.9995,0.0632,961.0,1431.0,1.0
-0.145,0.865,0.2369,0.7573,0.9995,0.11096,957.0,1304.0,2.0
-0.1556,0.736,0.2098,0.6465,0.9995,-0.389,1061.0,1300.0,3.0
-0.1354,0.914,0.1683,0.622,0.9995,-0.2827,1104.0,1908.0,4.0
-0.1493,0.661,0.2155,0.6846,0.9995,0.0658,1142.0,1031.0,5.0
-0.1674,0.8403,0.1875,0.6514,0.9995,-0.1676,1131.0,1610.0,6.0
-0.1418,0.7905,0.11334,0.619,0.9995,-0.2184,1271.0,1709.0,7.0
-0.1547,0.806,0.2214,0.6616,0.9995,-0.3955,655.5,1652.0,8.0
-0.161,0.677,0.2009,0.6475,0.9995,0.00214,842.5,1401.0,9.0
-0.1575,0.827,0.2151,0.709,0.9995,-0.02574,1017.0,1378.0,10.0
-0.1381,0.653,0.2588,0.66,0.9995,-0.11566,989.0,1050.0,11.0
-0.1382,0.9033,0.1376,0.678,0.9995,0.01682,1276.0,1789.0,12.0
-0.1699,0.942,0.135,0.6646,0.9995,-0.3574,1068.0,1556.0,13.0
-0.172,0.7866,0.1526,0.6436,0.9995,-0.1749,1176.0,1533.0,14.0
-0.1505,0.665,0.2316,0.639,0.9995,-0.2053,949.5,979.0,15.0
-0.1384,0.8765,0.2091,0.612,0.9995,-0.6426,906.0,1992.0,1.0
-0.1486,0.8115,0.2194,0.7505,0.9995,0.09576,1114.0,690.5,2.0
-0.1158,0.826,0.279,0.7188,0.9995,-0.1812,729.0,1420.0,3.0
-0.1276,0.9116,0.1636,0.7607,0.9995,0.2275,1091.0,1228.0,4.0
-0.1515,0.7505,0.1289,0.6274,0.9995,-0.2169,1173.0,814.0,5.0
-0.1444,0.8057,0.2194,0.7583,0.9995,0.1006,921.5,1005.0,6.0
-0.1533,0.794,0.1737,0.6816,0.9995,-0.2668,1127.0,1097.0,7.0
-0.1572,0.7817,0.2202,0.6665,0.9995,-0.02138,1022.5,1086.0,8.0
-0.1617,0.706,0.1951,0.6226,0.9995,-0.3564,866.0,1218.0,9.0
-0.163,0.8296,0.2097,0.65,0.9995,-0.3555,946.0,1493.0,10.0
-0.1805,0.876,0.1428,0.5923,0.9995,-0.6807,846.5,1114.0,11.0
-0.1523,0.768,0.2164,0.6226,0.9995,-0.6787,1228.0,766.5,12.0
-0.1617,0.8096,0.2019,0.698,0.9995,-0.09845,1050.0,883.5,13.0
-0.1654,0.7812,0.2043,0.636,0.9995,-0.4858,1078.0,927.5,14.0
-0.1571,0.817,0.1896,0.708,0.9995,-0.1009,936.5,953.5,15.0
-0.0895,0.671,0.3386,0.7354,0.9995,-0.01985,931.5,982.5,1.0
-0.1549,0.7065,0.1764,0.5923,0.999,-0.3184,1160.0,1156.0,2.0
-0.1316,0.653,0.2878,0.688,0.9995,0.03955,934.5,981.0,3.0
-0.1471,0.762,0.2365,0.7407,0.9995,0.09546,934.0,1054.0,4.0
-0.162,0.85,0.1703,0.7017,0.9995,-0.07056,1030.0,977.0,5.0
-0.1307,0.8984,0.2039,0.6543,0.9995,-0.1608,777.0,787.0,6.0
-0.156,0.8354,0.2094,0.6685,0.9995,-0.10406,849.0,959.0,7.0
-0.1602,0.7656,0.2227,0.6714,0.9995,-0.1487,968.0,928.5,8.0
-0.146,0.9316,0.11176,0.67,0.9995,-0.2012,830.5,1014.0,9.0
-0.1566,0.7217,0.2347,0.6733,0.9995,-0.0621,913.0,1038.0,10.0
-0.1619,0.9214,0.1099,0.616,0.9995,-0.725,792.0,1203.0,11.0
-0.1565,0.9165,0.125,0.6646,0.9995,-0.4402,1165.0,955.0,12.0
-0.161,0.7856,0.2043,0.694,0.9995,-0.1002,962.5,1034.0,13.0
-0.155,0.76,0.233,0.6724,0.9995,-0.1476,959.0,1133.0,14.0
-0.1652,0.8115,0.1852,0.6875,0.9995,-0.1311,780.5,1320.0,15.0
-0.1467,0.761,0.2512,0.7383,0.9995,0.1782,1088.0,915.5,1.0
-0.1461,0.653,0.2295,0.692,0.9995,0.0705,824.0,947.0,2.0
-0.1626,0.923,0.127,0.6665,0.9995,-0.2925,728.5,938.0,3.0
-0.1747,0.779,0.1959,0.6396,0.9995,-0.2435,841.5,1112.0,4.0
-0.1453,0.7715,0.2458,0.7197,0.9995,-0.01624,1010.5,1006.5,5.0
-0.1066,0.899,0.2703,0.8584,1.0,0.3132,1747.0,149.2,6.0
-0.05115,0.521,0.4434,0.6914,0.9995,0.3,1010.5,880.5,7.0
-0.1658,0.8657,0.1812,0.6147,0.9995,-0.492,1039.0,580.5,8.0
-0.1487,0.7427,0.2289,0.691,0.9995,-0.1582,813.0,1130.0,9.0
-0.1053,0.6655,0.3267,0.6904,0.9995,0.0638,996.5,878.0,10.0
-0.1573,0.867,0.1893,0.7197,0.9995,-0.1266,1053.0,1006.5,11.0
-0.1598,0.969,0.1824,0.735,0.9995,-0.1869,771.5,963.0,12.0
-0.1592,0.858,0.1792,0.706,0.9995,-0.1904,1067.0,1008.5,13.0
-0.173,0.8945,0.1195,0.6016,1.0,-0.7236,793.0,831.5,14.0
-0.1604,0.758,0.2021,0.683,0.9995,-0.1284,842.0,960.0,15.0
-0.1465,0.8623,0.1361,0.688,0.999,-0.2319,649.0,384.5,1.0
-0.1578,0.7153,0.1506,0.6343,0.9995,-0.1681,693.5,905.0,2.0
-0.1401,0.8516,0.1465,0.7188,0.9995,-0.02338,814.0,435.2,3.0
-0.1437,0.824,0.1859,0.73,0.9995,-0.10815,890.0,861.0,4.0
-0.1555,0.7446,0.2241,0.689,0.9995,-0.10004,943.5,843.0,5.0
-0.1603,0.8047,0.2156,0.6836,0.9995,-0.1475,794.0,1135.0,6.0
-0.1305,0.731,0.2155,0.6035,0.9995,-0.2185,559.0,784.5,7.0
-0.1539,0.678,0.2339,0.6714,0.9995,-0.00967,839.0,938.5,8.0
-0.1627,0.745,0.2146,0.632,0.9995,-0.314,851.5,1487.0,9.0
-0.1681,0.9595,0.1451,0.6807,0.9995,-0.3103,752.0,1105.0,10.0
-0.166,0.8457,0.1677,0.656,0.9995,-0.0858,529.0,667.5,11.0
-0.1597,0.7007,0.1941,0.614,0.9995,-0.2281,831.5,1214.0,12.0
-0.1624,0.811,0.1907,0.693,0.9995,-0.1442,884.0,978.0,13.0
-0.1641,0.9595,0.1104,0.623,0.9995,-0.4673,724.5,1397.0,14.0
-0.1686,0.8105,0.1963,0.6616,0.9995,-0.1271,975.5,929.5,15.0
-0.0536,0.685,0.38,0.7964,0.9995,0.05713,918.5,659.0,1.0
-0.1495,0.6587,0.243,0.6807,0.9995,0.0942,804.5,1127.0,2.0
-0.1249,0.7104,0.302,0.7188,0.9995,0.07104,906.5,1211.0,3.0
-0.1414,0.8457,0.2389,0.7026,0.9995,-0.1757,1005.5,1138.0,4.0
-0.1495,0.7324,0.255,0.694,0.9995,0.03482,894.0,1177.0,5.0
-0.138,0.8804,0.1133,0.608,0.9995,-0.2654,713.0,1093.0,6.0
-0.1515,0.8257,0.2089,0.7354,0.9995,-0.005547,1395.0,1624.0,7.0
-0.1584,0.723,0.2308,0.682,0.9995,-0.03552,833.5,1264.0,8.0
-0.1599,0.9297,0.1973,0.6816,0.9995,-0.472,853.0,1695.0,9.0
-0.1445,0.8784,0.2322,0.729,0.9995,-0.1442,887.0,984.5,10.0
-0.1267,0.7007,0.299,0.716,0.9995,0.05316,961.0,1151.0,11.0
-0.1743,0.851,0.1658,0.6494,0.9995,-0.2045,846.0,1173.0,12.0
-0.1566,0.825,0.2173,0.7007,0.9995,-0.1025,819.0,1211.0,13.0
-0.1473,0.9263,0.11316,0.665,0.9995,-0.192,809.0,1543.0,14.0
-0.1642,0.839,0.1831,0.6743,0.9995,-0.04584,754.0,1202.0,15.0
-0.1329,0.699,0.2263,0.6655,0.9995,-0.3643,947.0,1383.0,1.0
-0.09766,0.875,0.316,0.797,0.9995,0.2866,1528.0,1846.0,2.0
-0.1571,0.7725,0.1417,0.6367,0.9995,-0.369,1150.0,1329.0,3.0
-0.1265,0.6343,0.29,0.6846,0.9995,0.00816,1026.0,1056.0,4.0
0.05716,0.04257,0.55,0.315,0.999,-0.8716,1424.0,379.8,5.0
-0.1394,0.804,0.1255,0.644,0.9995,-0.4263,1071.0,1490.0,6.0
-0.1396,0.7803,0.2659,0.7285,0.9995,0.09625,1256.0,1559.0,7.0
-0.1677,0.908,0.1242,0.64,0.9995,-0.5464,1109.0,1498.0,8.0
-0.1462,0.8535,0.1305,0.685,0.9995,-0.1382,1731.0,1727.0,9.0
-0.1599,0.7627,0.2242,0.6895,0.9995,-0.0345,1256.0,1424.0,10.0
-0.1604,0.7627,0.1476,0.647,0.9995,-0.04675,1588.0,1536.0,11.0
0.02202,0.4028,0.3726,0.4934,0.9995,-0.5195,1279.0,887.5,12.0
-0.1405,0.973,0.1499,0.7207,0.9995,-0.503,1386.0,1924.0,13.0
-0.1597,0.79,0.2166,0.6973,0.9995,-0.0725,1268.0,1500.0,14.0
-0.1552,0.7393,0.198,0.664,0.9995,-0.2837,1087.0,1425.0,15.0
-0.148,0.791,0.1874,0.7217,0.9995,-0.02129,1040.0,978.5,1.0
-0.1666,0.706,0.1871,0.647,0.9995,-0.06726,771.5,1148.0,2.0
-0.1573,0.832,0.11816,0.6055,0.9995,-0.3452,749.0,1230.0,3.0
-0.1499,0.8013,0.2135,0.7256,0.9995,-0.05374,942.5,1223.0,4.0
-0.134,0.5845,0.2522,0.6675,0.9995,0.2318,931.0,1012.5,5.0
-0.1501,0.915,0.1475,0.714,0.9995,-0.2283,791.5,1270.0,6.0
-0.1517,0.7207,0.145,0.5933,0.9995,-0.2861,937.5,1033.0,7.0
-0.1698,0.79,0.186,0.638,0.9995,-0.12463,816.0,1275.0,8.0
-0.1576,0.8867,0.11597,0.6196,0.9995,-0.3215,1014.5,1131.0,9.0
-0.1536,0.7485,0.2421,0.694,0.9995,-0.01287,890.5,1192.0,10.0
-0.1488,0.9146,0.2026,0.7095,1.0,-0.02995,1314.0,1270.0,11.0
-0.1643,0.8,0.179,0.6895,0.9995,-0.0815,997.0,1073.0,12.0
-0.1636,0.831,0.199,0.689,0.9995,-0.05322,1111.0,1209.0,13.0
-0.1638,0.7847,0.1925,0.688,0.9995,-0.0988,920.5,1174.0,14.0
-0.1521,0.856,0.2191,0.7354,0.9995,0.02223,823.0,1286.0,15.0
-0.139,0.808,0.1318,0.657,0.9995,0.02676,948.0,992.5,1.0
-0.1396,0.799,0.1881,0.75,0.9995,0.1351,727.5,1081.0,2.0
-0.1407,0.769,0.2072,0.752,0.9995,0.1628,965.0,977.5,3.0
-0.1544,0.8496,0.2128,0.712,0.9995,0.019,941.0,856.0,4.0
-0.1475,0.729,0.2515,0.715,0.9995,0.04886,1033.0,1083.0,5.0
-0.1581,0.6963,0.1733,0.6475,0.9995,0.01454,867.0,1143.0,6.0
-0.1583,0.891,0.1648,0.714,0.9995,-0.04868,1029.0,817.5,7.0
-0.1665,0.7856,0.1652,0.668,0.9995,-0.1287,829.0,927.0,8.0
-0.16,0.8013,0.1716,0.6865,0.9995,0.0361,961.0,967.0,9.0
-0.0773,0.56,0.3528,0.722,0.9995,0.04428,1078.0,832.5,10.0
-0.157,0.701,0.1879,0.6675,0.9995,-0.0778,778.5,1029.0,11.0
-0.1617,0.815,0.1787,0.625,0.9995,-0.1898,800.5,1086.0,12.0
-0.1603,0.772,0.2161,0.7017,0.9995,0.01074,957.5,1038.0,13.0
-0.1556,0.7773,0.2312,0.6836,0.9995,-0.01884,793.5,1152.0,14.0
-0.1481,0.822,0.1852,0.612,0.9995,-0.2603,1057.0,1033.0,15.0
-0.1498,0.868,0.1787,0.5757,0.9995,-0.741,927.0,1241.0,1.0
-0.1681,0.8027,0.1449,0.6304,1.0,-0.449,1379.0,1785.0,2.0
-0.05206,0.673,0.3098,0.6187,0.9995,-0.1411,1369.0,694.5,3.0
-0.174,0.907,0.1233,0.6177,0.9995,-0.5254,1262.0,1290.0,4.0
-0.1254,0.615,0.286,0.6694,0.9995,-0.02563,1029.0,1054.0,5.0
-0.132,0.6875,0.2876,0.699,0.9995,0.01164,1148.0,1109.0,6.0
-0.1447,0.875,0.2327,0.736,1.0,-0.0694,1247.0,1014.5,7.0
-0.1508,0.747,0.2383,0.679,0.9995,-0.1592,1140.0,1171.0,8.0
-0.14,0.8325,0.2454,0.715,0.9995,-0.06024,1155.0,1079.0,9.0
-0.1613,0.958,0.1394,0.6606,1.0,-0.731,974.0,959.5,10.0
-0.1531,0.821,0.2058,0.7183,0.9995,-0.1146,1233.0,1134.0,11.0
-0.133,0.7466,0.255,0.64,0.9995,-0.2578,1267.0,944.5,12.0
-0.1395,0.958,0.2196,0.7236,1.0,-0.633,1518.0,956.5,13.0
-0.1616,0.983,0.1543,0.719,0.9995,-0.3174,1259.0,1224.0,14.0
-0.1578,0.7905,0.224,0.661,0.9995,-0.254,1235.0,1083.0,15.0
-0.11847,0.8374,0.2966,0.793,0.9995,0.173,807.5,794.0,1.0
-0.1509,0.7617,0.2368,0.669,0.9995,-0.2327,992.5,1052.0,2.0
-0.144,0.8433,0.2021,0.73,0.9995,-0.2141,564.0,1494.0,3.0
-0.1421,0.795,0.209,0.697,1.0,-0.3733,963.0,924.5,4.0
-0.1565,0.901,0.1159,0.5728,0.9995,-0.653,1092.0,1225.0,5.0
-0.1515,0.6885,0.236,0.683,0.9995,-0.03125,976.0,904.0,6.0
-0.1523,0.7866,0.1482,0.5786,0.9995,-0.4263,385.0,1020.0,7.0
-0.1494,0.882,0.2201,0.643,0.9995,-0.85,1350.0,1441.0,8.0
-0.04608,0.7153,0.3396,0.6533,0.9995,-0.4211,945.5,977.0,9.0
-0.1583,0.747,0.1991,0.6865,0.9995,-0.097,932.0,940.5,10.0
-0.1449,0.822,0.2389,0.72,0.9995,-0.09045,888.0,939.0,11.0
-0.1577,0.99,0.1719,0.709,0.999,-0.1713,1126.0,857.0,12.0
-0.1575,0.828,0.2008,0.6895,0.9995,-0.3057,778.0,1260.0,13.0
0.4216,0.1483,0.931,0.6997,0.999,-0.768,968.5,1413.0,14.0
-0.1609,0.856,0.1826,0.654,0.999,-0.11316,820.5,1056.0,15.0
-0.1368,0.8237,0.2607,0.7793,0.9995,0.1907,1041.0,1126.0,1.0
-0.1378,0.854,0.1228,0.6777,0.9995,-0.0514,910.0,1606.0,2.0
0.06744,0.8677,0.4429,0.8276,0.9995,-0.4778,1160.0,1219.0,3.0
-0.1542,0.8193,0.1494,0.687,0.9995,-0.02307,834.5,1463.0,4.0
-0.1512,0.9785,0.1231,0.6577,0.9995,-0.202,1250.0,1143.0,5.0
-0.1523,0.729,0.2488,0.6895,0.9995,0.06097,950.5,1189.0,6.0
-0.1547,0.7656,0.2075,0.7173,0.9995,0.0872,886.5,1131.0,7.0
-0.1453,0.7134,0.2423,0.725,0.9995,0.0932,1046.0,1241.0,8.0
-0.1533,0.8755,0.12256,0.6655,0.9995,-0.2123,889.0,1539.0,9.0
-0.1512,0.8374,0.2188,0.674,0.9995,-0.1305,1062.0,1205.0,10.0
-0.1173,0.984,0.2227,0.8364,0.999,0.3647,1889.0,1571.0,11.0
-0.1545,0.757,0.152,0.598,0.9995,-0.2573,962.0,1559.0,12.0
-0.149,0.7485,0.2522,0.6973,0.9995,0.02245,892.0,1434.0,13.0
-0.131,0.6587,0.2588,0.7407,0.9995,0.1665,874.5,1135.0,14.0
-0.1614,0.774,0.2108,0.6997,0.9995,-0.008385,992.0,1331.0,15.0
-0.1339,0.859,0.2363,0.791,0.9995,0.1101,906.0,1392.0,1.0
-0.1406,0.7373,0.2717,0.751,0.9995,0.2057,627.5,1444.0,2.0
-0.1622,0.7217,0.2174,0.658,0.9995,0.000322,953.5,1138.0,3.0
-0.132,0.691,0.2893,0.69,0.9995,0.0982,848.0,970.5,4.0
-0.1443,0.6978,0.2656,0.7134,0.9995,0.0849,805.5,1124.0,5.0
-0.1208,0.8076,0.1752,0.7256,0.9995,-0.2498,948.5,1294.0,6.0
-0.1467,0.768,0.2028,0.709,0.9995,-0.1206,921.0,1145.0,7.0
-0.1481,0.804,0.1838,0.7295,0.9995,0.1048,1200.0,882.0,8.0
-0.1503,0.807,0.2145,0.7397,0.9995,0.0425,912.5,1264.0,9.0
-0.1482,0.6836,0.2532,0.7046,0.9995,0.08026,1020.5,910.0,10.0
-0.1483,0.7,0.2546,0.7134,0.9995,0.1161,967.5,890.0,11.0
-0.1528,0.6943,0.235,0.6904,0.9995,0.003145,769.0,870.0,12.0
0.09045,0.6753,0.2107,0.8438,0.999,-0.1152,722.5,222.0,13.0
-0.1592,0.7437,0.1472,0.647,0.9995,-0.09894,1263.0,570.0,14.0
-0.157,0.6597,0.2246,0.6445,0.9995,-0.0563,709.5,1043.0,15.0
-0.1344,0.756,0.2854,0.7495,0.9995,0.1439,900.0,810.0,1.0
-0.11035,0.785,0.1814,0.7656,0.9995,0.02858,1235.0,888.5,2.0
0.06396,0.3884,0.2134,0.793,0.9995,0.484,1072.0,1382.0,3.0
-0.09674,0.7954,0.2378,0.6157,0.9995,-0.1987,905.0,1331.0,4.0
-0.1465,0.712,0.2578,0.7104,0.9995,0.05035,1088.0,1118.0,5.0
-0.1599,0.8335,0.1172,0.6147,0.9995,-0.358,714.0,1038.0,6.0
-0.163,0.828,0.1302,0.646,0.9995,-0.1864,981.5,874.5,7.0
-0.1376,0.691,0.2351,0.6284,0.9995,-0.03049,701.5,1107.0,8.0
-0.1467,0.7163,0.2642,0.7007,0.9995,0.07654,948.0,1100.0,9.0
-0.1509,0.736,0.2487,0.71,0.9995,0.07684,851.0,923.5,10.0
-0.1754,0.784,0.1615,0.631,0.9995,-0.2172,940.0,1085.0,11.0
-0.1597,0.7163,0.1516,0.5806,0.9995,-0.535,716.0,540.0,12.0
-0.1659,0.726,0.2086,0.6436,0.9995,-0.08545,776.0,1041.0,13.0
-0.1666,0.7524,0.176,0.646,0.9995,-0.3118,1217.0,848.0,14.0
-0.1613,0.778,0.2162,0.645,0.9995,-0.135,915.0,1214.0,15.0
-0.1113,0.8633,0.1562,0.744,0.9995,-0.2333,742.5,890.0,1.0
-0.1543,0.743,0.1353,0.6304,0.9995,-0.2269,955.5,1342.0,2.0
-0.1555,0.6655,0.1713,0.6387,0.9995,-0.076,763.0,1218.0,3.0
-0.1605,0.7676,0.1982,0.678,0.9995,0.07007,863.0,1189.0,4.0
-0.159,0.859,0.1825,0.691,0.9995,0.005066,1375.0,987.5,5.0
-0.1433,0.676,0.267,0.69,0.9995,0.04202,946.0,1115.0,6.0
0.363,0.668,0.1008,0.804,0.9995,-0.7246,366.5,436.0,7.0
0.001458,0.723,0.1508,0.7466,0.9995,-0.3232,640.0,789.0,8.0
-0.1501,0.7876,0.1841,0.701,0.9995,-0.1559,858.0,1020.0,9.0
-0.1543,0.661,0.2327,0.657,0.9995,-0.02357,819.5,1235.0,10.0
-0.1578,0.7515,0.2207,0.6753,0.9995,-0.1683,986.5,979.5,11.0
-0.1805,0.8525,0.1603,0.641,0.9995,-0.4033,1073.0,1511.0,12.0
-0.1142,0.7407,0.1757,0.7046,0.9995,-0.2369,811.5,993.5,13.0
-0.1609,0.7227,0.2229,0.676,0.9995,-0.0404,924.5,1178.0,14.0
-0.1295,0.787,0.2135,0.6304,0.9995,-0.02364,1022.0,1380.0,15.0
-0.11346,0.8276,0.1085,0.67,0.9995,-0.2842,1305.0,1155.0,1.0
-0.1423,0.6445,0.2644,0.6934,0.9995,0.1759,945.0,1156.0,2.0
-0.1621,0.735,0.1674,0.627,0.9995,-0.08246,763.5,1021.5,3.0
-0.10504,0.7275,0.1637,0.632,0.9995,-0.741,1532.0,410.5,4.0
-0.1443,0.767,0.208,0.71,0.9995,-0.1533,1029.0,1086.0,5.0
-0.1674,0.863,0.1682,0.6836,0.9995,-0.1573,1209.0,1078.0,6.0
-0.1487,0.768,0.1866,0.636,0.9995,0.03302,1285.0,1356.0,7.0
-0.1471,0.751,0.1776,0.6577,0.9995,-0.389,1296.0,759.0,8.0
-0.11523,0.6304,0.2976,0.658,0.9995,0.1357,788.0,1011.5,9.0
-0.1602,0.747,0.2043,0.6313,0.9995,-0.4749,930.5,1397.0,10.0
-0.1469,0.9546,0.119,0.684,0.9995,-0.3882,1484.0,1096.0,11.0
-0.1798,0.9263,0.1625,0.639,0.9995,-0.5913,1719.0,1313.0,12.0
-0.1625,0.7354,0.2156,0.6763,0.9995,-0.07074,1098.0,1128.0,13.0
-0.1552,0.7046,0.2361,0.682,0.9995,0.09753,972.5,1096.0,14.0
-0.1676,0.7666,0.1846,0.656,0.9995,-0.2834,1218.0,979.0,15.0
-0.1597,0.7583,0.2081,0.631,0.9995,-0.157,827.5,1226.0,1.0
-0.1707,0.781,0.1508,0.607,0.9995,-0.534,960.0,858.5,2.0
-0.1552,0.737,0.223,0.6846,0.9995,-0.1219,1018.5,1139.0,3.0
-0.1674,0.7134,0.2007,0.643,0.9995,-0.1324,783.0,1128.0,4.0
-0.1699,0.7773,0.1958,0.6626,0.9995,-0.1942,930.5,1121.0,5.0
-0.16,0.7397,0.1804,0.577,1.0,-0.6255,311.2,1166.0,6.0
-0.1709,0.756,0.1731,0.613,0.9995,-0.3335,942.5,1138.0,7.0
-0.1677,0.832,0.1711,0.678,0.9995,-0.1775,928.5,1102.0,8.0
-0.1759,0.8643,0.1504,0.6514,0.9995,-0.3113,785.5,1016.0,9.0
-0.1777,0.8354,0.1765,0.6284,0.9995,-0.3818,919.0,867.5,10.0
-0.1711,0.971,0.1588,0.643,0.9995,-0.4668,733.5,1044.0,11.0
-0.1621,0.8496,0.1711,0.6895,0.9995,-0.01395,1374.0,1044.0,12.0
-0.1658,0.7383,0.2103,0.6357,0.9995,-0.2003,720.0,1176.0,13.0
-0.1732,0.837,0.1731,0.661,0.9995,-0.1735,1077.0,1088.0,14.0
-0.174,0.8687,0.1412,0.642,0.9995,-0.4683,976.0,759.5,15.0
-0.141,0.9478,0.1045,0.671,0.9995,-0.3242,751.5,1172.0,1.0
-0.1683,0.8135,0.1543,0.66,0.9995,-0.2252,914.0,1173.0,2.0
-0.1766,0.7812,0.1705,0.63,0.9995,-0.2422,636.5,1073.0,3.0
-0.1719,0.8267,0.1918,0.6396,0.9995,-0.2788,1012.5,1253.0,4.0
-0.1692,0.872,0.1461,0.6646,0.9995,-0.2465,894.0,1169.0,5.0
-0.1582,0.756,0.2299,0.6743,0.9995,-0.06027,843.5,1097.0,6.0
-0.1482,0.8506,0.2214,0.7563,0.9995,0.05637,1314.0,674.5,7.0
-0.1782,0.819,0.1699,0.609,0.9995,-0.5586,1300.0,1083.0,8.0
-0.1616,0.8296,0.198,0.7007,0.9995,-0.11,1133.0,912.0,9.0
-0.1808,0.8716,0.1598,0.6323,0.9995,-0.5537,1294.0,954.5,10.0
-0.1633,0.9453,0.1777,0.6694,0.9995,-0.334,1125.0,1286.0,11.0
-0.1644,0.716,0.1667,0.631,0.9995,-0.232,1014.0,992.5,12.0
-0.1755,0.9106,0.1317,0.617,0.9995,-0.4968,1042.0,1187.0,13.0
-0.1676,0.919,0.1224,0.6465,0.9995,-0.468,1437.0,1135.0,14.0
-0.1753,0.9517,0.1626,0.648,0.9995,-0.4846,1021.5,1355.0,15.0
-0.1597,0.868,0.161,0.684,0.9995,-0.3538,479.8,1476.0,1.0
-0.1766,0.94,0.1646,0.6313,0.9995,-0.609,727.0,1601.0,2.0
-0.1693,0.727,0.1992,0.647,0.9995,-0.1199,811.0,753.0,3.0
-0.1772,0.8477,0.1498,0.6455,0.9995,-0.3196,908.5,1049.0,4.0
-0.1681,0.796,0.1982,0.667,0.9995,-0.2251,822.0,1221.0,5.0
-0.1454,0.7417,0.254,0.679,0.9995,-0.0769,894.5,1010.5,6.0
-0.1642,0.7944,0.213,0.661,0.9995,-0.2349,872.0,1060.0,7.0
-0.1737,0.9893,0.11896,0.644,0.9995,-0.6406,766.5,770.5,8.0
-0.1757,0.9077,0.12354,0.6143,0.9995,-0.6455,830.5,1064.0,9.0
-0.1682,0.8745,0.1503,0.593,0.999,-0.549,1170.0,619.0,10.0
-0.1703,0.81,0.1982,0.6597,0.9995,-0.2289,929.0,1069.0,11.0
-0.169,0.9287,0.1326,0.646,0.9995,-0.2832,674.5,1096.0,12.0
-0.1692,0.923,0.1302,0.5845,0.9995,-0.6885,774.5,1238.0,13.0
-0.171,0.8496,0.1606,0.6616,0.9995,-0.3518,861.0,1007.0,14.0
-0.1779,0.874,0.1542,0.615,0.9995,-0.4802,989.5,842.0,15.0
-0.1628,0.761,0.2135,0.6875,0.9995,-0.0363,1121.0,1068.0,1.0
-0.1766,0.782,0.1855,0.6357,0.9995,-0.2329,967.5,1210.0,2.0
-0.1638,0.883,0.11554,0.615,0.9995,-0.425,1303.0,1456.0,3.0
-0.1652,0.8633,0.1658,0.687,0.9995,-0.2106,995.5,1237.0,4.0
-0.1741,0.842,0.1433,0.5996,0.9995,-0.4802,1323.0,1252.0,5.0
-0.1746,0.9004,0.1768,0.629,0.9995,-0.6357,881.5,1147.0,6.0
-0.1747,0.8975,0.1346,0.6206,0.9995,-0.739,1103.0,1335.0,7.0
-0.1724,0.811,0.1847,0.6636,0.9995,-0.2264,1103.0,1153.0,8.0
-0.174,0.8257,0.1882,0.6445,0.9995,-0.4255,903.5,1493.0,9.0
-0.1418,0.711,0.2546,0.6675,0.9995,-0.1699,1048.0,1150.0,10.0
-0.1771,0.7866,0.1855,0.6426,0.9995,-0.2386,1098.0,1272.0,11.0
-0.1599,0.6733,0.2146,0.651,0.9995,-0.05338,1000.5,1089.0,12.0
-0.1698,0.8354,0.1783,0.59,0.9995,-0.6895,1204.0,1526.0,13.0
-0.1785,0.8604,0.141,0.6255,0.9995,-0.4187,1282.0,1409.0,14.0
-0.1724,0.872,0.1633,0.668,0.9995,-0.2798,1122.0,1090.0,15.0
-0.1722,0.794,0.1746,0.638,0.9995,-0.4507,938.5,1232.0,1.0
-0.153,0.684,0.2344,0.665,0.9995,-0.0787,959.5,1081.0,2.0
-0.1823,0.8955,0.1526,0.6353,0.9995,-0.5186,797.5,1195.0,3.0
-0.1494,0.6885,0.2332,0.6816,0.9995,-0.06366,875.5,1213.0,4.0
-0.164,0.7812,0.2117,0.6724,0.9995,-0.1477,845.5,1255.0,5.0
-0.1207,0.6187,0.2886,0.6426,0.9995,-0.0571,865.0,1211.0,6.0
-0.16,0.707,0.2238,0.645,0.9995,-0.1602,867.0,1118.0,7.0
-0.1561,0.6895,0.2289,0.6436,0.9995,-0.1622,895.0,1181.0,8.0
-0.1666,0.831,0.1895,0.666,0.9995,-0.09534,934.0,1073.0,9.0
-0.165,0.7236,0.2092,0.6514,0.9995,-0.1831,884.0,1086.0,10.0
-0.1578,0.6973,0.225,0.6484,0.9995,-0.1698,878.5,1265.0,11.0
2.535,0.548,0.1646,0.3103,0.9995,-0.3098,1806.0,150.4,12.0
-0.1595,0.71,0.2183,0.632,0.9995,-0.2294,871.0,1286.0,13.0
0.3013,0.268,0.378,0.962,0.9995,0.3093,1849.0,1918.0,14.0
0.552,0.298,0.2483,0.905,0.9995,-0.6763,1221.0,1775.0,15.0
-0.1486,0.7812,0.2015,0.7275,0.9995,0.0126,705.5,1244.0,1.0
-0.1705,0.7485,0.1731,0.6523,0.9995,-0.10144,638.5,1101.0,2.0
-0.1362,0.7334,0.2668,0.704,0.9995,-0.06354,884.5,1062.0,3.0
-0.1447,0.789,0.12115,0.613,0.9995,-0.1829,904.5,1417.0,4.0
-0.1735,0.781,0.1644,0.648,0.9995,-0.1226,866.5,1270.0,5.0
-0.1688,0.7354,0.1925,0.6543,0.9995,-0.1494,822.0,1286.0,6.0
-0.1619,0.779,0.1969,0.6963,0.9995,-0.0529,822.0,1195.0,7.0
-0.1741,0.7705,0.1663,0.631,0.9995,-0.2035,933.5,1344.0,8.0
-0.1393,0.796,0.17,0.7275,0.9995,0.0159,1122.0,1480.0,9.0
-0.1692,0.7954,0.1958,0.669,0.9995,-0.1537,891.0,1160.0,10.0
-0.1489,0.7573,0.2064,0.617,0.9995,-0.1968,638.5,823.5,11.0
-0.1613,0.7983,0.2117,0.6885,0.9995,-0.1317,891.0,1053.0,12.0
-0.1622,0.7695,0.165,0.604,0.9995,-0.2847,1049.0,1180.0,13.0
-0.168,0.7964,0.1427,0.63,0.9995,-0.4038,1675.0,1121.0,14.0
-0.1694,0.8003,0.1935,0.6694,0.9995,-0.1609,922.0,1209.0,15.0
-0.16,0.8477,0.1982,0.709,0.9995,-0.0815,895.5,1179.0,1.0
-0.1473,0.7793,0.1251,0.5728,0.9995,-0.465,522.5,1643.0,2.0
-0.1543,0.698,0.208,0.6094,0.9995,-0.3115,977.0,1438.0,3.0
-0.1322,0.685,0.269,0.6865,0.9995,-0.1064,997.0,1054.0,4.0
-0.1677,0.801,0.1952,0.64,0.9995,-0.1635,956.0,1367.0,5.0
-0.174,0.945,0.1422,0.626,0.9995,-0.4758,851.0,1410.0,6.0
-0.161,0.7446,0.2264,0.658,0.9995,-0.1271,1129.0,1136.0,7.0
-0.1721,0.8755,0.158,0.666,0.9995,-0.318,1055.0,1148.0,8.0
-0.1705,0.783,0.1564,0.6064,0.9995,-0.3516,711.0,1500.0,9.0
-0.17,0.837,0.1821,0.61,0.9995,-0.5103,898.0,1311.0,10.0
-0.1683,0.8423,0.1874,0.675,0.9995,-0.2091,874.0,1305.0,11.0
-0.173,0.775,0.1882,0.622,0.9995,-0.3474,922.0,1443.0,12.0
-0.1765,0.7744,0.1709,0.6396,0.9995,-0.1917,873.0,1281.0,13.0
-0.1732,0.824,0.1753,0.6646,0.9995,-0.2177,963.5,1226.0,14.0
-0.1696,0.95,0.1146,0.636,0.9995,-0.497,749.5,1597.0,15.0
-0.1538,0.6934,0.2372,0.6606,0.9995,-0.0789,874.0,1124.0,1.0
-0.1635,0.8516,0.1891,0.689,0.9995,-0.254,697.5,1235.0,2.0
-0.1642,0.7725,0.1877,0.6636,0.9995,-0.2754,662.5,1400.0,3.0
-0.1381,0.7095,0.1891,0.7153,0.9995,0.1781,987.5,831.0,4.0
-0.1635,0.933,0.1583,0.7017,0.9995,-0.2156,903.0,1070.0,5.0
-0.162,0.94,0.1852,0.653,0.9995,-0.4739,681.5,1569.0,6.0
-0.163,0.772,0.1967,0.6924,0.9995,-0.04486,965.5,1153.0,7.0
-0.1699,0.7876,0.1654,0.6206,0.9995,-0.565,1076.0,1165.0,8.0
-0.1641,0.9653,0.123,0.663,0.9995,-0.5015,579.5,1677.0,9.0
-0.1713,0.8145,0.1317,0.596,0.9995,-0.5815,850.5,1545.0,10.0
-0.1769,0.9565,0.1515,0.6523,0.9995,-0.655,634.0,1715.0,11.0
-0.1804,0.8726,0.1447,0.619,0.9995,-0.4897,934.0,1280.0,12.0
-0.1742,0.885,0.1771,0.654,0.9995,-0.4028,780.5,1446.0,13.0
-0.1716,0.883,0.1204,0.608,0.9995,-0.623,788.0,1675.0,14.0
-0.16,0.907,0.1953,0.6895,0.9995,-0.4954,1101.0,1194.0,15.0
-0.1604,0.8457,0.2051,0.695,0.9995,-0.1526,871.0,1157.0,1.0
-0.1685,0.8564,0.1573,0.67,0.9995,-0.1329,849.5,1396.0,2.0
-0.0949,0.688,0.1802,0.6787,0.999,-0.367,919.0,797.0,3.0
-0.1595,0.83,0.1234,0.641,0.9995,-0.2854,996.0,1590.0,4.0
-0.1632,0.7515,0.1945,0.681,0.9995,0.04044,898.5,952.0,5.0
-0.1705,0.9478,0.12384,0.6455,0.9995,-0.3706,982.5,1486.0,6.0
-0.1624,0.7095,0.213,0.6367,0.9995,-0.1333,799.0,1284.0,7.0
-0.1769,0.9277,0.1627,0.653,0.9995,-0.5186,1138.0,1313.0,8.0
-0.1743,0.781,0.1613,0.643,0.9995,-0.2292,819.5,1129.0,9.0
-0.173,0.839,0.1459,0.6494,0.9995,-0.2896,961.5,1432.0,10.0
-0.1771,0.7827,0.1844,0.6416,0.9995,-0.2285,880.0,1327.0,11.0
-0.1719,0.8047,0.143,0.6357,0.9995,-0.268,1075.0,1127.0,12.0
-0.1665,0.7627,0.1451,0.575,0.9995,-0.6157,923.5,976.5,13.0
-0.1738,0.8276,0.1642,0.6587,0.9995,-0.268,898.0,1206.0,14.0
-0.1711,0.806,0.1888,0.6665,0.9995,-0.179,970.5,1219.0,15.0
-0.1638,0.777,0.187,0.6895,0.9995,-0.03433,762.5,1017.0,1.0
-0.1674,0.806,0.1299,0.5933,0.9995,-0.634,1470.0,1015.5,2.0
-0.1239,0.75,0.2769,0.716,0.9995,-0.1499,963.0,895.0,3.0
-0.1628,0.7744,0.2152,0.671,0.9995,-0.1624,995.0,1177.0,4.0
-0.1696,0.794,0.1782,0.659,0.9995,-0.289,898.5,1183.0,5.0
-0.161,0.822,0.1934,0.7,0.9995,-0.12134,913.5,1066.0,6.0
-0.1581,0.95,0.106,0.6216,0.9995,-0.777,1144.0,800.5,7.0
-0.1703,0.8135,0.1967,0.659,0.9995,-0.2766,1066.0,1095.0,8.0
-0.1409,0.7373,0.1783,0.5127,0.9995,-0.9727,918.5,1051.0,9.0
-0.1554,0.797,0.2184,0.681,0.9995,-0.2573,976.0,983.5,10.0
-0.1649,0.825,0.19,0.686,0.9995,-0.189,1200.0,1382.0,11.0
-0.172,0.8013,0.1444,0.607,0.9995,-0.3833,1126.0,1278.0,12.0
-0.1779,0.888,0.1381,0.6304,0.9995,-0.565,1075.0,1016.5,13.0
-0.1779,0.872,0.1364,0.6226,0.9995,-0.546,906.5,1177.0,14.0
-0.1713,0.8438,0.136,0.5684,0.9995,-0.691,1271.0,1132.0,15.0
-0.1586,0.837,0.133,0.5713,0.9995,-0.562,1229.0,906.5,1.0
-0.1683,0.88,0.1918,0.6445,0.9995,-0.547,1159.0,1262.0,2.0
-0.162,0.7686,0.2179,0.6772,0.9995,-0.08704,897.0,1150.0,3.0
-0.1318,0.7856,0.255,0.6567,0.9995,-0.3127,963.5,1091.0,4.0
-0.1621,0.8247,0.2079,0.6704,0.9995,-0.2837,1017.5,1368.0,5.0
-0.1565,0.9688,0.128,0.623,0.9995,-0.393,890.5,1588.0,6.0
-0.1615,0.8354,0.21,0.653,0.9995,-0.3164,1003.5,1129.0,7.0
-0.1644,0.919,0.1781,0.6797,0.9995,-0.2317,1045.0,1059.0,8.0
-0.1678,0.752,0.2042,0.652,0.9995,-0.253,1102.0,809.0,9.0
-0.1707,0.773,0.1895,0.6655,0.9995,-0.08636,952.5,1258.0,10.0
-0.1792,0.9043,0.1552,0.646,0.9995,-0.3882,1110.0,1096.0,11.0
-0.1768,0.8345,0.1582,0.616,0.9995,-0.3857,1111.0,987.0,12.0
-0.1682,0.9116,0.1665,0.6772,0.9995,-0.4258,1242.0,1419.0,13.0
-0.1683,0.9116,0.11755,0.626,0.9995,-0.597,1277.0,1572.0,14.0
-0.1732,0.8794,0.1338,0.6313,0.9995,-0.3367,1123.0,1012.5,15.0
-0.1799,0.9224,0.136,0.5996,0.9995,-0.716,741.5,1561.0,1.0
-0.1741,0.8247,0.1885,0.653,0.9995,-0.2534,1018.0,1247.0,2.0
-0.158,0.91,0.1893,0.6284,0.9995,-0.5396,970.5,1180.0,3.0
-0.1626,0.8115,0.1918,0.6772,0.9995,-0.276,984.5,1206.0,4.0
-0.1772,0.8584,0.1444,0.625,0.9995,-0.368,985.5,1200.0,5.0
-0.1595,0.7573,0.2258,0.6895,0.9995,0.02646,986.5,1206.0,6.0
-0.1622,0.7695,0.1884,0.685,0.9995,-0.0974,887.5,1278.0,7.0
-0.1685,0.9204,0.1326,0.6396,0.9995,-0.2878,881.5,1228.0,8.0
-0.1604,0.7456,0.1509,0.6504,0.9995,-0.1304,972.5,1388.0,9.0
-0.1747,0.8887,0.1743,0.6543,0.9995,-0.4282,911.0,1499.0,10.0
-0.1471,0.7495,0.2216,0.7246,0.9995,0.2227,720.0,808.0,11.0
-0.1759,0.8066,0.1528,0.639,0.9995,-0.2788,966.0,1354.0,12.0
-0.1752,0.8174,0.1691,0.6553,0.9995,-0.2642,920.0,1306.0,13.0
-0.175,0.8213,0.1733,0.6577,0.9995,-0.2512,940.5,1233.0,14.0
0.6855,0.07764,0.5156,0.669,0.9995,-0.7485,1329.0,1566.0,15.0
-0.1567,0.9146,0.10986,0.6147,0.9995,-0.402,960.0,924.0,1.0
-0.07666,0.615,0.2695,0.5664,0.9995,-0.4324,1079.0,956.5,2.0
-0.1627,0.7964,0.2112,0.681,0.9995,-0.1279,1012.0,1107.0,3.0
-0.1738,0.886,0.1522,0.652,0.9995,-0.2544,1070.0,1103.0,4.0
-0.1696,0.878,0.1527,0.6675,0.9995,-0.34,1213.0,1084.0,5.0
-0.169,0.818,0.1982,0.665,0.9995,-0.2063,917.0,1073.0,6.0
-0.133,0.837,0.1034,0.641,0.9995,-0.215,959.5,1170.0,7.0
-0.1626,0.98,0.1066,0.6455,0.9995,-0.501,988.5,818.0,8.0
-0.1763,0.845,0.1393,0.6294,0.9995,-0.3762,851.5,1040.0,9.0
-0.1783,0.873,0.1425,0.6333,0.9995,-0.3696,978.5,987.5,10.0
-0.1678,0.939,0.1043,0.581,1.0,-0.812,923.0,1137.0,11.0
-0.1764,0.918,0.1279,0.6357,0.9995,-0.496,966.0,939.5,12.0
-0.1741,0.835,0.1793,0.661,0.9995,-0.2615,991.0,1058.0,13.0
-0.1548,0.745,0.2098,0.61,0.9995,-0.3875,1018.5,1001.5,14.0
-0.1777,0.9023,0.1278,0.612,0.9995,-0.604,941.0,1069.0,15.0
-0.1027,0.7754,0.275,0.682,0.9995,0.1516,853.5,1265.0,1.0
-0.1614,0.8057,0.1727,0.694,0.9995,-0.00281,1034.0,1227.0,2.0
-0.1553,0.744,0.2349,0.7,1.0,0.1005,1087.0,1684.0,3.0
-0.1642,0.825,0.1675,0.6875,0.9995,-0.05087,934.5,1441.0,4.0
-0.1472,0.792,0.2312,0.6826,0.9995,0.0555,921.0,1357.0,5.0
-0.1595,0.7607,0.2257,0.6924,0.9995,-4.36e-05,952.5,1239.0,6.0
-0.1545,0.859,0.1462,0.686,0.9995,-0.2416,1046.0,1430.0,7.0
-0.1698,0.7773,0.1595,0.6504,0.9995,-0.0867,989.5,1407.0,8.0
-0.1578,0.794,0.129,0.6416,0.9995,-0.2222,943.0,1027.0,9.0
-0.1497,0.9683,0.1318,0.6846,1.0,-0.1042,1242.0,1774.0,10.0
-0.1648,0.779,0.2083,0.682,0.9995,-0.0365,928.0,1397.0,11.0
-0.1707,0.7925,0.1602,0.657,0.9995,-0.1442,969.5,1220.0,12.0
-0.1683,0.748,0.1731,0.6587,0.9995,-0.0893,870.5,1278.0,13.0
-0.1604,0.8833,0.12396,0.656,0.9995,-0.2297,958.5,1450.0,14.0
-0.1633,0.8975,0.1492,0.6807,0.9995,-0.1271,1166.0,1578.0,15.0
-0.1594,0.6875,0.1951,0.6445,0.9995,-0.2015,840.0,1116.0,1.0
-0.1697,0.75,0.1652,0.615,0.9995,-0.416,923.5,1361.0,2.0
-0.1542,0.888,0.2122,0.671,0.9995,-0.5024,785.5,969.0,3.0
-0.1658,0.881,0.125,0.6357,0.9995,-0.5254,831.0,1213.0,4.0
-0.1599,0.769,0.215,0.6875,0.9995,-0.1078,876.0,1005.0,5.0
-0.1619,0.772,0.2107,0.693,0.9995,-0.056,1009.5,1068.0,6.0
-0.1317,0.9844,0.1394,0.764,0.9995,-0.06537,1135.0,544.5,7.0
-0.1659,0.805,0.1854,0.668,0.9995,-0.3013,856.0,1222.0,8.0
-0.1732,0.915,0.1536,0.6665,0.9995,-0.3628,933.5,1326.0,9.0
-0.1664,0.8945,0.1715,0.6904,0.9995,-0.271,848.0,1099.0,10.0
-0.1552,0.903,0.1533,0.709,0.9995,-0.192,1031.0,882.0,11.0
-0.1636,0.902,0.1142,0.633,0.9995,-0.4675,997.5,1595.0,12.0
-0.084,0.6167,0.1869,0.726,0.9995,0.0889,1005.5,1354.0,13.0
-0.17,0.817,0.179,0.67,0.9995,-0.2246,984.5,1181.0,14.0
-0.1682,0.7573,0.1738,0.5957,0.9995,-0.5,857.0,1571.0,15.0
-0.175,0.847,0.1638,0.6074,1.0,-0.4856,1125.0,1320.0,1.0
-0.182,0.8687,0.1356,0.57,1.0,-0.874,1411.0,1259.0,2.0
-0.1757,0.7964,0.1854,0.6343,0.9995,-0.2461,1204.0,1307.0,3.0
-0.1698,0.783,0.2026,0.652,0.9995,-0.284,1050.0,1167.0,4.0
-0.174,0.8525,0.1453,0.6484,0.9995,-0.3452,1023.5,1396.0,5.0
-0.1616,0.837,0.1495,0.672,0.9995,-0.2439,1029.0,1336.0,6.0
-0.173,0.894,0.1575,0.65,1.0,-0.584,1043.0,1116.0,7.0
-0.173,0.9683,0.1332,0.656,1.0,-0.6123,1390.0,1365.0,8.0
-0.1578,0.86,0.1809,0.5815,1.0,-0.7427,888.0,1579.0,9.0
-0.1626,0.787,0.2102,0.6787,0.9995,-0.1562,1048.0,1138.0,10.0
-0.1592,0.796,0.1534,0.666,0.9995,-0.2306,1353.0,1073.0,11.0
-0.1738,0.975,0.1047,0.5854,1.0,-0.939,1428.0,1379.0,12.0
-0.1796,0.8345,0.1746,0.6367,0.9995,-0.4338,1141.0,1236.0,13.0
-0.1743,0.79,0.1935,0.6426,0.9995,-0.3362,1067.0,1297.0,14.0
-0.1624,0.865,0.1737,0.584,1.0,-0.7085,1360.0,1287.0,15.0
-0.1615,0.73,0.2151,0.658,0.9995,-0.2069,1044.0,1106.0,1.0
-0.1748,0.821,0.1816,0.618,0.9995,-0.4458,1106.0,1058.0,2.0
-0.1678,0.8564,0.1445,0.6304,0.9995,-0.2173,1089.0,1380.0,3.0
-0.1685,0.834,0.1545,0.6655,0.9995,-0.2312,883.5,749.0,4.0
0.0183,0.9062,0.4214,0.818,0.9995,0.2415,834.5,728.5,5.0
-0.1707,0.767,0.1982,0.6606,0.9995,-0.09814,1026.0,1132.0,6.0
-0.1544,0.908,0.1935,0.7417,0.9995,0.03314,1501.0,1388.0,7.0
-0.169,0.831,0.1803,0.676,0.9995,-0.1982,1089.0,1070.0,8.0
-0.1737,0.803,0.1454,0.6274,0.9995,-0.3755,997.0,1269.0,9.0
-0.1725,0.803,0.1935,0.6484,0.9995,-0.1921,1028.0,1249.0,10.0
-0.172,0.767,0.1594,0.609,0.9995,-0.39,939.0,898.5,11.0
-0.169,0.8105,0.1744,0.667,0.9995,-0.2598,1079.0,1184.0,12.0
-0.171,0.8564,0.172,0.6714,0.9995,-0.255,942.0,1453.0,13.0
-0.1744,0.8423,0.1888,0.6426,0.9995,-0.4033,1241.0,753.5,14.0
-0.1646,0.853,0.1903,0.693,0.9995,-0.1256,1274.0,1240.0,15.0
-0.0702,0.709,0.2054,0.755,0.9995,-0.1389,846.5,719.0,1.0
-0.1458,0.933,0.10046,0.5986,0.9995,-0.482,798.0,779.0,2.0
-0.1782,0.857,0.1486,0.6323,0.9995,-0.3298,879.5,961.0,3.0
-0.1462,0.874,0.1423,0.7104,0.999,-0.04282,809.5,906.0,4.0
-0.1356,0.749,0.1965,0.709,0.9995,-0.1552,881.5,895.0,5.0
-0.1766,0.797,0.1616,0.632,0.9995,-0.2397,1076.0,1029.0,6.0
-0.1616,0.757,0.2167,0.684,0.9995,-0.0698,1017.5,1063.0,7.0
-0.141,0.8203,0.1846,0.605,0.9995,-0.2717,1189.0,1397.0,8.0
-0.1731,0.814,0.1735,0.6274,0.9995,-0.2532,1028.0,1213.0,9.0
-0.1671,0.831,0.1598,0.674,0.9995,-0.1461,853.5,965.5,10.0
-0.1719,0.7754,0.1825,0.6533,0.9995,-0.2625,985.0,1224.0,11.0
-0.1711,0.783,0.1912,0.6636,0.9995,-0.1556,969.0,1031.0,12.0
-0.1692,0.8013,0.1902,0.672,0.9995,-0.1487,1118.0,1271.0,13.0
-0.1636,0.781,0.2123,0.667,0.9995,-0.2168,935.5,1242.0,14.0
-0.1738,0.815,0.1692,0.6597,0.9995,-0.1918,905.0,1015.5,15.0
-0.1731,0.813,0.1747,0.637,0.9995,-0.1772,986.5,1012.0,1.0
-0.1548,0.874,0.2119,0.7144,0.9995,-0.1456,1016.0,1207.0,2.0
-0.1625,0.8784,0.1906,0.6885,0.9995,-0.359,546.5,1051.0,3.0
-0.1652,0.8257,0.189,0.688,0.9995,-0.1587,1112.0,1121.0,4.0
-0.01058,0.769,0.3228,0.865,0.9995,0.02821,1088.0,764.0,5.0
-0.158,0.768,0.2291,0.685,0.9995,-0.04364,862.5,1141.0,6.0
-0.1619,0.8374,0.1356,0.6553,0.9995,-0.2986,720.0,1028.0,7.0
-0.1686,0.7764,0.1506,0.6133,0.9995,-0.2822,559.5,1175.0,8.0
-0.1676,0.8345,0.153,0.668,0.9995,-0.1702,1297.0,1465.0,9.0
-0.1696,0.935,0.1687,0.6626,0.9995,-0.3384,529.0,1723.0,10.0
-0.1732,0.838,0.1521,0.655,0.9995,-0.2627,824.0,1121.0,11.0
-0.1163,0.811,0.2512,0.766,0.9995,-0.1111,1017.5,1054.0,12.0
-0.1702,0.8657,0.1766,0.672,0.9995,-0.2915,707.5,1148.0,13.0
-0.1696,0.8286,0.1652,0.669,0.9995,-0.2361,975.0,1257.0,14.0
-0.1746,0.837,0.1865,0.651,0.9995,-0.2925,861.0,1340.0,15.0
-0.167,0.8203,0.1956,0.6177,0.9995,-0.4775,540.5,1170.0,1.0
8.55,0.3823,0.53,0.1732,1.0,-0.149,156.9,1815.0,2.0
-0.161,0.801,0.2056,0.7026,0.9995,-0.05652,865.0,1159.0,3.0
-0.142,0.747,0.267,0.7246,0.9995,0.1465,905.5,955.5,4.0
-0.1749,0.8145,0.1406,0.6113,0.9995,-0.4673,770.0,1173.0,5.0
-0.1698,0.839,0.1576,0.638,0.9995,-0.1539,761.5,1058.0,6.0
-0.1655,0.9414,0.1478,0.632,0.9995,-0.3643,896.5,1376.0,7.0
-0.1583,0.8955,0.1354,0.617,0.9995,-0.3108,627.0,1318.0,8.0
-0.158,0.684,0.2234,0.6475,0.9995,-0.1309,906.0,1122.0,9.0
-0.1681,0.8086,0.1895,0.677,0.9995,-0.15,865.5,1063.0,10.0
-0.1505,0.7715,0.1415,0.6,0.9995,-0.2214,572.0,1224.0,11.0
-0.1755,0.8516,0.16,0.6396,0.9995,-0.2402,740.5,1214.0,12.0
-0.1675,0.7476,0.1848,0.6406,1.0,-0.3445,715.0,1257.0,13.0
-0.1704,0.815,0.1885,0.67,0.9995,-0.1667,815.0,1158.0,14.0
-0.1753,0.8726,0.1646,0.637,0.9995,-0.3044,828.5,1266.0,15.0
-0.1682,0.7925,0.1527,0.5938,0.9995,-0.4268,864.0,1080.0,1.0
-0.1757,0.8345,0.1875,0.646,0.9995,-0.338,990.5,1154.0,2.0
-0.1783,0.809,0.1575,0.6187,0.9995,-0.3743,879.5,1120.0,3.0
-0.1669,0.8926,0.1431,0.598,0.9995,-0.5195,417.2,1190.0,4.0
-0.1786,0.867,0.1747,0.6387,0.9995,-0.4827,1047.0,1212.0,5.0
-0.1724,0.7837,0.1678,0.6,0.9995,-0.4753,625.0,1278.0,6.0
-0.1741,0.877,0.1788,0.6216,0.9995,-0.6045,691.0,1242.0,7.0
-0.1783,0.9414,0.1238,0.5845,0.9995,-0.816,903.0,1128.0,8.0
-0.1697,0.796,0.203,0.6475,0.9995,-0.3403,980.5,1184.0,9.0
-0.1809,0.964,0.1355,0.6426,0.9995,-0.561,1283.0,1067.0,10.0
-0.1744,0.883,0.149,0.645,0.9995,-0.5396,1558.0,1114.0,11.0
-0.1804,0.8853,0.165,0.6274,0.9995,-0.555,892.5,1193.0,12.0
-0.1796,0.849,0.1753,0.636,0.9995,-0.4429,990.5,1164.0,13.0
-0.1814,0.9946,0.1503,0.6226,0.9995,-0.829,1517.0,1192.0,14.0
-0.1807,0.8716,0.1543,0.641,0.9995,-0.424,948.0,1152.0,15.0
-0.1667,0.8433,0.1708,0.6187,0.9995,-0.318,1365.0,1234.0,1.0
-0.1765,0.98,0.1172,0.6274,0.9995,-0.6357,1151.0,1814.0,2.0
-0.1782,0.8633,0.1581,0.629,0.9995,-0.3616,1187.0,1328.0,3.0
