like1,parKperc,parKb,parKe,parCqq,parBias,parS_init,parG_init,chain
50.88,0.9473,0.3594,0.5405,0.9995,0.9365,1832.0,1198.0,0.0
7.812,0.3223,0.7744,0.797,0.999,-0.1937,1104.0,1975.0,0.0
10000.0,0.186,0.597,0.1478,0.999,-0.1703,1511.0,794.5,0.0
10000.0,0.819,0.9956,0.03029,0.9995,0.2468,921.5,831.0,0.0
10000.0,0.373,0.5786,0.1907,1.0,-0.5674,770.5,112.44,0.0
10000.0,0.07135,0.2073,0.1148,0.9995,0.09436,1137.0,1397.0,0.0
46.12,0.786,0.9077,0.5566,0.9995,-0.01472,1727.0,907.5,0.0
5.098,0.288,0.3074,0.732,1.0,-0.4836,1008.5,549.5,0.0
10000.0,0.9697,0.9243,0.011925,0.999,0.842,1740.0,1098.0,0.0
11.9,0.1517,0.9277,0.9062,0.999,0.875,1212.0,1114.0,0.0
10000.0,0.7974,0.6943,0.1609,0.9995,-0.4624,413.5,1533.0,0.0
19.72,0.9517,0.3806,0.747,0.9995,-0.02193,144.0,1297.0,0.0
22.88,0.973,0.606,0.807,1.0,0.2793,559.5,540.5,0.0
59.84,0.6987,0.413,0.4043,0.9995,0.0477,348.5,1907.0,0.0
30.56,0.3123,0.2231,0.4011,0.9995,-0.335,364.8,867.5,0.0
0.377,0.1998,0.2683,0.854,0.999,-0.7544,1611.0,270.2,0.0
17.6,0.726,0.2382,0.6426,1.0,-0.268,692.0,745.5,0.0
10000.0,0.73,0.8247,0.2069,0.9995,0.537,432.0,1944.0,0.0
10000.0,0.1268,0.918,0.11,0.999,0.005478,1449.0,890.0,0.0
10000.0,0.8657,0.245,0.04694,0.999,0.813,1296.0,103.9,0.0
9.086,0.53,0.4375,0.776,0.9995,-0.65,114.4,1714.0,0.0
17.86,0.2983,0.773,0.5566,1.0,-0.1382,370.8,1704.0,0.0
22.14,0.4683,0.7837,0.6865,1.0,0.579,476.8,1032.0,0.0
9.72,0.5537,0.5073,0.979,0.9995,0.454,916.0,1915.0,0.0
36.3,0.9307,0.57,0.5747,0.999,-0.8223,1.259,1246.0,0.0
10000.0,0.01695,0.822,0.1774,1.0,0.797,311.8,1237.0,0.0
10000.0,0.8047,0.519,0.0728,0.9995,0.7354,39.3,1328.0,0.0
18.45,0.6943,0.4915,0.6597,0.999,-0.8936,962.0,1208.0,0.0
10.86,0.5435,0.575,0.775,0.999,-0.7476,709.5,633.5,0.0
20.03,0.02652,0.8784,0.3406,0.999,0.9536,1444.0,131.1,0.0
27.77,0.797,0.1011,0.4968,1.0,-0.4456,1842.0,1895.0,0.0
36.06,0.67,0.8584,0.558,1.0,-0.8687,911.0,955.0,0.0
28.78,0.866,0.1688,0.5107,0.9995,-0.878,1629.0,1498.0,0.0
21.7,0.2313,0.9375,0.5825,0.999,0.771,1458.0,69.1,0.0
14.63,0.5103,0.1769,0.662,1.0,0.2045,1749.0,79.44,0.0
10000.0,0.3271,0.2313,0.1028,0.9995,-0.4626,224.6,1871.0,0.0
0.5146,0.04507,0.656,0.8276,0.999,0.08575,615.0,752.0,0.0
10000.0,0.366,0.3306,0.03903,0.9995,-0.1722,718.0,1230.0,0.0
37.75,0.752,0.1052,0.4514,0.9995,-0.1104,1392.0,1662.0,0.0
3.56,0.2399,0.7173,0.8633,0.9995,-0.3909,731.5,1246.0,0.0
36.03,0.606,0.8105,0.538,0.999,-0.2122,915.5,978.5,0.0
11.234,0.04932,0.839,0.3337,0.9995,-0.83,621.5,1971.0,0.0
21.02,0.7607,0.9854,0.944,0.999,0.8247,1840.0,1614.0,0.0
2.863,0.1364,0.7925,0.7627,0.9995,-0.4285,959.0,1862.0,0.0
10000.0,0.54,0.11096,0.03842,1.0,-0.582,884.5,245.4,0.0
30.42,0.1699,0.465,0.3384,0.9995,-0.637,599.5,186.6,0.0
38.53,0.1381,0.8887,0.3062,0.9995,-0.627,197.0,1228.0,0.0
10000.0,0.8286,0.2705,0.0374,0.999,0.6724,878.0,912.0,0.0
33.56,0.4155,0.275,0.493,0.9995,0.646,1268.0,674.0,0.0
10000.0,0.813,0.995,0.010506,0.9995,-0.821,310.2,1433.0,0.0
72.0,0.189,0.521,0.2644,0.9995,0.0862,1166.0,438.8,0.0
11.46,0.3257,0.6543,0.6685,0.9995,-0.255,1279.0,1568.0,0.0
13.31,0.7163,0.851,0.8887,0.999,-0.876,1569.0,1205.0,0.0
22.11,0.978,0.678,0.9243,0.9995,0.788,1541.0,386.0,0.0
4.695,0.5176,0.513,0.9814,1.0,-0.1214,491.2,139.0,0.0
10000.0,0.275,0.8022,0.03598,0.999,-0.91,85.0,481.8,0.0
0.241,0.4153,0.1155,0.9917,0.9995,-0.2664,482.8,418.8,0.0
10000.0,0.4946,0.553,0.1599,0.9995,-0.992,35.97,277.0,0.0
10000.0,0.986,0.4644,0.11993,0.9995,0.327,537.5,363.5,0.0
11.12,0.7007,0.2468,0.7593,0.9995,-0.2686,1163.0,1684.0,0.0
13.25,0.2389,0.2434,0.7896,0.9995,0.7695,680.5,1295.0,0.0
38.34,0.694,0.6104,0.5576,0.999,0.501,488.2,1153.0,0.0
15.54,0.3516,0.653,0.578,0.9995,-0.71,433.2,1431.0,0.0
38.1,0.8843,0.8687,0.657,0.9995,0.2426,159.6,432.0,0.0
14.11,0.3093,0.892,0.7163,1.0,0.3245,1284.0,1483.0,0.0
10000.0,0.443,0.7163,0.2435,0.9995,0.3867,35.72,1504.0,0.0
15.914,0.7163,0.769,0.8306,0.9995,-0.0555,391.8,351.2,0.0
10.95,0.01332,0.616,0.712,0.999,0.952,1717.0,1562.0,0.0
79.4,0.7236,0.3853,0.365,0.999,0.683,1394.0,964.5,0.0
17.16,0.2715,0.61,0.518,1.0,-0.5107,42.1,540.0,0.0
11.445,0.3572,0.8696,0.717,0.9995,-0.8354,457.5,298.0,0.0
45.7,0.3787,0.981,0.4531,0.999,0.6,1684.0,1403.0,0.0
10000.0,0.776,0.726,0.0942,0.9995,0.8276,706.0,430.2,0.0
68.7,0.491,0.9253,0.3647,0.9995,0.01663,946.0,977.5,0.0
86.44,0.702,0.6807,0.3662,1.0,0.772,322.0,475.8,0.0
18.84,0.934,0.1671,0.7783,0.9995,0.4348,1595.0,1807.0,0.0
10.88,0.4417,0.508,0.8877,0.9995,0.4636,1130.0,1833.0,0.0
10000.0,0.9507,0.2284,0.2554,0.999,-0.8765,1292.0,1124.0,0.0
10000.0,0.8916,0.6978,0.02795,0.999,-0.578,974.5,347.0,0.0
19.47,0.3518,0.619,0.5835,0.9995,0.2411,99.7,1580.0,0.0
10000.0,0.5986,0.835,0.0906,0.999,0.9243,668.5,82.94,0.0
50.03,0.722,0.413,0.4827,1.0,0.636,1391.0,648.0,0.0
10000.0,0.9434,0.74,0.2229,0.999,-0.5767,207.1,1383.0,0.0
16.28,0.4802,0.4004,0.5693,0.9995,-0.9624,504.2,553.0,0.0
57.88,0.3271,0.3826,0.3486,0.9995,0.721,516.5,982.0,0.0
92.2,0.1776,0.385,0.2432,0.9995,0.602,1332.0,103.44,0.0
68.9,0.4314,0.58,0.332,1.0,0.1564,766.0,1395.0,0.0
7.707,0.4973,0.5845,0.8516,0.9995,-0.5405,118.6,1098.0,0.0
10000.0,0.9844,0.623,0.05966,0.9995,-0.309,1432.0,1178.0,0.0
10000.0,0.1128,0.6963,0.1471,0.999,-0.4277,1092.0,1989.0,0.0
20.22,0.9097,0.5664,0.7925,0.999,0.1061,1157.0,1644.0,0.0
0.1682,0.0794,0.7183,0.9233,0.999,0.02304,1844.0,1714.0,0.0
10.12,0.6064,0.6035,0.8643,0.9995,-0.09454,108.8,1926.0,0.0
23.58,0.4443,0.78,0.719,0.9995,0.945,485.0,995.0,0.0
15.32,0.8145,0.2908,0.695,0.999,-0.8047,1644.0,1005.0,0.0
10000.0,0.2266,0.9595,0.1371,0.9995,0.6943,1124.0,293.5,0.0
20.05,0.573,0.7407,0.8257,1.0,0.8027,952.5,1663.0,0.0
83.6,0.1177,0.2218,0.2389,0.999,0.681,60.6,996.0,0.0
5.484,0.1337,0.977,0.703,0.999,0.0367,1696.0,976.0,0.0
5.44,0.012405,0.975,0.2605,0.9995,-0.943,85.5,1532.0,0.0
2.664,0.3613,0.4617,0.989,0.9995,-0.0589,1336.0,98.0,0.0
10.805,0.0964,0.715,0.6475,0.999,0.625,803.0,1933.0,0.0
29.67,0.77,0.97,0.7676,0.9995,0.6743,1290.0,1180.0,0.0
5.223,0.2632,0.275,0.744,0.999,-0.12195,509.8,122.94,0.0
2.14,0.4937,0.328,0.9854,0.999,-0.5894,657.0,716.0,0.0
10000.0,0.9463,0.4075,0.04388,1.0,0.316,197.2,827.5,0.0
62.28,0.7017,0.772,0.4365,1.0,0.1519,1605.0,154.2,0.0
31.67,0.751,0.776,0.636,0.9995,0.1373,245.4,687.5,0.0
63.16,0.8853,0.8755,0.4927,0.999,-0.2137,1510.0,167.5,0.0
6.383,0.1487,0.1676,0.5244,1.0,-0.32,764.5,760.5,0.0
-0.03073,0.03287,0.9004,0.604,0.9995,-0.5483,1051.0,1460.0,0.0
51.6,0.7476,0.328,0.4377,1.0,0.05893,528.0,1640.0,0.0
0.1573,0.0586,0.886,0.7163,0.999,-0.7856,1619.0,1441.0,0.0
19.84,0.657,0.8457,0.753,0.999,-0.0685,553.5,971.5,0.0
2.441,0.12354,0.844,0.9937,0.9995,0.221,1318.0,1876.0,0.0
6.48,0.04364,0.769,0.5527,0.999,0.3896,1230.0,758.5,0.0
30.66,0.956,0.324,0.644,0.999,0.3962,1841.0,523.0,0.0
9.81,0.2133,0.1536,0.4807,1.0,-0.7773,1337.0,1492.0,0.0
13.55,0.7515,0.148,0.78,0.9995,0.2693,1144.0,30.95,0.0
12.164,0.3618,0.4949,0.662,0.999,-0.04367,341.8,603.0,0.0
0.3167,0.04688,0.4976,0.682,0.999,-0.0666,640.0,1579.0,0.0
23.88,0.478,0.1239,0.5835,1.0,0.757,1809.0,1336.0,0.0
63.75,0.596,0.8696,0.4429,0.9995,0.855,1386.0,210.5,0.0
45.88,0.02309,0.877,0.2286,0.999,0.302,823.0,1063.0,0.0
63.72,0.9126,0.3337,0.4236,0.9995,0.09656,1898.0,106.94,0.0
40.06,0.793,0.3896,0.5073,0.9995,-0.1313,1341.0,500.5,0.0
89.6,0.4805,0.798,0.3103,1.0,0.4983,1892.0,1951.0,0.0
93.75,0.6855,0.7456,0.3464,1.0,0.729,1588.0,1799.0,0.0
20.72,0.966,0.5244,0.9033,1.0,0.7183,1622.0,1386.0,0.0
10000.0,0.04703,0.7397,0.1147,0.9995,0.158,314.0,489.2,0.0
87.56,0.775,0.9487,0.4036,0.999,0.679,1272.0,1985.0,0.0
2.582,0.3862,0.10675,0.7837,0.999,-0.4756,541.5,1470.0,0.0
51.2,0.587,0.8667,0.447,0.9995,-0.74,688.0,388.5,0.0
46.4,0.8696,0.1655,0.496,0.999,0.5854,621.0,801.0,0.0
7.297,0.776,0.298,0.8726,0.999,-0.8022,365.5,1054.0,0.0
10000.0,0.4739,0.2202,0.08606,0.9995,-0.0726,152.9,419.8,0.0
10000.0,0.796,0.4885,0.2029,0.9995,-0.8774,626.5,293.5,0.0
10.06,0.299,0.6763,0.6743,0.999,-0.46,686.0,1695.0,0.0
76.7,0.0789,0.4297,0.2279,0.9995,0.09454,1654.0,1582.0,0.0
62.72,0.779,0.4878,0.4463,1.0,0.715,1776.0,1261.0,0.0
10000.0,0.3105,0.8135,0.04233,1.0,-0.1836,589.0,1526.0,0.0
10000.0,0.9175,0.1104,0.1307,0.9995,-0.641,1217.0,1876.0,0.0
12.984,0.1655,0.274,0.5684,0.9995,0.4226,67.0,71.0,0.0
5.414,0.449,0.4512,0.8467,0.9995,-0.7534,230.5,1584.0,0.0
88.8,0.984,0.514,0.3564,0.999,-0.811,59.6,1569.0,0.0
26.6,0.6323,0.894,0.7534,0.9995,0.825,1622.0,383.2,0.0
0.2825,0.04132,0.865,0.78,0.999,-0.988,1132.0,95.3,0.0
31.66,0.3547,0.936,0.514,0.999,0.3904,1064.0,661.0,0.0
10000.0,0.2109,0.988,0.11206,0.9995,-0.4011,1282.0,417.8,0.0
10000.0,0.07965,0.2854,0.1592,0.999,0.735,11.53,215.1,0.0
78.5,0.3833,0.519,0.2812,0.999,-0.4482,1269.0,1900.0,0.0
13.27,0.263,0.782,0.905,0.999,0.858,914.5,663.0,0.0
10000.0,0.881,0.921,0.04575,0.9995,0.6406,1695.0,655.0,0.0
14.266,0.8384,0.884,0.937,0.9995,-0.8364,56.16,1944.0,0.0
39.4,0.774,0.2908,0.561,0.9995,0.8896,463.5,896.0,0.0
21.58,0.672,0.4373,0.607,1.0,-0.4739,730.0,1394.0,0.0
51.3,0.553,0.9453,0.4912,0.9995,0.75,712.0,764.5,0.0
11.97,0.071,0.7236,0.4578,0.999,0.3398,533.5,1833.0,0.0
20.08,0.6934,0.759,0.739,1.0,-0.1517,1059.0,737.0,0.0
18.97,0.862,0.5835,0.878,0.9995,0.537,1797.0,1165.0,0.0
39.0,0.9004,0.991,0.67,0.9995,-0.556,160.6,1742.0,0.0
68.3,0.3394,0.686,0.326,1.0,0.5796,881.0,840.0,0.0
10000.0,0.8823,0.917,0.01573,1.0,0.6426,1186.0,218.6,0.0
9.72,0.9087,0.5293,0.9736,0.999,-0.3472,1263.0,1482.0,0.0
47.8,0.3225,0.39,0.3926,1.0,0.7617,506.2,1365.0,0.0
42.1,0.538,0.76,0.5254,0.9995,0.824,1247.0,1395.0,0.0
0.2788,0.1512,0.539,0.901,1.0,-0.814,1711.0,1715.0,0.0
11.1,0.8223,0.229,0.7803,0.9995,-0.532,1372.0,1977.0,0.0
11.77,0.1576,0.637,0.889,0.999,0.852,1125.0,373.2,0.0
9.91,0.6255,0.7876,0.932,0.9995,-0.0894,282.0,1074.0,0.0
16.81,0.6934,0.1342,0.6055,0.9995,-0.1656,775.5,1373.0,0.0
52.34,0.4026,0.766,0.432,0.9995,0.951,1071.0,551.5,0.0
10000.0,0.4346,0.5615,0.02272,0.9995,0.093,1586.0,1905.0,0.0
10000.0,0.921,0.6904,0.26,0.999,-0.793,1785.0,1223.0,0.0
3.834,0.459,0.10864,0.733,1.0,-0.721,1673.0,1441.0,0.0
4.56,0.1186,0.7676,0.5923,1.0,-0.674,482.5,367.8,0.0
10000.0,0.5303,0.6074,0.0654,0.9995,-0.1458,979.5,474.2,0.0
10000.0,0.2012,0.8003,0.1802,0.9995,-0.5635,1714.0,807.5,0.0
5.242,0.6973,0.2216,0.883,1.0,-0.6157,1465.0,1659.0,0.0
30.81,0.562,0.388,0.493,0.9995,-0.3887,1123.0,1876.0,0.0
38.72,0.968,0.649,0.5884,0.999,-0.814,373.2,988.0,0.0
18.1,0.5435,0.438,0.617,1.0,-0.245,1367.0,952.5,0.0
0.551,0.1499,0.6562,0.883,0.9995,-0.936,1278.0,77.3,0.0
55.16,0.915,0.268,0.4106,0.9995,-0.9673,1440.0,1196.0,0.0
27.58,0.701,0.9663,0.751,1.0,0.559,576.0,802.0,0.0
34.78,0.508,0.3174,0.4487,0.999,-0.4253,1203.0,621.0,0.0
-0.014534,0.0969,0.2507,0.7485,0.9995,-0.587,1118.0,200.4,0.0
10000.0,0.708,0.835,0.1848,0.9995,-0.2233,1335.0,1442.0,0.0
65.5,0.3604,0.683,0.3162,0.999,-0.2279,2.617,486.5,0.0
15.18,0.962,0.3538,0.8623,0.999,0.1676,1130.0,335.2,0.0
15.375,0.9688,0.776,0.9463,0.999,-0.1473,1855.0,1904.0,0.0
10000.0,0.211,0.1702,0.10974,0.9995,-0.939,762.0,1316.0,0.0
10000.0,0.8276,0.503,0.05737,0.999,0.4983,1665.0,1293.0,0.0
28.3,0.736,0.8857,0.723,0.9995,0.4297,512.5,1510.0,0.0
10000.0,0.706,0.4373,0.2035,1.0,-0.4465,1882.0,1069.0,0.0
40.34,0.3652,0.663,0.3962,0.999,-0.8823,496.8,479.5,0.0
23.03,0.618,0.5093,0.5884,0.999,-0.4055,258.5,1237.0,0.0
25.16,0.023,0.3892,0.2593,0.9995,0.1486,810.5,1146.0,0.0
10000.0,0.4043,0.603,0.1599,0.9995,-0.3733,1849.0,1589.0,0.0
10000.0,0.3335,0.1259,0.04752,0.999,-0.572,46.97,748.5,0.0
23.47,0.8936,0.316,0.676,1.0,0.1384,1228.0,268.2,0.0
10000.0,0.9106,0.565,0.0909,1.0,-0.4429,1136.0,1723.0,0.0
10000.0,0.766,0.1366,0.0496,1.0,0.756,358.2,763.5,0.0
44.28,0.9077,0.4512,0.5854,0.9995,0.995,815.5,1303.0,0.0
35.44,0.9673,0.9346,0.7227,1.0,0.06824,29.5,787.0,0.0
10000.0,0.4446,0.106,0.07654,0.9995,0.8823,549.0,1774.0,0.0
10000.0,0.906,0.785,0.0927,0.999,-0.9536,216.1,819.0,0.0
10000.0,0.125,0.7686,0.06934,0.9995,0.4517,1183.0,850.0,0.0
11.64,0.8306,0.2355,0.8613,0.999,0.1373,1265.0,178.4,0.0
74.3,0.569,0.9976,0.377,0.9995,0.05975,33.12,653.5,0.0
39.06,0.9956,0.9507,0.7437,0.9995,0.6855,816.5,1215.0,0.0
96.8,0.8857,0.9307,0.3835,0.999,0.0458,405.2,484.2,0.0
10000.0,0.03738,0.4802,0.1833,0.9995,0.3933,1844.0,1188.0,0.0
70.9,0.5776,0.4521,0.3474,0.999,0.0418,1187.0,1763.0,0.0
58.3,0.969,0.5386,0.4724,0.999,-0.537,286.5,893.5,0.0
17.06,0.2023,0.913,0.4915,0.9995,-0.7705,553.5,53.44,0.0
10000.0,0.0908,0.4673,0.1086,1.0,0.3296,798.5,1780.0,0.0
64.5,0.6,0.5654,0.3794,0.9995,0.009544,1645.0,774.5,0.0
18.77,0.709,0.2866,0.621,1.0,-0.445,638.5,1930.0,0.0
10000.0,0.4038,0.335,0.01398,0.9995,-0.3352,362.0,651.0,0.0
10000.0,0.885,0.1759,0.2499,0.9995,0.7773,472.5,1612.0,0.0
11.71,0.2708,0.597,0.6113,0.9995,-0.1403,1217.0,450.5,0.0
18.44,0.642,0.9136,0.8003,1.0,0.08185,774.0,1099.0,0.0
18.88,0.566,0.594,0.63,0.999,-0.8057,332.5,1084.0,0.0
6.89,0.3264,0.8623,0.862,0.9995,0.001173,1200.0,1441.0,0.0
10.59,0.0658,0.9014,0.3696,1.0,-0.626,1764.0,1306.0,0.0
6.008,0.4438,0.3271,0.7617,0.9995,-0.9814,1742.0,546.0,0.0
98.25,0.9087,0.7954,0.3582,0.999,-0.4194,1664.0,1325.0,0.0
44.9,0.609,0.677,0.4822,0.9995,0.1694,225.1,834.5,0.0
10000.0,0.6533,0.4548,0.2029,0.999,-0.879,276.8,446.2,0.0
10000.0,0.9575,0.647,0.1879,0.9995,-0.4753,443.5,1094.0,0.0
10000.0,0.606,0.6724,0.1815,0.999,-0.866,440.2,1274.0,0.0
10000.0,0.6997,0.488,0.2346,0.9995,-0.9146,380.2,550.5,0.0
9.85,0.466,0.3171,0.683,0.999,-0.65,375.8,659.0,0.0
13.47,0.4673,0.6714,0.918,0.999,0.679,911.0,1137.0,0.0
0.3657,0.3354,0.1272,0.919,1.0,-0.375,404.0,1017.5,0.0
51.44,0.93,0.6694,0.5093,0.999,-0.9146,426.0,158.9,0.0
18.64,0.74,0.826,0.8545,1.0,0.335,341.2,1241.0,0.0
10000.0,0.5894,0.4202,0.2415,0.9995,0.05435,757.0,535.5,0.0
5.195,0.3472,0.752,0.8965,1.0,-0.3767,767.0,1520.0,0.0
0.1456,0.05035,0.943,0.708,0.9995,-0.5947,524.0,1271.0,0.0
22.67,0.646,0.3262,0.548,1.0,-0.807,383.2,1552.0,0.0
16.94,0.9717,0.9253,0.9644,0.999,-0.3005,576.5,522.5,0.0
9.77,0.6553,0.3271,0.966,1.0,0.4072,669.0,433.5,0.0
48.75,0.3015,0.2717,0.372,0.999,0.764,722.0,146.9,0.0
1.646,0.4785,0.238,0.924,0.9995,-0.85,1823.0,1958.0,0.0
19.31,0.3464,0.59,0.71,0.9995,0.831,105.9,166.4,0.0
85.6,0.393,0.532,0.2866,0.9995,0.3792,1577.0,390.2,0.0
7.67,0.4038,0.3628,0.744,0.999,-0.3928,1696.0,1674.0,0.0
38.4,0.3257,0.1693,0.379,0.9995,0.09344,1859.0,774.5,0.0
2.309,0.3494,0.3179,0.953,0.999,-0.0824,1079.0,532.5,0.0
10000.0,0.361,0.582,0.0818,0.9995,0.62,952.0,320.8,0.0
7.465,0.2573,0.319,0.5747,0.999,-0.99,1740.0,454.0,0.0
10000.0,0.1051,0.715,0.04755,0.9995,-0.8267,1215.0,805.5,0.0
58.66,0.759,0.659,0.4675,1.0,0.449,20.38,1565.0,0.0
-0.2345,0.02148,0.3098,0.578,0.999,-0.01012,362.8,194.5,0.0
36.84,0.675,0.292,0.528,0.9995,0.534,296.5,655.5,0.0
0.5693,0.0619,0.3875,0.6235,0.999,-0.3433,1682.0,171.6,0.0
24.98,0.1698,0.2153,0.462,0.9995,0.7754,1270.0,827.0,0.0
10000.0,0.4114,0.7666,0.1901,0.9995,0.795,423.2,1899.0,0.0
24.53,0.547,0.571,0.712,0.9995,0.9165,337.5,1925.0,0.0
38.22,0.589,0.5005,0.4768,0.999,-0.1885,305.8,1397.0,0.0
82.44,0.5015,0.5464,0.297,0.9995,-0.429,1151.0,1739.0,0.0
41.66,0.6787,0.12366,0.4832,0.9995,0.7617,715.5,1636.0,0.0
56.78,0.817,0.708,0.4685,0.999,-0.4858,1622.0,415.0,0.0
13.555,0.572,0.767,0.8115,0.9995,-0.03207,810.0,928.0,0.0
27.84,0.985,0.7114,0.7397,0.9995,-0.0398,816.0,216.4,0.0
19.81,0.1116,0.3892,0.3496,1.0,-0.4993,85.44,1443.0,0.0
4.832,0.1478,0.1859,0.5977,0.9995,-0.09454,908.5,972.5,0.0
10000.0,0.3906,0.3757,0.04257,0.9995,0.4578,1632.0,486.5,0.0
98.8,0.3875,0.865,0.269,0.9995,0.332,98.8,903.0,0.0
46.34,0.632,0.502,0.4304,0.999,-0.8403,95.0,1800.0,0.0
10000.0,0.856,0.1556,0.0685,0.9995,-0.9355,961.5,58.72,0.0
11.66,0.578,0.9165,0.8794,0.9995,-0.7065,1089.0,1785.0,0.0
11.79,0.1769,0.3945,0.9136,0.9995,0.866,696.5,14.55,0.0
5.293,0.5415,0.1794,0.9126,1.0,0.07184,1743.0,676.5,0.0
11.85,0.38,0.5835,0.802,0.9995,0.3933,673.0,85.6,0.0
10000.0,0.1763,0.8535,0.1919,0.9995,-0.2798,1743.0,1177.0,0.0
10000.0,0.8403,0.736,0.0639,0.999,-0.2052,1188.0,731.5,0.0
28.33,0.5747,0.5913,0.6025,1.0,0.516,731.0,1663.0,0.0
16.42,0.3708,0.7095,0.606,0.9995,-0.3142,309.0,1871.0,0.0
10000.0,0.3706,0.9546,0.07825,1.0,-0.4163,404.2,1169.0,0.0
17.28,0.7886,0.498,0.9053,0.999,0.6665,168.1,1490.0,0.0
3.934,0.373,0.5615,0.938,0.9995,-0.1803,1776.0,1454.0,0.0
59.7,0.612,0.7285,0.4253,0.999,0.271,813.5,850.0,0.0
27.81,0.6133,0.9307,0.633,0.999,-0.606,1322.0,56.34,0.0
4.055,0.2688,0.846,0.9126,0.999,-0.1659,670.5,1355.0,0.0
85.75,0.482,0.4558,0.3,1.0,0.3455,1463.0,731.0,0.0
45.5,0.3184,0.9126,0.3762,0.999,-0.5664,112.06,600.5,0.0
10000.0,0.3948,0.8643,0.146,0.9995,0.3157,697.5,1164.0,0.0
1.825,0.1409,0.957,0.8857,0.999,-0.2297,1109.0,676.5,0.0
22.19,0.4573,0.8394,0.648,1.0,0.306,715.0,1216.0,0.0
13.26,0.6826,0.347,0.7583,0.9995,0.00465,378.2,631.0,0.0
38.6,0.8486,0.555,0.578,0.999,0.3572,1342.0,45.4,0.0
9.21,0.3926,0.853,0.813,0.9995,-0.5376,678.0,851.5,0.0
10000.0,0.9746,0.7686,0.1824,0.9995,-0.6016,1861.0,1957.0,0.0
10000.0,0.864,0.2463,0.1736,1.0,-0.9834,1735.0,398.5,0.0
10000.0,0.7656,0.7295,0.3145,1.0,-0.1146,1386.0,828.5,0.0
57.53,0.4868,0.726,0.4333,0.9995,0.987,85.1,1712.0,0.0
51.72,0.6865,0.466,0.443,0.9995,0.1344,1646.0,1786.0,0.0
10000.0,0.8916,0.726,0.08167,0.999,0.643,361.2,288.5,1.0
40.47,0.4404,0.587,0.456,0.9995,0.2551,1500.0,1442.0,2.0
8.36,0.6245,0.1705,0.7446,1.0,-0.4998,216.5,1029.0,3.0
3.125,0.546,0.3003,0.955,0.9995,-0.4377,1164.0,1473.0,4.0
0.8564,0.278,0.11884,0.839,0.999,-0.4016,234.5,687.5,5.0
20.5,0.8013,0.5786,0.7,0.9995,-0.8755,207.6,1215.0,6.0
-0.0411,0.1886,0.2554,0.911,1.0,-0.589,1511.0,287.2,7.0
14.02,0.5674,0.549,0.716,0.9995,-0.528,560.0,1109.0,8.0
14.33,0.4485,0.48,0.6797,0.9995,0.08234,770.0,1234.0,9.0
13.05,0.3015,0.4602,0.5405,0.999,-0.982,1638.0,455.5,10.0
9.5,0.511,0.6597,0.8364,0.999,-0.379,1531.0,1890.0,11.0
8.27,0.335,0.4001,0.672,0.9995,-0.662,1278.0,770.0,12.0
12.26,0.3364,0.266,0.5913,0.9995,-0.10254,1467.0,953.0,13.0
21.0,0.613,0.4797,0.8086,0.999,0.9194,817.5,128.2,14.0
0.05975,0.2072,0.143,0.7983,0.999,-0.8374,1116.0,426.8,15.0
28.84,0.205,0.2644,0.421,0.9995,0.4797,669.5,1503.0,1.0
56.38,0.168,0.786,0.3123,0.9995,0.9424,1460.0,861.5,2.0
19.45,0.8647,0.4607,0.8193,1.0,0.4348,103.2,1663.0,3.0
16.5,0.272,0.466,0.581,0.9995,0.3333,922.5,1269.0,4.0
17.1,0.6196,0.3994,0.65,0.9995,-0.352,1363.0,1343.0,5.0
11.81,0.5015,0.584,0.864,0.999,0.37,714.5,590.5,6.0
4.207,0.1511,0.9453,0.7295,0.9995,-0.643,1752.0,1154.0,7.0
13.7,0.6084,0.5747,0.811,0.9995,0.178,646.5,1347.0,8.0
13.81,0.258,0.822,0.6895,0.999,0.4036,1330.0,581.0,9.0
12.85,0.02965,0.2118,0.3376,0.999,0.3704,315.0,878.5,10.0
25.16,0.2068,0.8374,0.4197,0.9995,-0.5913,618.0,344.5,11.0
11.02,0.2683,0.5933,0.696,0.9995,0.2203,1081.0,1166.0,12.0
79.1,0.505,0.513,0.3162,1.0,0.0857,1558.0,654.5,13.0
12.34,0.417,0.508,0.6904,0.9995,-0.06067,1225.0,1224.0,14.0
8.62,0.8125,0.5063,0.9263,0.999,-0.9463,919.5,1980.0,15.0
7.47,0.2563,0.813,0.7407,1.0,-0.4353,1387.0,1246.0,1.0
10000.0,0.3464,0.3704,0.1805,0.9995,-0.3384,1714.0,297.8,2.0
26.14,0.77,0.469,0.6743,0.9995,0.468,1430.0,1014.0,3.0
10000.0,0.851,0.782,0.177,1.0,-0.4458,1648.0,1594.0,4.0
28.92,0.0875,0.702,0.3135,0.999,-0.1368,1110.0,354.8,5.0
21.03,0.61,0.1554,0.7334,0.999,0.8867,1086.0,131.4,6.0
37.78,0.1135,0.2922,0.2822,0.9995,-0.7944,89.3,545.5,7.0
12.805,0.491,0.475,0.6963,0.9995,-0.2988,1706.0,499.2,8.0
2.434,0.06616,0.8027,0.8687,0.9995,0.2235,150.1,1099.0,9.0
12.26,0.494,0.339,0.7573,0.9995,0.239,1047.0,632.5,10.0
10.72,0.593,0.3418,0.7812,0.9995,-0.01074,1071.0,613.5,11.0
14.67,0.787,0.811,0.881,0.999,-0.814,683.5,1846.0,12.0
0.3552,0.187,0.4595,0.901,0.9995,-0.9766,613.0,948.5,13.0
11.15,0.512,0.6836,0.8086,0.9995,-0.1815,790.5,1104.0,14.0
13.72,0.7603,0.5728,0.872,0.9995,0.1565,1207.0,831.0,15.0
37.28,0.635,0.7476,0.5283,0.9995,-0.249,669.0,740.5,1.0
42.1,0.218,0.7446,0.3289,0.9995,-0.65,1153.0,1504.0,2.0
17.6,0.875,0.654,0.814,0.9995,-0.6987,1173.0,1976.0,3.0
3.959,0.441,0.504,0.9497,0.999,-0.3367,1032.0,1784.0,4.0
0.0924,0.013794,0.4395,0.846,1.0,0.08527,1562.0,1340.0,5.0
15.51,0.2668,0.6895,0.5415,0.9995,-0.504,1081.0,1307.0,6.0
0.0522,0.1434,0.5454,0.9727,0.9995,-0.5107,1124.0,1523.0,7.0
15.83,0.0979,0.5703,0.5303,0.9995,0.763,132.1,30.72,8.0
9.96,0.23,0.553,0.576,0.9995,-0.5293,816.0,839.5,9.0
11.86,0.546,0.659,0.787,0.9995,-0.5264,1061.0,1592.0,10.0
0.46,0.114,0.284,0.946,1.0,0.06088,758.5,934.0,11.0
8.375,0.3357,0.7334,0.78,0.9995,-0.2036,1300.0,1116.0,12.0
7.832,0.1586,0.5264,0.6685,0.9995,0.2085,661.5,586.0,13.0
7.453,0.2266,0.63,0.6694,0.9995,-0.4326,1068.0,1239.0,14.0
7.65,0.4373,0.4019,0.7847,0.9995,-0.2957,1073.0,1480.0,15.0
0.07245,0.04193,0.1832,0.4592,0.9995,-0.781,1206.0,730.5,1.0
21.7,0.3184,0.2607,0.567,0.9995,0.653,437.8,824.0,2.0
29.66,0.3228,0.603,0.4792,0.9995,0.2218,1057.0,1017.0,3.0
21.64,0.3796,0.9165,0.571,0.9995,-0.5215,898.5,1621.0,4.0
21.12,0.6167,0.747,0.6772,0.9995,-0.3757,670.0,1502.0,5.0
54.06,0.7295,0.7314,0.4626,0.9995,-0.3296,837.0,1990.0,6.0
15.8,0.372,0.7085,0.6265,0.9995,-0.162,956.5,1349.0,7.0
16.75,0.3542,0.5894,0.579,0.9995,-0.1208,1107.0,1198.0,8.0
0.755,0.1173,0.1342,0.6274,0.9995,-0.5625,1639.0,1180.0,9.0
24.88,0.4692,0.785,0.6006,0.9995,0.266,975.5,1084.0,10.0
13.44,0.431,0.746,0.7114,1.0,-0.3806,421.0,212.2,11.0
15.82,0.3792,0.6533,0.6226,0.9995,-0.1097,1085.0,1109.0,12.0
0.96,0.0744,0.4802,0.698,0.9995,-0.2296,1510.0,686.0,13.0
14.96,0.2805,0.3872,0.529,0.9995,-0.3594,821.5,993.0,14.0
3.436,0.2275,0.658,0.8364,0.9995,-0.488,1867.0,1198.0,15.0
31.47,0.2195,0.397,0.3716,0.999,-0.2266,784.0,1781.0,1.0
11.125,0.512,0.616,0.77,0.9995,-0.5913,1570.0,1426.0,2.0
16.39,0.4976,0.6274,0.832,1.0,0.681,173.6,132.2,3.0
13.69,0.5483,0.5103,0.7,0.9995,-0.5664,620.0,1352.0,4.0
30.42,0.853,0.6274,0.6836,0.9995,0.462,1506.0,344.0,5.0
16.0,0.3904,0.539,0.595,0.9995,-0.2448,796.0,1369.0,6.0
0.732,0.02026,0.8643,0.9087,1.0,-0.991,147.4,1817.0,7.0
0.13,0.10834,0.5103,0.9688,1.0,-0.8257,1883.0,1952.0,8.0
60.72,0.2362,0.2484,0.2983,0.999,0.461,744.5,1465.0,9.0
0.138,0.01276,0.237,0.7256,0.999,0.0887,1356.0,1484.0,10.0
8.48,0.3875,0.6064,0.837,0.9995,0.1361,730.0,739.5,11.0
10.414,0.4824,0.422,0.7266,0.9995,-0.4053,805.5,1673.0,12.0
14.0,0.836,0.3257,0.925,0.9995,0.489,54.1,737.0,13.0
8.17,0.5522,0.4575,0.866,0.9995,-1.36e-05,523.5,1039.0,14.0
8.59,0.544,0.717,0.8833,0.9995,-0.648,512.0,1764.0,15.0
10000.0,0.799,0.5767,0.2773,1.0,0.615,1219.0,889.5,1.0
10000.0,0.8354,0.8086,0.203,0.9995,0.885,1829.0,87.75,2.0
21.62,0.971,0.2722,0.819,1.0,0.647,1876.0,1552.0,3.0
7.51,0.4084,0.412,0.7236,0.9995,-0.9683,193.4,1908.0,4.0
7.3,0.3716,0.1037,0.836,0.999,0.2812,990.5,1764.0,5.0
1.248,0.1174,0.2505,0.9346,0.999,0.1194,688.5,575.5,6.0
13.12,0.4866,0.416,0.6753,0.9995,-0.2595,896.5,1548.0,7.0
12.84,0.6895,0.4849,0.8213,0.9995,0.0811,701.5,941.5,8.0
13.016,0.681,0.3462,0.8174,0.9995,0.2341,1350.0,1265.0,9.0
0.9673,0.1854,0.604,0.921,1.0,-0.574,830.5,152.6,10.0
8.45,0.4243,0.3154,0.775,0.9995,0.05087,1265.0,553.0,11.0
2.398,0.1389,0.2142,0.764,0.9995,0.01651,535.0,1013.0,12.0
0.5005,0.02847,0.526,0.969,0.999,-0.2427,1306.0,126.94,13.0
10000.0,0.0568,0.305,0.09204,0.999,0.2457,450.2,1911.0,14.0
8.11,0.4895,0.3967,0.8496,0.9995,0.0849,1136.0,1023.0,15.0
40.2,0.8,0.2834,0.461,0.999,-0.8965,605.0,374.0,1.0
25.47,0.6675,0.10614,0.481,0.999,-0.497,1427.0,796.5,2.0
10.43,0.3748,0.944,0.9463,0.999,0.506,1015.0,1244.0,3.0
0.2408,0.1093,0.7773,0.9424,0.9995,-0.3174,643.0,1452.0,4.0
11.16,0.1486,0.2856,0.7817,0.9995,0.7188,1178.0,769.0,5.0
15.305,0.3557,0.7603,0.655,0.9995,0.069,907.5,988.5,6.0
18.86,0.956,0.762,0.968,1.0,0.6104,1678.0,1306.0,7.0
14.914,0.5513,0.557,0.699,0.9995,-0.3801,564.5,1188.0,8.0
13.02,0.656,0.7085,0.884,0.9995,0.1998,1309.0,1163.0,9.0
21.42,0.4507,0.5063,0.5615,0.9995,-0.06915,1076.0,1357.0,10.0
12.516,0.523,0.57,0.7305,0.9995,-0.542,641.5,1036.0,11.0
56.16,0.3713,0.9307,0.3574,1.0,-0.5444,319.5,1315.0,12.0
0.702,0.0808,0.1763,0.9443,0.999,-0.6973,767.5,1290.0,13.0
4.848,0.768,0.319,0.998,0.9995,-0.4905,80.1,525.0,14.0
8.94,0.361,0.6567,0.769,0.9995,-0.1312,870.0,989.5,15.0
10000.0,0.538,0.302,0.1439,0.999,0.3596,31.52,433.2,1.0
8.96,0.976,0.4045,0.9766,0.9995,-0.2656,1662.0,729.5,2.0
10000.0,0.5137,0.562,0.2262,0.999,0.53,1065.0,1539.0,3.0
10.414,0.3535,0.648,0.704,0.999,-0.439,1455.0,1928.0,4.0
10000.0,0.3655,0.8086,0.1396,0.9995,-0.8677,1071.0,459.2,5.0
41.06,0.3804,0.7754,0.464,0.999,0.5684,861.0,777.5,6.0
91.1,0.2996,0.3958,0.2644,0.9995,0.773,154.6,1714.0,7.0
13.53,0.7534,0.5884,0.8184,0.9995,-0.6973,1676.0,1916.0,8.0
27.64,0.5337,0.7,0.598,0.9995,0.398,1093.0,810.0,9.0
27.97,0.8354,0.2041,0.5273,0.999,-0.752,751.0,1318.0,10.0
0.1168,0.03824,0.5913,0.9487,0.9995,-0.09503,531.0,1094.0,11.0
22.56,0.3616,0.5566,0.5522,0.9995,0.2783,564.0,1281.0,12.0
14.96,0.4622,0.853,0.973,0.9995,0.8853,377.8,467.8,13.0
11.27,0.64,0.4688,0.782,0.999,-0.639,1396.0,1052.0,14.0
11.3,0.2896,0.7993,0.701,0.999,0.07587,307.8,1453.0,15.0
13.31,0.2057,0.5845,0.837,0.9995,0.8516,1661.0,165.8,1.0
10000.0,0.1953,0.8164,0.06,0.9995,-0.3157,202.0,1781.0,2.0
0.1501,0.0753,0.4592,0.843,1.0,-0.8823,214.4,1078.0,3.0
-0.0462,0.1274,0.204,0.7817,0.999,-0.9014,1232.0,689.5,4.0
25.08,0.6934,0.1925,0.5303,0.9995,-0.3884,1892.0,451.8,5.0
10.1,0.4358,0.9985,0.8716,0.9995,-0.08954,302.8,1361.0,6.0
17.42,0.3467,0.653,0.602,0.999,0.147,1466.0,591.5,7.0
25.3,0.3977,0.5728,0.559,0.999,0.4436,910.5,1166.0,8.0
1.686,0.3313,0.1705,0.9756,0.9995,0.0348,236.9,1201.0,9.0
10.016,0.9556,0.589,0.9897,0.999,-0.856,114.2,1958.0,10.0
10.734,0.665,0.607,0.8643,0.9995,-0.3086,1326.0,1538.0,11.0
10.445,0.3538,0.4915,0.7583,0.9995,0.2269,510.0,612.5,12.0
17.94,0.6387,0.316,0.6016,0.9995,-0.6494,1148.0,1105.0,13.0
6.69,0.362,0.434,0.7964,0.9995,-0.10895,584.0,946.5,14.0
7.58,0.4841,0.525,0.8423,0.9995,-0.3582,924.0,1401.0,15.0
-0.2585,0.02322,0.2455,0.5537,0.9995,-0.1287,1151.0,332.8,1.0
10000.0,0.8086,0.2627,0.2559,1.0,0.503,1428.0,397.2,2.0
21.77,0.4587,0.3684,0.6396,1.0,0.643,1083.0,1294.0,3.0
19.05,0.2001,0.4436,0.4841,0.9995,0.1461,1252.0,1303.0,4.0
22.67,0.4375,0.568,0.6304,0.9995,0.587,1094.0,1258.0,5.0
2.271,0.3237,0.372,0.914,0.999,-0.3708,1367.0,126.1,6.0
34.38,0.832,0.6284,0.578,0.999,-0.559,455.2,308.0,7.0
13.836,0.3848,0.3704,0.5938,0.9995,-0.2822,1000.5,697.0,8.0
0.6196,0.0803,0.2108,0.8784,0.999,-0.913,1682.0,827.0,9.0
10.75,0.3552,0.3562,0.739,0.9995,0.2527,1088.0,1014.0,10.0
10000.0,0.747,0.6333,0.1058,0.9995,0.4119,439.5,1535.0,11.0
3.688,0.26,0.4475,0.811,1.0,-0.4497,1264.0,679.0,12.0
0.1763,0.0437,0.296,0.984,1.0,-0.07355,1206.0,672.5,13.0
8.65,0.7974,0.1415,0.7827,0.9995,-0.4915,449.5,466.8,14.0
11.09,0.3857,0.4365,0.7397,0.9995,0.1908,1030.0,1001.0,15.0
42.3,0.728,0.1932,0.44,1.0,-0.2632,1732.0,497.8,1.0
3.408,0.261,0.5103,0.916,0.999,0.0666,915.5,1527.0,2.0
3.969,0.5254,0.3616,0.895,0.999,-0.9155,886.0,1285.0,3.0
4.88,0.01418,0.10895,0.9106,0.999,0.4993,586.0,397.8,4.0
8.7,0.2585,0.8394,0.723,0.999,-0.1791,627.0,1897.0,5.0
14.69,0.645,0.6934,0.8013,0.9995,-0.05533,447.8,917.0,6.0
13.85,0.442,0.535,0.7935,0.9995,0.472,555.5,1319.0,7.0
18.11,0.3909,0.54,0.57,0.999,-0.2125,1019.0,1373.0,8.0
9.0,0.478,0.5854,0.8335,0.9995,-0.01802,633.5,984.5,9.0
29.7,0.2942,0.97,0.5186,0.9995,0.5996,311.8,789.5,10.0
10.36,0.442,0.4998,0.818,0.9995,0.2355,25.27,1440.0,11.0
10.81,0.1432,0.573,0.639,0.9995,0.4534,89.2,645.5,12.0
11.22,0.1183,0.2046,0.6055,0.999,0.582,1396.0,470.5,13.0
12.31,0.5625,0.8994,0.927,0.9995,0.3193,1724.0,1593.0,14.0
-0.009026,0.2059,0.3467,0.956,0.999,-0.833,994.5,802.0,15.0
62.12,0.2654,0.3535,0.2844,0.999,-0.4094,632.0,1450.0,1.0
19.97,0.4216,0.596,0.5713,0.9995,-0.185,814.5,866.0,2.0
-0.089,0.0647,0.1552,0.6646,0.999,-0.2646,277.8,677.0,3.0
10.66,0.6445,0.4932,0.9424,0.9995,0.358,108.5,634.0,4.0
10.03,0.1318,0.6064,0.6504,0.9995,0.4456,1137.0,555.5,5.0
2.48,0.2644,0.649,0.8926,0.999,-0.897,263.2,473.2,6.0
32.2,0.543,0.53,0.4963,0.999,-0.419,1765.0,269.0,7.0
14.48,0.3496,0.471,0.5776,0.999,-0.3542,1184.0,528.5,8.0
17.84,0.4534,0.582,0.63,0.9995,0.0396,345.5,675.0,9.0
9.45,0.1875,0.3982,0.541,0.9995,-0.3904,349.5,1056.0,10.0
0.1974,0.05173,0.1615,0.735,0.9995,-0.4583,906.5,828.5,11.0
9.164,0.3413,0.411,0.659,0.9995,-0.5967,568.5,524.0,12.0
5.152,0.1548,0.479,0.6826,0.9995,0.00633,888.5,625.5,13.0
44.06,0.8257,0.8306,0.5635,0.999,-0.1337,1900.0,339.5,14.0
5.176,0.1859,0.2847,0.5977,0.9995,-0.5684,945.0,1099.0,15.0
1.654,0.2489,0.6426,0.991,1.0,-0.259,1275.0,1195.0,1.0
14.71,0.7026,0.836,0.8857,0.999,0.1099,1042.0,1001.5,2.0
10000.0,0.5737,0.3794,0.1593,0.9995,0.3003,1499.0,817.0,3.0
7.1,0.5005,0.1605,0.94,1.0,0.3218,1436.0,439.2,4.0
14.48,0.9697,0.3748,0.8794,0.999,0.1412,915.0,1855.0,5.0
20.39,0.558,0.7476,0.6543,0.9995,-0.5186,897.0,1057.0,6.0
25.08,0.5283,0.681,0.6523,1.0,0.5825,1443.0,756.5,7.0
5.51,0.04617,0.9814,0.4177,0.9995,-0.2805,1670.0,99.5,8.0
0.7476,0.31,0.2903,0.993,0.9995,-0.3127,1607.0,1189.0,9.0
0.8203,0.1736,0.3042,0.792,0.9995,-0.818,458.8,942.0,10.0
29.98,0.2869,0.2472,0.4375,0.999,0.2429,106.1,774.5,11.0
16.88,0.2507,0.6133,0.7573,0.9995,0.931,1008.5,214.9,12.0
44.9,0.846,0.136,0.4766,0.999,0.3694,363.5,1903.0,13.0
16.16,0.6323,0.1048,0.9556,0.9995,0.995,314.0,1874.0,14.0
9.91,0.6274,0.4517,0.837,0.9995,-0.125,1034.0,1338.0,15.0
74.5,0.6143,0.9556,0.3853,1.0,0.03772,1880.0,705.0,1.0
35.4,0.5513,0.628,0.53,0.9995,0.3875,687.5,1209.0,2.0
8.51,0.692,0.2201,0.847,0.9995,-0.00545,641.0,399.8,3.0
26.77,0.6846,0.605,0.701,0.999,0.728,1583.0,912.5,4.0
36.06,0.527,0.7197,0.5127,0.9995,0.1503,1622.0,714.5,5.0
10000.0,0.892,0.522,0.1924,0.999,0.6333,232.5,1188.0,6.0
10000.0,0.7554,0.6523,0.1973,1.0,0.769,279.0,355.2,7.0
20.95,0.746,0.514,0.6714,0.999,-0.3381,595.5,979.5,8.0
10000.0,0.4702,0.715,0.1547,1.0,0.439,1716.0,1511.0,9.0
4.88,0.5796,0.1677,0.8604,0.9995,-0.2932,1489.0,239.9,10.0
28.36,0.4258,0.743,0.547,0.999,0.3125,1436.0,1108.0,11.0
5.387,0.375,0.3079,0.8057,0.9995,-0.2484,468.2,271.8,12.0
4.89,0.3413,0.14,0.7495,0.9995,-0.153,1210.0,359.0,13.0
6.45,0.3584,0.3384,0.747,1.0,-0.4185,369.2,1691.0,14.0
0.732,0.0525,0.1736,0.808,1.0,-0.9814,504.8,815.0,15.0
10000.0,0.552,0.845,0.0695,0.9995,0.699,587.5,1733.0,1.0
30.23,0.2434,0.3943,0.443,0.9995,0.4583,1285.0,755.0,2.0
10000.0,0.3252,0.523,0.147,0.999,0.03403,1320.0,1694.0,3.0
3.59,0.4453,0.4717,0.966,0.9995,-0.2727,327.2,1041.0,4.0
7.05,0.4146,0.943,0.966,0.9995,0.0971,1003.5,654.5,5.0
15.32,0.5947,0.783,0.804,0.9995,0.0951,644.5,976.5,6.0
18.34,0.7773,0.915,0.8516,0.999,-0.3765,1152.0,1150.0,7.0
14.31,0.3718,0.501,0.6533,0.9995,0.1294,1059.0,995.5,8.0
4.9,0.2537,0.3906,0.8237,1.0,0.07684,42.75,671.5,9.0
13.086,0.4885,0.6714,0.8223,0.9995,0.3237,761.5,1376.0,10.0
9.945,0.3796,0.5435,0.7383,0.9995,-0.008965,772.0,1042.0,11.0
0.824,0.1372,0.5835,0.8774,0.9995,-0.3657,1006.5,5.97,12.0
15.12,0.5254,0.3853,0.6924,0.9995,0.135,502.8,876.0,13.0
-0.1272,0.1473,0.3142,0.9434,0.9995,-0.3806,994.5,951.5,14.0
17.78,0.8003,0.1647,0.6177,0.9995,-0.4453,33.97,904.0,15.0
53.03,0.8213,0.7407,0.5356,0.999,0.7256,1461.0,817.5,1.0
8.93,0.933,0.155,0.9946,0.999,0.2893,1674.0,1601.0,2.0
67.94,0.2249,0.3354,0.266,0.9995,-0.3088,1625.0,1160.0,3.0
6.516,0.546,0.5684,0.939,0.9995,-0.03854,1656.0,1258.0,4.0
26.06,0.6323,0.727,0.6216,0.9995,-0.08966,1288.0,1057.0,5.0
39.6,0.751,0.7754,0.575,0.999,0.2566,1761.0,241.9,6.0
3.225,0.2284,0.846,0.8926,0.9995,-0.43,1033.0,86.44,7.0
31.52,0.7554,0.605,0.5728,0.999,-0.5596,537.0,1537.0,8.0
9.125,0.4072,0.6655,0.797,0.9995,-0.1644,1793.0,187.6,9.0
10000.0,0.872,0.893,0.3606,1.0,0.7056,920.0,1435.0,10.0
1.417,0.1301,0.7754,0.987,1.0,0.1209,1450.0,788.0,11.0
0.0858,0.1024,0.6865,0.9277,0.9995,-0.3865,607.5,1182.0,12.0
15.97,0.1953,0.5425,0.4844,0.9995,-0.2937,1217.0,900.5,13.0
15.35,0.3257,0.6895,0.898,0.9995,0.9575,292.5,1849.0,14.0
9.664,0.2744,0.748,0.6816,0.9995,-0.3843,873.5,438.5,15.0
12.0,0.7656,0.581,0.856,0.999,-0.6943,878.5,1257.0,1.0
34.25,0.2108,0.3928,0.3474,0.9995,-0.3816,1725.0,982.0,2.0
84.2,0.3232,0.9946,0.2734,0.999,-0.3296,1535.0,1979.0,3.0
39.78,0.736,0.1364,0.448,0.999,-0.1114,502.0,1167.0,4.0
7.297,0.375,0.879,0.9644,0.9995,0.2585,1720.0,163.0,5.0
35.94,0.5835,0.69,0.5303,0.9995,0.1799,698.0,702.0,6.0
1.585,0.2252,0.689,0.9663,0.999,-0.3657,1872.0,1057.0,7.0
16.66,0.5923,0.3728,0.6567,0.999,-0.0899,869.5,1091.0,8.0
3.988,0.11945,0.1348,0.5327,0.9995,-0.3066,737.0,1715.0,9.0
13.97,0.8887,0.3904,0.8203,0.999,-0.299,1056.0,1735.0,10.0
16.55,0.5474,0.727,0.7104,0.999,-0.4233,1205.0,575.0,11.0
35.9,0.1981,0.6763,0.4158,0.9995,0.8574,1084.0,522.0,12.0
3.44,0.2559,0.4473,0.858,0.9995,-0.08203,1253.0,1809.0,13.0
6.273,0.436,0.5547,0.852,0.999,-0.5806,1449.0,92.25,14.0
16.27,0.2764,0.63,0.5996,0.9995,0.3103,1197.0,773.5,15.0
51.72,0.8296,0.718,0.535,0.9995,0.6055,169.5,996.5,1.0
19.77,0.6025,0.496,0.643,0.9995,-0.02919,625.0,1179.0,2.0
16.02,0.5986,0.5493,0.878,1.0,0.6895,1737.0,447.2,3.0
12.33,0.7915,0.933,0.985,0.9995,-0.962,1723.0,1540.0,4.0
20.4,0.9243,0.3376,0.667,1.0,-0.942,1038.0,425.5,5.0
2.19,0.3123,0.3303,0.983,0.9995,0.04535,1668.0,1818.0,6.0
4.99,0.02979,0.3582,0.3477,1.0,-0.4114,933.0,1717.0,7.0
28.83,0.67,0.3882,0.557,1.0,0.0533,1196.0,291.5,8.0
13.4,0.6763,0.5,0.84,0.9995,0.2333,1406.0,1316.0,9.0
14.234,0.7163,0.403,0.732,0.9995,-0.526,988.5,849.0,10.0
11.86,0.4907,0.8716,0.8037,0.9995,-0.9155,645.5,328.8,11.0
30.25,0.6094,0.992,0.6216,0.9995,-0.5366,1386.0,478.0,12.0
0.755,0.07025,0.7036,0.8335,0.999,0.04126,1077.0,1579.0,13.0
10.35,0.0218,0.5254,0.484,1.0,0.758,102.75,1841.0,14.0
9.71,0.5005,0.74,0.84,0.9995,-0.541,1359.0,1467.0,15.0
-0.1427,0.0642,0.3938,0.7983,1.0,-0.2903,711.5,457.8,1.0
31.78,0.6895,0.58,0.5503,0.9995,-0.41,489.8,1218.0,2.0
26.42,0.6416,0.769,0.635,0.9995,-0.013115,1223.0,662.5,3.0
13.52,0.2893,0.935,0.617,0.9995,-0.925,1141.0,371.8,4.0
19.86,0.7915,0.7734,0.791,0.999,-0.1885,337.8,372.5,5.0
34.25,0.8193,0.381,0.5713,0.9995,0.2898,414.0,1170.0,6.0
9.89,0.657,0.6074,0.8716,0.9995,-0.552,992.0,433.5,7.0
54.84,0.2413,0.6533,0.3418,0.999,0.8413,1534.0,247.0,8.0
0.732,0.01376,0.2008,0.8115,1.0,-0.534,1377.0,89.25,9.0
9.81,0.8022,0.596,0.9966,0.9995,0.1009,909.5,934.0,10.0
11.91,0.5474,0.3997,0.7207,0.9995,-0.331,861.0,737.0,11.0
17.23,0.6113,0.485,0.686,0.9995,-0.012024,695.5,930.5,12.0
12.15,0.5703,0.6416,0.8047,0.9995,-0.148,658.5,593.0,13.0
8.33,0.2935,0.623,0.856,0.9995,0.336,928.5,720.5,14.0
7.484,0.422,0.5327,0.805,0.9995,-0.448,855.0,693.5,15.0
12.07,0.4136,0.4636,0.6753,0.9995,-0.197,811.0,1125.0,1.0
8.98,0.4841,0.4614,0.8003,0.9995,-0.09235,1177.0,1205.0,2.0
-0.16,0.1093,0.3318,0.967,0.9995,-0.2495,1300.0,653.5,3.0
0.732,0.01917,0.426,0.8467,0.9995,-0.558,1267.0,1071.0,4.0
4.89,0.294,0.448,0.7866,0.9995,-0.4587,900.5,852.0,5.0
5.684,0.335,0.4526,0.805,0.9995,-0.2617,1128.0,1064.0,6.0
0.09924,0.10693,0.2301,0.811,0.9995,-0.9165,758.5,1210.0,7.0
16.28,0.536,0.6235,0.688,0.999,-0.284,1462.0,676.5,8.0
6.31,0.366,0.4187,0.7905,0.9995,-0.3057,1069.0,1189.0,9.0
8.25,0.3435,0.537,0.7314,0.9995,-0.4272,1173.0,905.0,10.0
3.066,0.2803,0.3584,0.814,0.9995,-0.607,601.0,1244.0,11.0
9.57,0.3813,0.588,0.828,1.0,0.2441,163.1,1701.0,12.0
4.547,0.2527,0.4492,0.765,0.9995,-0.4697,1096.0,983.0,13.0
3.932,0.2466,0.4211,0.787,0.9995,-0.3972,1097.0,1039.0,14.0
2.553,0.1876,0.4248,0.7847,0.9995,-0.4622,1120.0,912.0,15.0
6.594,0.2864,0.45,0.7593,0.9995,-0.02226,926.0,1023.0,1.0
7.42,0.3606,0.4248,0.751,0.9995,-0.2842,852.5,889.5,2.0
7.082,0.2583,0.506,0.7134,0.9995,-0.1786,766.5,1055.0,3.0
8.32,0.2983,0.6465,0.726,0.9995,-0.3267,660.0,650.0,4.0
6.51,0.1616,0.1403,0.7554,0.9995,0.3352,485.5,1625.0,5.0
11.04,0.2874,0.564,0.6294,0.9995,-0.2423,843.5,868.5,6.0
-0.1547,0.069,0.3547,0.986,0.9995,0.04968,1013.0,1266.0,7.0
5.695,0.263,0.4158,0.7095,0.9995,-0.577,455.0,1438.0,8.0
6.992,0.5254,0.351,0.87,0.999,0.01144,1280.0,1303.0,9.0
-0.00909,0.08246,0.734,0.869,0.9995,-0.6772,1302.0,395.2,10.0
4.42,0.2583,0.7725,0.854,0.9995,-0.3948,407.0,1895.0,11.0
8.74,0.2625,0.558,0.6724,0.9995,-0.1832,877.0,1133.0,12.0
3.787,0.1796,0.5044,0.733,0.9995,-0.4104,642.5,1253.0,13.0
-0.1542,0.09375,0.3264,0.9434,0.9995,-0.217,1201.0,1025.0,14.0
1.454,0.1254,0.4563,0.786,0.9995,-0.3015,867.0,1033.0,15.0
6.44,0.1355,0.66,0.6265,0.9995,0.04123,726.0,1389.0,1.0
9.6,0.0903,0.7676,0.567,0.9995,0.401,1234.0,576.0,2.0
9.35,0.5063,0.4177,0.77,0.9995,-0.3416,1216.0,1463.0,3.0
1.672,0.3118,0.2026,0.9263,1.0,-0.0961,1811.0,691.0,4.0
9.664,0.3965,0.813,0.7817,0.999,-0.8223,544.5,1607.0,5.0
0.732,0.013115,0.3787,0.992,1.0,-0.3906,1104.0,712.5,6.0
4.594,0.1874,0.534,0.723,0.9995,-0.3057,1001.0,900.5,7.0
4.812,0.3303,0.426,0.824,0.9995,-0.3215,1265.0,1144.0,8.0
4.05,0.8906,0.1506,0.9766,0.999,-0.3586,1378.0,811.0,9.0
-0.127,0.0815,0.4592,0.9004,0.9995,-0.1538,1464.0,591.0,10.0
4.895,0.2415,0.6196,0.8066,0.9995,-0.1368,1063.0,897.5,11.0
16.7,0.5386,0.914,0.8926,0.999,0.681,586.0,419.8,12.0
-0.257,0.2793,0.1863,0.998,1.0,-0.505,1745.0,704.0,13.0
1.946,0.244,0.3706,0.883,0.9995,-0.291,1322.0,930.5,14.0
3.002,0.5063,0.2695,0.95,0.9995,-0.2712,1274.0,757.5,15.0
18.25,0.3738,0.264,0.5977,1.0,0.4028,828.5,34.8,1.0
7.887,0.549,0.5923,0.8735,0.9995,-0.5586,594.5,1492.0,2.0
0.5566,0.315,0.188,0.8647,0.9995,-0.8857,72.2,1818.0,3.0
2.822,0.02689,0.312,0.9224,0.9995,0.3276,871.5,1684.0,4.0
0.732,0.01782,0.6226,0.8843,0.9995,-0.723,1288.0,209.4,5.0
6.305,0.536,0.4368,0.888,0.9995,-0.3013,1323.0,877.0,6.0
7.41,0.3416,0.1726,0.954,1.0,0.4634,1474.0,1923.0,7.0
0.363,0.05252,0.927,0.941,0.999,-0.986,734.0,1416.0,8.0
3.936,0.3025,0.4114,0.84,0.9995,-0.295,1079.0,1303.0,9.0
7.46,0.2622,0.3625,0.7407,1.0,0.12054,995.5,636.5,10.0
2.076,0.1191,0.6216,0.726,0.9995,-0.55,672.0,815.0,11.0
2.773,0.213,0.3638,0.9126,0.9995,0.1042,1207.0,1615.0,12.0
5.67,0.4365,0.515,0.869,0.9995,-0.48,905.5,1268.0,13.0
2.94,0.274,0.5264,0.877,0.9995,-0.4666,909.0,1254.0,14.0
0.711,0.03247,0.4749,0.874,0.9995,-0.74,491.2,1182.0,15.0
0.0642,0.09143,0.3494,0.851,0.9995,-0.754,1028.0,1140.0,1.0
10.43,0.4392,0.5117,0.8193,0.999,0.2457,707.5,541.0,2.0
16.55,0.2115,0.6895,0.5713,0.9995,0.425,219.9,1453.0,3.0
7.195,0.3887,0.571,0.8105,0.9995,-0.3496,844.0,1048.0,4.0
6.973,0.3684,0.491,0.7993,0.9995,-0.1644,842.0,775.5,5.0
8.74,0.4148,0.4934,0.834,0.9995,0.1711,1290.0,742.0,6.0
8.52,0.523,0.5347,0.831,0.9995,-0.4534,1210.0,1380.0,7.0
5.637,0.3215,0.4321,0.802,0.9995,-0.1599,1207.0,902.5,8.0
0.5415,0.033,0.1747,0.74,0.9995,-0.459,856.0,229.1,9.0
3.867,0.3074,0.3604,0.788,0.9995,-0.732,1242.0,651.0,10.0
5.656,0.3457,0.4941,0.8286,0.9995,-0.2098,701.0,854.0,11.0
3.668,0.258,0.454,0.8203,0.9995,-0.3608,744.5,821.5,12.0
0.6646,0.01909,0.4417,0.881,0.9995,-0.333,27.02,129.2,13.0
4.367,0.2654,0.4082,0.784,0.999,-0.37,853.0,757.0,14.0
5.348,0.2524,0.5493,0.753,0.999,-0.5044,783.0,1223.0,15.0
8.33,0.4905,0.2268,0.8833,0.9995,0.2815,457.2,1436.0,1.0
7.395,0.3682,0.389,0.7495,0.9995,-0.2625,414.0,856.5,2.0
10.88,0.389,0.5903,0.746,0.9995,0.0772,518.0,968.5,3.0
2.072,0.1627,0.5205,0.751,0.999,-0.92,1286.0,1724.0,4.0
5.477,0.3794,0.4546,0.82,0.9995,-0.5444,504.2,956.0,5.0
2.404,0.3845,0.325,0.9243,0.9995,-0.4294,363.5,1554.0,6.0
4.855,0.2258,0.2917,0.8105,0.9995,0.12244,924.5,929.0,7.0
6.566,0.3613,0.4653,0.7954,0.9995,-0.2495,622.5,995.5,8.0
8.25,0.4573,0.443,0.858,1.0,0.1475,279.0,53.75,9.0
5.336,0.3796,0.3489,0.8374,0.9995,-0.1053,438.2,544.0,10.0
44.75,0.265,0.294,0.3096,0.9995,-0.9683,740.5,1990.0,11.0
3.469,0.2935,0.666,0.87,1.0,-0.9585,1196.0,511.0,12.0
4.637,0.347,0.4338,0.8257,0.9995,-0.5337,1138.0,543.5,13.0
3.074,0.2507,0.282,0.8154,0.9995,-0.2205,832.5,932.5,14.0
0.0317,0.2087,0.1233,0.797,0.999,-0.7295,1133.0,1336.0,15.0
62.4,0.8564,0.436,0.4385,0.999,0.272,1325.0,381.8,1.0
8.06,0.3757,0.3074,0.972,0.999,0.4924,1601.0,1833.0,2.0
10.95,0.494,0.3093,0.698,0.9995,-0.2927,1547.0,712.5,3.0
6.086,0.188,0.323,0.71,0.9995,0.1029,1340.0,632.0,4.0
0.7383,0.03885,0.326,0.9204,0.9995,-0.678,1526.0,627.5,5.0
3.191,0.2869,0.3867,0.9224,0.999,0.0608,1482.0,1298.0,6.0
6.953,0.3696,0.401,0.763,0.9995,-0.3252,1432.0,715.5,7.0
4.82,0.2593,0.5586,0.8022,0.9995,-0.2798,1250.0,1419.0,8.0
8.81,0.2812,0.523,0.704,0.9995,0.01587,1355.0,714.5,9.0
4.59,0.2428,0.4792,0.7876,0.9995,-0.2057,1386.0,790.5,10.0
3.383,0.2289,0.3733,0.811,0.9995,-0.1772,1281.0,605.5,11.0
0.1256,0.1699,0.1962,0.9814,0.9995,-0.594,584.5,1485.0,12.0
0.431,0.1356,0.1931,0.998,0.9995,-0.611,1418.0,184.1,13.0
2.533,0.1602,0.274,0.714,1.0,-0.3855,1032.0,810.5,14.0
2.777,0.0824,0.9067,0.677,0.9995,-0.05167,913.5,1892.0,15.0
8.53,0.631,0.1844,0.789,1.0,-0.1588,827.5,118.5,1.0
7.09,0.12415,0.5273,0.6177,0.9995,0.1741,472.5,1393.0,2.0
0.456,0.1808,0.428,0.9395,0.9995,-0.351,1177.0,1914.0,3.0
5.016,0.1941,0.521,0.7295,0.9995,-0.1406,788.5,861.0,4.0
21.67,0.4504,0.4548,0.5513,0.9995,-0.095,1188.0,688.5,5.0
5.758,0.10986,0.689,0.536,0.9995,-0.6187,698.0,1481.0,6.0
9.71,0.466,0.5986,0.8003,0.9995,-0.1399,1102.0,1019.0,7.0
7.375,0.3164,0.4778,0.7495,0.9995,-0.1288,955.0,913.5,8.0
5.41,0.1865,0.4873,0.697,0.9995,-0.1425,657.0,1195.0,9.0
7.184,0.385,0.4004,0.765,0.9995,-0.3276,845.0,656.5,10.0
5.375,0.2764,0.4521,0.7534,0.9995,-0.4685,666.0,1398.0,11.0
0.09,0.05084,0.6636,0.8174,0.999,-0.666,1071.0,1531.0,12.0
6.8,0.1226,0.1143,0.876,0.9995,0.5103,1853.0,1559.0,13.0
3.227,0.12024,0.651,0.6587,0.9995,-0.561,807.0,1341.0,14.0
6.19,0.2444,0.522,0.7056,0.9995,-0.5,770.5,968.0,15.0
4.5,0.4683,0.4028,0.9604,0.9995,0.04675,1890.0,458.8,1.0
10.875,0.7744,0.4092,0.831,0.9995,-0.632,71.9,734.5,2.0
8.98,0.2703,0.665,0.7217,0.9995,0.05173,1123.0,739.5,3.0
8.414,0.502,0.4478,0.8057,0.9995,-0.3372,532.0,851.0,4.0
6.535,0.3206,0.6245,0.8,0.9995,-0.3013,796.5,874.5,5.0
0.248,0.0578,0.4292,0.9014,0.999,0.07526,1046.0,476.8,6.0
5.97,0.3782,0.421,0.817,0.9995,-0.248,873.5,846.5,7.0
0.76,0.1562,0.1703,0.8467,0.999,-0.11206,1558.0,760.0,8.0
21.45,0.9727,0.139,0.6265,0.9995,-0.2429,247.4,1572.0,9.0
6.254,0.3318,0.4453,0.814,0.9995,0.02313,550.0,1154.0,10.0
3.992,0.0927,0.5444,0.6865,0.9995,0.1335,1159.0,777.0,11.0
11.52,0.563,0.2605,0.7075,0.9995,-0.2089,709.0,1211.0,12.0
5.26,0.3628,0.3738,0.852,0.9995,0.005478,1128.0,842.5,13.0
4.145,0.2856,0.3901,0.827,0.9995,-0.1597,1042.0,742.5,14.0
2.707,0.121,0.2556,0.8667,0.999,0.1786,868.5,606.5,15.0
60.53,0.09827,0.748,0.2627,1.0,0.258,348.0,1051.0,1.0
7.375,0.3384,0.4836,0.7515,0.9995,-0.299,1029.0,975.0,2.0
7.957,0.3118,0.622,0.7554,0.9995,-0.1357,597.5,1140.0,3.0
7.344,0.3943,0.469,0.7803,0.9995,-0.386,819.5,1172.0,4.0
7.95,0.6855,0.3394,0.939,0.9995,0.1318,1322.0,1643.0,5.0
6.297,0.2603,0.4275,0.7056,0.9995,-0.389,633.5,935.0,6.0
0.0617,0.10443,0.5684,0.921,0.9995,-0.888,1500.0,625.5,7.0
4.99,0.4585,0.386,0.8916,0.9995,-0.2279,1147.0,1164.0,8.0
9.73,0.4878,0.3025,0.7197,0.9995,-0.3293,884.5,1064.0,9.0
11.23,0.2015,0.6133,0.5654,1.0,-0.0849,713.5,929.0,10.0
6.383,0.2332,0.5645,0.7134,0.9995,-0.2888,891.0,776.5,11.0
6.414,0.4067,0.3887,0.798,0.9995,-0.3757,1040.0,923.0,12.0
9.85,0.4558,0.317,0.6855,0.9995,-0.551,1224.0,738.0,13.0
4.344,0.3052,0.4768,0.8223,0.9995,-0.496,896.5,865.5,14.0
0.3948,0.198,0.4673,0.9473,0.9995,-0.6484,1163.0,361.8,15.0
8.13,0.3508,0.661,0.763,0.9995,-0.548,672.5,774.0,1.0
7.57,0.412,0.4807,0.7866,0.9995,-0.3948,646.0,1044.0,2.0
10000.0,0.204,0.4614,0.2023,0.9995,-0.527,470.2,156.5,3.0
47.25,0.8647,0.9023,0.5786,1.0,0.1157,1461.0,1836.0,4.0
0.1852,0.0507,0.1254,0.877,1.0,-0.1542,81.0,225.0,5.0
8.99,0.2644,0.5376,0.7983,0.9995,0.3428,794.5,586.5,6.0
14.1,0.76,0.2698,0.894,0.9995,0.516,912.5,1248.0,7.0
1.665,0.3376,0.2448,0.839,0.9995,-0.9644,515.0,1215.0,8.0
5.492,0.2964,0.492,0.7886,0.9995,-0.3157,982.5,1393.0,9.0
7.27,0.5107,0.325,0.871,0.9995,0.0811,786.0,1118.0,10.0
4.504,0.2954,0.5044,0.82,0.9995,-0.4294,626.5,928.0,11.0
0.582,0.0574,0.1534,0.964,0.9995,-0.2651,605.0,926.0,12.0
4.523,0.377,0.3508,0.873,0.9995,-0.06192,663.0,1047.0,13.0
3.633,0.2627,0.3389,0.7905,0.9995,-0.4146,897.0,812.5,14.0
-0.0572,0.1311,0.1194,0.9897,0.9995,-0.1669,187.4,448.2,15.0
9.68,0.578,0.7036,0.865,0.9995,-0.6763,1563.0,157.2,1.0
0.2174,0.118,0.2534,0.8926,0.999,-0.857,1342.0,541.0,2.0
7.414,0.535,0.4219,0.872,0.999,-0.01834,1269.0,543.5,3.0
7.945,0.366,0.4695,0.738,0.9995,-0.4368,1541.0,660.5,4.0
13.61,0.3992,0.592,0.674,0.9995,-0.00535,1173.0,805.5,5.0
8.65,0.3457,0.466,0.7188,0.999,-0.2477,135.9,946.0,6.0
0.4553,0.0373,0.5693,0.8496,0.9995,-0.612,1262.0,1356.0,7.0
0.4304,0.1515,0.218,0.991,0.999,-0.814,1190.0,521.5,8.0
4.266,0.2588,0.4917,0.829,0.9995,-0.09564,1083.0,750.5,9.0
3.438,0.2489,0.6167,0.8633,0.9995,-0.3179,1276.0,1082.0,10.0
4.523,0.2834,0.4358,0.799,0.999,-0.3716,713.0,835.0,11.0
0.732,0.0572,0.2075,0.911,0.999,-0.894,1534.0,375.2,12.0
0.564,0.0779,0.1807,0.9473,0.9995,-0.477,1858.0,828.0,13.0
1.155,0.05545,0.6943,0.813,0.9995,0.10925,1336.0,91.5,14.0
1.07,0.1702,0.5146,0.875,0.9995,-0.4988,1671.0,843.0,15.0
15.59,0.534,0.3267,0.602,0.9995,-0.605,866.0,1098.0,1.0
-0.02051,0.07654,0.544,0.9,1.0,-0.451,1450.0,1715.0,2.0
10.78,0.343,0.5244,0.6377,1.0,-0.7515,952.5,986.5,3.0
10.8,0.4912,0.9214,0.873,0.9995,-0.012764,1740.0,718.5,4.0
7.516,0.42,0.728,0.854,0.9995,-0.4653,1176.0,1354.0,5.0
-0.2444,0.05603,0.2025,0.797,0.9995,-0.0651,659.0,883.0,6.0
4.16,0.2827,0.661,0.887,0.9995,-0.10626,1088.0,875.5,7.0
15.555,0.09247,0.264,0.516,0.9995,0.759,1288.0,1325.0,8.0
10000.0,0.8296,0.7847,0.10297,0.9995,-0.2269,305.0,1995.0,9.0
14.69,0.08997,0.4849,0.5483,0.999,0.7837,300.2,1128.0,10.0
5.6,0.388,0.2751,0.7764,1.0,-0.4048,694.5,1063.0,11.0
8.35,0.4026,0.1543,0.648,0.9995,-0.393,1439.0,1812.0,12.0
6.69,0.35,0.68,0.8374,0.9995,-0.1931,1464.0,974.0,13.0
6.09,0.2861,0.518,0.747,0.9995,-0.52,1084.0,1082.0,14.0
10000.0,0.5894,0.433,0.03026,0.9995,-0.2054,1626.0,1532.0,15.0
10.625,0.3093,0.3735,0.6426,0.999,-0.02888,622.0,861.0,1.0
6.617,0.481,0.5,0.8984,0.9995,0.019,571.5,851.5,2.0
6.992,0.2634,0.55,0.7275,0.9995,-0.204,1076.0,714.5,3.0
10.73,0.1274,0.5913,0.9795,1.0,0.871,1898.0,110.44,4.0
6.484,0.604,0.506,0.933,0.9995,-0.2974,1171.0,1207.0,5.0
9.164,0.6914,0.579,0.916,0.9995,-0.2408,926.5,1017.0,6.0
9.32,0.4736,0.4768,0.7847,0.9995,-0.1359,880.0,953.0,7.0
7.07,0.3066,0.4285,0.7476,0.9995,-0.0815,837.0,805.5,8.0
7.477,0.2598,0.81,0.7495,0.9995,-0.329,1529.0,924.0,9.0
5.21,0.2805,0.6416,0.8203,0.9995,-0.296,1333.0,946.5,10.0
0.02388,0.06665,0.682,0.9565,0.9995,-0.3179,1008.5,814.5,11.0
4.29,0.2515,0.56,0.818,0.9995,-0.278,1065.0,866.5,12.0
4.37,0.2642,0.4878,0.8184,0.9995,-0.1952,914.0,888.5,13.0
7.04,0.0478,0.8677,0.9375,0.999,0.6367,678.5,918.5,14.0
3.006,0.1576,0.694,0.906,0.999,0.1501,871.0,976.0,15.0
11.67,0.59,0.499,0.868,0.999,0.2944,490.0,1164.0,1.0
9.836,0.2449,0.377,0.7095,0.9995,0.2888,494.5,452.2,2.0
3.21,0.4534,0.4722,0.9663,0.9995,-0.5654,1219.0,1763.0,3.0
7.11,0.11426,0.3025,0.8247,0.9995,0.497,1677.0,1214.0,4.0
9.78,0.2051,0.5264,0.948,0.9995,0.712,1106.0,361.2,5.0
7.91,0.3833,0.4756,0.849,0.9995,0.1903,848.5,1047.0,6.0
6.367,0.383,0.4758,0.906,0.9995,0.179,1069.0,1523.0,7.0
7.047,0.419,0.417,0.818,0.9995,-0.0662,1074.0,929.5,8.0
2.498,0.2546,0.5146,0.886,0.999,-0.4053,725.0,1828.0,9.0
1.473,0.2644,0.4846,0.944,0.9995,-0.4697,881.5,1411.0,10.0
4.277,0.2617,0.5024,0.9087,0.9995,0.143,983.0,830.5,11.0
0.777,0.1613,0.528,0.8657,0.9995,-0.7236,715.0,788.5,12.0
5.02,0.367,0.5107,0.8657,1.0,-0.2617,1802.0,1723.0,13.0
3.758,0.213,0.4138,0.7554,0.9995,-0.42,867.0,1110.0,14.0
10000.0,0.3584,0.415,0.1254,0.9995,-0.695,997.5,1971.0,15.0
6.598,0.2301,0.484,0.903,0.9995,0.3813,802.0,422.2,1.0
8.0,0.4297,0.552,0.81,0.9995,-0.2727,744.0,963.0,2.0
7.188,0.3984,0.609,0.8716,0.9995,0.0793,842.5,1057.0,3.0
10.23,0.5737,0.3335,0.76,0.9995,-0.264,496.5,733.0,4.0
13.9,0.3145,0.801,0.649,0.9995,0.01211,1228.0,1799.0,5.0
6.695,0.4653,0.4905,0.933,0.9995,0.1642,811.0,579.0,6.0
6.254,0.419,0.4324,0.8384,0.9995,-0.1777,723.0,667.5,7.0
0.3562,0.1516,0.2559,0.793,0.9995,-0.7085,53.44,1413.0,8.0
-0.022,0.1465,0.3577,0.915,0.9995,-0.7007,768.0,1080.0,9.0
9.23,0.5293,0.503,0.974,0.999,0.4314,1846.0,1498.0,10.0
-0.2666,0.0912,0.3318,0.9795,0.9995,0.00763,732.5,808.5,11.0
5.97,0.2583,0.6265,0.7803,0.9995,-0.1411,1018.0,1328.0,12.0
3.51,0.3416,0.4805,0.9263,0.9995,-0.0782,765.5,750.0,13.0
10.84,0.3647,0.5713,0.703,0.9995,-0.1344,1161.0,807.0,14.0
-0.1082,0.1076,0.3665,0.9165,0.9995,-0.3865,542.0,1032.0,15.0
8.46,0.3662,0.6235,0.877,0.9995,0.2842,813.5,782.0,1.0
2.057,0.10913,0.3743,0.8438,0.999,0.1123,1220.0,312.0,2.0
19.11,0.52,0.5337,0.6562,0.999,0.1918,1149.0,500.2,3.0
0.391,0.06647,0.1526,0.733,0.9995,-0.812,1777.0,1058.0,4.0
8.6,0.274,0.607,0.6914,0.9995,-0.2632,917.5,1320.0,5.0
5.21,0.1283,0.5547,0.726,0.999,0.174,1057.0,1399.0,6.0
6.223,0.2861,0.441,0.745,0.9995,-0.2769,1068.0,1241.0,7.0
6.31,0.3574,0.4822,0.8267,0.9995,-0.02402,1084.0,888.5,8.0
6.58,0.5264,0.4543,0.896,0.9995,-0.09595,1096.0,1083.0,9.0
5.49,0.3623,0.4197,0.827,0.9995,-0.2189,1193.0,900.5,10.0
0.132,0.06335,0.2534,0.7036,0.9995,-0.84,1868.0,1444.0,11.0
4.2,0.2947,0.2717,0.8174,0.9995,-0.05823,1159.0,1449.0,12.0
3.34,0.9,0.152,0.943,0.9995,-0.884,608.5,465.0,13.0
3.953,0.2695,0.4143,0.812,0.9995,-0.317,1353.0,982.0,14.0
5.14,0.2805,0.9883,0.9043,1.0,-0.1691,327.8,1079.0,15.0
0.11725,0.2042,0.4285,0.963,0.999,-0.8564,1737.0,1390.0,1.0
6.94,0.2642,0.319,0.803,0.9995,0.2284,918.5,1221.0,2.0
10.2,0.46,0.3716,0.699,0.9995,-0.504,1123.0,1170.0,3.0
6.465,0.3953,0.3533,0.768,0.999,-0.4934,829.0,984.0,4.0
1.978,0.2308,0.212,0.791,0.999,-0.4631,1774.0,1960.0,5.0
0.0523,0.1257,0.352,0.9194,0.9995,-0.1584,1475.0,1363.0,6.0
4.715,0.2986,0.458,0.8438,0.9995,-0.0228,1083.0,699.5,7.0
11.06,0.6396,0.6865,0.8687,0.999,-0.2703,1817.0,1465.0,8.0
2.719,0.2269,0.6826,0.8735,0.9995,-0.5444,1575.0,1883.0,9.0
3.031,0.2421,0.3447,0.8384,0.9995,-0.1334,1124.0,1228.0,10.0
10.73,0.01622,0.8276,0.509,0.999,0.855,838.0,1148.0,11.0
4.035,0.353,0.35,0.8276,0.999,-0.5405,1130.0,1182.0,12.0
7.164,0.1353,0.643,0.6826,0.999,0.2383,1083.0,1245.0,13.0
3.67,0.4382,0.3025,0.8765,0.9995,-0.524,1545.0,1569.0,14.0
4.26,0.2478,0.4883,0.785,0.9995,-0.4448,1198.0,1176.0,15.0
2.094,0.2688,0.1965,0.772,0.999,-0.7095,908.5,85.94,1.0
6.797,0.4946,0.493,0.8516,0.9995,-0.549,1087.0,758.0,2.0
8.734,0.6406,0.4048,0.858,0.9995,-0.1554,1090.0,612.5,3.0
8.36,0.5293,0.4207,0.8257,0.9995,-0.1844,698.0,1082.0,4.0
6.316,0.4985,0.422,0.865,0.9995,-0.3223,1010.5,971.5,5.0
5.766,0.1031,0.1824,0.5884,0.999,0.1791,850.5,1769.0,6.0
7.906,0.4023,0.6606,0.807,0.9995,-0.5796,756.5,805.5,7.0
5.5,0.3289,0.5186,0.8076,0.9995,-0.4556,973.0,1050.0,8.0
-0.1997,0.08344,0.3206,0.885,0.999,-0.2157,1089.0,1521.0,9.0
5.562,0.3687,0.417,0.8257,0.9995,-0.2394,841.0,1233.0,10.0
-0.0972,0.1393,0.34,0.9326,0.9995,-0.4568,1368.0,1180.0,11.0
4.785,0.5264,0.3862,0.892,0.999,-0.684,1123.0,1492.0,12.0
0.07947,0.03827,0.574,0.6978,0.999,-0.642,1551.0,1465.0,13.0
3.174,0.2976,0.4055,0.8594,0.9995,-0.392,1099.0,1122.0,14.0
-0.06177,0.0873,0.398,0.864,0.9995,-0.5137,1215.0,1317.0,15.0
8.5,0.2942,0.629,0.873,0.9995,0.3843,530.0,1443.0,1.0
15.625,0.4485,0.3755,0.6104,0.9995,-0.11646,1294.0,794.5,2.0
0.732,0.06323,0.1081,0.788,1.0,-0.915,879.0,779.5,3.0
8.09,0.2507,0.471,0.659,0.9995,-0.2415,1069.0,1160.0,4.0
6.87,0.3677,0.582,0.8,0.9995,-0.509,937.5,1370.0,5.0
6.613,0.2198,0.5156,0.8267,0.9995,0.269,1145.0,612.5,6.0
5.734,0.5625,0.2137,0.8604,1.0,-0.1865,1321.0,464.5,7.0
-0.00473,0.1007,0.2297,0.899,0.9995,-0.4417,646.0,101.2,8.0
3.504,0.3872,0.2998,0.863,0.9995,-0.4336,990.0,622.0,9.0
3.098,0.2322,0.518,0.868,0.9995,-0.07684,650.0,1088.0,10.0
5.395,0.499,0.2737,0.824,0.9995,-0.578,540.0,717.0,11.0
10000.0,0.4932,0.3564,0.1423,0.9995,-0.737,368.2,955.0,12.0
4.62,0.1228,0.5234,0.79,0.9995,0.2311,1219.0,1144.0,13.0
4.195,0.2476,0.592,0.8003,1.0,-0.586,1000.5,1080.0,14.0
3.705,0.2411,0.4946,0.8354,0.9995,-0.1366,859.0,783.0,15.0
4.07,0.3867,0.4314,0.8936,0.9995,-0.3035,1165.0,838.0,1.0
3.242,0.3464,0.448,0.9194,0.9995,-0.218,656.5,375.5,2.0
0.5566,0.0354,0.476,0.8594,0.9995,-0.611,692.0,826.0,3.0
1.192,0.1337,0.5737,0.822,0.9995,-0.4937,831.0,1341.0,4.0
5.414,0.3281,0.3455,0.7607,0.9995,-0.479,1046.0,794.5,5.0
2.74,0.2241,0.3972,0.815,0.9995,-0.4136,903.5,799.0,6.0
1.662,0.233,0.4321,0.9062,0.9995,-0.2974,733.5,835.5,7.0
2.469,0.2566,0.4187,0.8657,0.9995,-0.387,917.0,831.0,8.0
1.9,0.2493,0.4307,0.8936,0.9995,-0.4011,748.5,593.5,9.0
4.086,0.339,0.3916,0.859,0.9995,-0.2412,1020.5,681.5,10.0
0.732,0.02309,0.4294,0.8384,0.9995,-0.677,704.0,1064.0,11.0
0.521,0.04388,0.4058,0.908,0.9995,-0.5337,958.0,778.5,12.0
0.732,0.02806,0.208,0.8906,0.9995,-0.4927,717.0,561.0,13.0
2.389,0.3235,0.2817,0.8984,0.9995,-0.2229,1204.0,807.0,14.0
0.4136,0.1637,0.4062,0.899,0.9995,-0.4622,758.5,715.5,15.0
-0.1599,0.1823,0.2798,0.979,1.0,-0.3032,1121.0,592.5,1.0
4.76,0.306,0.4985,0.822,0.9995,-0.3657,864.5,936.0,2.0
2.729,0.2683,0.4534,0.888,0.9995,-0.2318,1016.0,835.0,3.0
4.0,0.2793,0.7188,0.913,0.9995,0.003077,997.0,1063.0,4.0
1.987,0.2106,0.5415,0.886,0.9995,-0.321,979.5,903.5,5.0
2.941,0.1913,0.474,0.7925,0.9995,-0.361,925.0,953.5,6.0
-0.11334,0.1388,0.2246,0.8823,0.9995,-0.3464,954.5,123.94,7.0
1.208,0.1682,0.4739,0.86,0.9995,-0.436,938.0,933.0,8.0
0.732,0.02142,0.1371,0.845,0.999,-0.4275,1102.0,1835.0,9.0
1.238,0.1865,0.3801,0.872,0.9995,-0.307,1046.0,902.5,10.0
0.523,0.06793,0.3228,0.947,0.9995,-0.657,971.5,1144.0,11.0
1.547,0.3145,0.3313,0.9233,0.9995,-0.478,846.0,792.5,12.0
0.51,0.04977,0.2732,0.8716,1.0,-0.5264,1003.5,905.0,13.0
0.5913,0.2058,0.305,0.8965,0.9995,-0.4468,947.0,912.5,14.0
1.196,0.1644,0.5576,0.8726,0.9995,-0.456,867.0,1165.0,15.0
0.574,0.0607,0.319,0.955,0.9995,-0.609,795.5,901.5,1.0
5.773,0.174,0.597,0.6377,0.9995,-0.5654,1463.0,1075.0,2.0
2.299,0.3645,0.346,0.904,0.9995,-0.6216,1112.0,1226.0,3.0
3.664,0.2244,0.467,0.776,0.9995,-0.523,1306.0,943.0,4.0
2.838,0.2472,0.3965,0.8247,0.9995,-0.4678,1033.0,1233.0,5.0
1.683,0.2041,0.3909,0.842,0.9995,-0.4949,1217.0,947.5,6.0
3.197,0.2148,0.3862,0.807,0.9995,-0.1946,1146.0,902.5,7.0
0.4146,0.1437,0.2708,0.9946,0.9995,-0.918,1377.0,974.0,8.0
2.068,0.348,0.3794,0.9434,0.9995,-0.4072,759.0,1003.0,9.0
-0.1351,0.1635,0.3074,0.969,0.9995,-0.4993,1122.0,1087.0,10.0
0.795,0.2725,0.3328,0.929,0.9995,-0.613,1199.0,1147.0,11.0
0.6006,0.11163,0.2042,0.984,0.9995,-0.745,642.5,912.0,12.0
0.4248,0.2415,0.3132,0.9717,0.9995,-0.305,1364.0,1480.0,13.0
0.1996,0.1406,0.2429,0.96,0.9995,-0.681,924.5,944.5,14.0
-0.002277,0.11035,0.3623,0.903,0.9995,-0.6245,779.5,1043.0,15.0
4.254,0.272,0.545,0.8203,0.9995,-0.4336,1130.0,977.0,1.0
2.768,0.2189,0.3604,0.8286,0.9995,-0.185,1102.0,1015.0,2.0
3.486,0.2625,0.397,0.8228,0.9995,-0.3174,822.0,457.5,3.0
5.297,0.269,0.4595,0.762,0.9995,-0.3643,1225.0,749.5,4.0
3.271,0.1633,0.3184,0.7173,0.9995,-0.2334,1047.0,740.5,5.0
0.279,0.0771,0.4304,0.9243,0.9995,-0.7056,1322.0,906.0,6.0
0.3916,0.02316,0.576,0.898,0.9995,-0.1815,1171.0,246.9,7.0
0.697,0.04605,0.2393,0.8037,0.9995,-0.853,1559.0,111.94,8.0
1.206,0.1493,0.4058,0.8325,0.9995,-0.315,1213.0,810.0,9.0
2.2,0.175,0.4084,0.783,0.9995,-0.4675,1271.0,658.5,10.0
1.778,0.1724,0.4526,0.8135,0.9995,-0.5024,1187.0,811.5,11.0
0.8047,0.1254,0.4155,0.802,0.9995,-0.473,1297.0,661.0,12.0
0.3755,0.1252,0.409,0.8306,0.9995,-0.548,1201.0,662.5,13.0
1.368,0.2147,0.3562,0.8623,0.9995,-0.4792,1308.0,437.8,14.0
3.863,0.363,0.4224,0.871,0.9995,-0.4429,1181.0,953.0,15.0
4.312,0.273,0.371,0.7817,0.9995,-0.381,1165.0,696.0,1.0
4.008,0.3247,0.3357,0.81,0.9995,-0.4907,755.0,773.0,2.0
2.938,0.1631,0.628,0.7686,0.9995,-0.512,1290.0,964.0,3.0
2.93,0.0534,0.884,0.4966,0.9995,-0.5347,55.3,1929.0,4.0
5.023,0.3733,0.499,0.866,0.9995,-0.262,1333.0,1149.0,5.0
3.693,0.2402,0.432,0.805,0.9995,-0.2998,1124.0,1056.0,6.0
2.158,0.1754,0.3452,0.7944,0.9995,-0.2927,1000.0,1101.0,7.0
2.176,0.1954,0.3132,0.7974,0.9995,-0.3699,1066.0,738.0,8.0
0.2399,0.04178,0.1175,0.7046,0.9995,-0.3257,235.5,1054.0,9.0
3.158,0.2312,0.3516,0.792,0.9995,-0.3853,693.0,828.5,10.0
3.475,0.3472,0.218,0.8145,0.9995,-0.4004,1173.0,554.5,11.0
1.757,0.1714,0.317,0.7954,0.9995,-0.3555,773.0,822.0,12.0
1.801,0.2251,0.2905,0.86,0.9995,-0.2357,933.5,708.0,13.0
2.006,0.2183,0.2252,0.7905,0.9995,-0.4224,1027.0,714.0,14.0
4.805,0.2793,0.4304,0.8174,0.9995,-0.038,972.0,1363.0,15.0
2.229,0.186,0.4695,0.814,0.9995,-0.452,1017.0,997.0,1.0
2.277,0.1868,0.484,0.875,0.9995,0.003918,887.0,603.5,2.0
-0.0711,0.157,0.355,0.948,0.9995,-0.506,1052.0,150.1,3.0
2.25,0.276,0.3948,0.873,0.9995,-0.518,1257.0,1114.0,4.0
0.642,0.02014,0.5503,0.9214,0.9995,-0.358,1327.0,332.0,5.0
4.926,0.3396,0.99,0.958,0.9995,-0.5835,1334.0,1198.0,6.0
0.6636,0.03017,0.711,0.8994,0.9995,-0.907,1347.0,570.5,7.0
1.082,0.2003,0.4287,0.891,0.9995,-0.4636,1179.0,852.0,8.0
2.668,0.2223,0.3477,0.8096,0.9995,-0.3655,1139.0,542.5,9.0
0.767,0.11865,0.3923,0.829,0.9995,-0.2167,805.0,797.0,10.0
1.144,0.1545,0.4565,0.847,0.9995,-0.3901,1080.0,557.5,11.0
2.207,0.2219,0.725,0.9136,0.9995,-0.4915,1140.0,957.5,12.0
0.673,0.01752,0.27,0.859,0.9995,-0.2235,783.0,468.0,13.0
0.3584,0.1236,0.6343,0.9346,0.9995,-0.2094,1225.0,739.0,14.0
0.0525,0.0908,0.608,0.955,0.9995,-0.633,1202.0,482.0,15.0
6.062,0.7485,0.377,0.9575,0.9995,-0.4905,869.0,1265.0,1.0
3.834,0.473,0.3845,0.924,0.9995,-0.4446,896.0,1087.0,2.0
-0.1027,0.01718,0.3809,0.3909,0.999,-0.3887,1728.0,674.0,3.0
0.4678,0.04608,0.6953,0.5537,0.9995,-0.7104,572.0,1158.0,4.0
2.488,0.195,0.4285,0.795,0.9995,-0.4946,1077.0,816.0,5.0
0.2158,0.04807,0.4548,0.8125,0.999,-0.589,744.5,1028.0,6.0
7.203,0.3645,0.355,0.739,0.9995,-0.3352,747.0,1105.0,7.0
2.902,0.3042,0.3787,0.868,0.9995,-0.4058,943.5,1014.0,8.0
1.244,0.2267,0.37,0.8877,0.9995,-0.474,702.5,1168.0,9.0
4.715,0.3044,0.4854,0.8354,0.9995,-0.194,794.5,891.0,10.0
0.732,0.012085,0.3738,0.9146,0.9995,-0.736,1216.0,533.0,11.0
0.4314,0.03412,0.283,0.8413,0.9995,-0.3264,1690.0,1136.0,12.0
3.691,0.2479,0.3584,0.781,0.9995,-0.4165,893.0,930.0,13.0
0.5166,0.1492,0.3857,0.858,0.9995,-0.492,913.5,1006.0,14.0
1.796,0.1609,0.3708,0.794,0.9995,-0.3508,946.5,932.0,15.0
2.154,0.1829,0.4153,0.8438,0.9995,-0.1375,547.0,800.5,1.0
3.652,0.2324,0.4924,0.8086,0.9995,-0.3425,853.5,765.0,2.0
1.689,0.1687,0.4587,0.8345,0.9995,-0.3516,945.0,826.5,3.0
0.74,0.02591,0.3838,0.9375,0.9995,-0.4858,980.0,1295.0,4.0
2.682,0.2305,0.528,0.861,0.9995,-0.3513,1333.0,988.5,5.0
0.7417,0.05222,0.1934,0.8975,0.9995,-0.6826,1426.0,965.0,6.0
0.732,0.03885,0.3352,0.925,0.999,-0.8813,1859.0,1206.0,7.0
0.2108,0.09125,0.5884,0.883,0.9995,-0.1536,680.0,1114.0,8.0
0.401,0.1439,0.4053,0.8794,0.9995,-0.4102,1041.0,971.0,9.0
0.602,0.1481,0.4355,0.8965,0.9995,-0.2515,1009.0,797.0,10.0
0.2372,0.07654,0.3699,0.8896,0.9995,-0.689,1521.0,1027.0,11.0
3.871,0.2218,0.306,0.7505,0.9995,-0.2676,1289.0,990.0,12.0
2.283,0.2365,0.4214,0.844,0.9995,-0.519,878.0,939.0,13.0
0.9834,0.1664,0.4329,0.857,0.9995,-0.4883,1009.5,1073.0,14.0
0.2098,0.05875,0.4102,0.905,0.9995,-0.4172,1388.0,974.0,15.0
4.152,0.304,0.372,0.853,0.9995,-0.0388,879.0,1397.0,1.0
0.2393,0.07324,0.605,0.965,0.999,-0.6714,1790.0,1167.0,2.0
0.6025,0.02852,0.476,0.9956,0.999,-0.3015,1748.0,1730.0,3.0
1.53,0.079,0.4622,0.631,0.9995,-0.3362,1145.0,1528.0,4.0
1.085,0.1466,0.4883,0.852,0.9995,-0.354,1169.0,1277.0,5.0
1.767,0.11646,0.7397,0.8105,0.999,-0.1901,1537.0,1134.0,6.0
0.7466,0.158,0.5996,0.9214,0.999,-0.3704,1618.0,1193.0,7.0
2.844,0.02098,0.488,0.7515,1.0,0.3105,1734.0,1460.0,8.0
0.228,0.1076,0.6943,0.9473,0.9995,-0.11304,1359.0,1543.0,9.0
0.0333,0.0591,0.508,0.816,0.9995,-0.04575,1514.0,1403.0,10.0
0.924,0.13,0.1566,0.98,1.0,0.1167,19.58,1169.0,11.0
0.2896,0.04636,0.4807,0.8853,0.9995,-0.4458,1382.0,1244.0,12.0
2.723,0.2251,0.4514,0.855,0.9995,-0.1849,853.5,1135.0,13.0
0.2703,0.12067,0.512,0.8945,0.9995,-0.3362,1324.0,1323.0,14.0
-0.1644,0.11365,0.3467,0.9507,0.9995,-0.11127,723.0,1234.0,15.0
4.984,0.339,0.2438,0.7666,0.9995,-0.328,1393.0,1608.0,1.0
2.43,0.2563,0.2878,0.8306,0.9995,-0.3774,1323.0,1340.0,2.0
-0.01912,0.1062,0.35,0.937,0.9995,-0.4646,1181.0,1215.0,3.0
2.732,0.2842,0.3308,0.845,0.9995,-0.4226,907.0,1107.0,4.0
0.8003,0.1497,0.2279,0.889,0.9995,0.0008435,1534.0,1312.0,5.0
3.111,0.321,0.2537,0.8066,0.9995,-0.5723,1339.0,1283.0,6.0
0.8975,0.1935,0.481,0.8955,0.9995,-0.6235,750.5,757.0,7.0
-0.08417,0.1146,0.4182,0.9707,0.9995,-0.4048,1149.0,1225.0,8.0
0.2544,0.06433,0.3572,0.9775,0.9995,-0.2969,1679.0,1592.0,9.0
4.53,0.1824,0.4402,0.6914,0.9995,-0.3718,1233.0,972.5,10.0
0.11835,0.144,0.401,0.906,0.9995,-0.4749,1003.0,851.5,11.0
0.8643,0.302,0.2893,0.9243,0.9995,-0.621,1558.0,1569.0,12.0
1.066,0.2203,0.2976,0.8687,0.9995,-0.4702,1352.0,1258.0,13.0
2.133,0.3,0.3628,0.9067,0.9995,-0.338,1215.0,1085.0,14.0
0.487,0.2097,0.3245,0.92,0.9995,-0.4358,1369.0,1341.0,15.0
5.527,0.1886,0.5635,0.7305,0.9995,0.0138,468.2,1249.0,1.0
3.807,0.2698,0.4177,0.8135,0.9995,-0.3713,1117.0,813.5,2.0
1.751,0.2094,0.4153,0.8604,0.9995,-0.3977,922.5,933.5,3.0
2.418,0.1683,0.4626,0.812,0.9995,-0.1816,627.0,1095.0,4.0
0.01292,0.12146,0.3054,0.964,0.9995,-0.4907,919.5,1215.0,5.0
2.982,0.261,0.4187,0.8564,0.9995,-0.2659,1092.0,1002.0,6.0
0.1863,0.08655,0.3147,0.9478,1.0,-0.4443,797.5,927.0,7.0
1.114,0.2009,0.422,0.8955,0.9995,-0.399,777.5,1345.0,8.0
1.362,0.2198,0.4055,0.919,0.9995,-0.2051,1179.0,1183.0,9.0
0.732,0.02122,0.579,0.887,0.999,-0.891,1300.0,174.6,10.0
1.855,0.1599,0.4968,0.821,0.9995,-0.343,826.0,973.0,11.0
0.4324,0.153,0.4143,0.889,0.9995,-0.4307,817.0,942.5,12.0
0.2126,0.0713,0.478,0.9004,0.9995,-0.6963,1047.0,602.5,13.0
0.396,0.1669,0.37,0.918,0.9995,-0.285,960.5,1034.0,14.0
0.6523,0.145,0.4219,0.8667,0.9995,-0.3743,812.5,937.5,15.0
5.215,0.4204,0.3186,0.844,0.9995,-0.2018,971.0,610.0,1.0
3.234,0.3062,0.368,0.8574,0.9995,-0.344,1165.0,819.0,2.0
-0.0861,0.3284,0.1395,0.9385,0.999,-0.944,407.5,1675.0,3.0
3.764,0.3752,0.3672,0.876,0.9995,-0.3438,1103.0,1268.0,4.0
0.732,0.0354,0.422,0.9507,0.9995,-0.7583,1251.0,957.5,5.0
2.074,0.2256,0.5527,0.875,0.9995,-0.5728,726.5,1497.0,6.0
0.732,0.02206,0.1515,0.7803,1.0,-0.743,1735.0,1771.0,7.0
0.732,0.04245,0.1647,0.925,0.9995,-0.7686,1610.0,492.0,8.0
1.317,0.2954,0.4094,0.941,0.9995,-0.6143,1204.0,1264.0,9.0
0.336,0.1951,0.364,0.9097,0.9995,-0.637,1230.0,1137.0,10.0
0.8413,0.1699,0.3699,0.846,0.9995,-0.5513,1226.0,1001.0,11.0
0.624,0.1799,0.3406,0.852,0.9995,-0.6567,855.5,1407.0,12.0
0.4023,0.08716,0.2625,0.9106,0.9995,-0.712,1338.0,728.5,13.0
0.2286,0.08734,0.38,0.921,0.9995,-0.703,1164.0,945.0,14.0
0.719,0.2268,0.2917,0.859,0.9995,-0.773,868.0,1090.0,15.0
0.559,0.0781,0.31,0.9546,0.9995,-0.7905,1325.0,739.0,1.0
3.48,0.1975,0.2913,0.654,1.0,-0.872,932.5,1677.0,2.0
2.643,0.2301,0.3506,0.807,0.9995,-0.46,1148.0,719.5,3.0
2.621,0.3308,0.3967,0.9272,0.9995,-0.2122,1551.0,628.5,4.0
1.435,0.1842,0.607,0.892,0.9995,-0.4631,1060.0,479.8,5.0
3.678,0.3164,0.3833,0.8594,0.9995,-0.251,1196.0,962.0,6.0
2.498,0.2769,0.4558,0.8984,0.9995,-0.3186,1493.0,1220.0,7.0
1.719,0.1906,0.321,0.782,0.9995,-0.6455,1129.0,1244.0,8.0
-0.01633,0.13,0.3032,0.9673,0.9995,-0.5024,1378.0,896.0,9.0
8.95,0.2634,0.538,0.6816,0.999,-0.003881,1042.0,837.5,10.0
0.6245,0.03087,0.52,0.995,0.999,-0.434,978.0,1069.0,11.0
3.305,0.1971,0.4614,0.7915,0.9995,-0.2462,1098.0,906.5,12.0
0.932,0.1923,0.4312,0.8994,0.9995,-0.4214,1267.0,1009.0,13.0
0.0929,0.139,0.4126,0.907,0.9995,-0.4705,1148.0,945.0,14.0
0.74,0.182,0.334,0.8555,0.9995,-0.559,1190.0,1063.0,15.0
-0.03223,0.0729,0.4236,0.784,0.999,-0.4019,326.8,1576.0,1.0
3.514,0.2196,0.712,0.85,0.9995,-0.2925,536.5,1140.0,2.0
0.371,0.08466,0.2603,0.947,0.999,-0.5225,294.5,873.5,3.0
3.398,0.2905,0.2756,0.8525,0.9995,-0.0635,1142.0,756.0,4.0
2.975,0.218,0.492,0.8213,0.9995,-0.397,719.0,1012.0,5.0
2.215,0.2043,0.2944,0.818,0.9995,-0.25,976.0,923.5,6.0
4.418,0.2233,0.4565,0.763,0.9995,-0.2683,773.5,1147.0,7.0
1.86,0.1735,0.5557,0.852,0.9995,-0.338,592.0,1131.0,8.0
1.85,0.1643,0.4424,0.8057,0.9995,-0.413,786.0,1022.0,9.0
0.00575,0.0585,0.572,0.9004,0.999,-0.3135,536.5,1430.0,10.0
0.2896,0.0447,0.2896,0.837,0.999,-0.3755,385.5,1119.0,11.0
0.1622,0.012695,0.1616,0.6523,1.0,-0.03607,618.0,313.2,12.0
0.1659,0.0722,0.546,0.818,0.9995,-0.1814,895.5,1329.0,13.0
2.473,0.2238,0.2249,0.7695,0.9995,-0.4255,685.5,1220.0,14.0
1.606,0.1803,0.3542,0.828,0.9995,-0.3538,671.0,1274.0,15.0
-0.2766,0.513,0.12006,0.992,0.999,-0.8677,1090.0,1114.0,1.0
4.324,0.2834,0.3987,0.7876,0.9995,-0.4744,1023.0,1090.0,2.0
3.508,0.2496,0.317,0.8486,0.9995,0.02596,1307.0,1082.0,3.0
0.9746,0.1675,0.4124,0.884,0.999,-0.26,1012.5,594.5,4.0
3.326,0.3057,0.4424,0.875,0.999,-0.3254,1043.0,1327.0,5.0
0.10614,0.01909,0.3027,0.5894,1.0,-0.2289,1136.0,1339.0,6.0
1.658,0.3079,0.514,0.946,0.999,-0.8687,583.5,172.0,7.0
0.141,0.10516,0.1853,0.7354,0.9995,-0.4402,884.5,386.8,8.0
2.094,0.2769,0.4177,0.9087,0.999,-0.3352,1145.0,369.5,9.0
3.934,0.3284,0.315,0.8267,0.9995,-0.3394,823.5,981.5,10.0
41.22,0.5605,0.7617,0.4812,1.0,-0.295,695.5,374.8,11.0
5.79,0.9175,0.2544,0.951,1.0,-0.7324,1778.0,333.2,12.0
5.254,0.248,0.4468,0.7563,0.9995,-0.2158,1044.0,814.0,13.0
-0.05408,0.08624,0.2284,0.798,0.9995,-0.6016,702.5,571.5,14.0
4.84,0.5444,0.3064,0.869,0.9995,-0.6694,1375.0,540.0,15.0
3.266,0.2118,0.4355,0.7856,0.9995,-0.4062,880.0,999.5,1.0
-0.01631,0.02681,0.86,0.5605,0.9995,-0.6777,974.0,1599.0,2.0
5.76,0.4438,0.494,0.875,0.9995,-0.3367,919.5,1082.0,3.0
-0.008865,0.0635,0.4727,0.861,0.999,-0.4224,561.5,1501.0,4.0
3.184,0.2369,0.615,0.8604,0.9995,-0.3535,926.5,1279.0,5.0
10.72,0.04376,0.531,0.6396,1.0,0.8125,1351.0,1048.0,6.0
2.719,0.2035,0.4658,0.811,0.999,-0.4155,739.0,1053.0,7.0
-0.1765,0.05823,0.532,0.885,0.9995,-0.04138,1207.0,952.5,8.0
0.2595,0.09,0.7417,0.798,0.9995,-0.877,1258.0,1748.0,9.0
0.649,0.1312,0.3623,0.835,0.9995,-0.3276,1200.0,1103.0,10.0
1.563,0.1498,0.523,0.8184,0.9995,-0.437,880.0,1186.0,11.0
1.562,0.1781,0.4478,0.848,0.9995,-0.3853,1136.0,1115.0,12.0
0.01619,0.06244,0.5557,0.832,0.9995,-0.6167,758.5,1569.0,13.0
0.7856,0.1241,0.5273,0.833,0.9995,-0.445,1038.0,1262.0,14.0
3.555,0.2717,0.5117,0.8447,0.9995,-0.421,926.0,1218.0,15.0
2.242,0.2622,0.6904,0.9434,1.0,-0.555,1527.0,734.0,1.0
2.066,0.1975,0.4492,0.841,0.9995,-0.379,1325.0,967.0,2.0
2.9,0.2067,0.4072,0.7935,0.9995,-0.3909,1077.0,1192.0,3.0
3.334,0.3403,0.4946,0.9395,0.9995,-0.0663,1541.0,1315.0,4.0
0.6084,0.07745,0.1558,0.9136,0.9995,-0.56,951.5,404.5,5.0
1.104,0.171,0.4036,0.8506,0.9995,-0.4539,1155.0,1069.0,6.0
1.548,0.2404,0.4302,0.92,0.9995,-0.2976,1419.0,1202.0,7.0
1.48,0.205,0.446,0.903,0.9995,-0.2245,1082.0,1369.0,8.0
2.541,0.2174,0.502,0.848,0.9995,-0.3672,1344.0,1063.0,9.0
1.183,0.2018,0.534,0.908,0.9995,-0.5337,1461.0,994.0,10.0
0.2795,0.0923,0.3015,0.9224,0.9995,-0.666,1050.0,1353.0,11.0
0.699,0.1742,0.3044,0.843,0.9995,-0.5293,1549.0,1544.0,12.0
0.5557,0.1808,0.3945,0.9077,0.9995,-0.4185,1322.0,1207.0,13.0
0.461,0.0714,0.3286,0.891,0.9995,-0.8296,1276.0,872.5,14.0
0.3887,0.0797,0.1456,0.9395,0.9995,-0.3142,1756.0,1405.0,15.0
5.574,0.437,0.3838,0.826,0.999,-0.5586,741.5,923.5,1.0
0.3975,0.01826,0.9976,0.8555,1.0,-0.272,421.5,1007.0,2.0
2.424,0.138,0.49,0.744,0.9995,-0.347,1104.0,759.5,3.0
0.05493,0.0949,0.5503,0.882,0.9995,-0.9473,1237.0,900.0,4.0
1.851,0.1768,0.4895,0.8467,0.9995,-0.3079,1144.0,1375.0,5.0
3.527,0.2551,0.4717,0.8145,0.9995,-0.506,921.5,802.5,6.0
0.932,0.10236,0.5176,0.773,0.9995,-0.406,1158.0,702.0,7.0
1.265,0.1434,0.4749,0.862,0.9995,-0.138,1203.0,1179.0,8.0
1.904,0.181,0.483,0.826,0.9995,-0.4885,979.5,932.0,9.0
-0.0877,0.0371,0.937,0.816,0.9995,-0.1528,663.0,665.0,10.0
0.2942,0.04944,0.553,0.816,0.9995,-0.7896,1049.0,768.0,11.0
0.3674,0.1141,0.4768,0.8086,0.9995,-0.6924,750.5,861.0,12.0
6.77,0.4604,0.54,0.845,0.999,-0.586,546.5,1267.0,13.0
1.516,0.1034,0.569,0.7812,0.9995,-0.1287,1033.0,1174.0,14.0
0.9907,0.1237,0.5605,0.82,0.9995,-0.461,1081.0,1001.0,15.0
0.6636,0.02765,0.771,0.85,1.0,-0.983,1579.0,1937.0,1.0
1.78,0.1345,0.4907,0.8027,0.9995,-0.1974,1175.0,1138.0,2.0
3.182,0.2595,0.4292,0.8403,0.9995,-0.3306,881.0,840.0,3.0
2.861,0.2458,0.4539,0.828,0.9995,-0.5605,1146.0,1090.0,4.0
1.406,0.0994,0.668,0.7646,0.9995,-0.3284,1022.5,1462.0,5.0
3.318,0.2057,0.4646,0.7935,0.9995,-0.3154,986.0,986.0,6.0
0.3967,0.0758,0.3813,0.912,1.0,-0.82,1158.0,1229.0,7.0
1.4795,0.1831,0.3997,0.846,0.9995,-0.3953,930.0,875.5,8.0
1.454,0.1785,0.4475,0.832,0.9995,-0.58,1140.0,1165.0,9.0
4.242,0.2637,0.6064,0.81,0.9995,-0.6777,782.5,1257.0,10.0
-0.173,0.04794,0.2751,0.9297,1.0,0.00236,566.5,348.8,11.0
49.84,0.4492,0.483,0.39,0.9995,-0.03143,1438.0,1548.0,12.0
0.3765,0.1307,0.4321,0.8535,0.9995,-0.5107,1075.0,1034.0,13.0
1.678,0.201,0.541,0.8613,0.9995,-0.661,1107.0,657.0,14.0
0.5483,0.1476,0.4695,0.865,0.9995,-0.587,1062.0,843.0,15.0
12.61,0.4285,0.593,0.6685,0.999,-0.815,745.0,812.5,1.0
6.043,0.954,0.1936,0.948,1.0,-0.4158,646.0,1291.0,2.0
2.72,0.2146,0.652,0.8677,0.9995,-0.3628,747.5,1139.0,3.0
0.732,0.0122,0.607,0.817,0.9995,-0.4285,244.0,1389.0,4.0
2.412,0.2356,0.3901,0.841,0.9995,-0.403,872.5,879.5,5.0
5.42,0.542,0.37,0.886,0.9995,-0.483,763.5,1157.0,6.0
4.207,0.4204,0.2925,0.9053,0.999,-0.01429,1642.0,947.5,7.0
2.547,0.2344,0.3955,0.857,0.9995,-0.2142,910.0,953.0,8.0
3.904,0.328,0.4312,0.848,0.9995,-0.4666,762.0,1095.0,9.0
2.69,0.2686,0.3972,0.8784,0.9995,-0.2194,1276.0,1047.0,10.0
1.716,0.1959,0.4329,0.8555,0.9995,-0.3787,1011.5,1044.0,11.0
5.56,0.293,0.6006,0.8076,0.9995,-0.3103,889.0,1061.0,12.0
1.598,0.1676,0.4678,0.837,0.9995,-0.3867,859.5,1006.0,13.0
0.732,0.01277,0.1251,0.563,0.9995,-0.673,1866.0,129.5,14.0
3.055,0.214,0.5054,0.8174,0.9995,-0.3845,985.0,967.5,15.0
0.4314,0.0719,0.10315,0.8184,0.999,-0.4824,1599.0,1117.0,1.0
0.09973,0.0787,0.368,0.879,0.9995,-0.567,1220.0,758.0,2.0
0.792,0.12256,0.3894,0.842,0.9995,-0.1733,1243.0,618.5,3.0
43.06,0.38,0.3235,0.3538,0.9995,-0.9604,108.6,1381.0,4.0
11.52,0.95,0.3687,0.852,0.9995,-0.9727,121.8,1104.0,5.0
0.12396,0.0756,0.3025,0.832,0.999,-0.65,1460.0,757.0,6.0
0.12317,0.10803,0.4116,0.8633,0.9995,-0.332,1177.0,841.5,7.0
0.2312,0.14,0.357,0.8184,0.9995,-0.843,1381.0,870.5,8.0
6.59,0.5137,0.3977,0.8247,0.9995,-0.7354,710.5,961.0,9.0
2.479,0.2053,0.5015,0.8105,0.9995,-0.648,1070.0,1049.0,10.0
3.74,0.3247,0.4011,0.832,0.9995,-0.597,988.0,943.0,11.0
-0.1517,0.10156,0.2382,0.824,0.9995,-0.495,1456.0,931.0,12.0
0.683,0.146,0.459,0.853,0.9995,-0.5337,1186.0,1001.0,13.0
-0.08276,0.08075,0.2795,0.8813,0.9995,-0.3413,1501.0,1159.0,14.0
10.33,0.03644,0.4563,0.3696,0.999,0.263,1851.0,277.5,15.0
0.8647,0.2255,0.3896,0.93,0.9995,-0.405,956.5,1111.0,1.0
0.3718,0.0626,0.283,0.9297,0.9995,-0.406,886.0,983.5,2.0
1.833,0.2102,0.3975,0.846,0.9995,-0.449,1127.0,1060.0,3.0
0.209,0.0691,0.4277,0.9443,0.9995,-0.435,1484.0,1442.0,4.0
0.4211,0.1799,0.4026,0.9165,0.9995,-0.472,934.5,1176.0,5.0
0.0679,0.1678,0.3313,0.924,0.9995,-0.4414,1163.0,1163.0,6.0
0.2764,0.06836,0.4077,0.9233,0.9995,-0.559,1331.0,1162.0,7.0
0.1904,0.1589,0.3743,0.9106,0.9995,-0.4407,1073.0,1119.0,8.0
1.013,0.1699,0.462,0.876,0.9995,-0.4124,1055.0,1164.0,9.0
0.711,0.04593,0.2522,0.8945,0.9995,-0.653,1156.0,927.5,10.0
0.0819,0.08545,0.3396,0.923,0.9995,-0.4424,974.5,1042.0,11.0
0.7046,0.2109,0.3733,0.9634,0.9995,-0.1359,669.5,884.0,12.0
-0.0507,0.09625,0.276,0.8267,0.9995,-0.6484,1441.0,1084.0,13.0
0.732,0.03696,0.2026,0.975,0.9995,-0.4072,740.5,465.5,14.0
0.3035,0.05682,0.2925,0.8574,0.9995,-0.496,1266.0,614.0,15.0
0.4966,0.1646,0.2479,0.8555,0.9995,-0.346,590.5,717.0,1.0
0.43,0.116,0.3767,0.827,0.9995,-0.3533,965.0,824.0,2.0
-0.03946,0.03574,0.6616,0.8047,0.999,0.0391,946.0,1208.0,3.0
1.433,0.1436,0.4333,0.8154,0.9995,-0.3008,823.0,991.0,4.0
0.2603,0.03656,0.2129,0.941,0.999,-0.0886,995.0,922.0,5.0
-0.0715,0.08026,0.3608,0.822,0.9995,-0.2798,948.0,836.5,6.0
0.1244,0.0405,0.4521,0.8774,0.9995,-0.2224,1099.0,550.5,7.0
-0.101,0.0662,0.3564,0.862,0.9995,-0.3074,866.5,924.0,8.0
0.32,0.0934,0.3872,0.809,0.9995,-0.258,912.0,879.5,9.0
0.12396,0.1043,0.2908,0.828,0.9995,-0.2693,760.5,804.5,10.0
0.3943,0.03717,0.3848,0.9023,0.9995,-0.2966,975.5,877.0,11.0
-0.11536,0.04602,0.2856,0.855,0.999,-0.1247,962.5,898.0,12.0
-0.06866,0.0777,0.3108,0.804,0.9995,-0.2377,832.5,867.0,13.0
0.0554,0.03812,0.4504,0.8438,0.9995,-0.2141,1092.0,546.0,14.0
0.0662,0.0604,0.4153,0.864,0.9995,-0.42,1199.0,888.0,15.0
0.692,0.10114,0.1476,0.918,0.9995,-0.833,1310.0,302.0,1.0
0.881,0.176,0.2905,0.8135,0.9995,-0.6094,1023.0,359.5,2.0
0.0982,0.11475,0.2664,0.904,0.9995,-0.6553,1178.0,505.2,3.0
0.5435,0.1005,0.426,0.7905,0.9995,-0.371,1323.0,659.5,4.0
0.613,0.2346,0.3691,0.949,0.9995,-0.441,1811.0,386.5,5.0
0.2007,0.11426,0.4136,0.8496,0.9995,-0.4292,1191.0,689.5,6.0
0.3914,0.1813,0.3748,0.9136,0.9995,-0.4556,1441.0,468.5,7.0
0.05524,0.07043,0.6055,0.9736,0.9995,-0.3232,1063.0,950.5,8.0
-0.007385,0.101,0.3508,0.9023,0.9995,-0.545,1053.0,994.0,9.0
0.1259,0.03244,0.385,0.8193,0.9995,-0.2068,1093.0,1149.0,10.0
1.6,0.146,0.432,0.7866,0.9995,-0.4446,1213.0,850.0,11.0
0.07776,0.0968,0.3245,0.881,0.9995,-0.6626,1396.0,826.0,12.0
0.374,0.03275,0.524,0.8755,0.9995,-0.3494,841.5,1148.0,13.0
0.549,0.1301,0.4336,0.8447,0.9995,-0.441,1161.0,777.5,14.0
0.2379,0.1884,0.3398,0.929,0.9995,-0.4377,1312.0,286.5,15.0
0.732,0.02629,0.3547,0.9077,0.9995,-0.5254,708.5,1770.0,1.0
0.732,0.0222,0.3772,0.8003,0.9995,-0.955,627.5,1838.0,2.0
0.099,0.0766,0.3801,0.891,0.9995,-0.5127,745.5,1344.0,3.0
0.5664,0.0881,0.444,0.7397,0.9995,-0.454,927.0,1309.0,4.0
0.135,0.0771,0.3384,0.8184,0.9995,-0.7925,757.0,1431.0,5.0
0.1321,0.1425,0.1901,0.905,0.9995,-0.694,573.5,994.5,6.0
0.26,0.1019,0.1982,0.904,0.9995,-0.574,643.5,941.5,7.0
0.1292,0.1404,0.365,0.8833,0.9995,-0.4885,854.5,1066.0,8.0
0.04727,0.09125,0.4526,0.857,0.9995,-0.2742,654.0,954.0,9.0
-0.181,0.1975,0.1958,0.9326,0.9995,-0.4204,608.0,916.5,10.0
0.2277,0.1348,0.367,0.8613,0.9995,-0.4854,879.5,1175.0,11.0
0.2913,0.1177,0.3525,0.8125,0.9995,-0.5073,806.0,1199.0,12.0
-0.02551,0.0765,0.576,0.825,0.9995,-0.7446,907.0,572.5,13.0
0.1265,0.1732,0.1895,0.9336,0.9995,-0.752,535.5,885.0,14.0
-0.05414,0.1372,0.2864,0.919,0.9995,-0.5967,802.5,1000.0,15.0
0.732,0.01936,0.3193,0.957,0.9995,-0.549,1441.0,1489.0,1.0
0.6953,0.0907,0.67,0.86,0.999,-0.01117,297.0,410.8,2.0
1.385,0.189,0.3762,0.863,0.9995,-0.3184,1117.0,1035.0,3.0
0.3486,0.04752,0.3767,0.8833,0.9995,-0.4373,1117.0,1233.0,4.0
0.4834,0.1383,0.3542,0.844,0.9995,-0.4238,1184.0,1174.0,5.0
0.12146,0.0872,0.5444,0.864,0.999,-0.2281,652.5,810.5,6.0
0.4355,0.1311,0.397,0.859,0.9995,-0.368,1031.0,1058.0,7.0
0.1632,0.069,0.413,0.884,0.9995,-0.5713,1049.0,1122.0,8.0
1.578,0.1621,0.461,0.8306,0.9995,-0.3718,968.0,1155.0,9.0
0.07684,0.0535,0.394,0.847,0.9995,-0.3833,1067.0,1110.0,10.0
2.492,0.1868,0.4526,0.8105,0.9995,-0.3306,916.5,966.5,11.0
0.3208,0.012344,0.3916,0.728,0.9995,-0.09296,967.0,968.5,12.0
0.0969,0.0958,0.398,0.832,0.9995,-0.3442,1001.5,1013.0,13.0
-0.0411,0.1306,0.4336,0.9517,0.999,-0.581,939.0,874.0,14.0
-0.0496,0.05383,0.2634,0.7563,0.9995,-0.4192,1117.0,1243.0,15.0
0.7407,0.1337,0.402,0.8447,0.9995,-0.3113,862.0,1078.0,1.0
0.732,0.03114,0.338,0.8955,0.9995,-0.6978,562.0,1748.0,2.0
2.236,0.1931,0.4753,0.858,0.9995,-0.1637,909.5,1155.0,3.0
0.3354,0.127,0.5063,0.8843,0.9995,-0.4255,1239.0,851.0,4.0
0.639,0.02524,0.455,0.98,0.9995,-0.3157,848.0,792.5,5.0
1.522,0.2029,0.4265,0.8804,0.9995,-0.3203,1058.0,929.5,6.0
0.5127,0.1436,0.4536,0.8916,0.9995,-0.3303,931.5,961.5,7.0
-0.1322,0.1504,0.2566,0.9204,0.9995,-0.3347,405.5,1594.0,8.0
0.1577,0.06055,0.4727,0.939,0.9995,-0.3323,841.5,897.5,9.0
0.2439,0.0677,0.384,0.9087,0.9995,-0.5303,694.0,1360.0,10.0
0.329,0.05038,0.329,0.9116,0.9995,-0.335,657.0,1413.0,11.0
-0.04874,0.1058,0.4336,0.8965,0.9995,-0.3838,963.5,1015.0,12.0
-0.0801,0.07733,0.3398,0.878,0.999,-0.3604,618.0,1096.0,13.0
-0.004116,0.0787,0.3467,0.912,0.9995,-0.3525,718.5,1282.0,14.0
-0.0814,0.0744,0.464,0.9316,0.9995,-0.2363,677.5,1109.0,15.0
0.6484,0.04047,0.572,0.9385,0.9995,-0.8643,1081.0,1110.0,1.0
3.086,0.248,0.11975,0.651,1.0,-0.674,1233.0,1034.0,2.0
1.461,0.1697,0.323,0.7656,0.9995,-0.685,1116.0,1119.0,3.0
0.2069,0.1299,0.479,0.885,0.9995,-0.5396,1046.0,1009.5,4.0
0.378,0.0511,0.683,0.897,0.9995,-0.8086,652.0,1459.0,5.0
0.4749,0.1593,0.5757,0.937,0.9995,-0.4714,1121.0,1196.0,6.0
0.1184,0.0866,0.4102,0.9165,0.9995,-0.599,1033.0,1191.0,7.0
0.1987,0.07635,0.511,0.915,0.9995,-0.7344,1103.0,1130.0,8.0
0.5464,0.1328,0.4023,0.8364,0.9995,-0.47,1062.0,907.0,9.0
0.1265,0.129,0.524,0.9097,0.9995,-0.565,1124.0,1159.0,10.0
0.0467,0.10455,0.4548,0.8555,0.9995,-0.5176,1067.0,989.0,11.0
0.09045,0.1186,0.4407,0.8774,0.9995,-0.486,1097.0,1070.0,12.0
0.0952,0.1761,0.345,0.9688,0.9995,-0.2257,1351.0,1495.0,13.0
0.005966,0.08777,0.4707,0.8975,0.9995,-0.57,1076.0,922.5,14.0
0.00976,0.0939,0.4788,0.9062,0.9995,-0.608,1149.0,1201.0,15.0
0.6436,0.1902,0.4377,0.896,0.9995,-0.662,724.0,448.5,1.0
2.068,0.209,0.424,0.8433,0.9995,-0.4084,833.0,782.5,2.0
0.47,0.1444,0.3813,0.8677,0.9995,-0.3984,824.0,709.0,3.0
0.2489,0.05573,0.4895,0.881,0.9995,-0.577,1056.0,454.2,4.0
0.424,0.0479,0.323,0.986,0.9995,-0.2438,484.8,313.0,5.0
0.8984,0.1603,0.382,0.861,0.9995,-0.3472,946.0,826.0,6.0
-0.02774,0.1287,0.385,0.905,0.9995,-0.508,754.5,462.5,7.0
0.1339,0.1095,0.3955,0.8604,0.9995,-0.3296,751.0,837.0,8.0
0.4329,0.03476,0.4666,0.905,0.9995,-0.3503,597.0,730.5,9.0
-0.1951,0.133,0.2961,0.9546,0.9995,-0.2612,777.0,320.5,10.0
-0.02563,0.0741,0.3623,0.7183,0.9995,-0.673,711.0,52.22,11.0
0.6006,0.138,0.4187,0.8545,0.9995,-0.4055,847.5,746.5,12.0
0.1138,0.0676,0.46,0.776,0.9995,-0.2397,715.5,1104.0,13.0
0.4292,0.0392,0.4348,0.8984,0.9995,-0.408,766.5,398.8,14.0
0.10657,0.0712,0.3386,0.9517,0.9995,-0.2793,624.5,458.5,15.0
0.732,0.0555,0.1473,0.848,0.9995,-0.7485,1197.0,433.2,1.0
0.2869,0.08325,0.2375,0.859,0.9995,-0.6895,1129.0,739.5,2.0
0.02702,0.0859,0.519,0.861,0.9995,-0.827,1303.0,1444.0,3.0
0.2389,0.078,0.2556,0.882,0.9995,-0.542,832.5,827.5,4.0
0.8647,0.2164,0.3018,0.8916,0.9995,-0.3938,1055.0,914.0,5.0
0.732,0.04626,0.1481,0.862,0.9995,-0.9478,1271.0,1379.0,6.0
0.4045,0.083,0.2308,0.863,0.9995,-0.778,1143.0,1175.0,7.0
0.3596,0.12115,0.1377,0.8545,0.999,-0.8105,1112.0,1134.0,8.0
0.0596,0.1088,0.2593,0.871,0.9995,-0.688,1057.0,1155.0,9.0
0.3457,0.1482,0.438,0.9043,1.0,-0.3865,831.5,1137.0,10.0
0.732,0.02739,0.3062,0.8755,0.9995,-0.7407,950.0,947.5,11.0
0.4944,0.2185,0.2433,0.8853,0.9995,-0.477,941.5,1178.0,12.0
0.02219,0.1349,0.3567,0.8906,0.9995,-0.4856,868.5,1144.0,13.0
0.117,0.0941,0.2206,0.841,0.9995,-0.6616,1182.0,1483.0,14.0
0.2012,0.1746,0.2695,0.8687,0.9995,-0.5693,1005.0,1180.0,15.0
0.229,0.0757,0.345,0.8516,0.9995,-0.775,960.5,899.5,1.0
0.7456,0.2,0.3374,0.908,0.9995,-0.3208,1591.0,896.0,2.0
0.7314,0.1769,0.4136,0.8823,0.9995,-0.504,1157.0,959.5,3.0
5.594,0.1932,0.577,0.806,0.9995,0.1766,247.5,577.5,4.0
0.0807,0.1558,0.371,0.9087,0.9995,-0.557,1418.0,926.0,5.0
2.973,0.1598,0.449,0.7563,0.9995,-0.2375,1212.0,1246.0,6.0
0.411,0.0886,0.3997,0.976,0.9995,-0.796,1545.0,1247.0,7.0
0.1954,0.0674,0.466,0.9146,0.9995,-0.544,1505.0,1359.0,8.0
0.905,0.1373,0.4116,0.821,0.9995,-0.426,1219.0,1106.0,9.0
0.1792,0.1296,0.5547,0.891,0.9995,-0.729,1311.0,649.5,10.0
0.573,0.05984,0.4382,0.9834,0.9995,-0.7427,1721.0,1166.0,11.0
0.12006,0.151,0.4534,0.9062,0.9995,-0.768,1021.5,1029.0,12.0
0.0719,0.1019,0.4233,0.924,0.9995,-0.676,1402.0,1133.0,13.0
0.07306,0.1265,0.3586,0.948,0.9995,-0.715,1382.0,1087.0,14.0
0.253,0.0637,0.5513,0.8994,0.9995,-0.719,1395.0,809.0,15.0
-0.04968,0.08514,0.3838,0.887,0.9995,-0.4492,599.5,613.5,1.0
0.8623,0.1306,0.3367,0.7915,0.9995,-0.4204,1022.0,903.5,2.0
1.668,0.2458,0.3794,0.876,0.9995,-0.5146,1122.0,963.5,3.0
0.589,0.1853,0.3584,0.884,0.9995,-0.528,1190.0,1001.0,4.0
3.012,0.2532,0.3684,0.822,0.9995,-0.3945,678.0,876.5,5.0
0.2041,0.0891,0.54,0.8564,0.9995,-0.217,1128.0,617.0,6.0
-0.09717,0.162,0.384,0.9937,0.9995,-0.5483,1019.0,972.0,7.0
0.1809,0.0783,0.3748,0.9165,0.9995,-0.5405,1095.0,1132.0,8.0
0.3467,0.0753,0.3506,0.9355,0.9995,-0.5986,1212.0,821.0,9.0
1.333,0.218,0.3503,0.8804,0.9995,-0.367,837.5,850.0,10.0
0.05295,0.1447,0.3896,0.9175,0.9995,-0.4492,1185.0,1010.5,11.0
0.6533,0.05786,0.321,0.9297,0.9995,-0.7686,1793.0,1228.0,12.0
0.0344,0.10864,0.3623,0.938,0.9995,-0.553,1158.0,835.0,13.0
0.06113,0.1372,0.3145,0.8516,0.9995,-0.6143,599.0,1227.0,14.0
0.0459,0.10754,0.4504,0.88,0.9995,-0.3813,1099.0,823.5,15.0
0.6895,0.03296,0.335,0.9614,0.9995,-0.416,1257.0,1115.0,1.0
0.6943,0.1472,0.4348,0.872,0.9995,-0.3542,1235.0,1084.0,2.0
0.0333,0.1267,0.3381,0.8726,0.9995,-0.4412,1117.0,1114.0,3.0
3.201,0.1992,0.5044,0.8145,0.9995,-0.1937,872.5,1182.0,4.0
0.3445,0.0554,0.34,0.917,0.9995,-0.4092,1144.0,1115.0,5.0
1.327,0.147,0.4568,0.8447,0.9995,-0.2295,982.0,1183.0,6.0
0.732,0.01256,0.2278,0.855,0.9995,-0.3132,1143.0,1161.0,7.0
0.07056,0.11945,0.4175,0.8823,0.9995,-0.4326,1133.0,1036.0,8.0
0.23,0.0466,0.322,0.8687,0.9995,-0.3188,1020.5,1082.0,9.0
0.03384,0.12213,0.31,0.946,0.999,-0.5684,1154.0,846.5,10.0
0.04956,0.10956,0.496,0.9097,0.9995,-0.2996,1139.0,950.5,11.0
-0.02472,0.0839,0.3643,0.884,0.9995,-0.468,1302.0,1128.0,12.0
0.0854,0.04785,0.3242,0.867,0.9995,-0.2474,902.5,827.5,13.0
0.04065,0.0727,0.3574,0.908,0.9995,-0.3594,1103.0,1144.0,14.0
0.11444,0.05743,0.417,0.8647,0.9995,-0.4255,896.5,1056.0,15.0
0.3076,0.1207,0.52,0.8643,0.9995,-0.537,1050.0,993.5,1.0
2.834,0.05127,0.5854,0.4792,1.0,-0.3987,477.0,1128.0,2.0
1.558,0.2299,0.4102,0.892,0.9995,-0.3933,1345.0,799.0,3.0
0.3606,0.05994,0.6733,0.935,0.9995,-0.8384,1654.0,1251.0,4.0
0.7583,0.1571,0.5303,0.887,0.9995,-0.4944,1322.0,1007.0,5.0
0.1957,0.11444,0.599,0.8926,0.9995,-0.5146,1412.0,1078.0,6.0
0.5312,0.06445,0.545,0.6587,0.9995,-0.488,879.0,978.0,7.0
0.1178,0.0675,0.5615,0.8647,0.9995,-0.7427,969.5,1335.0,8.0
0.06635,0.0732,0.621,0.8877,0.9995,-0.711,1424.0,1119.0,9.0
9.41,0.4404,0.7515,0.836,1.0,-0.04935,970.0,714.5,10.0
0.1777,0.0675,0.3604,0.8306,0.9995,-0.694,1403.0,530.0,11.0
-0.0254,0.0372,0.948,0.6597,0.999,-0.5684,866.5,1774.0,12.0
4.19,0.2034,0.665,0.781,0.9995,-0.403,1222.0,1107.0,13.0
0.0943,0.0635,0.7783,0.876,0.999,-0.787,951.0,1257.0,14.0
0.1733,0.09393,0.589,0.831,0.9995,-0.585,1050.0,1055.0,15.0
0.1317,0.04507,0.4875,0.805,1.0,-0.4875,42.88,432.5,1.0
0.4507,0.0738,0.3105,0.897,0.9995,-0.786,480.5,862.0,2.0
0.3274,0.215,0.3264,0.9375,0.9995,-0.4692,1159.0,986.5,3.0
0.08746,0.0969,0.3813,0.9004,0.9995,-0.694,960.5,799.5,4.0
2.252,0.2408,0.3843,0.8467,0.9995,-0.4539,856.5,1004.5,5.0
1.564,0.1816,0.4717,0.8496,0.9995,-0.454,979.0,976.0,6.0
0.08,0.08704,0.3862,0.876,0.9995,-0.6807,744.0,905.0,7.0
-0.05417,0.0792,0.3333,0.856,0.9995,-0.4614,1193.0,967.5,8.0
0.1206,0.1481,0.3503,0.887,0.9995,-0.5137,947.0,900.0,9.0
0.1259,0.0727,0.676,0.784,0.9995,-0.589,665.0,1039.0,10.0
0.968,0.1699,0.41,0.8516,0.9995,-0.526,875.5,948.5,11.0
8.73,0.316,0.2637,0.5815,0.999,-0.8457,1135.0,558.5,12.0
0.231,0.1256,0.392,0.8447,0.9995,-0.542,805.5,881.0,13.0
0.732,0.05096,0.2308,0.8833,0.9995,-0.9346,514.0,616.5,14.0
2.748,0.2043,0.3086,0.7246,0.9995,-0.73,974.5,687.0,15.0
0.732,0.01855,0.2028,0.8823,0.9995,-0.868,897.5,1080.0,1.0
0.3699,0.1467,0.3728,0.864,0.9995,-0.5005,1095.0,1000.0,2.0
3.0,0.1127,0.4846,0.7593,0.9995,0.078,1117.0,1089.0,3.0
0.652,0.10925,0.4392,0.8213,0.9995,-0.272,1044.0,1091.0,4.0
0.5225,0.06573,0.2861,0.894,0.9995,-0.7314,961.0,1103.0,5.0
0.00699,0.1019,0.318,0.9053,0.9995,-0.532,1364.0,948.0,6.0
0.1487,0.10394,0.2747,0.9062,0.9995,-0.6284,902.5,1161.0,7.0
0.03806,0.09064,0.3972,0.8857,0.9995,-0.623,1316.0,1319.0,8.0
0.01826,0.10046,0.4617,0.9106,0.9995,-0.6562,990.5,1292.0,9.0
0.03644,0.11035,0.4585,0.863,0.9995,-0.611,931.5,1072.0,10.0
0.1316,0.0866,0.3762,0.9023,0.9995,-0.6294,1039.0,1186.0,11.0
0.471,0.1031,0.3438,0.995,0.9995,-0.873,1184.0,1326.0,12.0
0.4268,0.06866,0.3442,0.8726,0.9995,-0.837,1396.0,1392.0,13.0
0.08966,0.11554,0.573,0.9165,0.9995,-0.4663,880.5,1303.0,14.0
0.2888,0.1137,0.2656,0.7524,0.9995,-0.593,1423.0,1174.0,15.0
5.77,0.3481,0.4976,0.8047,0.9995,-0.4802,844.0,1034.0,1.0
0.593,0.05444,0.3723,0.882,0.9995,-0.858,1362.0,492.8,2.0
0.06158,0.133,0.341,0.9165,0.9995,-0.2084,852.0,772.5,3.0
0.02707,0.10815,0.351,0.8926,0.9995,-0.6772,935.5,1001.5,4.0
0.1835,0.06934,0.411,0.8613,0.9995,-0.687,1240.0,734.5,5.0
-0.05518,0.1566,0.3284,0.927,0.9995,-0.647,956.5,598.5,6.0
-0.06305,0.11993,0.3264,0.923,0.9995,-0.507,670.5,875.0,7.0
1.361,0.11383,0.2932,0.691,0.9995,-0.4553,965.5,1262.0,8.0
0.5806,0.1354,0.3044,0.807,0.9995,-0.4556,936.5,1057.0,9.0
0.3433,0.02202,0.2537,0.6104,0.9995,-0.3562,1626.0,1114.0,10.0
0.2079,0.07214,0.478,0.6934,0.999,-0.682,1372.0,1834.0,11.0
0.2566,0.0788,0.3704,0.732,0.999,-0.4062,1408.0,621.5,12.0
0.05948,0.0961,0.412,0.8037,0.9995,-0.596,1174.0,1356.0,13.0
0.2512,0.09235,0.3171,0.756,0.9995,-0.426,1278.0,990.0,14.0
0.0606,0.1302,0.3364,0.865,0.9995,-0.4973,975.0,960.0,15.0
1.658,0.1876,0.5586,0.906,0.9995,-0.1448,1015.0,1055.0,1.0
0.4583,0.1377,0.486,0.9053,0.9995,-0.2668,1017.0,1049.0,2.0
10.21,0.326,0.5586,0.674,0.9995,-0.3523,883.5,584.0,3.0
3.883,0.2277,0.4912,0.7876,0.9995,-0.3955,978.0,872.5,4.0
1.531,0.1516,0.4446,0.819,0.9995,-0.3362,987.5,863.5,5.0
0.38,0.0742,0.2798,0.913,0.999,-0.5806,778.0,1220.0,6.0
0.1957,0.1036,0.4253,0.863,0.9995,-0.241,1071.0,997.0,7.0
-0.05936,0.1704,0.1039,0.915,0.9995,-0.3914,1899.0,197.4,8.0
0.3484,0.1,0.1849,0.9087,0.9995,-0.583,1496.0,938.0,9.0
0.648,0.02843,0.1733,0.9272,0.9995,-0.1868,1371.0,476.5,10.0
0.1813,0.08765,0.3193,0.923,0.9995,-0.5312,1079.0,838.0,11.0
0.1486,0.1366,0.3733,0.902,0.9995,-0.3186,1196.0,1286.0,12.0
0.06058,0.0965,0.2937,0.9097,0.9995,-0.507,1083.0,996.0,13.0
0.01747,0.0744,0.17,0.888,0.9995,-0.2461,1077.0,986.0,14.0
-0.2622,0.06003,0.3047,0.9214,0.9995,0.0069,1102.0,1161.0,15.0
0.97,0.1311,0.4495,0.8213,0.9995,-0.3796,866.0,1083.0,1.0
1.25,0.1597,0.3682,0.818,0.9995,-0.4277,1180.0,705.5,2.0
0.4202,0.05515,0.622,0.646,0.9995,-0.4507,543.5,1604.0,3.0
0.4534,0.09564,0.434,0.7812,0.9995,-0.4155,958.5,1171.0,4.0
0.2815,0.04565,0.2805,0.8096,0.999,-0.4373,1079.0,1516.0,5.0
2.797,0.2103,0.4075,0.81,0.9995,-0.335,1023.5,884.5,6.0
1.795,0.1447,0.426,0.7734,0.9995,-0.416,1040.0,1003.5,7.0
0.1842,0.0952,0.359,0.8296,0.9995,-0.228,864.5,1022.5,8.0
0.34,0.1128,0.318,0.8477,0.9995,-0.1819,1219.0,1205.0,9.0
-0.0383,0.06384,0.3005,0.8467,0.9995,-0.349,834.0,1100.0,10.0
-0.1477,0.05972,0.3096,0.762,0.9995,-0.4019,1251.0,935.5,11.0
0.2144,0.02312,0.401,0.7734,0.9995,-0.1852,1156.0,1219.0,12.0
0.1576,0.0869,0.3647,0.798,0.9995,-0.296,1189.0,1140.0,13.0
0.5903,0.1171,0.3733,0.806,0.9995,-0.39,1072.0,906.5,14.0
0.1605,0.07086,0.1334,0.8057,0.9995,-0.417,1618.0,353.0,15.0
2.008,0.1818,0.4912,0.816,0.9995,-0.55,1141.0,988.0,1.0
0.3848,0.06223,0.3704,0.908,0.999,-0.602,1221.0,1217.0,2.0
0.3118,0.0845,0.2798,0.878,0.9995,-0.7505,1358.0,614.0,3.0
0.632,0.11084,0.5156,0.8096,0.9995,-0.495,1091.0,1135.0,4.0
0.05667,0.08545,0.3928,0.861,0.9995,-0.6987,1301.0,939.5,5.0
0.5454,0.04565,0.294,0.8174,0.999,-0.6865,1282.0,975.0,6.0
0.9575,0.1522,0.334,0.812,0.9995,-0.4636,1142.0,864.0,7.0
0.1599,0.0835,0.3318,0.843,0.999,-0.804,1368.0,828.5,8.0
1.76,0.3032,0.324,0.9077,0.9995,-0.4116,1291.0,837.5,9.0
0.3472,0.1559,0.3638,0.874,0.9995,-0.5186,1123.0,914.0,10.0
0.04736,0.08044,0.3926,0.8716,0.999,-0.576,1277.0,1069.0,11.0
0.0572,0.06445,0.5044,0.8696,0.999,-0.5195,1448.0,1040.0,12.0
0.871,0.1914,0.3591,0.871,0.9995,-0.503,1260.0,873.0,13.0
0.128,0.1398,0.3315,0.844,0.999,-0.6743,1420.0,589.5,14.0
0.02606,0.125,0.3618,0.8647,0.9995,-0.5586,1166.0,849.0,15.0
-0.06207,0.1387,0.3108,0.906,0.9995,-0.604,1017.0,1047.0,1.0
-0.003283,0.233,0.2615,0.9375,0.9995,-0.692,1013.0,699.5,2.0
-0.09467,0.1272,0.2986,0.8926,0.9995,-0.5312,1176.0,724.5,3.0
-0.0529,0.283,0.1205,0.9785,0.9995,-0.6084,988.0,789.5,4.0
0.4219,0.1615,0.3528,0.87,0.9995,-0.516,1077.0,892.5,5.0
1.046,0.2063,0.3613,0.8916,0.9995,-0.3704,971.5,1029.0,6.0
-0.1428,0.2737,0.1725,0.9526,0.999,-0.7744,825.0,1593.0,7.0
0.0923,0.1952,0.2957,0.918,0.9995,-0.577,984.5,928.0,8.0
-0.077,0.1611,0.2817,0.912,0.9995,-0.561,1159.0,945.5,9.0
10.56,0.695,0.2096,0.761,1.0,-0.2115,1593.0,1438.0,10.0
-0.02907,0.2175,0.2073,0.9185,0.9995,-0.486,1002.0,1364.0,11.0
-0.0685,0.1757,0.2467,0.9146,0.9995,-0.721,1007.5,1027.0,12.0
4.36,0.4558,0.2524,0.8457,0.9995,-0.4485,1353.0,1224.0,13.0
-0.1937,0.2489,0.1852,0.95,0.9995,-0.609,998.0,943.5,14.0
0.43,0.2379,0.10864,0.9404,0.9995,-0.871,1013.0,1061.0,15.0
0.02692,0.0777,0.422,0.883,0.9995,-0.5107,1127.0,1182.0,1.0
-0.1025,0.0806,0.4385,0.895,1.0,-0.08704,329.0,1663.0,2.0
0.0819,0.09344,0.3667,0.9185,0.9995,-0.5464,355.2,1618.0,3.0
0.0689,0.095,0.3872,0.84,0.9995,-0.299,1211.0,565.0,4.0
0.1036,0.11053,0.4055,0.8574,0.9995,-0.4087,874.5,957.0,5.0
-0.1697,0.05585,0.406,0.855,0.9995,-0.1816,1133.0,1203.0,6.0
-0.0978,0.09326,0.3853,0.869,0.9995,-0.326,1027.0,910.5,7.0
-0.03445,0.0827,0.324,0.8696,0.9995,-0.4634,836.0,902.5,8.0
-0.0677,0.0959,0.2461,0.903,0.9995,-0.3657,722.5,1074.0,9.0
0.00406,0.10065,0.1825,0.856,0.9995,-0.0722,394.2,661.0,10.0
0.004135,0.0919,0.2174,0.8457,0.9995,-0.08203,460.0,421.2,11.0
-0.0704,0.09625,0.3271,0.876,0.9995,-0.504,877.5,1079.0,12.0
-0.1858,0.0965,0.2522,0.865,0.9995,-0.2157,584.0,810.0,13.0
-0.1534,0.0783,0.1853,0.8525,0.9995,-0.265,523.5,824.0,14.0
-0.01569,0.08386,0.403,0.85,0.9995,-0.607,469.2,1061.0,15.0
0.1659,0.1155,0.1254,0.832,1.0,-0.0756,432.8,1004.5,1.0
-0.1345,0.1067,0.257,0.8657,0.9995,-0.2576,755.5,988.0,2.0
-0.06696,0.10114,0.4568,0.9263,0.9995,-0.1743,669.0,1228.0,3.0
0.01762,0.0939,0.3567,0.924,0.9995,-0.4563,864.5,927.0,4.0
0.666,0.1453,0.349,0.815,0.9995,-0.5635,974.0,842.5,5.0
0.2463,0.0872,0.3618,0.965,0.9995,-0.532,1098.0,1065.0,6.0
-0.0731,0.11694,0.3767,0.9033,0.9995,-0.423,1107.0,1014.5,7.0
0.007805,0.1107,0.3667,0.872,0.9995,-0.3447,1135.0,1136.0,8.0
0.0815,0.0793,0.6123,0.81,0.9995,-0.57,1330.0,1259.0,9.0
0.0003557,0.0921,0.3984,0.9155,0.9995,-0.4822,1058.0,1069.0,10.0
0.2087,0.06097,0.4666,0.9307,0.9995,-0.4204,1028.0,1066.0,11.0
-0.1254,0.10474,0.1655,0.979,1.0,-0.1307,579.5,701.0,12.0
-0.244,0.155,0.2495,0.972,1.0,-0.2383,579.0,1213.0,13.0
-0.0979,0.1151,0.3274,0.9443,0.9995,-0.3943,884.0,1096.0,14.0
-0.07794,0.0935,0.3447,0.8965,0.9995,-0.4272,1083.0,1070.0,15.0
-0.0537,0.0629,0.5093,0.8657,0.9995,-0.3633,1157.0,808.0,1.0
0.226,0.04083,0.3447,0.849,0.9995,-0.3037,1156.0,766.0,2.0
-0.176,0.06006,0.3115,0.7583,0.9995,-0.3552,734.0,949.0,3.0
-0.2505,0.0556,0.1891,0.7393,0.9995,-0.1744,1024.0,469.8,4.0
0.9863,0.0869,0.5815,0.7197,0.9995,-0.4824,977.5,1121.0,5.0
-0.04337,0.0778,0.526,0.8545,0.9995,-0.5205,1304.0,969.0,6.0
-0.128,0.05838,0.3398,0.823,0.9995,-0.3008,1202.0,691.5,7.0
0.518,0.02783,0.2468,0.8433,0.9995,-0.2688,1172.0,443.5,8.0
5.84,0.2156,0.791,0.753,0.9995,-0.3533,128.1,1985.0,9.0
-0.03415,0.05878,0.607,0.814,0.9995,-0.5576,990.0,1084.0,10.0
0.02814,0.0427,0.3474,0.7974,0.9995,-0.3047,1093.0,668.5,11.0
-0.04193,0.0307,0.2944,0.631,0.9995,-0.3103,1231.0,513.0,12.0
2.623,0.1421,0.5537,0.756,0.9995,-0.3245,671.0,1288.0,13.0
-0.03952,0.0713,0.3655,0.782,0.9995,-0.2874,1204.0,882.5,14.0
0.975,0.0992,0.4565,0.7603,0.9995,-0.3213,852.0,1051.0,15.0
-0.1649,0.0948,0.2292,0.832,0.9995,-0.4355,1022.0,977.5,1.0
0.9043,0.1509,0.3792,0.8506,0.9995,-0.3206,1089.0,1012.0,2.0
10000.0,0.546,0.9775,0.1702,0.999,0.3396,671.0,32.72,3.0
9.586,0.1824,0.7017,0.568,0.999,-0.3662,537.0,759.0,4.0
3.156,0.1652,0.513,0.752,0.9995,-0.3613,794.5,883.5,5.0
-0.2439,0.0443,0.392,0.844,0.9995,-0.02794,1423.0,645.0,6.0
-0.01386,0.0966,0.2612,0.905,0.9995,-0.4248,1328.0,984.0,7.0
0.1904,0.0876,0.3152,0.9277,0.9995,-0.5166,1455.0,1058.0,8.0
-0.0635,0.1003,0.2976,0.908,0.9995,-0.419,1348.0,993.0,9.0
0.2228,0.1438,0.326,0.889,0.9995,-0.3088,1134.0,975.0,10.0
0.0435,0.05118,0.1383,0.8794,0.9995,-0.1103,1050.0,449.2,11.0
-0.1102,0.1305,0.3208,0.931,0.9995,-0.2445,1181.0,1181.0,12.0
0.965,0.1343,0.3943,0.8193,0.9995,-0.3396,1031.0,894.0,13.0
0.04333,0.1686,0.1744,0.882,0.9995,-0.2754,1677.0,1121.0,14.0
-0.1213,0.1293,0.2307,0.8867,0.9995,-0.2725,1369.0,1008.5,15.0
0.05774,0.0918,0.2285,0.9077,0.9995,-0.4028,715.0,628.5,1.0
-0.01186,0.09106,0.357,0.896,0.9995,-0.493,877.0,1114.0,2.0
-0.002249,0.09564,0.3245,0.8643,0.9995,-0.6196,1133.0,820.0,3.0
0.0749,0.0923,0.4954,0.8325,0.9995,-0.4917,846.0,943.5,4.0
0.0486,0.11017,0.227,0.927,0.9995,-0.4465,787.0,1066.0,5.0
-0.0815,0.1051,0.344,0.864,0.9995,-0.4053,917.5,911.5,6.0
0.0565,0.1261,0.1476,0.938,0.9995,-0.3613,1167.0,826.5,7.0
1.273,0.174,0.365,0.831,0.9995,-0.4526,875.5,921.0,8.0
-0.01227,0.08765,0.4736,0.831,0.9995,-0.5283,534.0,1022.0,9.0
-0.093,0.09845,0.2705,0.8906,0.9995,-0.4146,750.0,757.0,10.0
-0.0686,0.1113,0.2708,0.907,0.9995,-0.4607,819.0,950.5,11.0
-0.0889,0.11743,0.33,0.899,0.9995,-0.3079,1197.0,1080.0,12.0
-0.08575,0.10675,0.3396,0.8945,0.9995,-0.4897,865.5,958.0,13.0
-0.2478,0.1353,0.1349,0.8794,0.9995,-0.2825,917.0,219.1,14.0
-0.1571,0.0764,0.1797,0.8457,0.9995,-0.03745,1007.5,462.5,15.0
-0.1716,0.0807,0.3816,0.8916,0.9995,-0.2207,1122.0,730.5,1.0
-0.000179,0.1378,0.3452,0.89,0.9995,-0.535,1057.0,1071.0,2.0
-0.03973,0.091,0.4922,0.9004,0.9995,-0.4985,1072.0,730.5,3.0
0.4143,0.1488,0.375,0.9023,0.9995,-0.2354,771.5,874.0,4.0
-0.157,0.08356,0.2502,0.8296,0.9995,-0.4045,1279.0,633.0,5.0
0.005848,0.06213,0.3796,0.875,0.9995,-0.34,1003.0,903.5,6.0
1.602,0.1631,0.4285,0.837,0.9995,-0.2688,964.5,781.5,7.0
0.1256,0.1459,0.349,0.875,0.999,-0.5737,860.5,429.8,8.0
0.0588,0.0594,0.4255,0.7783,0.999,-0.1003,756.0,1162.0,9.0
0.02882,0.1153,0.3638,0.8574,0.9995,-0.4656,934.0,695.5,10.0
-0.04465,0.08746,0.395,0.8794,0.9995,-0.5005,1198.0,1008.0,11.0
-0.05322,0.1058,0.3628,0.8633,0.9995,-0.4167,944.5,1020.5,12.0
-0.123,0.07355,0.375,0.858,0.9995,-0.349,1002.5,908.0,13.0
0.2196,0.1142,0.3838,0.866,0.9995,-0.2644,835.5,924.0,14.0
0.648,0.1195,0.4014,0.831,0.9995,-0.286,934.5,783.0,15.0
-0.0477,0.04694,0.683,0.8164,0.9995,-0.37,765.0,1025.0,1.0
-0.0815,0.03842,0.3296,0.674,0.9995,-0.3699,1389.0,1026.0,2.0
-0.00539,0.06088,0.4663,0.837,0.9995,-0.457,1065.0,707.0,3.0
0.002022,0.04822,0.2751,0.6865,0.9995,-0.534,1555.0,594.5,4.0
0.04147,0.10095,0.4631,0.855,0.9995,-0.4834,1152.0,1076.0,5.0
-0.09204,0.0776,0.3938,0.8164,0.9995,-0.5083,937.5,1116.0,6.0
-0.03287,0.03903,0.455,0.7515,0.9995,-0.3323,961.0,883.0,7.0
-0.1531,0.03717,0.1835,0.5205,0.9995,-0.437,1259.0,1172.0,8.0
-0.125,0.05322,0.2644,0.606,0.9995,-0.5903,1210.0,859.0,9.0
-0.1362,0.04907,0.4023,0.719,0.9995,-0.3782,1069.0,961.0,10.0
-0.08966,0.0812,0.4238,0.853,0.9995,-0.2744,728.0,1611.0,11.0
2.69,0.1898,0.3745,0.763,0.9995,-0.4822,1080.0,1049.0,12.0
-0.0854,0.05273,0.5015,0.74,0.9995,-0.4185,982.0,998.5,13.0
-0.10913,0.02272,0.304,0.51,0.999,-0.3943,1048.0,938.5,14.0
38.84,0.804,0.2024,0.455,1.0,-0.747,1638.0,993.5,15.0
-0.08386,0.1611,0.2559,0.9,0.9995,-0.613,855.5,459.5,1.0
0.3645,0.07623,0.2646,0.935,0.9995,-0.4844,846.0,614.5,2.0
-0.02966,0.105,0.3325,0.8306,0.9995,-0.4897,1133.0,907.5,3.0
0.06033,0.0972,0.285,0.9097,0.9995,-0.503,918.5,705.0,4.0
0.0918,0.0987,0.3013,0.8906,0.9995,-0.626,1150.0,716.5,5.0
-0.1298,0.1043,0.4038,0.951,0.9995,-0.0653,1226.0,322.2,6.0
-0.00527,0.1036,0.4307,0.888,0.9995,-0.677,1114.0,764.5,7.0
-0.07135,0.10516,0.3103,0.8853,0.9995,-0.52,1056.0,669.5,8.0
-0.0883,0.1044,0.302,0.895,0.9995,-0.4583,939.5,663.5,9.0
-0.02805,0.1234,0.346,0.9297,0.9995,-0.5806,1230.0,853.5,10.0
-0.1034,0.03348,0.4993,0.823,0.9995,-0.0938,1461.0,446.5,11.0
-0.01672,0.08905,0.3735,0.9136,0.9995,-0.4287,1242.0,1028.0,12.0
-0.10004,0.0736,0.3257,0.8345,0.9995,-0.1227,754.0,207.5,13.0
-0.12476,0.0929,0.3633,0.8965,0.9995,-0.3538,1126.0,770.5,14.0
-0.09216,0.0732,0.3723,0.825,0.9995,-0.1993,657.5,412.2,15.0
-0.02156,0.0778,0.416,0.8696,0.9995,-0.493,1264.0,1065.0,1.0
1.756,0.2058,0.3694,0.8115,0.9995,-0.6733,1163.0,829.0,2.0
0.1478,0.175,0.349,0.9326,0.9995,-0.4114,1279.0,1214.0,3.0
0.12054,0.1359,0.4106,0.8955,0.9995,-0.4746,1197.0,1172.0,4.0
0.3,0.0771,0.3074,0.8765,0.9995,-0.711,824.5,889.0,5.0
-0.0535,0.0866,0.4045,0.8643,0.9995,-0.5264,1166.0,943.5,6.0
0.03754,0.06635,0.4207,0.9404,0.9995,-0.2546,859.5,1482.0,7.0
0.0158,0.0874,0.3923,0.866,0.9995,-0.6216,965.5,1023.0,8.0
0.003016,0.082,0.499,0.87,0.9995,-0.647,1244.0,988.0,9.0
-0.01918,0.0634,0.4775,0.789,0.9995,-0.623,971.5,1032.0,10.0
-0.0675,0.1107,0.216,0.7876,0.999,-0.778,1407.0,1388.0,11.0
-0.0622,0.0873,0.3923,0.902,0.9995,-0.4092,1003.5,1277.0,12.0
-0.2141,0.1372,0.1387,0.8633,0.999,-0.2764,973.5,791.0,13.0
-0.03247,0.0918,0.4482,0.8423,0.9995,-0.616,1196.0,1084.0,14.0
-0.1655,0.168,0.1573,0.8696,0.9995,-0.537,1020.5,1141.0,15.0
-0.0488,0.0693,0.2659,0.7964,0.9995,-0.4958,1706.0,807.5,1.0
0.0864,0.07086,0.3892,0.859,0.9995,-0.558,1312.0,1192.0,2.0
2.213,0.3147,0.3643,0.8745,0.9995,-0.7036,1030.0,1048.0,3.0
-0.173,0.05286,0.3364,0.7256,0.9995,-0.3286,1149.0,1021.0,4.0
-0.03537,0.1426,0.2651,0.85,0.9995,-0.679,1118.0,1045.0,5.0
-0.009026,0.0814,0.3733,0.9165,0.9995,-0.3718,1422.0,1279.0,6.0
-0.06635,0.096,0.335,0.861,0.9995,-0.5547,1264.0,814.0,7.0
0.971,0.2104,0.3481,0.8677,0.9995,-0.5996,1125.0,1024.0,8.0
-0.10236,0.0903,0.3645,0.8833,0.9995,-0.4136,1245.0,1041.0,9.0
0.0698,0.0625,0.3691,0.857,0.9995,-0.4382,1413.0,890.5,10.0
0.337,0.1504,0.359,0.865,0.9995,-0.521,1125.0,954.0,11.0
-0.0689,0.0754,0.3596,0.8496,0.9995,-0.447,1323.0,922.5,12.0
-0.006298,0.0829,0.537,0.882,0.9995,-0.1929,1548.0,1279.0,13.0
-0.0628,0.0837,0.436,0.849,0.9995,-0.3203,1409.0,1051.0,14.0
-0.0754,0.0983,0.366,0.87,0.9995,-0.5303,1073.0,940.5,15.0
48.0,0.6665,0.8213,0.5117,1.0,0.36,1730.0,1476.0,1.0
34.94,0.919,0.897,0.6934,0.9995,-0.00774,195.6,62.6,2.0
0.07245,0.0651,0.389,0.8735,0.9995,-0.432,876.5,657.5,3.0
-0.003323,0.0877,0.446,0.8193,0.9995,-0.509,994.5,989.0,4.0
-0.04538,0.079,0.3882,0.7866,0.9995,-0.4656,1240.0,786.0,5.0
12.72,0.503,0.637,0.747,0.9995,-0.2522,624.5,456.0,6.0
5.918,0.2944,0.503,0.7744,0.9995,-0.304,761.5,643.0,7.0
0.01965,0.1514,0.2808,0.858,0.9995,-0.68,634.5,394.0,8.0
-0.001638,0.1041,0.4226,0.897,0.9995,-0.6445,1372.0,1304.0,9.0
-0.03876,0.07007,0.4482,0.761,0.9995,-0.565,1233.0,1139.0,10.0
0.002083,0.11035,0.334,0.828,0.9995,-0.5474,798.0,595.5,11.0
-0.0859,0.0864,0.3464,0.824,0.9995,-0.56,1119.0,935.5,12.0
-0.10626,0.0804,0.3691,0.8267,0.9995,-0.478,945.5,769.5,13.0
-0.1094,0.08466,0.3157,0.8823,0.9995,-0.36,729.0,633.0,14.0
1.601,0.1365,0.489,0.791,0.9995,-0.3896,1060.0,965.0,15.0
0.004272,0.0821,0.6104,0.8413,0.9995,-0.5894,1112.0,1368.0,1.0
-0.0564,0.07544,0.4714,0.843,0.9995,-0.5083,827.0,1048.0,2.0
-0.0299,0.0755,0.3801,0.9375,0.9995,-0.2554,1055.0,841.0,3.0
0.4163,0.1454,0.4314,0.8813,0.9995,-0.4539,1082.0,934.5,4.0
-0.06235,0.07623,0.5034,0.8745,0.9995,-0.434,1186.0,1040.0,5.0
-0.04593,0.0947,0.447,0.8774,0.9995,-0.5596,845.0,971.5,6.0
0.2668,0.0462,0.529,0.913,0.9995,-0.3816,771.0,1013.0,7.0
-0.0393,0.10675,0.5146,0.9927,0.9995,-0.4136,1151.0,884.0,8.0
-0.03108,0.0793,0.651,0.963,0.9995,-0.297,807.5,738.5,9.0
-0.0585,0.0832,0.5864,0.928,0.9995,-0.3315,858.0,859.0,10.0
0.1218,0.0956,0.4324,0.9546,0.9995,-0.594,1039.0,1125.0,11.0
-0.00836,0.0869,0.448,0.9033,0.9995,-0.5,987.5,1094.0,12.0
-0.02335,0.0751,0.5283,0.9087,0.9995,-0.3992,870.5,1007.0,13.0
18.22,0.7393,0.56,0.736,0.9995,-0.0539,113.1,1359.0,14.0
-0.175,0.094,0.4734,0.9785,0.9995,-0.0827,623.5,528.0,15.0
0.4358,0.0578,0.1707,0.815,0.999,-0.543,925.0,1186.0,1.0
-0.01451,0.09595,0.2524,0.8506,0.999,-0.58,1006.0,1106.0,2.0
-0.03665,0.12384,0.2964,0.868,0.999,-0.722,1156.0,812.5,3.0
-0.06964,0.0873,0.4062,0.8374,0.9995,-0.5483,502.0,769.5,4.0
0.03812,0.1448,0.3472,0.8867,0.9995,-0.592,1161.0,995.5,5.0
-0.02272,0.11725,0.2986,0.8467,0.999,-0.78,830.5,1266.0,6.0
0.0898,0.121,0.4204,0.873,0.9995,-0.505,1079.0,1196.0,7.0
0.03656,0.2253,0.134,0.8755,0.999,-0.9243,941.5,936.5,8.0
2.451,0.243,0.379,0.8403,0.9995,-0.422,1072.0,1093.0,9.0
-0.04715,0.1514,0.2213,0.901,0.999,-0.6543,662.5,950.5,10.0
-0.0722,0.1044,0.3687,0.8677,0.999,-0.544,705.0,1258.0,11.0
10000.0,0.7983,0.311,0.01898,0.9995,-0.2544,935.0,979.5,12.0
0.02975,0.0658,0.4055,0.8516,0.9995,-0.4739,679.0,1138.0,13.0
0.732,0.04385,0.2164,0.902,0.999,-0.8457,637.0,1007.5,14.0
10000.0,0.4202,0.5405,0.2432,0.9995,0.282,212.6,81.8,15.0
0.227,0.2122,0.4062,0.9746,0.9995,-0.5303,1397.0,845.0,1.0
0.1095,0.168,0.2318,0.858,0.9995,-0.536,1036.0,961.5,2.0
0.3906,0.03123,0.9277,0.592,1.0,-0.0794,912.0,1558.0,3.0
-0.0787,0.10156,0.2678,0.807,0.9995,-0.688,1520.0,1190.0,4.0
0.02715,0.1342,0.425,0.9033,0.9995,-0.6226,1242.0,781.0,5.0
0.02972,0.1427,0.3582,0.9014,0.9995,-0.497,1056.0,985.5,6.0
-0.002502,0.1641,0.3015,0.8994,0.9995,-0.6133,1343.0,954.5,7.0
0.02768,0.178,0.3704,0.952,0.9995,-0.5254,1311.0,828.5,8.0
0.3823,0.15,0.3262,0.832,0.9995,-0.631,1199.0,1045.0,9.0
-0.0631,0.1315,0.319,0.928,0.9995,-0.553,1215.0,853.5,10.0
-0.1462,0.1469,0.2014,0.925,1.0,-0.4336,1305.0,961.0,11.0
-0.0698,0.1501,0.2515,0.926,0.9995,-0.5903,1617.0,814.5,12.0
-0.0671,0.1216,0.267,0.8896,0.9995,-0.5703,1210.0,1152.0,13.0
-0.0744,0.1462,0.301,0.907,0.9995,-0.556,1284.0,975.0,14.0
-0.00582,0.1802,0.3242,0.9653,1.0,-0.3196,1544.0,583.5,15.0
-0.0511,0.103,0.515,0.9346,0.9995,-0.2659,1255.0,1251.0,1.0
0.1858,0.04642,0.1693,0.9263,0.999,-0.10706,409.8,305.2,2.0
-0.1577,0.1879,0.1543,0.8906,0.9995,-0.4004,882.0,681.5,3.0
3.064,0.2438,0.4731,0.8706,0.9995,-0.0905,615.5,1323.0,4.0
-0.1637,0.0709,0.4993,0.9116,0.9995,-0.09955,1679.0,902.5,5.0
-0.039,0.1578,0.3806,0.9443,0.9995,-0.6094,1397.0,1136.0,6.0
-0.02756,0.0947,0.3691,0.9214,0.9995,-0.429,1182.0,1082.0,7.0
0.3289,0.1482,0.405,0.894,0.9995,-0.4033,993.0,941.5,8.0
-0.0651,0.11475,0.3655,0.9297,0.9995,-0.4785,1149.0,848.0,9.0
-0.03006,0.1296,0.3623,0.908,0.9995,-0.3948,958.0,838.0,10.0
1.028,0.1815,0.3984,0.897,0.9995,-0.2312,885.0,1162.0,11.0
0.04858,0.1621,0.255,0.8647,0.9995,-0.5864,1116.0,657.0,12.0
-0.1034,0.1034,0.3667,0.9233,0.9995,-0.3677,1225.0,1059.0,13.0
0.496,0.0566,0.3113,0.9585,0.999,-0.426,1487.0,760.5,14.0
-0.1414,0.0838,0.3462,0.8955,0.9995,-0.2925,1025.0,876.5,15.0
0.04056,0.0727,0.495,0.7744,0.9995,-0.4795,872.5,1084.0,1.0
0.02527,0.08374,0.403,0.899,0.9995,-0.5005,1029.0,1011.0,2.0
-0.0516,0.0942,0.421,0.865,0.9995,-0.354,822.5,973.0,3.0
-0.01376,0.075,0.5034,0.8677,0.9995,-0.5405,951.5,1201.0,4.0
-0.02899,0.08374,0.395,0.891,0.9995,-0.4575,988.5,965.0,5.0
0.302,0.1236,0.4275,0.867,0.9995,-0.3792,947.0,1120.0,6.0
-0.1472,0.059,0.5684,0.875,0.9995,-0.08734,740.5,1167.0,7.0
0.03885,0.1245,0.6187,0.9946,0.9995,-0.2357,666.0,657.0,8.0
0.00759,0.09894,0.4438,0.8735,0.9995,-0.3303,928.5,1119.0,9.0
-0.0633,0.0983,0.547,0.941,0.9995,-0.2607,800.0,877.5,10.0
3.85,0.987,0.1936,0.9937,0.9995,-0.905,1024.0,461.2,11.0
-0.1163,0.05508,0.5225,0.913,0.9995,-0.1193,836.0,974.0,12.0
-0.00801,0.0866,0.5747,0.8926,0.9995,-0.2627,1048.0,809.0,13.0
-0.071,0.07935,0.5625,0.9136,0.9995,-0.08875,802.0,1033.0,14.0
-0.0725,0.0766,0.488,0.842,0.9995,-0.3748,876.5,1069.0,15.0
-0.1743,0.08875,0.234,0.843,0.9995,-0.1864,851.5,1486.0,1.0
-0.2336,0.05847,0.2808,0.7964,0.9995,-0.1879,1193.0,1291.0,2.0
0.2084,0.1032,0.2937,0.872,0.999,-0.0536,814.5,1322.0,3.0
0.02942,0.08905,0.274,0.859,0.9995,-0.562,1052.0,913.0,4.0
-0.1191,0.0958,0.3076,0.8657,0.9995,-0.2289,876.0,1254.0,5.0
0.0781,0.08704,0.2327,0.803,0.9995,-0.1527,1155.0,1523.0,6.0
0.0513,0.0699,0.3042,0.8374,0.999,-0.5063,1095.0,1062.0,7.0
7.043,0.2433,0.322,0.604,0.9995,-0.663,516.5,1281.0,8.0
2.348,0.168,0.3066,0.7256,0.9995,-0.5205,796.0,1197.0,9.0
-0.1565,0.0847,0.266,0.826,0.9995,-0.25,1088.0,1367.0,10.0
-0.08496,0.08606,0.339,0.863,0.9995,-0.4585,1152.0,1268.0,11.0
0.5864,0.03052,0.2874,0.9663,0.9995,-0.2072,1143.0,1267.0,12.0
-0.04092,0.11536,0.3535,0.878,0.9995,-0.4106,984.5,1027.0,13.0
-0.02477,0.08765,0.3264,0.8477,0.9995,-0.164,926.0,1478.0,14.0
0.1115,0.05853,0.2927,0.903,0.9995,-0.2644,1091.0,1270.0,15.0
0.8687,0.2152,0.2686,0.9077,0.9995,-0.2174,589.5,1167.0,1.0
0.03134,0.0623,0.502,0.963,0.9995,-0.2052,283.2,943.5,2.0
-0.031,0.0862,0.408,0.887,0.9995,-0.4944,901.5,1165.0,3.0
-0.07355,0.06616,0.345,0.8447,0.9995,-0.3699,899.5,1081.0,4.0
0.3533,0.1461,0.3433,0.8853,0.9995,-0.3005,760.5,1147.0,5.0
0.07166,0.11035,0.365,0.864,0.9995,-0.3203,771.0,1114.0,6.0
0.3252,0.0379,0.3398,0.85,0.999,-0.3223,646.5,1335.0,7.0
-0.0224,0.09015,0.3027,0.792,0.9995,-0.4053,867.0,786.5,8.0
-0.0892,0.08844,0.4023,0.864,0.9995,-0.2947,816.0,1096.0,9.0
0.07623,0.0994,0.492,0.872,0.9995,-0.348,843.5,1009.5,10.0
-0.0947,0.0735,0.3677,0.8706,0.9995,-0.3481,936.5,1090.0,11.0
-0.0764,0.06805,0.441,0.8994,0.9995,-0.275,588.5,990.0,12.0
-0.0896,0.09186,0.3938,0.864,0.9995,-0.3386,743.0,1159.0,13.0
-0.03062,0.0548,0.1685,0.771,0.9995,-0.3076,557.5,939.5,14.0
-0.106,0.078,0.3252,0.909,0.9995,-0.2576,1439.0,477.5,15.0
0.541,0.0439,0.563,0.946,0.9995,-0.6714,1169.0,713.5,1.0
-0.065,0.05533,0.6294,0.83,0.9995,-0.3638,1169.0,867.0,2.0
-0.0001916,0.06995,0.4426,0.88,0.9995,-0.429,1140.0,1007.5,3.0
0.1317,0.06244,0.511,0.89,0.9995,-0.5225,1042.0,746.0,4.0
-0.008835,0.06366,0.6333,0.7793,0.9995,-0.5576,791.5,302.0,5.0
15.4,0.3838,0.301,0.7715,1.0,0.718,387.2,107.6,6.0
3.488,0.2494,0.223,0.891,1.0,0.1255,1623.0,2.797,7.0
4.836,0.2332,0.4055,0.8203,0.9995,0.0946,778.0,502.0,8.0
1.418,0.1631,0.3906,0.854,0.9995,-0.1852,1298.0,392.2,9.0
1.899,0.1549,0.4675,0.824,0.9995,-0.1971,879.0,611.5,10.0
-0.0476,0.06476,0.6035,0.8174,0.9995,-0.5527,1037.0,1128.0,11.0
-0.1431,0.07043,0.3352,0.849,0.9995,-0.321,533.0,476.0,12.0
0.03674,0.02386,0.4258,0.832,0.9995,-0.0492,916.0,314.5,13.0
0.0088,0.0872,0.493,0.8477,0.9995,-0.3862,1055.0,796.0,14.0
0.2181,0.06683,0.47,0.913,0.9995,-0.5776,1343.0,879.0,15.0
-0.0703,0.1312,0.3762,0.933,0.9995,-0.5254,1022.5,1067.0,1.0
-0.0664,0.1339,0.348,0.915,0.9995,-0.442,1016.5,1098.0,2.0
-0.2172,0.2493,0.174,0.95,0.9995,-0.514,1307.0,964.0,3.0
4.285,0.0879,0.6313,0.975,0.9995,0.402,151.5,319.8,4.0
0.4224,0.1464,0.12286,0.9688,0.9995,-0.4868,981.0,489.5,5.0
0.397,0.1432,0.436,0.942,0.9995,-0.0649,670.5,641.0,6.0
-0.2852,0.2585,0.1501,0.9683,0.9995,-0.43,1330.0,794.5,7.0
-0.1744,0.1775,0.2067,0.9565,0.9995,-0.463,1100.0,766.5,8.0
-0.1925,0.2576,0.1511,0.937,0.9995,-0.4482,1225.0,679.0,9.0
43.3,0.4749,0.924,0.4644,0.999,-0.1847,1888.0,645.0,10.0
9.42,0.3015,0.6294,0.6704,1.0,-0.6807,1294.0,156.0,11.0
0.3086,0.1915,0.3257,0.9473,0.9995,-0.2522,910.0,738.5,12.0
-0.2883,0.3208,0.10724,0.962,0.999,-0.3845,1681.0,1328.0,13.0
3.502,0.4885,0.4895,0.9873,1.0,-0.4817,767.0,383.0,14.0
1.639,0.3672,0.3481,0.9663,0.9995,-0.4673,991.0,630.0,15.0
-0.2803,0.1523,0.2155,0.99,0.9995,-0.1984,1178.0,1023.0,1.0
-0.0576,0.0873,0.399,0.9004,0.9995,-0.4224,1103.0,887.5,2.0
-0.07306,0.08923,0.4514,0.869,0.9995,-0.4463,1091.0,1063.0,3.0
-0.0793,0.09894,0.3752,0.895,0.9995,-0.4675,1239.0,1161.0,4.0
-0.1372,0.1221,0.2778,0.9053,0.9995,-0.4236,1343.0,959.5,5.0
-0.157,0.1337,0.3188,0.9536,0.9995,-0.2085,1483.0,1075.0,6.0
-0.2198,0.08484,0.318,0.9204,0.9995,-0.042,1165.0,985.5,7.0
-0.11835,0.1396,0.2191,0.9863,0.9995,0.01051,981.5,927.0,8.0
-0.2064,0.0644,0.3801,0.879,0.9995,-0.1345,1003.0,664.0,9.0
-0.11176,0.10333,0.384,0.904,0.9995,-0.347,1091.0,1014.0,10.0
-0.1511,0.09186,0.35,0.9023,0.9995,-0.2944,1099.0,942.0,11.0
-0.2214,0.12085,0.2683,0.957,0.9995,-0.07324,1029.0,945.5,12.0
-0.1423,0.136,0.3394,0.9595,0.9995,-0.3823,1032.0,999.0,13.0
-0.1873,0.0781,0.312,0.841,0.9995,-0.2673,1151.0,961.0,14.0
0.1909,0.12286,0.3472,0.876,0.9995,-0.2598,1062.0,927.5,15.0
-0.2391,0.04684,0.2612,0.772,0.9995,-0.1548,742.0,630.5,1.0
-0.1277,0.07556,0.3918,0.8574,0.9995,-0.353,668.0,833.5,2.0
-0.1219,0.07574,0.3894,0.87,0.9995,-0.3362,1005.5,1089.0,3.0
-0.1832,0.05847,0.383,0.829,0.9995,-0.0939,627.0,1008.5,4.0
0.1781,0.04343,0.2308,0.9785,0.9995,-0.0599,607.5,691.5,5.0
-0.04984,0.0442,0.6416,0.7085,0.9995,-0.44,874.0,1237.0,6.0
-0.1246,0.05194,0.513,0.793,0.9995,-0.2952,836.5,1062.0,7.0
-0.188,0.0487,0.4358,0.8203,0.9995,-0.02719,698.0,896.0,8.0
-0.0898,0.0671,0.4778,0.832,0.9995,-0.4124,882.5,962.5,9.0
-0.227,0.05145,0.2605,0.784,1.0,-0.0661,681.5,818.5,10.0
-0.1477,0.1087,0.2698,0.879,0.9995,-0.4204,737.0,889.0,11.0
-0.1346,0.05063,0.382,0.7817,0.9995,-0.06506,453.0,710.0,12.0
-0.1637,0.06366,0.404,0.84,0.9995,-0.26,793.0,884.5,13.0
-0.1854,0.05258,0.4343,0.8203,0.9995,-0.1776,786.5,961.5,14.0
-0.1783,0.06885,0.3625,0.857,0.9995,-0.2441,710.0,832.5,15.0
-0.09937,0.07446,0.3594,0.8022,0.9995,-0.5117,834.5,957.5,1.0
-0.164,0.12164,0.1989,0.8486,0.9995,-0.3645,1554.0,519.0,2.0
0.00516,0.08624,0.397,0.827,0.9995,-0.3179,1041.0,1045.0,3.0
-0.12384,0.03983,0.2261,0.709,0.9995,-0.2491,1369.0,482.2,4.0
-0.1519,0.07404,0.3267,0.8125,0.9995,-0.397,1230.0,884.0,5.0
0.732,0.01855,0.162,0.7485,0.9995,-0.4614,1525.0,566.5,6.0
-0.0813,0.0491,0.2334,0.709,0.9995,-0.4001,1242.0,749.5,7.0
-0.0737,0.08813,0.3555,0.8066,0.9995,-0.52,1213.0,906.0,8.0
-0.2502,0.03793,0.2119,0.7095,0.9995,-0.1243,1108.0,626.0,9.0
-0.1902,0.11005,0.1903,0.919,1.0,-0.2407,977.5,535.5,10.0
-0.1376,0.09973,0.2751,0.834,0.9995,-0.4146,1158.0,703.5,11.0
0.266,0.0389,0.2133,0.7573,0.9995,-0.3684,1299.0,639.0,12.0
-0.1598,0.0762,0.3037,0.802,0.9995,-0.4016,1032.0,851.0,13.0
-0.1653,0.0686,0.1826,0.854,0.9995,-0.1946,1127.0,562.0,14.0
-0.2068,0.06146,0.2415,0.749,0.9995,-0.3284,1179.0,737.5,15.0
-0.1117,0.1045,0.353,0.894,0.9995,-0.4165,1028.0,835.5,1.0
-0.09735,0.1045,0.3801,0.902,0.9995,-0.4238,960.5,948.0,2.0
-0.2058,0.1471,0.1859,0.933,0.9995,-0.1434,1101.0,381.5,3.0
-0.0902,0.0989,0.3113,0.858,0.9995,-0.5283,1225.0,506.0,4.0
-0.02472,0.11395,0.2617,0.8184,0.9995,-0.4717,1089.0,378.2,5.0
0.4192,0.1151,0.1757,0.9326,0.9995,-0.6265,989.0,1007.5,6.0
-0.02603,0.1217,0.2554,0.9263,0.9995,-0.4885,1035.0,876.5,7.0
-0.2087,0.1389,0.3362,0.998,0.9995,-0.2267,979.5,1002.5,8.0
-0.123,0.11554,0.3098,0.8906,0.9995,-0.4253,1146.0,615.5,9.0
-0.1991,0.1859,0.1401,0.9,1.0,-0.466,1335.0,245.6,10.0
-0.229,0.1116,0.3174,0.97,1.0,-0.1478,1025.0,700.5,11.0
-0.0804,0.1106,0.446,0.9346,0.9995,-0.3147,997.5,808.0,12.0
-0.1598,0.1418,0.3486,0.9746,0.9995,-0.3142,1298.0,1154.0,13.0
6.254,0.06305,0.442,0.456,0.9995,-0.06165,510.5,364.2,14.0
-0.1523,0.1175,0.285,0.9126,0.9995,-0.3633,901.5,739.0,15.0
10000.0,0.7046,0.3252,0.04965,1.0,-0.6367,1340.0,1287.0,1.0
10000.0,0.02472,0.5586,0.10004,0.999,-0.2285,1877.0,24.17,2.0
-0.082,0.0763,0.2278,0.892,0.9995,-0.2485,639.5,640.5,3.0
-0.1355,0.10516,0.2532,0.8706,0.9995,-0.4436,903.5,1027.0,4.0
-0.2404,0.126,0.1721,0.931,0.9995,-0.2151,417.8,1054.0,5.0
-0.1519,0.11456,0.2678,0.8936,0.9995,-0.4014,845.5,1020.0,6.0
-0.1497,0.0942,0.2878,0.8564,0.9995,-0.4097,982.0,1026.0,7.0
0.4434,0.11084,0.39,0.8223,0.9995,-0.3335,935.5,931.0,8.0
-0.2245,0.12415,0.1943,0.9307,0.9995,-0.2429,532.5,720.0,9.0
-0.1989,0.0948,0.2473,0.8784,0.9995,-0.2925,740.0,804.5,10.0
10000.0,0.0953,0.7173,0.03387,0.9995,-0.8906,1307.0,554.5,11.0
-0.1649,0.1081,0.1462,0.828,0.9995,-0.4197,412.2,782.5,12.0
-0.10016,0.09625,0.303,0.8525,0.9995,-0.2656,727.0,697.0,13.0
14.445,0.8413,0.344,0.917,0.999,0.4858,145.0,660.0,14.0
-0.2034,0.1727,0.1711,0.9077,0.9995,-0.3633,959.5,996.0,15.0
-0.187,0.0832,0.2352,0.8145,0.9995,-0.383,718.0,872.5,1.0
-0.032,0.1578,0.1299,0.7686,0.9995,-0.6387,903.0,941.5,2.0
-0.09784,0.1388,0.259,0.8765,0.9995,-0.578,972.0,916.0,3.0
-0.0365,0.1317,0.2151,0.811,0.9995,-0.573,950.5,957.0,4.0
-0.1069,0.09674,0.3435,0.861,0.9995,-0.4707,1035.0,916.0,5.0
-0.0204,0.1202,0.332,0.8394,0.9995,-0.7563,1218.0,1101.0,6.0
0.738,0.03186,0.2301,0.857,0.9995,-0.5283,1072.0,374.5,7.0
-0.1175,0.0977,0.2896,0.8735,0.9995,-0.4385,1087.0,933.5,8.0
-0.2336,0.1309,0.1405,0.8916,0.9995,-0.2808,839.0,361.8,9.0
-0.10583,0.08075,0.33,0.899,0.9995,-0.3027,1033.0,652.5,10.0
0.1962,0.06854,0.2542,0.856,0.9995,-0.4907,1036.0,629.0,11.0
-0.10345,0.11945,0.2437,0.9277,0.9995,-0.05566,377.5,147.8,12.0
-0.0955,0.08813,0.2568,0.8677,0.9995,-0.399,916.5,556.5,13.0
-0.1092,0.0922,0.3594,0.857,0.9995,-0.4497,885.0,872.0,14.0
-0.10504,0.11084,0.2961,0.8535,0.9995,-0.526,1011.0,809.5,15.0
-0.01773,0.0717,0.4092,0.8633,0.9995,-0.4536,1102.0,993.0,1.0
-0.2367,0.12024,0.1537,0.8687,0.9995,-0.2305,908.5,791.0,2.0
-0.1218,0.07153,0.4321,0.862,0.9995,-0.3296,735.0,1239.0,3.0
0.03055,0.0915,0.206,0.8477,0.9995,-0.528,1073.0,772.5,4.0
-0.1132,0.1084,0.3337,0.8833,0.9995,-0.367,938.5,919.5,5.0
-0.1553,0.09283,0.269,0.883,0.9995,-0.3362,816.5,1019.5,6.0
-0.0951,0.0827,0.4077,0.837,0.9995,-0.4202,1090.0,964.5,7.0
0.6885,0.1436,0.3416,0.813,0.9995,-0.5264,1102.0,886.5,8.0
-0.1598,0.0888,0.2512,0.827,0.9995,-0.4336,969.0,889.0,9.0
-0.1455,0.07635,0.342,0.8345,0.9995,-0.3809,989.0,980.0,10.0
-0.10455,0.122,0.3093,0.8896,0.9995,-0.4702,924.5,808.0,11.0
-0.1136,0.05765,0.3022,0.6875,0.9995,-0.3667,983.5,955.0,12.0
-0.1682,0.09106,0.1843,0.818,0.9995,-0.2043,729.5,740.5,13.0
0.2229,0.04156,0.2603,0.918,0.9995,-0.1515,736.5,1057.0,14.0
-0.2236,0.0662,0.1547,0.7944,0.9995,-0.2167,862.0,834.0,15.0
-0.2251,0.1296,0.1616,0.901,0.9995,-0.2908,1430.0,1226.0,1.0
-0.1455,0.09546,0.3474,0.914,0.9995,-0.2922,973.5,975.5,2.0
-0.0689,0.0766,0.2898,0.7656,0.9995,-0.3416,1117.0,838.0,3.0
-0.1202,0.11115,0.2566,0.832,0.9995,-0.547,1207.0,1222.0,4.0
-0.271,0.134,0.1914,0.944,0.9995,-0.1868,749.0,860.5,5.0
-0.1376,0.09406,0.322,0.8613,0.9995,-0.4072,1084.0,1011.5,6.0
-0.0997,0.0948,0.2932,0.8325,0.9995,-0.3298,1040.0,993.5,7.0
-0.2458,0.0687,0.3247,0.9023,0.9995,-0.06866,611.5,1358.0,8.0
-0.1056,0.09705,0.3782,0.895,0.9995,-0.405,984.0,1023.0,9.0
-0.2147,0.09784,0.2725,0.9043,0.9995,-0.2167,903.5,978.5,10.0
0.732,0.0575,0.1114,0.9775,0.9995,-0.4248,977.0,1588.0,11.0
0.2593,0.08636,0.188,0.9434,0.9995,-0.3445,944.5,1374.0,12.0
-0.06696,0.0968,0.2283,0.915,0.9995,-0.3223,962.0,1259.0,13.0
-0.1632,0.1109,0.2617,0.873,0.9995,-0.395,1056.0,1156.0,14.0
76.3,0.2559,0.2595,0.2605,0.999,-0.05118,1785.0,1114.0,15.0
-0.08093,0.068,0.405,0.934,0.9995,-0.178,1208.0,1003.0,1.0
-0.1168,0.0712,0.4333,0.962,0.9995,-0.1182,1203.0,963.0,2.0
-0.00201,0.1192,0.3813,0.8975,0.9995,-0.3398,1133.0,960.5,3.0
-0.09894,0.112,0.3394,0.9175,0.9995,-0.4246,1003.5,981.5,4.0
-0.03038,0.0896,0.5547,0.887,0.9995,-0.489,1267.0,620.5,5.0
-0.002104,0.05106,0.4846,0.9136,0.9995,-0.1755,1181.0,840.0,6.0
-0.1271,0.0774,0.441,0.9004,0.9995,-0.2646,1216.0,806.5,7.0
-0.259,0.0862,0.2416,0.9243,0.9995,-0.02493,973.5,1295.0,8.0
-0.126,0.09955,0.3274,0.894,0.9995,-0.388,1208.0,1030.0,9.0
-0.1456,0.0778,0.3914,0.9243,0.9995,-0.1906,1234.0,982.0,10.0
-0.1677,0.0894,0.3198,0.935,0.9995,-0.1934,1637.0,822.0,11.0
-0.0825,0.1387,0.3083,0.911,0.9995,-0.402,1372.0,627.5,12.0
-0.11847,0.09393,0.3792,0.8813,0.9995,-0.2896,1235.0,993.5,13.0
0.742,0.1373,0.41,0.8574,0.9995,-0.2822,1069.0,961.5,14.0
-0.1431,0.0849,0.3652,0.87,0.9995,-0.3337,1137.0,865.0,15.0
-0.0446,0.07477,0.479,0.812,0.9995,-0.4272,846.0,512.0,1.0
-0.2064,0.0932,0.1223,0.808,0.9995,-0.1692,622.5,989.0,2.0
-0.2048,0.02852,0.1913,0.735,0.999,0.01921,856.5,205.5,3.0
76.4,0.4885,0.2546,0.2793,1.0,-0.8916,210.0,374.0,4.0
-0.1864,0.08887,0.1071,0.7705,0.999,-0.1815,287.8,887.0,5.0
1.28,0.0972,0.6973,0.7427,0.9995,-0.5503,575.5,1221.0,6.0
-0.1047,0.1126,0.345,0.8955,0.9995,-0.4211,825.5,891.5,7.0
12.03,0.2864,0.256,0.536,0.9995,-0.538,439.2,576.0,8.0
0.14,0.111,0.3003,0.8276,0.9995,-0.3455,963.5,776.0,9.0
-0.2542,0.0386,0.2303,0.779,0.9995,0.00406,483.2,616.5,10.0
-0.1561,0.0903,0.2988,0.8506,0.9995,-0.2764,828.5,740.5,11.0
-0.1934,0.0784,0.2488,0.8003,0.9995,-0.3616,688.0,626.5,12.0
46.44,0.993,0.1989,0.4778,0.9995,-0.3408,1514.0,1928.0,13.0
-0.0798,0.08075,0.3499,0.8447,0.9995,-0.1735,700.0,907.0,14.0
-0.1594,0.08673,0.295,0.8296,0.9995,-0.3516,884.5,795.0,15.0
0.02844,0.0806,0.518,0.896,0.9995,-0.597,835.5,1252.0,1.0
-0.0006003,0.11505,0.446,0.916,0.9995,-0.65,1285.0,818.5,2.0
-0.1759,0.1288,0.2607,0.9185,0.9995,-0.3357,1212.0,1089.0,3.0
-0.1737,0.1458,0.171,0.9146,0.9995,-0.1606,1513.0,754.5,4.0
-0.1148,0.0948,0.3936,0.8867,0.9995,-0.3242,1140.0,937.0,5.0
1.598,0.246,0.3289,0.886,0.9995,-0.3433,1110.0,1186.0,6.0
0.5977,0.1758,0.3313,0.889,0.9995,-0.34,1081.0,1175.0,7.0
-0.1173,0.1635,0.1622,0.9126,0.9995,-0.1837,1279.0,1090.0,8.0
-0.10535,0.1071,0.3674,0.9014,0.9995,-0.4072,1096.0,1051.0,9.0
0.013275,0.08325,0.224,0.917,0.9995,-0.2893,1168.0,892.0,10.0
-0.1146,0.14,0.2776,0.9067,0.9995,-0.4148,1200.0,1020.5,11.0
-0.1451,0.1178,0.3118,0.914,0.9995,-0.3262,1228.0,1021.5,12.0
-0.0812,0.12024,0.3638,0.909,0.9995,-0.4646,1198.0,933.5,13.0
-0.1114,0.1085,0.3228,0.882,0.9995,-0.4595,1054.0,1067.0,14.0
-0.1377,0.1219,0.2844,0.8945,0.9995,-0.3606,1095.0,1064.0,15.0
-0.0722,0.07904,0.4695,0.856,0.9995,-0.4636,923.5,1138.0,1.0
-0.0659,0.0869,0.358,0.802,0.9995,-0.5073,907.0,382.2,2.0
-0.1144,0.0947,0.3594,0.8657,0.9995,-0.4185,1104.0,783.5,3.0
-0.1752,0.0973,0.2698,0.8545,0.9995,-0.3557,804.5,601.5,4.0
-0.0854,0.09436,0.4258,0.882,0.9995,-0.4138,1058.0,676.5,5.0
2.432,0.55,0.2377,0.937,0.9995,-0.6196,1000.0,582.5,6.0
-0.2097,0.088,0.3523,0.929,0.9995,-0.07635,1205.0,1093.0,7.0
-0.04553,0.0976,0.4324,0.8843,0.9995,-0.3027,997.5,836.5,8.0
-0.1243,0.10376,0.3577,0.906,0.9995,-0.3606,1134.0,761.0,9.0
0.0939,0.06213,0.2827,0.92,0.999,0.0646,962.0,429.0,10.0
-0.1619,0.0905,0.3228,0.8677,0.9995,-0.3281,967.5,894.0,11.0
-0.11597,0.08606,0.4133,0.8726,0.9995,-0.3472,1035.0,925.0,12.0
-0.1713,0.09595,0.2637,0.899,0.9995,-0.0859,1239.0,712.5,13.0
1.486,0.3313,0.262,0.9136,0.9995,-0.4438,1031.0,709.5,14.0
-0.2302,0.08777,0.287,0.905,0.9995,-0.1081,1022.0,625.0,15.0
-0.1984,0.069,0.311,0.8364,0.9995,-0.2576,1108.0,914.0,1.0
-0.04807,0.0698,0.504,0.7983,0.9995,-0.5166,1020.5,741.0,2.0
0.01322,0.07513,0.1486,0.8594,0.9995,-0.2795,1303.0,881.5,3.0
-0.1505,0.04205,0.5195,0.7686,0.9995,-0.2031,1072.0,773.0,4.0
-0.0942,0.0507,0.4663,0.786,0.999,-0.0783,1145.0,949.0,5.0
3.19,0.2566,0.3176,0.807,0.9995,-0.3506,1275.0,1033.0,6.0
-0.03458,0.03445,0.7056,0.674,0.9995,-0.165,946.0,747.0,7.0
-0.09894,0.0693,0.4602,0.8174,0.9995,-0.3625,1021.5,815.0,8.0
0.273,0.04715,0.6626,0.7007,0.9995,-0.141,993.0,1215.0,9.0
1.841,0.157,0.3503,0.788,0.9995,-0.3015,1236.0,938.5,10.0
-0.1641,0.02663,0.331,0.695,0.999,-0.1052,1431.0,708.0,11.0
0.952,0.10284,0.3557,0.7617,0.9995,-0.2487,1239.0,838.5,12.0
-0.2266,0.04922,0.1317,0.66,0.9995,-0.1602,1302.0,875.0,13.0
0.258,0.0785,0.3508,0.7705,0.9995,-0.2188,1216.0,878.5,14.0
-0.0518,0.04562,0.514,0.728,0.9995,-0.1581,1055.0,816.5,15.0
0.2338,0.02403,0.4507,0.869,0.9995,-0.10815,906.0,1212.0,1.0
1.319,0.04944,0.4976,0.461,0.9995,-0.9683,536.0,1155.0,2.0
-0.1553,0.07623,0.409,0.876,0.9995,-0.2455,889.0,1094.0,3.0
4.824,0.2009,0.4492,0.733,0.999,-0.1434,186.5,302.5,4.0
-0.1038,0.0877,0.3967,0.8555,0.9995,-0.4094,970.0,1182.0,5.0
26.66,0.5347,0.8423,0.7217,0.9995,0.973,62.03,682.0,6.0
1.864,0.2039,0.413,0.863,0.9995,-0.2737,903.0,884.5,7.0
9.2,0.58,0.3943,0.784,0.9995,-0.64,1220.0,769.0,8.0
0.6934,0.04932,0.2377,0.9097,0.9995,-0.6,967.5,1106.0,9.0
0.732,0.05035,0.2162,0.9307,1.0,-0.918,1607.0,1833.0,10.0
0.3828,0.0861,0.2642,0.9116,0.9995,-0.678,1220.0,1510.0,11.0
-0.176,0.10834,0.2656,0.924,0.9995,-0.2769,1060.0,980.5,12.0
0.7075,0.09454,0.3953,0.683,0.9995,-0.7026,749.5,1051.0,13.0
0.1927,0.072,0.304,0.9014,0.9995,-0.4482,930.5,1075.0,14.0
3.78,0.3418,0.3628,0.8403,0.9995,-0.4888,1126.0,816.0,15.0
-0.01718,0.1654,0.2476,0.9224,0.9995,-0.269,964.0,1422.0,1.0
0.03867,0.1129,0.5137,0.9136,0.9995,-0.3838,877.5,1104.0,2.0
-0.0749,0.10236,0.3484,0.873,0.9995,-0.2998,970.5,1261.0,3.0
-0.0809,0.09955,0.4607,0.938,0.9995,-0.3643,1143.0,965.0,4.0
-0.01125,0.1394,0.3774,0.9214,0.9995,-0.425,1214.0,928.5,5.0
0.02214,0.122,0.4094,0.9,0.9995,-0.3938,981.5,1116.0,6.0
2.363,0.2039,0.425,0.8296,0.9995,-0.3413,954.0,829.0,7.0
-0.127,0.10443,0.3098,0.871,0.9995,-0.3337,1214.0,888.5,8.0
-0.1208,0.0921,0.3481,0.862,0.9995,-0.298,863.0,1168.0,9.0
-0.08563,0.1098,0.3472,0.8735,0.9995,-0.4739,900.5,1151.0,10.0
-0.1917,0.1289,0.1362,0.827,0.9995,-0.4575,966.0,792.0,11.0
0.6724,0.03793,0.2502,0.957,0.9995,-0.3528,1238.0,1006.5,12.0
-0.03717,0.0704,0.343,0.8154,0.9995,-0.5244,1349.0,452.0,13.0
-0.095,0.1378,0.1306,0.8105,0.9995,-0.3545,1097.0,975.0,14.0
-0.1311,0.1428,0.1912,0.8477,0.9995,-0.4995,1308.0,637.5,15.0
-0.0768,0.1487,0.3179,0.989,0.9995,-0.507,935.0,1234.0,1.0
-0.05768,0.093,0.1587,0.941,0.9995,0.03394,681.5,1229.0,2.0
-0.1027,0.0949,0.2915,0.8657,0.9995,-0.4617,1154.0,995.5,3.0
-0.2415,0.1294,0.2059,0.9697,0.9995,-0.0234,424.5,751.0,4.0
6.59,0.4211,0.4224,0.8296,0.9995,-0.1293,446.0,1186.0,5.0
-0.267,0.0978,0.222,0.9307,0.9995,-0.1004,743.0,1055.0,6.0
-0.1271,0.0919,0.3254,0.8965,0.9995,-0.3472,1085.0,1033.0,7.0
0.1071,0.07526,0.3025,0.9365,0.9995,-0.3154,1142.0,866.0,8.0
-0.1675,0.0892,0.3228,0.8687,0.9995,-0.2534,893.0,909.0,9.0
-0.1323,0.0995,0.3142,0.9062,0.9995,-0.35,862.5,949.0,10.0
-0.04178,0.127,0.2651,0.8833,0.9995,-0.278,634.5,896.0,11.0
-0.1432,0.1206,0.3037,0.9507,0.9995,-0.3394,852.0,1093.0,12.0
-0.11334,0.1289,0.3315,0.926,0.9995,-0.4182,1072.0,1031.0,13.0
-0.11774,0.07227,0.293,0.9556,0.9995,-0.1061,984.0,1070.0,14.0
2.453,0.2664,0.3413,0.879,0.9995,-0.1924,630.5,1038.0,15.0
-0.09705,0.0837,0.4336,0.862,0.9995,-0.4033,938.5,919.0,1.0
-0.118,0.09076,0.3616,0.861,0.9995,-0.416,754.5,721.0,2.0
-0.12115,0.09467,0.2827,0.872,0.9995,-0.419,793.5,427.5,3.0
10.33,0.456,0.2542,0.6514,0.9995,-0.5786,1288.0,882.5,4.0
0.0889,0.1455,0.3054,0.874,0.9995,-0.482,964.0,828.5,5.0
0.06866,0.1003,0.2942,0.911,0.9995,-0.536,924.0,953.5,6.0
-0.0794,0.09216,0.3254,0.8706,0.9995,-0.4802,930.0,893.0,7.0
0.002678,0.06226,0.285,0.8315,0.9995,-0.3933,908.5,746.0,8.0
-0.1141,0.07117,0.3208,0.8267,0.9995,-0.407,940.5,790.5,9.0
-0.11646,0.1069,0.3245,0.875,0.9995,-0.4395,785.5,805.5,10.0
-0.1664,0.1322,0.1449,0.929,0.9995,-0.2664,565.5,445.0,11.0
-0.134,0.10895,0.2277,0.9336,0.9995,-0.2837,720.5,832.5,12.0
4.156,0.2737,0.2651,0.745,0.9995,-0.474,1066.0,786.5,13.0
-0.1335,0.09424,0.313,0.8535,0.9995,-0.4358,988.0,701.0,14.0
-0.2004,0.1012,0.1187,0.8467,0.9995,-0.258,776.0,371.8,15.0
0.1672,0.06934,0.241,0.9326,0.9995,-0.2744,994.5,961.5,1.0
-0.04858,0.07526,0.2952,0.8984,0.9995,-0.298,1027.0,995.5,2.0
-0.1688,0.12476,0.2429,0.894,0.9995,-0.3025,1396.0,691.0,3.0
-0.1644,0.07776,0.2993,0.827,0.9995,-0.3755,1083.0,1032.0,4.0
-0.08356,0.1058,0.323,0.8633,0.999,-0.56,976.0,1059.0,5.0
-0.0656,0.1453,0.365,0.9487,0.9995,-0.3433,1213.0,483.8,6.0
16.69,0.971,0.2408,0.7285,0.999,-0.5605,226.4,1766.0,7.0
-0.1475,0.085,0.314,0.8896,0.9995,-0.3018,1064.0,928.0,8.0
-0.2578,0.0929,0.2009,0.948,0.9995,-0.07214,1086.0,809.5,9.0
-0.01875,0.1294,0.287,0.869,0.9995,-0.4128,1109.0,935.5,10.0
-0.1428,0.06445,0.3496,0.9272,0.9995,-0.1118,1092.0,721.5,11.0
-0.10944,0.1256,0.3374,0.9204,0.9995,-0.3992,1076.0,544.5,12.0
-0.2412,0.05908,0.2834,0.8247,0.9995,-0.0948,1255.0,620.0,13.0
-0.2153,0.06586,0.235,0.8633,0.9995,-0.006958,1057.0,844.0,14.0
-0.1642,0.08405,0.3481,0.8657,0.9995,-0.261,1232.0,923.5,15.0
