like1,parKperc,parKb,parKe,parCqq,parBias,parS_init,parG_init,chain
85.75,0.3894,0.5303,0.6763,1.0,0.0582,1591.0,532.5,0.0
10000.0,0.9546,0.3892,0.5605,0.999,0.5312,169.4,319.8,0.0
10000.0,0.6265,0.9634,0.786,0.9995,0.974,1790.0,1137.0,0.0
10000.0,0.4128,0.1095,0.3962,0.9995,0.504,1352.0,249.4,0.0
97.2,0.7197,0.5815,0.796,1.0,-0.3328,950.0,564.5,0.0
10000.0,0.654,0.5415,0.2942,0.9995,-0.172,1653.0,18.36,0.0
16.69,0.3467,0.135,0.9766,0.999,0.876,374.8,1522.0,0.0
10000.0,0.7153,0.658,0.817,0.999,0.947,269.8,363.2,0.0
10000.0,0.947,0.25,0.2107,0.9995,-0.936,1323.0,841.0,0.0
10000.0,0.7686,0.7793,0.3303,0.9995,0.809,986.5,278.8,0.0
75.06,0.4434,0.2688,0.63,1.0,-0.6597,1891.0,708.0,0.0
6.56,0.2417,0.104,0.9775,1.0,0.0384,923.0,712.5,0.0
10000.0,0.4924,0.5645,0.6655,0.9995,0.9985,483.8,711.5,0.0
10000.0,0.7593,0.9233,0.9033,0.9995,-0.057,1320.0,856.0,0.0
25.86,0.01732,0.9507,0.4495,0.9995,-0.9663,1088.0,260.8,0.0
10000.0,0.558,0.4382,0.4175,1.0,0.7915,67.94,280.5,0.0
22.83,0.2242,0.24,0.818,0.999,0.1633,1743.0,595.0,0.0
73.9,0.8115,0.669,0.9546,0.9995,0.8516,1149.0,1795.0,0.0
10000.0,0.6465,0.665,0.747,0.9995,0.433,1227.0,759.5,0.0
10000.0,0.673,0.743,0.818,0.9995,0.277,1362.0,498.2,0.0
81.56,0.234,0.5107,0.594,0.9995,0.964,904.5,1813.0,0.0
10000.0,0.597,0.8306,0.73,0.9995,-0.0163,978.0,1510.0,0.0
28.89,0.1833,0.2522,0.7524,0.999,0.7974,1344.0,406.0,0.0
10000.0,0.2415,0.7827,0.1425,1.0,-0.3875,1573.0,1689.0,0.0
10000.0,0.17,0.8203,0.09937,1.0,-0.2344,578.0,1812.0,0.0
67.7,0.7935,0.325,0.8306,0.999,-0.09204,1170.0,315.0,0.0
30.27,0.4807,0.10345,0.8237,0.9995,0.2382,1615.0,766.5,0.0
10000.0,0.8125,0.1519,0.07477,1.0,0.007652,1476.0,243.2,0.0
10000.0,0.9316,0.8257,0.4104,0.9995,0.3435,1017.5,662.0,0.0
10000.0,0.607,0.798,0.5854,0.9995,-0.4456,686.0,1592.0,0.0
10000.0,0.659,0.4763,0.4275,0.9995,-0.5186,1452.0,1972.0,0.0
10000.0,0.2751,0.156,0.1428,0.9995,0.8003,1813.0,627.5,0.0
10000.0,0.5107,0.9834,0.7407,1.0,-0.446,217.9,1678.0,0.0
10000.0,0.661,0.4697,0.451,1.0,0.1697,1767.0,1472.0,0.0
10000.0,0.5923,0.3928,0.366,1.0,0.3616,615.5,1991.0,0.0
10000.0,0.9224,0.967,0.9,0.9995,0.2435,1780.0,1244.0,0.0
10000.0,0.85,0.3943,0.566,0.9995,0.3464,492.2,66.94,0.0
10000.0,0.898,0.985,0.6235,1.0,-0.529,767.0,265.5,0.0
10000.0,0.07623,0.253,0.2546,1.0,0.1666,388.0,938.5,0.0
10000.0,0.8853,0.2773,0.668,0.9995,-0.382,138.6,1699.0,0.0
29.97,0.4578,0.3062,0.8896,0.999,-0.4663,1566.0,527.5,0.0
10000.0,0.333,0.2764,0.04172,0.999,-0.02217,1289.0,1038.0,0.0
10000.0,0.5845,0.4375,0.2554,0.999,0.1481,1700.0,1775.0,0.0
10000.0,0.9653,0.4502,0.09705,0.9995,0.7554,437.2,517.5,0.0
10000.0,0.2712,0.1438,0.42,1.0,0.578,665.5,684.0,0.0
26.06,0.6772,0.2312,0.944,0.9995,-0.923,806.5,368.5,0.0
10000.0,0.4834,0.655,0.609,0.999,0.54,1811.0,1130.0,0.0
10000.0,0.0737,0.3625,0.0666,0.9995,-0.849,675.5,1916.0,0.0
8.234,0.06082,0.561,0.8916,0.9995,0.4275,1620.0,1649.0,0.0
10000.0,0.9844,0.9595,0.931,1.0,-0.2979,1503.0,1764.0,0.0
61.0,0.585,0.268,0.7856,0.999,0.8916,378.2,1768.0,0.0
10000.0,0.3193,0.487,0.4702,0.9995,-0.2705,716.0,1777.0,0.0
10000.0,0.0663,0.6885,0.3838,0.9995,-0.326,144.6,1483.0,0.0
12.54,0.04456,0.3103,0.773,0.9995,0.9106,818.0,339.2,0.0
19.72,0.353,0.1039,0.9443,0.999,0.999,1546.0,1906.0,0.0
10000.0,0.923,0.268,0.551,1.0,-0.4802,293.2,1454.0,0.0
10000.0,0.3723,0.2266,0.3806,0.999,-0.4258,946.5,112.06,0.0
71.1,0.594,0.9253,0.9453,0.999,0.0709,1077.0,374.8,0.0
16.94,0.1826,0.6055,0.9556,1.0,0.4375,961.0,615.5,0.0
10000.0,0.518,0.52,0.3015,0.9995,-0.8584,896.0,109.94,0.0
10000.0,0.904,0.8853,0.765,0.999,0.3633,394.8,1926.0,0.0
80.06,0.079,0.907,0.4426,0.999,-0.7466,1316.0,387.2,0.0
10000.0,0.5776,0.532,0.4983,0.9995,-0.633,556.5,5.566,0.0
83.44,0.6885,0.8755,0.928,0.999,0.534,750.0,1413.0,0.0
10000.0,0.3384,0.1333,0.3804,0.9995,-0.426,1422.0,650.0,0.0
10000.0,0.05325,0.8364,0.3284,0.999,0.2336,184.0,1237.0,0.0
19.7,0.3862,0.1493,0.8594,0.9995,-0.558,879.0,540.0,0.0
80.75,0.6772,0.8564,0.914,0.9995,-0.643,436.2,1016.0,0.0
10000.0,0.0641,0.726,0.07477,0.9995,0.9785,1368.0,269.0,0.0
10000.0,0.7144,0.1682,0.11945,0.999,-0.3928,366.8,1289.0,0.0
44.34,0.473,0.518,0.8955,0.999,0.11224,707.5,1.743,0.0
10000.0,0.808,0.8813,0.2227,0.9995,-0.638,1732.0,724.0,0.0
82.06,0.508,0.604,0.7573,0.999,-0.962,930.5,1105.0,0.0
63.2,0.3389,0.7163,0.7896,1.0,0.4426,1143.0,912.5,0.0
10000.0,0.6367,0.9556,0.6055,0.999,0.3438,116.56,968.0,0.0
65.0,0.8154,0.6304,0.973,0.9995,-0.1567,1447.0,5.938,0.0
21.27,0.1095,0.612,0.802,0.9995,0.512,1571.0,259.5,0.0
10000.0,0.9893,0.7983,0.8022,0.999,-0.7324,937.5,682.5,0.0
10000.0,0.6797,0.1401,0.4148,0.9995,-0.2423,1760.0,1547.0,0.0
10000.0,0.654,0.5522,0.1263,1.0,0.538,38.22,1460.0,0.0
19.97,0.2399,0.2467,0.8403,1.0,-0.2642,1817.0,1123.0,0.0
10000.0,0.661,0.2079,0.1223,0.9995,0.787,141.0,875.5,0.0
64.3,0.02666,0.2242,0.412,0.9995,-0.4287,1848.0,1514.0,0.0
65.5,0.0605,0.977,0.4595,1.0,0.3071,117.8,1116.0,0.0
69.25,0.61,0.2072,0.724,0.9995,0.7812,1460.0,1816.0,0.0
10000.0,0.9336,0.6665,0.7876,0.9995,0.1237,1170.0,1113.0,0.0
10000.0,0.997,0.3713,0.786,0.999,0.76,438.5,1727.0,0.0
10000.0,0.367,0.621,0.4238,0.9995,-0.3584,1722.0,254.4,0.0
10000.0,0.7104,0.4644,0.1783,0.999,0.03748,1320.0,279.0,0.0
10000.0,0.8853,0.4734,0.6226,0.999,-0.3494,868.5,1864.0,0.0
10000.0,0.3376,0.6143,0.06696,0.9995,0.7285,1631.0,1577.0,0.0
10000.0,0.9785,0.4307,0.48,0.9995,0.803,244.9,200.9,0.0
12.49,0.1052,0.923,0.8857,0.9995,-0.9424,314.2,834.5,0.0
10000.0,0.437,0.2145,0.02344,0.9995,-0.3428,1784.0,1033.0,0.0
10000.0,0.575,0.9443,0.0939,0.9995,-0.777,1702.0,583.5,0.0
10000.0,0.0812,0.9683,0.03177,1.0,0.9175,1490.0,1185.0,0.0
10000.0,0.9116,0.2637,0.618,0.9995,-0.215,1292.0,1283.0,0.0
10000.0,0.6475,0.3013,0.3184,0.9995,-0.5083,140.6,736.5,0.0
10000.0,0.6377,0.1126,0.347,0.999,0.6445,342.8,915.5,0.0
54.56,0.5957,0.2081,0.7573,0.9995,-0.3167,1874.0,677.5,0.0
10000.0,0.685,0.974,0.2396,0.9995,-0.9873,1366.0,1472.0,0.0
22.55,0.04883,0.435,0.536,0.9995,-0.2969,1304.0,1510.0,0.0
10000.0,0.648,0.2957,0.1321,0.999,0.1399,72.75,1268.0,0.0
10000.0,0.2903,0.2001,0.2194,1.0,0.3013,708.5,1456.0,0.0
10000.0,0.514,0.152,0.224,1.0,-0.3057,1327.0,1575.0,0.0
10000.0,0.999,0.3794,0.2603,1.0,0.376,604.5,89.25,0.0
10000.0,0.344,0.5786,0.2773,0.9995,0.3208,813.5,33.8,0.0
10000.0,0.939,0.5464,0.485,0.9995,-0.3738,744.5,1576.0,0.0
78.3,0.2517,0.3906,0.5645,0.9995,-0.434,670.5,320.0,0.0
10000.0,0.4436,0.706,0.2925,1.0,-0.1492,549.5,218.4,0.0
80.75,0.855,0.7583,0.9653,0.999,-0.1603,1679.0,1437.0,0.0
10000.0,0.1488,0.4192,0.1708,0.9995,-0.3477,1424.0,1409.0,0.0
55.25,0.4343,0.7397,0.8833,1.0,0.212,1809.0,399.5,0.0
10000.0,0.2664,0.9834,0.3638,0.999,-0.566,230.8,732.0,0.0
10000.0,0.9136,0.599,0.0975,0.9995,0.09393,1392.0,1345.0,0.0
10000.0,0.9316,0.769,0.7593,0.9995,-0.801,1858.0,582.5,0.0
10000.0,0.10114,0.9077,0.0382,1.0,-0.7476,1814.0,1417.0,0.0
77.6,0.2695,0.527,0.6387,0.999,0.729,1504.0,1561.0,0.0
10000.0,0.598,0.5938,0.712,1.0,-0.575,1363.0,916.5,0.0
10000.0,0.709,0.5225,0.535,0.999,-0.5664,873.0,1153.0,0.0
49.12,0.2485,0.4556,0.6846,1.0,-0.968,1349.0,473.8,0.0
67.56,0.5635,0.386,0.7837,1.0,0.2098,748.5,474.8,0.0
10000.0,0.77,0.71,0.4258,0.9995,0.8594,211.0,1715.0,0.0
10000.0,0.6055,0.714,0.2695,1.0,0.3262,1703.0,1390.0,0.0
35.78,0.674,0.3777,0.9727,0.999,-0.4329,1198.0,571.0,0.0
10000.0,0.3943,0.682,0.5664,0.9995,-0.939,368.0,799.0,0.0
87.1,0.4263,0.8066,0.77,0.9995,0.2156,541.5,1542.0,0.0
10000.0,0.832,0.6216,0.171,0.9995,0.09784,772.0,1151.0,0.0
10000.0,0.7695,0.2048,0.1608,0.999,0.5796,900.5,27.1,0.0
10000.0,0.8047,0.3193,0.68,0.9995,0.844,1532.0,676.0,0.0
10000.0,0.436,0.5435,0.4324,0.999,0.5044,1846.0,1815.0,0.0
26.88,0.28,0.4155,0.9,0.9995,0.6,221.0,1455.0,0.0
10000.0,0.6216,0.3496,0.445,0.999,-0.508,32.25,1073.0,0.0
10000.0,0.764,0.5513,0.7607,0.9995,-0.2346,1712.0,1005.5,0.0
10000.0,0.675,0.9053,0.12286,0.999,-0.771,1885.0,1611.0,0.0
41.12,0.04257,0.2455,0.469,0.9995,0.1296,588.5,841.0,0.0
10000.0,0.4153,0.667,0.602,1.0,0.871,455.2,1352.0,0.0
10000.0,0.783,0.1499,0.3137,0.999,0.445,1824.0,1946.0,0.0
68.5,0.1561,0.977,0.614,0.999,-0.0177,1683.0,711.5,0.0
35.12,0.11694,0.6953,0.6787,0.9995,-0.1547,82.9,1090.0,0.0
10000.0,0.927,0.95,0.8267,0.9995,-0.877,843.0,377.0,0.0
6.19,0.0711,0.998,0.966,1.0,-0.3977,1465.0,1347.0,0.0
10000.0,0.2493,0.514,0.4287,0.9995,0.4272,496.8,1732.0,0.0
85.06,0.5034,0.1004,0.5146,1.0,-0.935,1864.0,1643.0,0.0
30.95,0.2086,0.547,0.855,0.9995,0.925,454.8,1402.0,0.0
68.0,0.998,0.1877,0.793,0.9995,-0.6914,1365.0,144.1,0.0
10000.0,0.85,0.552,0.4314,0.9995,0.9277,453.2,1876.0,0.0
22.9,0.1683,0.1085,0.6665,0.999,-0.2803,1554.0,513.5,0.0
10000.0,0.7705,0.4102,0.08527,0.9995,-0.0317,1555.0,726.5,0.0
10000.0,0.783,0.8896,0.732,0.9995,0.6885,705.5,682.5,0.0
39.47,0.1802,0.2888,0.679,0.9995,0.77,701.5,1506.0,0.0
10000.0,0.537,0.7075,0.1116,1.0,0.8257,936.5,155.6,0.0
10000.0,0.677,0.2167,0.1345,0.9995,-0.4165,826.0,1460.0,0.0
10000.0,0.3157,0.3684,0.5117,1.0,0.1438,243.8,244.5,0.0
10000.0,0.9478,0.5215,0.7207,0.9995,-0.07086,515.0,1529.0,0.0
10000.0,0.726,0.9243,0.8394,1.0,0.5605,1198.0,843.5,0.0
10000.0,0.6943,0.1029,0.05914,0.999,-0.5864,84.0,370.5,0.0
10000.0,0.818,0.7827,0.02324,0.999,0.3103,558.5,148.1,0.0
58.0,0.3564,0.867,0.8477,0.9995,-0.2834,1730.0,1120.0,0.0
10000.0,0.2295,0.718,0.518,0.9995,-0.885,218.2,168.5,0.0
27.72,0.06616,0.4646,0.598,1.0,0.6045,1160.0,590.5,0.0
10000.0,0.631,0.8306,0.2375,1.0,-0.6714,390.2,507.2,0.0
61.88,0.3672,0.369,0.717,0.9995,0.5806,1589.0,1929.0,0.0
51.94,0.241,0.64,0.7334,0.9995,-0.1703,1861.0,1525.0,0.0
10000.0,0.731,0.906,0.4236,0.9995,0.4456,1482.0,288.0,0.0
78.3,0.1305,0.4001,0.4617,0.9995,-0.851,579.5,438.8,0.0
29.3,0.1118,0.3918,0.685,0.999,0.6587,760.5,37.7,0.0
10000.0,0.658,0.5615,0.7173,0.999,0.753,1696.0,322.0,0.0
94.0,0.913,0.517,0.857,0.9995,0.6665,986.5,1324.0,0.0
10000.0,0.4753,0.2167,0.1698,0.9995,0.8955,1783.0,574.5,0.0
10000.0,0.3657,0.9614,0.541,0.999,-0.8345,924.5,1664.0,0.0
10000.0,0.702,0.585,0.1862,1.0,-0.452,909.0,193.9,0.0
71.8,0.513,0.246,0.6685,1.0,-0.3037,489.2,1476.0,0.0
60.9,0.819,0.244,0.835,0.9995,0.2332,232.4,60.88,0.0
43.1,0.0732,0.3367,0.4805,1.0,-0.7095,486.5,1066.0,0.0
20.64,0.2732,0.2231,0.8174,0.9995,-0.735,1648.0,1340.0,0.0
10000.0,0.5234,0.865,0.5728,0.9995,0.5537,1353.0,1469.0,0.0
13.52,0.01522,0.172,0.5166,0.9995,0.8213,1298.0,501.8,0.0
10000.0,0.713,0.924,0.8555,0.9995,-0.3147,1769.0,1026.0,0.0
79.75,0.918,0.1517,0.738,0.999,0.685,4.938,1089.0,0.0
41.6,0.4053,0.1432,0.686,0.9995,-0.7935,1582.0,1284.0,0.0
10000.0,0.3848,0.6006,0.2585,0.999,-0.3896,78.94,709.5,0.0
10000.0,0.6416,0.4607,0.2279,0.999,-0.8716,966.0,1920.0,0.0
10000.0,0.567,0.65,0.3647,1.0,-0.547,278.8,341.0,0.0
10000.0,0.2864,0.553,0.1293,0.9995,0.732,1347.0,711.5,0.0
10000.0,0.10925,0.901,0.03964,0.999,0.4448,207.6,232.6,0.0
57.28,0.7744,0.4565,0.902,0.9995,-0.9595,1819.0,877.0,0.0
10000.0,0.7007,0.891,0.7754,1.0,0.5396,235.4,1743.0,0.0
10000.0,0.856,0.6177,0.2922,0.999,0.845,419.5,1614.0,0.0
10000.0,0.9033,0.932,0.5786,0.9995,-0.74,1270.0,970.0,0.0
10000.0,0.72,0.1678,0.2274,0.9995,-0.6304,1558.0,1164.0,0.0
10000.0,0.2156,0.1914,0.2432,0.9995,-0.0429,34.06,1321.0,0.0
60.62,0.598,0.587,0.8823,1.0,-0.26,1765.0,1291.0,0.0
10000.0,0.02399,0.2471,0.05698,1.0,-0.0907,1548.0,363.0,0.0
10000.0,0.149,0.2258,0.3364,0.999,0.4412,440.2,474.2,0.0
10000.0,0.4507,0.7705,0.1538,1.0,-0.3386,808.5,193.9,0.0
10000.0,0.4312,0.66,0.0478,0.9995,0.636,1176.0,1419.0,0.0
61.03,0.514,0.11176,0.646,0.9995,0.2151,17.73,1881.0,0.0
71.6,0.1674,0.801,0.592,0.9995,-0.09644,1741.0,1386.0,0.0
10000.0,0.599,0.4475,0.598,0.9995,-0.004066,109.0,1452.0,0.0
10000.0,0.979,0.994,0.0479,0.999,0.315,1210.0,1651.0,0.0
10000.0,0.7593,0.811,0.713,0.999,-0.7573,1127.0,374.5,0.0
33.34,0.3477,0.775,0.955,0.999,-0.3274,1287.0,212.1,0.0
98.6,0.912,0.706,0.8955,0.999,-0.5376,1690.0,1383.0,0.0
10000.0,0.2998,0.526,0.552,0.999,-0.3977,1846.0,466.2,0.0
87.0,0.9077,0.8057,0.9883,0.9995,0.453,1417.0,847.5,0.0
10000.0,0.5283,0.2986,0.35,0.9995,0.05972,1175.0,1290.0,0.0
14.7,0.5293,0.1918,0.976,0.9995,-0.8276,1323.0,1642.0,0.0
3.16,0.01481,0.7617,0.6753,0.999,-0.08386,1438.0,1280.0,0.0
28.2,0.2069,0.7773,0.8774,0.999,-0.358,128.2,982.0,0.0
10000.0,0.4402,0.1087,0.463,0.999,0.6914,1262.0,1423.0,0.0
10000.0,0.9404,0.3174,0.1892,1.0,-0.8203,318.5,331.2,0.0
48.72,0.302,0.3923,0.7534,0.9995,0.6255,1484.0,1928.0,0.0
23.95,0.06204,0.388,0.586,0.9995,0.2029,1570.0,1064.0,0.0
37.94,0.06027,0.5547,0.515,1.0,0.48,1794.0,1302.0,0.0
10000.0,0.986,0.7188,0.6035,0.9995,0.5063,709.5,415.2,0.0
10000.0,0.4358,0.3633,0.3567,0.9995,0.5806,413.8,524.0,0.0
10000.0,0.5225,0.775,0.3843,0.9995,0.4675,1836.0,1810.0,0.0
10000.0,0.803,0.804,0.4666,0.999,-0.1136,544.5,1720.0,0.0
10000.0,0.173,0.5967,0.1537,0.9995,0.1892,1080.0,587.5,0.0
10000.0,0.3962,0.2588,0.4373,0.9995,-0.1425,1846.0,606.5,0.0
99.75,0.775,0.3052,0.7124,1.0,0.786,1659.0,275.8,0.0
10000.0,0.6167,0.516,0.648,1.0,-0.8643,440.5,1344.0,0.0
10000.0,0.5215,0.5933,0.4207,0.9995,-0.4817,473.5,1953.0,0.0
10000.0,0.2482,0.1628,0.087,0.9995,-0.3867,1441.0,1627.0,0.0
10000.0,0.0229,0.1724,0.251,0.9995,-0.6543,435.0,1677.0,0.0
10000.0,0.8013,0.584,0.504,0.999,-0.5522,1374.0,128.8,0.0
10000.0,0.722,0.9683,0.07495,0.9995,-0.598,607.0,110.0,0.0
33.28,0.57,0.3997,0.9946,0.9995,0.6636,1293.0,857.0,0.0
10000.0,0.0926,0.3086,0.1262,0.999,-0.1075,943.5,783.0,0.0
10000.0,0.1859,0.9683,0.0274,0.999,0.6064,1101.0,1635.0,0.0
10000.0,0.10425,0.878,0.1947,1.0,-0.289,351.2,1142.0,0.0
10000.0,0.274,0.1108,0.3394,0.9995,-0.10944,1674.0,194.9,0.0
19.28,0.0704,0.8022,0.7354,0.9995,0.2573,1533.0,1763.0,0.0
46.56,0.8735,0.3728,0.9604,0.9995,-0.898,1691.0,1703.0,0.0
10000.0,0.6484,0.7295,0.187,1.0,-0.211,533.0,898.5,0.0
10000.0,0.3345,0.8677,0.379,0.9995,-0.6777,539.0,1469.0,0.0
10000.0,0.8867,0.499,0.436,0.9995,-0.2421,296.2,183.8,0.0
10000.0,0.7285,0.325,0.488,1.0,-0.453,1857.0,1558.0,0.0
10000.0,0.542,0.3699,0.2487,0.999,-0.1444,857.5,1668.0,0.0
10000.0,0.312,0.7305,0.4678,0.999,-0.6123,74.7,1548.0,0.0
10000.0,0.7046,0.664,0.633,0.999,0.581,526.5,1387.0,0.0
10000.0,0.3086,0.369,0.1573,0.999,-0.4504,1742.0,1125.0,0.0
10000.0,0.6255,0.5234,0.1511,0.9995,0.509,409.0,1306.0,0.0
22.8,0.293,0.2164,0.877,0.999,0.4849,320.5,73.6,0.0
83.8,0.3228,0.778,0.6943,0.9995,-0.409,810.0,1994.0,0.0
61.94,0.6665,0.3474,0.8096,1.0,-0.6025,1870.0,35.88,0.0
10000.0,0.62,0.669,0.7026,1.0,-0.2439,534.0,1315.0,0.0
24.19,0.847,0.1788,0.993,0.9995,-0.9307,1893.0,279.5,0.0
10000.0,0.6113,0.532,0.0447,0.999,0.3267,1824.0,755.0,0.0
54.44,0.1942,0.5586,0.6396,0.9995,-0.7886,1476.0,181.5,0.0
10000.0,0.6577,0.2446,0.3098,1.0,-0.4016,1042.0,1301.0,0.0
10000.0,0.5127,0.732,0.0682,0.999,0.8965,681.0,1627.0,0.0
48.6,0.8857,0.3342,0.9434,1.0,-0.4937,1678.0,1855.0,0.0
10000.0,0.79,0.9355,0.903,0.9995,0.003498,488.0,1972.0,0.0
10000.0,0.562,0.922,0.4575,0.999,0.4585,1459.0,1738.0,0.0
10000.0,0.3875,0.35,0.02313,1.0,-0.827,716.0,1519.0,0.0
69.25,0.09515,0.9604,0.4946,0.9995,0.3733,768.5,255.6,0.0
67.7,0.696,0.5117,0.8726,1.0,0.09125,669.0,181.9,0.0
10000.0,0.1443,0.407,0.1039,0.999,0.1548,1043.0,492.8,0.0
54.6,0.2957,0.1526,0.634,0.9995,0.8525,1688.0,1414.0,0.0
10000.0,0.6396,0.9766,0.7896,0.9995,-0.561,1132.0,1723.0,0.0
10000.0,0.6875,0.321,0.5845,0.999,-0.9062,145.0,782.0,0.0
10000.0,0.071,0.555,0.1648,1.0,0.3328,1084.0,620.5,0.0
10000.0,0.4473,0.4536,0.2905,0.999,-0.2844,624.5,1734.0,0.0
61.9,0.3425,0.6396,0.773,0.9995,-0.007675,449.8,150.8,0.0
97.25,0.2269,0.1475,0.4546,1.0,0.978,260.0,994.5,0.0
10000.0,0.868,0.49,0.0694,0.9995,-0.965,779.5,1305.0,0.0
55.47,0.4543,0.575,0.8545,0.9995,0.4343,1605.0,507.5,0.0
10000.0,0.09985,0.7676,0.11035,0.9995,-0.00983,1712.0,1181.0,0.0
30.42,0.1835,0.296,0.686,0.9995,-0.749,1178.0,344.0,0.0
79.5,0.591,0.4353,0.768,0.999,0.4243,1495.0,574.5,0.0
10000.0,0.921,0.9893,0.1454,0.9995,0.561,993.0,1905.0,0.0
10000.0,0.8394,0.7144,0.4688,0.999,-0.443,1330.0,716.0,0.0
52.16,0.0749,0.9297,0.4893,0.9995,-0.676,1610.0,1930.0,0.0
5.63,0.03934,0.8813,0.8496,0.9995,-0.1058,1529.0,1373.0,0.0
10000.0,0.844,0.2695,0.3574,0.9995,0.6523,186.8,710.0,0.0
10000.0,0.6562,0.871,0.0411,0.9995,-0.2307,1305.0,1017.5,0.0
10000.0,0.7593,0.771,0.6016,0.9995,-0.237,743.5,1425.0,0.0
59.22,0.5933,0.604,0.9004,1.0,0.309,521.0,22.73,0.0
54.16,0.46,0.883,0.928,0.9995,-0.4077,1190.0,1857.0,0.0
10000.0,0.8096,0.2133,0.131,1.0,0.778,228.5,931.5,0.0
10000.0,0.1715,0.644,0.285,0.9995,0.3591,314.2,1063.0,0.0
10000.0,0.8164,0.78,0.5176,0.9995,-0.926,990.5,571.0,0.0
10000.0,0.8096,0.294,0.05145,1.0,-0.2112,25.19,244.0,0.0
10000.0,0.3054,0.4531,0.2461,1.0,-0.5054,1160.0,1826.0,0.0
19.69,0.187,0.2429,0.7363,1.0,-0.981,1707.0,1765.0,0.0
12.09,0.2426,0.2502,0.935,0.9995,-0.2325,241.2,372.8,0.0
10000.0,0.1549,0.316,0.1455,1.0,0.4854,1836.0,1866.0,0.0
38.47,0.6875,0.1838,0.8804,0.999,0.0954,205.1,609.0,0.0
16.83,0.2827,0.201,0.8643,0.9995,-0.5083,1305.0,76.06,0.0
10000.0,0.0331,0.2206,0.1858,1.0,-0.1952,112.1,797.5,0.0
10000.0,0.8135,0.407,0.4236,0.9995,-0.3865,887.0,390.2,0.0
10000.0,0.9526,0.794,0.2238,0.9995,-0.853,1205.0,644.5,0.0
10000.0,0.3098,0.4097,0.5093,0.999,0.02742,1528.0,1011.0,0.0
61.88,0.09247,0.531,0.488,0.999,0.4797,1345.0,975.5,0.0
10000.0,0.2754,0.348,0.485,0.999,-0.0649,1806.0,1225.0,0.0
17.83,0.2861,0.3718,0.9126,0.999,-0.7856,926.5,185.4,0.0
10000.0,0.7817,0.3672,0.699,0.999,-0.00857,1702.0,584.5,0.0
10000.0,0.965,0.602,0.5435,0.9995,0.05267,963.5,1397.0,0.0
10000.0,0.4224,0.7085,0.4377,0.9995,-0.9814,782.5,1540.0,1.0
10000.0,0.2458,0.2296,0.0944,0.9995,-0.4832,1398.0,1990.0,2.0
10000.0,0.9355,0.4695,0.791,0.9995,-0.4583,113.9,834.0,3.0
29.7,0.0539,0.437,0.51,0.999,-0.2734,1447.0,1589.0,4.0
79.5,0.5,0.919,0.8643,0.999,0.3203,943.5,152.0,5.0
84.4,0.2874,0.817,0.666,1.0,-0.7783,645.0,354.5,6.0
10000.0,0.05838,0.547,0.3943,0.9995,-0.1669,1406.0,93.94,7.0
10.195,0.034,0.382,0.737,0.9995,0.6846,1549.0,413.2,8.0
82.6,0.3628,0.4104,0.6294,0.9995,-0.3909,1606.0,1084.0,9.0
14.36,0.1218,0.702,0.8906,0.9995,-0.287,730.0,106.75,10.0
74.9,0.639,0.6797,0.883,0.9995,0.7505,1730.0,1332.0,11.0
19.34,0.1718,0.913,0.9487,0.9995,-0.2395,1825.0,1473.0,12.0
54.22,0.2333,0.5654,0.697,0.9995,-0.1659,1437.0,923.0,13.0
12.555,0.15,0.236,0.8784,0.9995,0.2659,1424.0,1130.0,14.0
44.12,0.283,0.57,0.81,0.9995,0.2722,1390.0,625.5,15.0
10000.0,0.986,0.3613,0.1523,0.999,-0.2786,1507.0,1544.0,1.0
10000.0,0.05194,0.7295,0.3281,1.0,0.711,1080.0,611.5,2.0
28.72,0.1667,0.1907,0.6455,0.9995,-0.569,1017.0,1719.0,3.0
95.2,0.05206,0.715,0.407,1.0,-0.59,643.0,733.0,4.0
10000.0,0.8853,0.577,0.504,1.0,-0.9863,1397.0,1079.0,5.0
10000.0,0.9956,0.2688,0.1552,0.9995,0.0986,1817.0,819.0,6.0
10000.0,0.841,0.5483,0.2438,1.0,0.577,1685.0,381.8,7.0
83.94,0.2935,0.887,0.712,0.999,0.951,647.5,1530.0,8.0
10000.0,0.04657,0.968,0.0514,0.999,-0.2598,837.5,1660.0,9.0
10000.0,0.5967,0.2366,0.316,0.9995,-0.5283,960.5,1011.5,10.0
13.18,0.142,0.3828,0.955,0.9995,0.745,276.8,129.2,11.0
10000.0,0.2542,0.2219,0.05173,0.9995,-0.3918,445.2,793.5,12.0
24.45,0.0818,0.5376,0.6367,0.9995,-0.4482,1499.0,1454.0,13.0
19.55,0.1974,0.6006,0.9136,0.999,-0.2145,773.0,1594.0,14.0
10000.0,0.6772,0.4998,0.1573,0.9995,-0.2095,228.8,906.0,15.0
10000.0,0.9985,0.821,0.561,0.9995,-0.661,74.25,487.5,1.0
10000.0,0.6694,0.3464,0.231,1.0,-0.2418,1642.0,947.5,2.0
10000.0,0.0969,0.2698,0.395,0.9995,0.1808,983.5,1055.0,3.0
97.4,0.5054,0.5356,0.699,0.999,-0.05283,406.5,698.5,4.0
81.8,0.698,0.808,0.9155,0.9995,0.3672,1420.0,1058.0,5.0
10000.0,0.05112,0.3066,0.1897,0.999,-0.2391,1278.0,324.2,6.0
26.69,0.1608,0.5107,0.821,0.999,0.7295,237.1,1087.0,7.0
10000.0,0.2051,0.43,0.16,0.9995,0.1981,1734.0,161.0,8.0
64.06,0.3928,0.4783,0.736,0.9995,-0.5356,324.8,22.67,9.0
10000.0,0.5522,0.904,0.685,1.0,0.7456,1866.0,229.1,10.0
10000.0,0.8086,0.8643,0.2773,1.0,0.411,278.5,1249.0,11.0
10000.0,0.6772,0.8364,0.702,1.0,0.4197,917.5,125.8,12.0
10000.0,0.1091,0.2445,0.319,0.9995,0.6665,1839.0,651.5,13.0
8.766,0.0258,0.8755,0.601,0.9995,-0.4587,1809.0,1976.0,14.0
10000.0,0.877,0.5747,0.798,1.0,0.03973,1129.0,297.8,15.0
99.56,0.2196,0.569,0.5137,1.0,-0.6777,854.0,613.0,1.0
10000.0,0.6636,0.6733,0.7783,0.999,-0.134,392.5,851.5,2.0
10000.0,0.1681,0.6025,0.2448,1.0,0.2917,1602.0,44.34,3.0
59.25,0.2356,0.5806,0.684,1.0,0.00864,1204.0,1349.0,4.0
9.82,0.07886,0.4045,0.746,0.9995,-0.785,1191.0,1877.0,5.0
48.16,0.1181,0.6514,0.5693,0.999,-0.9526,786.0,365.5,6.0
10000.0,0.2527,0.4397,0.4082,0.9995,-0.589,1728.0,1240.0,7.0
10000.0,0.1956,0.685,0.397,0.9995,0.5005,1514.0,1216.0,8.0
1.857,0.0661,0.2375,0.8857,1.0,-0.4443,1795.0,870.5,9.0
29.77,0.5703,0.421,0.992,0.999,-0.587,831.5,1568.0,10.0
10000.0,0.625,0.6772,0.2445,0.9995,0.2695,1700.0,670.0,11.0
20.89,0.0835,0.744,0.6934,0.9995,-0.8223,384.0,1670.0,12.0
10000.0,0.8706,0.492,0.4465,0.9995,-0.3164,1133.0,724.5,13.0
84.56,0.087,0.73,0.4448,0.9995,-0.1301,1835.0,1125.0,14.0
51.5,0.4404,0.659,0.878,0.999,-0.1681,971.5,715.5,15.0
10000.0,0.91,0.3394,0.687,0.9995,0.4956,722.0,504.5,1.0
52.06,0.2056,0.726,0.699,0.9995,-0.7026,1106.0,1409.0,2.0
10000.0,0.3547,0.8496,0.1409,0.9995,-0.3108,709.0,1384.0,3.0
59.66,0.1093,0.3948,0.4905,0.999,-0.255,1255.0,1495.0,4.0
10000.0,0.2595,0.2856,0.05402,0.9995,-0.184,280.2,1488.0,5.0
10000.0,0.4592,0.614,0.3652,0.999,-0.9146,343.0,363.5,6.0
10000.0,0.964,0.753,0.5723,0.9995,0.79,487.5,1957.0,7.0
10000.0,0.4895,0.5137,0.0568,0.999,0.3582,1652.0,1635.0,8.0
10000.0,0.2705,0.6934,0.02608,1.0,0.812,1189.0,651.0,9.0
36.25,0.5435,0.2238,0.8965,0.999,0.9443,1025.0,932.0,10.0
10000.0,0.9297,0.628,0.4307,1.0,0.1837,1608.0,1974.0,11.0
10000.0,0.62,0.4307,0.2374,1.0,-0.0686,351.5,701.0,12.0
10000.0,0.5034,0.6997,0.2615,0.9995,0.4834,1864.0,1388.0,13.0
10000.0,0.541,0.2305,0.3994,0.9995,-0.282,1786.0,746.0,14.0
10000.0,0.2844,0.4878,0.334,0.9995,-0.6777,209.2,1037.0,15.0
10000.0,0.533,0.2113,0.4016,0.9995,0.9624,1557.0,614.5,1.0
10000.0,0.7495,0.713,0.4,1.0,-0.8203,264.0,487.5,2.0
29.78,0.5195,0.377,0.9507,1.0,-0.2426,513.5,1213.0,3.0
10000.0,0.3755,0.1843,0.4485,0.9995,-0.5117,299.0,976.0,4.0
10000.0,0.692,0.3528,0.0937,1.0,-0.6987,1350.0,1779.0,5.0
10000.0,0.2842,0.647,0.523,0.9995,-0.2842,293.2,1895.0,6.0
10000.0,0.1044,0.976,0.3293,1.0,0.1326,168.9,1769.0,7.0
10000.0,0.758,0.6367,0.3625,0.999,-0.0651,1822.0,1014.0,8.0
10000.0,0.1154,0.2291,0.3015,0.9995,0.10284,137.1,1365.0,9.0
10000.0,0.9844,0.3376,0.6304,1.0,0.1004,992.0,1462.0,10.0
75.94,0.616,0.7817,0.8936,0.9995,0.2837,202.5,870.0,11.0
10000.0,0.3267,0.441,0.09827,1.0,0.4343,353.5,887.5,12.0
61.7,0.2744,0.742,0.749,1.0,0.3318,1504.0,1619.0,13.0
10000.0,0.3213,0.903,0.08636,0.9995,0.4673,12.34,111.25,14.0
83.8,0.886,0.54,0.8877,0.999,0.3384,1698.0,318.8,15.0
32.38,0.3323,0.6733,0.9204,1.0,-0.51,30.95,161.0,1.0
10000.0,0.789,0.8916,0.414,0.9995,-0.04303,1297.0,328.8,2.0
10000.0,0.25,0.4968,0.06934,0.999,-0.2205,266.8,112.1,3.0
29.75,0.2194,0.567,0.8105,0.9995,-0.932,979.0,213.0,4.0
10000.0,0.5806,0.877,0.4824,0.999,0.972,1274.0,1610.0,5.0
0.3438,0.0203,0.3445,0.832,0.9995,-0.2192,582.5,590.0,6.0
26.88,0.2124,0.394,0.7915,1.0,-0.531,396.8,1493.0,7.0
10000.0,0.9746,0.6387,0.5464,0.9995,-0.5513,1098.0,1481.0,8.0
10000.0,0.718,0.8438,0.1676,0.999,-0.544,1073.0,952.0,9.0
10000.0,0.8486,0.9897,0.932,0.9995,0.903,1535.0,490.8,10.0
58.38,0.7,0.2822,0.8057,1.0,-0.6123,1698.0,1468.0,11.0
10000.0,0.3052,0.69,0.0864,0.999,0.114,278.2,45.97,12.0
48.06,0.4177,0.961,0.9688,1.0,0.11804,729.0,837.0,13.0
10000.0,0.894,0.41,0.0556,1.0,-0.4707,813.5,338.8,14.0
10000.0,0.645,0.1333,0.05664,1.0,0.549,1118.0,1934.0,15.0
10000.0,0.4583,0.844,0.4917,0.9995,-0.2174,1336.0,989.0,1.0
10000.0,0.7944,0.2468,0.439,0.999,-0.6836,820.5,1876.0,2.0
10000.0,0.6685,0.7383,0.815,0.9995,0.01154,152.8,596.0,3.0
14.36,0.09576,0.6997,0.902,1.0,0.642,1086.0,1344.0,4.0
10000.0,0.583,0.6147,0.7437,0.9995,0.2247,1052.0,338.8,5.0
86.1,0.3547,0.9,0.741,0.9995,-0.34,1474.0,1316.0,6.0
14.56,0.1092,0.5244,0.8477,0.9995,5.04e-05,1218.0,614.0,7.0
49.97,0.3103,0.9863,0.876,0.9995,-0.4287,427.8,1889.0,8.0
10000.0,0.6357,0.931,0.2783,0.9995,-0.0957,867.5,977.5,9.0
83.4,0.373,0.6284,0.704,0.999,0.1495,363.0,191.0,10.0
67.9,0.2937,0.5757,0.692,0.9995,0.0036,597.0,630.5,11.0
36.1,0.588,0.1531,0.8228,0.999,-0.3555,318.2,81.75,12.0
53.4,0.836,0.2693,0.887,0.9995,0.2119,312.0,1955.0,13.0
97.9,0.7627,0.3147,0.6934,0.9995,-0.6704,1408.0,1008.0,14.0
79.9,0.5938,0.639,0.822,0.9995,-0.3323,1185.0,1170.0,15.0
10000.0,0.3447,0.6133,0.01489,0.9995,0.4827,1311.0,271.2,1.0
83.8,0.7207,0.789,0.917,1.0,0.922,1874.0,1488.0,2.0
10000.0,0.0866,0.97,0.369,0.9995,-0.3867,851.0,1913.0,3.0
67.44,0.374,0.8022,0.8135,0.9995,0.3564,682.0,1457.0,4.0
10000.0,0.3276,0.8223,0.344,1.0,-0.4658,908.0,620.0,5.0
10000.0,0.7188,0.951,0.4963,0.9995,0.103,1488.0,46.72,6.0
75.44,0.6885,0.4143,0.798,0.9995,-0.3179,399.2,41.9,7.0
83.75,0.1109,0.368,0.4468,0.999,-0.05472,1509.0,1750.0,8.0
10000.0,0.4731,0.949,0.7563,0.999,0.8237,592.5,1782.0,9.0
10000.0,0.752,0.72,0.7876,1.0,0.6465,1359.0,1292.0,10.0
12.3,0.0829,0.437,0.8237,0.999,0.321,373.8,45.8,11.0
85.06,0.558,0.3628,0.709,0.9995,0.4822,1373.0,507.2,12.0
10000.0,0.7427,0.3906,0.3784,0.9995,0.6953,842.5,1772.0,13.0
10000.0,0.9966,0.641,0.1908,0.9995,0.8804,1527.0,316.0,14.0
10000.0,0.5,0.1891,0.4768,0.999,0.568,386.2,1280.0,15.0
10000.0,0.4788,0.8804,0.6675,0.9995,0.01379,114.7,1724.0,1.0
10000.0,0.8164,0.654,0.4836,1.0,0.7095,1246.0,1677.0,2.0
19.58,0.3428,0.10376,0.8154,0.999,-0.4053,1470.0,1582.0,3.0
16.38,0.4163,0.2996,0.9536,0.9995,-0.9966,374.0,1038.0,4.0
62.4,0.713,0.2119,0.7407,0.9995,-0.948,222.5,474.0,5.0
10000.0,0.6987,0.4707,0.2125,1.0,-0.0336,703.0,1440.0,6.0
10000.0,0.867,0.1831,0.02019,1.0,-0.544,1723.0,641.0,7.0
10000.0,0.526,0.2856,0.0937,0.9995,0.06033,1534.0,1702.0,8.0
10000.0,0.594,0.5815,0.5444,0.999,-0.2104,194.2,312.0,9.0
10000.0,0.1769,0.416,0.05588,0.9995,-0.2429,1890.0,1599.0,10.0
10000.0,0.4736,0.762,0.04507,0.9995,0.2703,654.5,461.0,11.0
10000.0,0.372,0.4502,0.4875,1.0,-0.677,1823.0,1195.0,12.0
10000.0,0.07794,0.4727,0.06122,0.9995,-0.249,1502.0,1783.0,13.0
10000.0,0.848,0.4019,0.6274,0.999,-0.8286,1119.0,519.5,14.0
10000.0,0.4487,0.1122,0.135,1.0,-0.553,1485.0,1237.0,15.0
19.53,0.1355,0.7812,0.853,0.9995,-0.563,342.0,1780.0,1.0
10000.0,0.96,0.5356,0.501,0.999,0.8364,1699.0,1915.0,2.0
10000.0,0.361,0.4573,0.2295,0.9995,-0.8506,1324.0,1381.0,3.0
91.44,0.4243,0.528,0.678,0.9995,0.2761,1435.0,1887.0,4.0
7.45,0.08795,0.729,0.919,1.0,-0.546,1353.0,1508.0,5.0
10000.0,0.641,0.945,0.5303,0.999,-0.3235,262.0,451.2,6.0
10000.0,0.0719,0.6426,0.1749,1.0,-0.4287,484.8,943.0,7.0
73.6,0.3298,0.6553,0.6997,0.9995,-0.8037,16.17,77.1,8.0
0.732,0.0225,0.11975,0.8022,0.9995,-0.5713,1324.0,503.0,9.0
10000.0,0.3196,0.9883,0.142,0.9995,-0.7065,1558.0,1984.0,10.0
10000.0,0.7793,0.623,0.3071,0.9995,-0.849,432.5,140.0,11.0
85.75,0.8877,0.6406,0.9233,0.999,0.8174,145.8,1520.0,12.0
10000.0,0.785,0.2361,0.551,1.0,-0.4873,146.4,1084.0,13.0
67.5,0.6055,0.5825,0.8633,0.9995,0.2382,415.2,1283.0,14.0
60.12,0.3506,0.4893,0.743,0.9995,-0.0728,1122.0,1492.0,15.0
50.97,0.167,0.5312,0.63,0.9995,-0.3271,31.52,1471.0,1.0
32.22,0.1617,0.12494,0.624,0.9995,0.269,1875.0,813.5,2.0
16.83,0.3662,0.308,0.9873,0.9995,0.04752,1131.0,116.5,3.0
10000.0,0.9624,0.4858,0.3547,0.9995,0.4814,558.5,1891.0,4.0
17.66,0.126,0.586,0.9053,1.0,0.8267,1675.0,996.0,5.0
10000.0,0.9307,0.901,0.647,0.9995,0.1497,187.4,284.2,6.0
56.78,0.3665,0.2632,0.7026,1.0,0.737,1378.0,1527.0,7.0
33.62,0.3542,0.8945,0.9976,0.999,-0.4805,405.5,1078.0,8.0
21.5,0.48,0.3198,0.9863,0.999,-0.265,478.8,1101.0,9.0
41.2,0.2374,0.4812,0.75,0.9995,-0.2114,502.0,1171.0,10.0
7.098,0.103,0.3562,0.873,1.0,-0.5015,733.5,1093.0,11.0
0.3232,0.06238,0.3074,0.969,0.999,-0.847,1221.0,1963.0,12.0
28.2,0.2317,0.398,0.8184,0.9995,-0.1757,852.5,1025.0,13.0
25.25,0.261,0.6436,0.9224,0.9995,-0.3328,759.5,1036.0,14.0
10000.0,0.947,0.9746,0.401,0.999,0.1661,1837.0,916.5,15.0
71.5,0.09406,0.542,0.4705,1.0,0.6294,464.5,728.0,1.0
10000.0,0.0865,0.9893,0.233,0.9995,-0.612,786.5,1664.0,2.0
13.13,0.07227,0.639,0.8726,1.0,0.733,1575.0,1541.0,3.0
10000.0,0.1448,0.6997,0.0586,0.999,-0.2542,675.5,848.5,4.0
10000.0,0.958,0.668,0.8037,1.0,0.5186,290.8,35.84,5.0
10000.0,0.936,0.3137,0.3308,0.9995,0.6333,1410.0,1550.0,6.0
10000.0,0.692,0.2715,0.1505,0.999,0.01825,1372.0,1992.0,7.0
59.47,0.11475,0.3838,0.496,0.999,-0.2134,223.0,763.0,8.0
10000.0,0.1925,0.591,0.274,0.9995,0.5957,1027.0,1177.0,9.0
10000.0,0.4922,0.7783,0.566,1.0,0.898,1637.0,1139.0,10.0
10000.0,0.915,0.2595,0.1381,0.9995,-0.5723,125.5,1057.0,11.0
10000.0,0.2065,0.883,0.0246,1.0,0.238,1351.0,1936.0,12.0
41.5,0.692,0.3958,0.9614,1.0,0.07904,504.8,738.0,13.0
10000.0,0.277,0.8027,0.4421,0.9995,-0.591,989.5,1480.0,14.0
3.068,0.1505,0.2147,0.9316,0.999,-0.9126,1309.0,1329.0,15.0
10000.0,0.9614,0.98,0.1869,1.0,0.7085,312.8,1635.0,1.0
10000.0,0.9824,0.42,0.6533,0.9995,0.2263,801.0,119.56,2.0
10000.0,0.2751,0.813,0.505,0.999,-0.561,1265.0,186.0,3.0
10000.0,0.7515,0.4187,0.0682,0.9995,-0.1759,1868.0,1087.0,4.0
10000.0,0.671,0.585,0.2524,0.9995,0.6777,237.0,1671.0,5.0
10000.0,0.3523,0.4905,0.0558,0.9995,0.1698,1392.0,213.4,6.0
12.0,0.1603,0.626,0.9834,0.999,-0.0331,988.0,676.5,7.0
94.4,0.3672,0.5327,0.638,1.0,0.1251,740.0,1082.0,8.0
48.25,0.127,0.8853,0.653,0.999,0.2104,1210.0,1910.0,9.0
10000.0,0.6934,0.6714,0.0719,0.9995,0.2593,931.0,964.0,10.0
90.6,0.6274,0.10754,0.5586,0.9995,0.1984,1313.0,1665.0,11.0
10000.0,0.3225,0.811,0.46,0.9995,-0.907,1506.0,212.8,12.0
47.38,0.2507,0.1896,0.6562,1.0,0.755,436.0,597.0,13.0
35.66,0.1953,0.2566,0.691,0.999,0.3123,848.5,1470.0,14.0
10000.0,0.1967,0.9673,0.5244,1.0,-0.8022,1212.0,537.5,15.0
10000.0,0.6724,0.1259,0.3752,1.0,-0.4177,331.0,125.0,1.0
10000.0,0.422,0.1355,0.1344,0.9995,-0.0504,1160.0,969.0,2.0
10000.0,0.951,0.8467,0.69,1.0,0.6255,186.2,817.5,3.0
42.84,0.2854,0.4846,0.7676,0.9995,-0.692,491.5,1070.0,4.0
10000.0,0.3655,0.9336,0.4192,1.0,-0.995,640.5,1770.0,5.0
10000.0,0.286,0.5044,0.4924,0.9995,-0.01915,803.5,1213.0,6.0
10000.0,0.766,0.7856,0.07446,0.9995,0.0503,1489.0,259.2,7.0
10000.0,0.05518,0.657,0.02864,0.999,0.573,1354.0,283.5,8.0
10000.0,0.657,0.721,0.4836,1.0,-0.865,1692.0,258.2,9.0
10000.0,0.447,0.941,0.1553,0.9995,-0.4934,260.5,1630.0,10.0
10000.0,0.895,0.8657,0.4006,0.9995,0.0101,1553.0,1945.0,11.0
10000.0,0.3452,0.1917,0.4639,0.999,0.2319,1668.0,34.28,12.0
10000.0,0.3516,0.662,0.2032,0.9995,-0.4446,189.5,1914.0,13.0
50.1,0.2832,0.3677,0.7026,0.999,-0.0856,875.0,1960.0,14.0
97.9,0.935,0.5293,0.8423,0.9995,-0.4817,1550.0,1516.0,15.0
37.44,0.10504,0.591,0.5933,0.9995,-0.841,383.2,601.0,1.0
10000.0,0.8257,0.4377,0.1328,0.9995,-0.0611,254.0,515.5,2.0
55.9,0.1815,0.9946,0.7188,0.9995,0.1614,1102.0,391.0,3.0
10000.0,0.758,0.9287,0.607,0.9995,-0.827,1712.0,174.4,4.0
10000.0,0.7925,0.994,0.2157,0.9995,0.3887,766.5,33.3,5.0
33.94,0.5967,0.1376,0.8545,0.9995,0.1389,1143.0,419.2,6.0
10000.0,0.1542,0.448,0.1422,0.999,-0.4167,719.5,338.5,7.0
10000.0,0.05273,0.569,0.3176,0.9995,0.7393,1037.0,57.88,8.0
69.6,0.2382,0.4175,0.62,0.9995,0.8716,40.28,1662.0,9.0
10000.0,0.932,0.9106,0.02092,1.0,-0.04785,91.06,585.5,10.0
23.08,0.3557,0.2263,0.889,0.9995,-0.00885,842.0,1893.0,11.0
10.85,0.12115,0.633,0.889,0.9995,-0.864,911.5,363.5,12.0
10000.0,0.794,0.6826,0.5312,0.9995,-0.3137,342.8,912.0,13.0
10000.0,0.3645,0.5254,0.08466,0.9995,0.8984,1376.0,605.5,14.0
68.0,0.6533,0.8916,0.993,1.0,0.695,1149.0,601.0,15.0
10000.0,0.2328,0.2457,0.2196,0.999,-0.3064,375.0,1693.0,1.0
10000.0,0.53,0.379,0.4731,0.9995,0.8276,44.0,1254.0,2.0
10000.0,0.5015,0.2401,0.4849,0.9995,0.891,1098.0,1182.0,3.0
59.22,0.2568,0.6523,0.715,0.9995,-0.1545,1473.0,251.1,4.0
10000.0,0.5635,0.852,0.5547,0.999,0.4565,1708.0,619.5,5.0
0.3328,0.011665,0.647,0.7603,0.999,-0.2332,907.0,1980.0,6.0
8.195,0.05945,0.7603,0.843,0.9995,-0.2737,247.6,15.16,7.0
10000.0,0.837,0.9634,0.844,1.0,-0.2153,1404.0,59.12,8.0
10000.0,0.9443,0.4177,0.7925,1.0,0.1799,936.5,262.5,9.0
10000.0,0.767,0.268,0.2937,0.9995,0.4734,590.5,293.0,10.0
10000.0,0.7383,0.9614,0.885,0.999,0.1337,947.0,1598.0,11.0
10000.0,0.3708,0.85,0.135,0.9995,0.9204,373.0,1819.0,12.0
10000.0,0.99,0.4368,0.3206,0.9995,0.02687,1862.0,201.0,13.0
18.02,0.1735,0.237,0.7666,0.9995,-0.515,104.75,862.0,14.0
69.6,0.7476,0.5024,0.888,0.9995,0.743,277.5,1891.0,15.0
10000.0,0.74,0.6255,0.7456,0.9995,0.005302,84.2,720.5,1.0
10000.0,0.2339,0.211,0.08984,0.9995,-0.3027,1659.0,794.0,2.0
10000.0,0.803,0.931,0.1459,0.999,0.798,364.5,1123.0,3.0
69.8,0.8213,0.4705,0.874,1.0,-0.8066,1306.0,82.06,4.0
4.465,0.07697,0.2256,0.9336,0.9995,0.2089,1350.0,1037.0,5.0
10000.0,0.9233,0.6855,0.6763,1.0,-0.01282,1227.0,828.5,6.0
10000.0,0.3635,0.482,0.517,0.999,0.1274,210.6,580.5,7.0
10000.0,0.3474,0.6895,0.542,0.999,0.8257,436.8,887.0,8.0
53.4,0.271,0.2793,0.6475,1.0,-0.2222,886.5,847.0,9.0
10000.0,0.3142,0.606,0.29,0.999,0.9287,1805.0,393.5,10.0
10000.0,0.6772,0.479,0.6763,1.0,-0.9424,952.5,94.1,11.0
10000.0,0.7017,0.3374,0.6865,0.999,-0.0561,1271.0,1093.0,12.0
12.53,0.2512,0.1241,0.871,0.9995,-0.253,1616.0,1190.0,13.0
27.27,0.2118,0.2988,0.7534,1.0,-0.4292,249.9,1574.0,14.0
10000.0,0.6143,0.978,0.27,0.9995,0.4739,1734.0,976.0,15.0
36.94,0.1824,0.671,0.7466,0.9995,-0.6777,1074.0,1536.0,1.0
82.06,0.3577,0.591,0.6987,0.999,0.906,1203.0,1561.0,2.0
77.4,0.2064,0.9033,0.6323,1.0,-0.3733,988.5,1883.0,3.0
10000.0,0.2439,0.823,0.3438,0.999,-0.218,250.9,196.9,4.0
10000.0,0.115,0.2788,0.2673,0.9995,0.674,444.0,3.559,5.0
10000.0,0.65,0.3552,0.4778,0.9995,-1.0,1742.0,1117.0,6.0
44.25,0.1573,0.364,0.6265,0.9995,0.2107,1554.0,1093.0,7.0
10000.0,0.3381,0.1091,0.1381,0.9995,-0.2737,1409.0,1074.0,8.0
10000.0,0.2246,0.872,0.4717,0.9995,0.3855,1252.0,616.0,9.0
16.47,0.08453,0.6245,0.785,1.0,0.1613,68.25,73.9,10.0
65.4,0.2576,0.156,0.561,0.999,0.8877,651.5,424.8,11.0
21.42,0.2062,0.3325,0.7944,0.999,-0.8633,1541.0,384.2,12.0
11.375,0.1344,0.2742,0.797,1.0,-0.785,1058.0,107.3,13.0
94.2,0.7744,0.2932,0.7026,0.9995,-0.4663,1146.0,1351.0,14.0
10000.0,0.975,0.3386,0.4163,0.999,0.4739,46.44,1225.0,15.0
58.78,0.2634,0.7603,0.751,0.9995,-0.0712,42.47,1173.0,1.0
83.5,0.951,0.3545,0.8223,0.9995,-0.4338,752.5,228.8,2.0
10000.0,0.1078,0.3198,0.2322,1.0,0.426,713.0,785.5,3.0
24.28,0.2432,0.3657,0.8584,0.999,-0.0548,1460.0,853.0,4.0
10000.0,0.05243,0.5605,0.3237,0.9995,-0.667,717.0,705.0,5.0
10000.0,0.1453,0.942,0.2854,1.0,0.3145,502.0,760.5,6.0
55.66,0.149,0.5127,0.5728,0.999,-0.5737,189.0,1925.0,7.0
74.7,0.398,0.6133,0.7397,0.9995,-0.372,924.0,1430.0,8.0
66.6,0.3464,0.55,0.719,0.9995,-0.4568,36.72,1529.0,9.0
46.22,0.2593,0.333,0.694,0.999,-0.10016,1696.0,742.5,10.0
10000.0,0.1552,0.9824,0.4204,0.9995,0.3018,1556.0,235.0,11.0
64.3,0.9316,0.507,0.987,0.9995,0.781,569.0,233.8,12.0
35.16,0.5415,0.206,0.862,0.9995,0.04016,1572.0,181.0,13.0
87.75,0.4998,0.6807,0.7617,0.999,-0.6353,1328.0,1889.0,14.0
10000.0,0.642,0.574,0.2808,1.0,-0.7217,192.0,1602.0,15.0
10000.0,0.799,0.9507,0.671,0.9995,0.3953,758.5,1182.0,1.0
10000.0,0.5967,0.6943,0.07666,0.9995,-0.761,833.5,230.4,2.0
10000.0,0.759,0.844,0.4119,0.9995,-0.7285,643.5,1023.0,3.0
10000.0,0.755,0.889,0.564,0.9995,-0.276,672.0,1888.0,4.0
10000.0,0.674,0.68,0.613,0.999,-0.4226,459.8,1126.0,5.0
10000.0,0.632,0.3618,0.0429,0.9995,0.587,859.5,708.0,6.0
10000.0,0.5312,0.2546,0.0527,0.9995,-0.513,636.5,1969.0,7.0
10000.0,0.385,0.828,0.564,0.9995,0.791,234.6,602.5,8.0
46.25,0.501,0.5967,0.9126,0.9995,-0.2045,1215.0,533.5,9.0
10000.0,0.716,0.7075,0.1233,0.9995,-0.865,1847.0,394.2,10.0
10000.0,0.7646,0.377,0.481,0.999,-0.05145,289.5,885.0,11.0
54.47,0.5117,0.602,0.8867,0.9995,0.2654,1159.0,1404.0,12.0
62.88,0.5317,0.5493,0.842,0.9995,0.01825,1350.0,711.5,13.0
10000.0,0.1726,0.2384,0.1656,0.9995,0.586,333.2,1408.0,14.0
7.254,0.04486,0.62,0.8877,0.9995,0.4922,1049.0,752.5,15.0
10000.0,0.3894,0.3538,0.241,0.999,0.3188,1687.0,1496.0,1.0
27.42,0.1168,0.1371,0.55,0.999,-0.933,912.0,1559.0,2.0
43.4,0.2622,0.251,0.6904,0.999,0.2391,721.0,892.0,3.0
10000.0,0.374,0.5273,0.4543,1.0,0.9673,253.9,1372.0,4.0
46.5,0.564,0.6323,0.96,1.0,0.05832,1270.0,1835.0,5.0
53.75,0.5195,0.49,0.863,0.9995,0.2776,1224.0,1289.0,6.0
46.44,0.4824,0.497,0.8823,0.9995,0.04382,632.5,580.5,7.0
20.47,0.4,0.4094,0.977,0.9995,-0.4822,580.0,74.75,8.0
58.1,0.9316,0.3376,0.9004,1.0,-0.836,655.0,672.5,9.0
56.97,0.3396,0.637,0.7983,0.9995,0.2837,751.5,1257.0,10.0
39.8,0.4497,0.388,0.8696,0.9995,-0.0708,936.0,1092.0,11.0
9.37,0.2937,0.2054,0.946,0.9995,-0.7144,843.5,581.0,12.0
0.2898,0.03793,0.2542,0.836,0.9995,-0.898,564.5,807.0,13.0
34.3,0.4194,0.4905,0.9136,0.9995,-0.2542,1009.0,1369.0,14.0
10000.0,0.0901,0.2184,0.2288,0.999,-0.4216,622.5,1109.0,15.0
54.66,0.149,0.602,0.6074,0.9995,-0.04697,1158.0,994.5,1.0
29.38,0.2286,0.871,0.936,0.999,0.6553,631.0,1808.0,2.0
94.75,0.927,0.3276,0.7803,0.9995,0.4927,1869.0,118.25,3.0
32.66,0.1361,0.745,0.714,0.9995,-0.835,932.0,1362.0,4.0
46.25,0.1185,0.721,0.6226,0.9995,0.1647,411.2,1028.0,5.0
15.31,0.1621,0.5884,0.933,0.999,0.0818,405.5,895.0,6.0
87.7,0.2524,0.957,0.663,0.999,0.0895,1280.0,1247.0,7.0
54.84,0.41,0.489,0.801,0.9995,-0.1836,445.5,491.8,8.0
42.53,0.2898,0.4749,0.7935,0.9995,-0.01704,575.0,716.5,9.0
9.59,0.1902,0.1674,0.9546,0.9995,0.3665,8.266,680.0,10.0
9.5,0.1847,0.5176,0.9917,0.9995,-0.608,379.8,283.0,11.0
10000.0,0.795,0.3667,0.2131,0.999,0.10004,1260.0,1634.0,12.0
10000.0,0.12115,0.251,0.3079,0.9995,-0.5737,1862.0,1656.0,13.0
37.38,0.2139,0.57,0.778,0.9995,-0.1615,1083.0,525.0,14.0
28.3,0.2104,0.504,0.827,0.9995,-0.183,735.5,644.0,15.0
47.47,0.426,0.1859,0.728,1.0,0.09235,1259.0,1565.0,1.0
10000.0,0.153,0.344,0.3057,0.999,0.4033,19.39,581.0,2.0
0.4268,0.0251,0.1624,0.5957,1.0,-0.932,1842.0,1394.0,3.0
47.44,0.2854,0.4705,0.743,0.9995,-0.475,665.5,1203.0,4.0
10000.0,0.805,0.6167,0.717,1.0,0.261,213.9,511.5,5.0
64.4,0.7236,0.2903,0.8076,0.9995,-0.04074,948.5,724.0,6.0
51.0,0.5015,0.3364,0.8057,0.9995,-0.27,1169.0,852.5,7.0
10000.0,0.7637,0.9336,0.04315,0.999,-0.2416,927.0,1063.0,8.0
20.47,0.2256,0.3853,0.848,0.999,-0.781,1133.0,636.5,9.0
8.086,0.07416,0.467,0.766,0.999,-0.9463,1430.0,295.5,10.0
38.4,0.267,0.414,0.7646,0.9995,-0.4739,1009.0,948.0,11.0
10000.0,0.9126,0.487,0.6,0.999,0.3088,137.0,288.5,12.0
10000.0,0.202,0.8643,0.2786,0.9995,-0.068,1266.0,1287.0,13.0
4.535,0.05075,0.364,0.766,0.999,-0.5405,1415.0,718.5,14.0
21.47,0.707,0.1418,0.9585,1.0,-0.4822,1351.0,1438.0,15.0
10000.0,0.7725,0.534,0.724,0.9995,-0.3052,417.5,30.27,1.0
10000.0,0.3645,0.645,0.4912,0.999,0.881,94.4,652.0,2.0
70.94,0.7944,0.653,0.952,0.999,0.6772,1360.0,1240.0,3.0
58.8,0.2964,0.6978,0.7617,0.9995,-0.2365,1361.0,1258.0,4.0
10000.0,0.643,0.4705,0.555,0.9995,-0.266,560.0,1824.0,5.0
48.34,0.0793,0.655,0.527,0.9995,0.6797,447.8,483.8,6.0
52.22,0.2605,0.6543,0.7524,0.9995,-0.2517,1221.0,1452.0,7.0
10000.0,0.1249,0.8716,0.2433,0.9995,0.05637,714.0,1023.5,8.0
45.12,0.1655,0.4358,0.6416,0.9995,-0.1763,799.0,927.5,9.0
51.62,0.322,0.6245,0.808,0.9995,0.1439,941.5,1218.0,10.0
39.6,0.3672,0.2212,0.7705,0.9995,0.2542,787.5,471.8,11.0
10000.0,0.9004,0.2856,0.3093,0.999,-0.4565,911.0,462.0,12.0
48.56,0.05054,0.5757,0.471,0.9995,0.261,940.5,69.1,13.0
10.46,0.2372,0.1448,0.888,0.9995,-0.3823,1569.0,646.5,14.0
29.64,0.2455,0.3865,0.8364,1.0,0.4058,792.5,400.0,15.0
38.72,0.1556,0.991,0.755,0.9995,-0.8096,147.5,471.5,1.0
50.2,0.2141,0.4548,0.6807,0.999,0.1637,1322.0,1354.0,2.0
45.7,0.1257,0.6753,0.6123,0.9995,-0.5264,1366.0,1435.0,3.0
22.55,0.4548,0.3657,0.9443,0.9995,-0.957,1839.0,1919.0,4.0
37.7,0.2163,0.449,0.742,0.9995,-0.1948,1176.0,1210.0,5.0
10000.0,0.761,0.857,0.17,1.0,0.367,1044.0,170.4,6.0
10000.0,0.6763,0.3486,0.1278,0.9995,0.4512,1167.0,1227.0,7.0
10000.0,0.851,0.6685,0.5776,0.9995,-0.08685,1133.0,833.0,8.0
10000.0,0.725,0.826,0.7856,0.9995,0.1744,1227.0,1507.0,9.0
9.42,0.1509,0.3474,0.924,0.9995,-0.2642,482.5,545.0,10.0
10000.0,0.2092,0.2339,0.08386,0.9995,0.4028,1789.0,1910.0,11.0
10000.0,0.3884,0.6963,0.2235,0.999,0.6055,1352.0,1512.0,12.0
52.5,0.565,0.5894,0.9126,0.9995,0.02823,1248.0,1024.0,13.0
33.12,0.298,0.269,0.761,0.9995,-0.592,1301.0,1175.0,14.0
7.938,0.0683,0.6846,0.9414,0.9995,0.4238,920.5,964.0,15.0
77.6,0.4473,0.9727,0.846,1.0,-0.5,1085.0,1048.0,1.0
51.62,0.3284,0.7554,0.8345,0.9995,-0.2646,1004.0,1167.0,2.0
56.75,0.3772,0.609,0.803,0.9995,-0.3452,1095.0,1580.0,3.0
54.53,0.4294,0.4436,0.8047,0.9995,0.1097,802.0,952.5,4.0
55.16,0.278,0.449,0.696,0.9995,-0.2207,762.0,835.0,5.0
10000.0,0.991,0.3132,0.1196,0.9995,-0.7095,1177.0,868.0,6.0
10000.0,0.4375,0.6367,0.605,0.9995,0.591,1300.0,277.2,7.0
88.06,0.869,0.792,0.9565,0.9995,0.1315,1730.0,1126.0,8.0
60.6,0.01458,0.9053,0.381,0.999,-0.5405,1520.0,1170.0,9.0
45.34,0.2817,0.4968,0.774,0.9995,-0.07416,821.5,1101.0,10.0
64.9,0.5903,0.637,0.882,0.9995,0.01017,1320.0,1210.0,11.0
23.67,0.2556,0.4658,0.9087,0.9995,0.2219,504.5,1188.0,12.0
57.9,0.152,0.702,0.606,0.999,-0.336,1190.0,1240.0,13.0
7.21,0.10754,0.522,0.9897,0.9995,0.2367,1362.0,517.5,14.0
7.266,0.07623,0.5283,0.9404,0.999,0.337,989.0,1638.0,15.0
10000.0,0.4165,0.2228,0.381,1.0,0.5317,1331.0,1975.0,1.0
58.8,0.175,0.4158,0.572,0.9995,-0.537,943.0,748.0,2.0
71.5,0.2705,0.586,0.654,0.9995,-0.5366,1244.0,147.6,3.0
35.5,0.2534,0.2251,0.7207,0.9995,0.1876,1329.0,1597.0,4.0
1.268,0.01399,0.4653,0.7515,0.999,0.02702,1735.0,1410.0,5.0
10000.0,0.837,0.548,0.3857,0.9995,-0.345,1272.0,400.5,6.0
81.5,0.648,0.6274,0.8335,1.0,-0.3506,1186.0,1826.0,7.0
10000.0,0.04398,0.4443,0.1578,0.9995,0.8037,1193.0,1398.0,8.0
70.56,0.271,0.751,0.7075,0.9995,0.3438,1372.0,1675.0,9.0
10.14,0.1091,0.1901,0.9136,0.999,0.6255,1863.0,1837.0,10.0
1.678,0.08057,0.1523,0.898,0.9995,-0.3545,1727.0,884.5,11.0
25.6,0.09357,0.356,0.6206,0.9995,-0.3599,1053.0,1128.0,12.0
55.56,0.4033,0.5454,0.81,0.9995,-0.2057,1348.0,1486.0,13.0
69.9,0.706,0.8374,0.9907,1.0,0.692,1570.0,1493.0,14.0
46.25,0.3552,0.4634,0.805,0.9995,-0.243,1618.0,1154.0,15.0
15.73,0.688,0.1288,0.995,0.999,-0.6646,1339.0,1833.0,1.0
66.0,0.6797,0.507,0.874,0.9995,0.2429,902.0,1087.0,2.0
50.8,0.5786,0.4426,0.8784,0.9995,-0.05814,819.5,563.5,3.0
29.83,0.214,0.8247,0.911,1.0,0.7065,1630.0,975.5,4.0
10000.0,0.8716,0.2551,0.1125,0.999,0.61,1601.0,132.8,5.0
9.66,0.2146,0.223,0.8955,0.9995,-0.744,1015.0,653.5,6.0
21.05,0.1416,0.1395,0.7554,1.0,0.88,252.8,1376.0,7.0
46.75,0.5776,0.313,0.8525,0.9995,0.0187,601.5,554.0,8.0
38.6,0.25,0.4934,0.7593,0.9995,-0.878,1284.0,1869.0,9.0
41.2,0.4565,0.4192,0.867,0.9995,-0.3164,1058.0,888.0,10.0
7.51,0.242,0.1256,0.9062,1.0,-0.5396,753.5,1832.0,11.0
10000.0,0.8447,0.9873,0.908,1.0,-0.525,501.8,1913.0,12.0
17.38,0.2769,0.3684,0.976,1.0,0.5312,785.5,792.5,13.0
10000.0,0.4412,0.561,0.4597,1.0,0.818,595.0,65.4,14.0
25.78,0.3396,0.4583,0.918,1.0,-0.4387,492.8,607.0,15.0
70.56,0.814,0.3481,0.847,0.999,0.6343,1017.5,1817.0,1.0
13.76,0.10376,0.6055,0.9478,0.999,0.856,98.25,1314.0,2.0
19.22,0.3877,0.3455,0.985,0.9995,0.0353,1550.0,69.4,3.0
10000.0,0.7036,0.6577,0.1722,1.0,-0.6123,939.0,1463.0,4.0
52.9,0.5293,0.3918,0.8438,0.9995,0.4868,930.5,1382.0,5.0
39.2,0.267,0.649,0.8457,0.9995,0.2568,695.0,581.0,6.0
66.5,0.611,0.3186,0.7827,0.9995,0.493,582.5,976.5,7.0
23.52,0.2585,0.31,0.8916,0.9995,0.676,1580.0,1214.0,8.0
61.5,0.99,0.4663,0.9966,1.0,0.1373,843.5,709.5,9.0
52.25,0.623,0.5034,0.913,0.9995,0.2488,937.5,848.0,10.0
43.38,0.2678,0.472,0.773,0.9995,0.1625,1170.0,916.0,11.0
45.25,0.3918,0.4185,0.832,0.9995,0.3635,1006.0,1152.0,12.0
16.16,0.1794,0.4265,0.9404,0.9995,0.635,787.5,1044.0,13.0
42.53,0.4238,0.4534,0.873,0.9995,0.4065,955.5,850.0,14.0
6.258,0.04443,0.591,0.8896,0.9995,0.3948,1178.0,527.5,15.0
10000.0,0.03516,0.746,0.128,1.0,-0.78,1142.0,244.2,1.0
62.25,0.345,0.519,0.7407,1.0,0.05853,822.5,1000.0,2.0
10000.0,0.551,0.3926,0.4211,0.9995,-0.8076,1566.0,754.5,3.0
10000.0,0.533,0.864,0.0804,0.9995,-0.628,729.0,1037.0,4.0
10000.0,0.758,0.991,0.176,0.999,-0.1265,392.8,704.0,5.0
10000.0,0.973,0.907,0.02437,0.9995,0.3967,1415.0,416.8,6.0
65.25,0.7837,0.5024,0.9116,1.0,0.239,1046.0,1841.0,7.0
10000.0,0.03827,0.1396,0.2646,0.9995,0.8696,975.5,696.0,8.0
15.086,0.0367,0.543,0.5703,0.999,-0.2303,1372.0,1509.0,9.0
10000.0,0.4385,0.1813,0.01917,0.999,0.6055,1093.0,1339.0,10.0
87.9,0.2703,0.581,0.6,0.999,-0.3142,1090.0,171.6,11.0
57.94,0.2815,0.507,0.706,0.9995,-0.0887,1136.0,692.5,12.0
8.76,0.158,0.3774,0.9834,0.999,0.1423,1269.0,1051.0,13.0
53.66,0.5425,0.764,0.951,0.999,0.1636,955.0,1538.0,14.0
46.38,0.09814,0.6665,0.5635,0.9995,-0.158,501.5,1736.0,15.0
76.0,0.826,0.1192,0.7036,0.9995,0.6816,1514.0,1576.0,1.0
10000.0,0.855,0.568,0.5176,0.999,-0.574,1783.0,610.0,2.0
10000.0,0.8613,0.2395,0.547,1.0,0.423,1166.0,733.5,3.0
67.6,0.2113,0.551,0.6104,0.9995,-0.393,963.5,741.5,4.0
44.5,0.6934,0.3213,0.883,0.999,-0.824,179.9,82.75,5.0
35.66,0.1522,0.6006,0.7505,0.999,0.9126,298.8,1169.0,6.0
44.53,0.2625,0.5703,0.789,1.0,0.2014,1226.0,1246.0,7.0
59.88,0.665,0.3018,0.8037,0.9995,-0.3616,1189.0,421.2,8.0
48.9,0.2603,0.468,0.7183,0.9995,-0.2627,953.0,709.0,9.0
50.66,0.4739,0.3772,0.8125,0.9995,-0.2646,1004.5,599.0,10.0
31.27,0.4155,0.412,0.9277,0.999,0.4458,617.0,782.5,11.0
46.0,0.4453,0.3198,0.8037,0.9995,-0.2032,1293.0,741.0,12.0
56.2,0.5493,0.2646,0.783,0.9995,0.4155,1154.0,1227.0,13.0
39.03,0.2676,0.3945,0.7744,0.9995,0.05777,1203.0,819.0,14.0
10.516,0.0955,0.4897,0.885,0.9995,0.1329,589.5,880.0,15.0
75.9,0.528,0.6006,0.7993,0.9995,-0.296,978.0,867.0,1.0
10000.0,0.6523,0.9756,0.2386,1.0,0.3015,622.0,1623.0,2.0
90.56,0.2263,0.5913,0.554,0.999,-0.38,1240.0,1270.0,3.0
51.7,0.10126,0.908,0.587,0.999,0.6006,1021.0,914.0,4.0
10000.0,0.6626,0.992,0.2551,0.9995,0.9307,295.0,1070.0,5.0
10000.0,0.1667,0.8447,0.4585,0.9995,-0.05157,1571.0,1714.0,6.0
60.75,0.1737,0.721,0.6377,0.9995,0.02357,926.5,757.0,7.0
10000.0,0.2947,0.5703,0.1558,1.0,0.4448,415.8,1335.0,8.0
10000.0,0.8345,0.2515,0.305,0.9995,0.258,1227.0,1243.0,9.0
75.44,0.6978,0.5454,0.864,0.9995,0.8345,1669.0,846.0,10.0
2.717,0.01942,0.437,0.7446,0.9995,0.0954,1749.0,1491.0,11.0
10000.0,0.6646,0.652,0.594,0.999,-0.5957,1532.0,496.0,12.0
63.25,0.5474,0.5874,0.8555,0.9995,-0.04068,1533.0,1372.0,13.0
52.56,0.3987,0.506,0.8145,0.9995,-0.074,1530.0,1332.0,14.0
55.88,0.1819,0.5537,0.641,0.9995,0.1327,1183.0,1112.0,15.0
10000.0,0.10004,0.6177,0.2344,0.999,-0.3967,371.5,144.2,1.0
10000.0,0.438,0.3335,0.5713,1.0,-0.9077,409.2,1952.0,2.0
29.12,0.2434,0.6704,0.925,0.9995,0.931,1579.0,403.2,3.0
10000.0,0.677,0.4436,0.6157,0.9995,-0.7656,1175.0,1008.0,4.0
58.7,0.4785,0.698,0.8696,0.9995,-0.331,795.0,858.0,5.0
63.03,0.558,0.268,0.752,0.9995,0.2632,494.2,79.06,6.0
10000.0,0.7705,0.4175,0.36,0.9995,0.594,934.0,866.0,7.0
59.12,0.4329,0.3384,0.751,0.9995,0.4355,1132.0,1265.0,8.0
10000.0,0.688,0.943,0.812,0.9995,0.08325,1043.0,939.0,9.0
22.72,0.1936,0.7485,0.885,0.9995,-0.835,951.5,265.5,10.0
10000.0,0.1803,0.417,0.3257,0.999,-0.858,1000.5,1998.0,11.0
10000.0,0.3767,0.4563,0.528,1.0,-0.06525,711.5,447.8,12.0
10000.0,0.07245,0.353,0.293,0.9995,0.729,276.0,1933.0,13.0
35.9,0.508,0.2798,0.8413,0.9995,-0.989,124.44,901.5,14.0
18.83,0.2407,0.1921,0.829,0.9995,-0.2167,1052.0,285.2,15.0
56.94,0.9556,0.2937,0.9326,1.0,0.8403,284.8,102.25,1.0
20.88,0.3325,0.435,0.9746,0.9995,0.2522,1138.0,1660.0,2.0
0.6953,0.02849,0.29,0.9873,0.9995,-0.5474,1575.0,1520.0,3.0
10000.0,0.1904,0.6333,0.3848,1.0,-0.4902,1586.0,607.0,4.0
51.0,0.2698,0.4446,0.726,0.9995,0.4617,883.0,1575.0,5.0
10000.0,0.4822,0.4353,0.5317,0.9995,0.3867,1707.0,1222.0,6.0
10000.0,0.6997,0.523,0.04245,1.0,-0.5566,1347.0,294.5,7.0
45.34,0.574,0.425,0.9087,0.9995,0.4712,686.0,649.5,8.0
36.5,0.1971,0.4622,0.73,0.999,-0.2559,652.5,1552.0,9.0
27.56,0.1951,0.462,0.806,0.9995,-0.1564,844.5,1389.0,10.0
34.84,0.2532,0.4927,0.824,0.9995,0.1407,899.5,1436.0,11.0
10000.0,0.8647,0.7246,0.12134,0.9995,0.444,1272.0,282.0,12.0
26.83,0.1941,0.3738,0.795,0.999,0.09424,942.5,1342.0,13.0
37.8,0.3345,0.7314,0.9155,0.9995,0.05862,805.0,940.5,14.0
10000.0,0.9717,0.1675,0.3699,0.9995,0.04288,331.2,417.5,15.0
65.06,0.519,0.539,0.813,0.9995,-0.5864,1178.0,383.0,1.0
10000.0,0.8926,0.9136,0.3818,0.999,0.8125,1224.0,867.5,2.0
10000.0,0.52,0.3987,0.2456,1.0,-0.5034,667.0,990.0,3.0
62.97,0.4668,0.6265,0.842,0.999,0.5273,832.5,1390.0,4.0
79.9,0.639,0.5474,0.8086,0.9995,-0.453,1284.0,1062.0,5.0
10000.0,0.11975,0.592,0.1412,0.9995,-0.5713,1068.0,1282.0,6.0
25.67,0.2177,0.2277,0.726,0.9995,-0.6323,977.5,1687.0,7.0
64.3,0.6562,0.7173,0.9385,1.0,0.1903,1372.0,430.8,8.0
72.2,0.4614,0.6885,0.812,0.9995,-0.01956,1125.0,957.0,9.0
14.34,0.1279,0.3347,0.804,0.999,-0.3386,752.0,620.5,10.0
10000.0,0.5723,0.5996,0.509,0.9995,-0.84,399.0,747.5,11.0
54.06,0.4795,0.341,0.772,0.9995,-0.6255,575.0,576.5,12.0
51.2,0.3318,0.5156,0.7705,0.9995,-0.526,1074.0,629.5,13.0
37.2,0.3374,0.428,0.8667,1.0,0.771,6.008,791.5,14.0
58.62,0.534,0.9463,0.9873,0.999,0.3027,362.2,901.5,15.0
73.9,0.5093,0.729,0.8413,0.9995,0.341,1495.0,399.5,1.0
10000.0,0.334,0.709,0.1637,0.9995,0.148,1022.5,1845.0,2.0
70.06,0.557,0.3394,0.7427,0.9995,-0.251,1111.0,1021.0,3.0
10000.0,0.4297,0.672,0.2952,0.9995,-0.12445,726.5,1018.0,4.0
24.27,0.2336,0.3103,0.8633,0.9995,0.6226,1021.5,1106.0,5.0
10000.0,0.7866,0.295,0.1461,0.9995,0.771,588.0,1358.0,6.0
6.457,0.02197,0.7,0.668,1.0,0.08185,321.2,259.0,7.0
45.7,0.3064,0.5166,0.8027,0.9995,0.1932,909.0,1004.0,8.0
76.6,0.5566,0.3665,0.7334,0.999,-0.0518,712.5,1861.0,9.0
10000.0,0.96,0.7793,0.5786,0.9995,-0.9985,1098.0,987.5,10.0
43.47,0.2003,0.6006,0.7344,0.9995,0.07715,942.5,1502.0,11.0
13.1,0.1304,0.244,0.803,0.9995,-0.1821,619.0,1592.0,12.0
53.7,0.4036,0.541,0.8267,0.9995,0.243,1167.0,800.5,13.0
54.97,0.3943,0.365,0.7505,0.9995,-0.0933,760.0,1462.0,14.0
48.2,0.1613,0.453,0.636,0.9995,0.3386,574.5,931.0,15.0
10000.0,0.3433,0.2761,0.1302,0.999,-0.61,873.5,1466.0,1.0
21.47,0.6035,0.2397,0.993,0.9995,-0.493,103.06,1038.0,2.0
10000.0,0.1087,0.2756,0.1884,1.0,-0.8213,695.0,1377.0,3.0
10000.0,0.5483,0.575,0.4805,1.0,0.601,634.0,1754.0,4.0
10000.0,0.6587,0.361,0.0965,0.9995,-0.2532,1154.0,1649.0,5.0
62.1,0.3198,0.5493,0.731,0.9995,-0.05026,1501.0,1093.0,6.0
22.84,0.5522,0.10834,0.922,0.9995,0.3623,1821.0,947.5,7.0
91.56,0.5215,0.609,0.749,0.9995,-0.03204,576.5,736.5,8.0
57.78,0.5576,0.5747,0.883,0.9995,0.256,998.0,1120.0,9.0
50.9,0.3784,0.4077,0.774,0.9995,-0.263,760.5,453.5,10.0
48.88,0.3862,0.419,0.8003,0.9995,-0.04178,1349.0,885.0,11.0
45.8,0.4395,0.419,0.8486,0.9995,0.2344,1103.0,940.0,12.0
58.6,0.4102,0.45,0.775,0.9995,0.01999,915.0,745.0,13.0
26.81,0.3665,0.1664,0.8228,0.9995,-0.1469,1817.0,1007.0,14.0
10000.0,0.4558,0.251,0.2932,1.0,-0.9663,756.0,1587.0,15.0
10000.0,0.7407,0.857,0.22,0.999,-0.915,744.0,307.5,1.0
10000.0,0.7065,0.9863,0.129,0.9995,0.719,1234.0,1053.0,2.0
62.78,0.2483,0.3792,0.631,0.999,0.0881,1171.0,1261.0,3.0
22.86,0.0822,0.6074,0.7124,0.9995,0.4775,747.0,346.2,4.0
10000.0,0.9443,0.5464,0.0819,0.9995,0.6084,449.0,1724.0,5.0
10000.0,0.3833,0.68,0.2008,0.999,0.009705,1175.0,51.75,6.0
51.22,0.5825,0.4973,0.9043,0.9995,0.4722,790.5,401.5,7.0
10000.0,0.327,0.9326,0.5312,0.9995,-0.244,961.0,1076.0,8.0
10000.0,0.6147,0.1871,0.02711,1.0,0.9326,1166.0,315.5,9.0
10000.0,0.2021,0.242,0.01707,1.0,0.8555,250.2,1866.0,10.0
25.22,0.2263,0.832,0.9756,0.9995,0.856,1075.0,1470.0,11.0
23.53,0.4536,0.4346,0.9697,0.999,-0.9106,1464.0,878.5,12.0
44.03,0.3354,0.6543,0.8594,0.9995,-0.118,1354.0,853.5,13.0
10000.0,0.9014,0.3237,0.1555,1.0,-0.1366,331.8,1130.0,14.0
49.7,0.495,0.5205,0.8813,0.999,0.2898,1600.0,236.2,15.0
10000.0,0.6465,0.4275,0.2017,0.9995,-0.3557,119.1,86.2,1.0
10000.0,0.4756,0.4258,0.602,1.0,-0.9,213.8,426.0,2.0
10000.0,0.9854,0.6665,0.186,1.0,-0.988,1435.0,357.8,3.0
53.06,0.862,0.4653,0.9707,0.9995,-0.741,1068.0,1825.0,4.0
69.2,0.518,0.591,0.825,1.0,0.2202,1610.0,1286.0,5.0
81.4,0.564,0.9805,0.903,0.999,-0.1263,1789.0,1263.0,6.0
10000.0,0.528,0.3564,0.5015,1.0,-0.6646,1191.0,1526.0,7.0
70.6,0.6245,0.615,0.863,0.9995,-0.1704,1400.0,206.0,8.0
10000.0,0.599,0.3398,0.3108,0.999,0.8384,1537.0,1907.0,9.0
10000.0,0.8345,0.6323,0.1192,0.999,-0.829,764.0,164.5,10.0
57.9,0.404,0.7065,0.8535,0.999,0.6113,1570.0,1962.0,11.0
35.56,0.497,0.2869,0.851,0.999,-0.75,125.8,196.8,12.0
7.027,0.02075,0.7583,0.637,0.9995,0.002262,1729.0,548.5,13.0
66.44,0.475,0.5586,0.801,0.9995,-0.2737,1339.0,681.5,14.0
47.8,0.1709,0.3755,0.6104,0.9995,-0.3618,1416.0,1175.0,15.0
44.38,0.2261,0.605,0.7515,0.9995,-0.2201,1432.0,1021.0,1.0
29.25,0.3003,0.1522,0.8037,0.999,0.744,765.5,1923.0,2.0
45.62,0.2788,0.5464,0.782,0.9995,-0.1377,898.5,748.5,3.0
31.75,0.1559,0.4045,0.708,0.9995,-0.05005,1232.0,1228.0,4.0
9.48,0.07654,0.4446,0.8213,0.9995,-0.1528,1315.0,570.0,5.0
23.42,0.084,0.47,0.653,0.9995,-0.2095,1239.0,1245.0,6.0
53.0,0.3726,0.727,0.8574,1.0,0.1842,1187.0,661.0,7.0
43.34,0.2415,0.641,0.7905,0.9995,0.005272,1127.0,813.0,8.0
12.85,0.2333,0.3254,0.9565,0.999,-0.08514,1634.0,159.2,9.0
22.83,0.1288,0.4497,0.7505,0.9995,-0.1208,1250.0,903.5,10.0
48.5,0.567,0.6567,0.9517,0.9995,-0.2167,1462.0,648.5,11.0
38.72,0.2634,0.6274,0.8384,0.9995,0.1271,1334.0,1344.0,12.0
10000.0,0.941,0.7427,0.3394,1.0,0.418,1145.0,462.2,13.0
10000.0,0.929,0.412,0.04144,0.9995,0.875,1447.0,1842.0,14.0
29.16,0.184,0.5557,0.809,0.9995,-0.04083,1304.0,982.0,15.0
10000.0,0.8457,0.2898,0.4253,0.999,-0.3228,1256.0,1494.0,1.0
59.06,0.917,0.3145,0.905,0.9995,0.1287,694.5,1004.5,2.0
32.88,0.607,0.3406,0.93,0.9995,-0.756,1239.0,1248.0,3.0
11.09,0.01611,0.8267,0.4858,0.9995,-0.7817,1307.0,1287.0,4.0
31.38,0.3777,0.3462,0.856,0.999,-0.621,557.0,734.0,5.0
42.1,0.561,0.3462,0.88,0.9995,-0.1549,865.0,1095.0,6.0
32.47,0.4304,0.3594,0.877,0.9995,-0.6323,1105.0,1030.0,7.0
24.05,0.2152,0.3777,0.817,1.0,-0.483,1454.0,787.0,8.0
34.4,0.3625,0.3728,0.8486,0.9995,-0.3235,974.0,980.5,9.0
33.66,0.1985,0.564,0.77,0.9995,-0.5566,1055.0,1254.0,10.0
27.03,0.2316,0.4517,0.8276,0.9995,-0.5454,1037.0,1113.0,11.0
22.17,0.2305,0.3513,0.824,0.9995,-0.7803,1037.0,540.5,12.0
24.58,0.2094,0.4731,0.8223,0.9995,-0.7783,1107.0,716.0,13.0
10000.0,0.3977,0.6177,0.0909,0.999,-0.1567,1234.0,1219.0,14.0
10000.0,0.921,0.1608,0.5054,0.999,-0.4172,1200.0,662.0,15.0
10000.0,0.3835,0.75,0.4536,0.9995,0.09717,993.5,1060.0,1.0
33.2,0.2395,0.4685,0.8135,0.9995,-0.03397,771.0,1010.0,2.0
52.25,0.398,0.4,0.778,0.9995,-0.1512,1123.0,1026.0,3.0
43.53,0.3772,0.5244,0.858,0.9995,0.04498,1095.0,1097.0,4.0
40.03,0.3582,0.3813,0.8257,0.9995,0.05057,853.5,865.0,5.0
38.1,0.3174,0.408,0.8184,0.9995,-0.0849,1085.0,1109.0,6.0
35.47,0.2666,0.499,0.8325,0.9995,0.1554,1025.0,1039.0,7.0
14.75,0.1223,0.4211,0.8374,0.999,-0.0868,1371.0,1383.0,8.0
4.594,0.03268,0.562,0.8154,0.999,0.1351,1168.0,1383.0,9.0
3.486,0.04144,0.4792,0.833,0.999,-0.2644,1253.0,1370.0,10.0
26.06,0.3586,0.413,0.92,0.999,-0.257,1030.0,1349.0,11.0
2.219,0.0688,0.6914,0.999,1.0,-0.7734,401.2,1809.0,12.0
23.08,0.1671,0.488,0.827,0.999,-0.04056,891.0,1191.0,13.0
32.03,0.1862,0.539,0.7837,0.9995,-0.01788,969.5,984.0,14.0
2.914,0.0729,0.3386,0.9155,0.999,-0.4014,1240.0,1759.0,15.0
53.9,0.812,0.3396,0.9077,0.999,0.1157,1509.0,640.0,1.0
29.75,0.452,0.397,0.926,0.9995,-0.3142,1098.0,751.5,2.0
48.88,0.4683,0.477,0.8657,0.9995,0.4434,1243.0,806.0,3.0
33.03,0.2402,0.303,0.7676,0.9995,0.2795,717.0,764.5,4.0
41.66,0.529,0.4172,0.899,0.999,-0.02356,1189.0,741.5,5.0
8.9,0.1545,0.3535,0.9824,0.9995,0.28,1672.0,663.0,6.0
34.34,0.3967,0.4248,0.8887,0.9995,-0.1528,1130.0,852.5,7.0
26.4,0.194,0.539,0.8677,0.9995,0.6885,181.9,1243.0,8.0
26.33,0.3394,0.3923,0.904,0.9995,-0.2125,1219.0,832.5,9.0
34.16,0.3003,0.4485,0.843,0.9995,-0.1571,1354.0,1120.0,10.0
3.154,0.0296,0.3184,0.8633,1.0,0.27,1222.0,1088.0,11.0
20.92,0.1846,0.4546,0.874,0.9995,0.2678,685.5,1072.0,12.0
24.22,0.2079,0.3684,0.8345,0.9995,0.10443,870.5,775.5,13.0
20.05,0.2678,0.2432,0.874,0.999,-0.01733,1581.0,1176.0,14.0
23.98,0.2206,0.4485,0.8633,0.9995,-0.11206,1175.0,967.0,15.0
54.16,0.10065,0.7583,0.543,0.9995,-0.0987,890.5,570.5,1.0
3.242,0.0773,0.62,0.9346,0.9995,-0.963,1702.0,1778.0,2.0
35.72,0.2306,0.362,0.729,0.9995,-0.48,1321.0,1125.0,3.0
40.03,0.576,0.4568,0.9277,0.9995,-0.4888,1063.0,1485.0,4.0
33.38,0.11255,0.613,0.6704,0.9995,-0.11505,1066.0,794.5,5.0
32.28,0.2343,0.3328,0.767,0.9995,-0.0791,1066.0,1078.0,6.0
36.66,0.4001,0.4385,0.87,0.9995,-0.4478,1089.0,1363.0,7.0
26.44,0.22,0.5723,0.878,0.9995,0.1052,1440.0,1104.0,8.0
23.73,0.2118,0.3608,0.826,0.9995,-0.2001,1132.0,1271.0,9.0
10000.0,0.933,0.7007,0.5933,0.999,-0.3376,1265.0,777.0,10.0
4.305,0.05957,0.402,0.8726,0.9995,-0.2354,1046.0,840.5,11.0
28.94,0.313,0.3464,0.834,0.9995,-0.677,715.5,1018.0,12.0
4.406,0.0544,0.441,0.87,0.9995,-0.172,1193.0,873.0,13.0
16.5,0.05554,0.945,0.7026,1.0,-0.282,1723.0,375.2,14.0
24.9,0.1509,0.501,0.7764,0.9995,-0.2406,1132.0,979.5,15.0
32.8,0.1676,0.5293,0.728,0.9995,-0.5034,976.5,861.5,1.0
28.62,0.2058,0.506,0.828,0.9995,0.00356,1058.0,1371.0,2.0
35.9,0.4172,0.6694,0.9614,0.9995,0.1694,761.5,1103.0,3.0
32.88,0.387,0.2996,0.8467,0.9995,-0.256,694.0,652.0,4.0
38.22,0.532,0.3364,0.8945,0.9995,0.0706,761.0,1540.0,5.0
27.42,0.301,0.571,0.9263,0.9995,-0.0576,926.5,1097.0,6.0
24.36,0.1863,0.4497,0.816,0.9995,-0.2688,1157.0,980.5,7.0
24.14,0.3167,0.3728,0.902,0.9995,-0.2346,1333.0,943.5,8.0
29.8,0.3406,0.3882,0.8843,0.9995,-0.0575,931.5,1351.0,9.0
63.44,0.568,0.4836,0.822,0.9995,-0.506,422.5,389.2,10.0
41.72,0.3982,0.4656,0.8525,0.9995,-0.308,756.5,654.5,11.0
9.05,0.1833,0.3093,0.996,0.9995,0.2666,1453.0,1338.0,12.0
9.5,0.2081,0.2588,0.9863,0.9995,0.2268,1518.0,895.0,13.0
20.16,0.2673,0.372,0.919,0.9995,0.0283,1149.0,1329.0,14.0
15.81,0.0379,0.5693,0.6416,0.999,0.6426,1296.0,223.9,15.0
36.56,0.2607,0.3318,0.764,0.9995,0.10803,763.5,1034.0,1.0
35.94,0.5493,0.1007,0.8433,0.999,0.981,313.2,1586.0,2.0
32.78,0.3254,0.431,0.864,0.9995,-0.1339,1113.0,889.5,3.0
8.22,0.2827,0.1509,0.976,0.9995,-0.1539,888.5,1183.0,4.0
27.33,0.412,0.1768,0.871,0.9995,0.3616,550.5,1421.0,5.0
32.25,0.3052,0.5728,0.8965,0.9995,-0.006268,223.2,752.0,6.0
27.4,0.4075,0.2297,0.889,0.9995,0.3022,953.0,979.0,7.0
24.78,0.3728,0.1685,0.8555,0.9995,0.001739,1185.0,936.5,8.0
24.67,0.2964,0.3945,0.8984,0.9995,-0.0966,465.5,1042.0,9.0
24.33,0.315,0.333,0.8877,0.9995,-0.2042,920.0,1017.0,10.0
20.42,0.2659,0.317,0.9,0.9995,0.0884,561.5,1232.0,11.0
5.902,0.1565,0.264,0.9204,1.0,-0.731,740.5,1439.0,12.0
19.98,0.312,0.1992,0.884,0.9995,-0.00411,720.0,1246.0,13.0
3.656,0.11426,0.3208,0.923,1.0,-0.86,568.5,989.0,14.0
16.58,0.2678,0.2722,0.8984,0.9995,-0.3774,843.5,1096.0,15.0
37.3,0.12445,0.5254,0.661,0.9995,0.3164,723.0,661.5,1.0
60.16,0.564,0.4397,0.8477,0.9995,0.999,1501.0,1765.0,2.0
39.12,0.2668,0.4915,0.8037,0.9995,0.05936,1034.0,803.0,3.0
37.53,0.2186,0.5854,0.7915,0.9995,-0.02968,1107.0,1064.0,4.0
29.66,0.1914,0.49,0.7993,0.9995,0.0325,889.0,784.5,5.0
9.836,0.1647,0.38,0.941,0.9995,-0.2756,1168.0,1157.0,6.0
27.03,0.1665,0.5522,0.789,0.9995,-0.3296,932.5,1152.0,7.0
22.61,0.165,0.3594,0.768,0.9995,-0.3772,1100.0,672.0,8.0
6.203,0.0773,0.2986,0.8955,0.9995,0.1726,453.8,565.5,9.0
5.855,0.0638,0.4036,0.881,0.9995,0.05396,1108.0,797.0,10.0
27.97,0.1427,0.409,0.7256,0.9995,0.1145,1272.0,927.0,11.0
16.52,0.1956,0.558,0.984,1.0,0.6772,415.0,183.1,12.0
19.02,0.1769,0.384,0.8774,0.9995,0.4307,1226.0,938.5,13.0
37.97,0.3362,0.445,0.8594,0.9995,0.6,1248.0,1277.0,14.0
6.758,0.0675,0.3933,0.981,1.0,0.5684,563.0,108.7,15.0
29.0,0.2812,0.4038,0.8633,0.9995,0.1217,488.8,828.0,1.0
25.56,0.2369,0.8496,0.9233,0.999,-0.9785,1125.0,1665.0,2.0
70.9,0.57,0.7397,0.8887,0.9995,0.9336,1396.0,1122.0,3.0
24.89,0.2133,0.512,0.877,0.9995,0.269,659.0,1137.0,4.0
34.53,0.355,0.5234,0.8955,0.999,-0.09265,709.0,455.0,5.0
38.75,0.2002,0.629,0.7617,0.9995,-0.2812,981.5,795.5,6.0
47.4,0.4014,0.652,0.8843,0.9995,0.2585,1151.0,1070.0,7.0
35.8,0.12476,0.571,0.671,0.9995,-0.0533,963.0,514.0,8.0
27.9,0.1697,0.4998,0.7817,0.9995,-0.1309,879.5,655.5,9.0
10.31,0.3186,0.2388,0.95,0.999,-0.9346,1296.0,1310.0,10.0
21.53,0.2456,0.622,0.9204,0.999,-0.7534,1076.0,1247.0,11.0
32.0,0.327,0.4934,0.892,0.9995,-0.004963,1107.0,1025.0,12.0
5.816,0.10706,0.434,0.906,0.9995,-0.784,905.5,918.0,13.0
20.36,0.2339,0.4182,0.8984,0.9995,-0.11804,885.0,988.5,14.0
23.05,0.1965,0.2498,0.7354,0.999,-0.702,951.5,1207.0,15.0
38.3,0.4429,0.3787,0.8584,0.999,-0.505,519.0,472.5,1.0
41.97,0.5547,0.3845,0.8843,0.9995,-0.41,1247.0,1228.0,2.0
32.47,0.3176,0.4075,0.846,0.9995,-0.3455,688.5,667.5,3.0
34.56,0.3728,0.3914,0.8574,0.9995,-0.3794,1091.0,943.0,4.0
37.5,0.3591,0.4736,0.867,0.9995,-0.06134,1161.0,1098.0,5.0
44.03,0.3787,0.3386,0.802,0.9995,0.2686,692.0,1355.0,6.0
7.43,0.073,0.4285,0.8823,0.9995,0.1495,713.0,800.5,7.0
25.16,0.2979,0.3804,0.8975,0.9995,0.09125,867.5,783.0,8.0
5.965,0.08844,0.2495,0.9014,0.9995,0.08844,1496.0,1132.0,9.0
24.02,0.1328,0.49,0.7383,0.9995,-0.4685,686.5,648.0,10.0
26.08,0.2524,0.437,0.8687,0.9995,-0.0966,1074.0,940.0,11.0
10000.0,0.771,0.2491,0.1953,0.999,-0.9536,1491.0,781.5,12.0
18.4,0.1433,0.4211,0.809,0.9995,-0.3071,891.5,700.5,13.0
10000.0,0.8936,0.8584,0.01028,0.9995,-0.1787,1241.0,1873.0,14.0
5.777,0.1278,0.2134,0.9443,1.0,-0.02681,1467.0,560.5,15.0
34.72,0.2258,0.3794,0.7754,0.9995,0.4702,1449.0,1473.0,1.0
67.6,0.951,0.3555,0.883,0.9995,-0.4402,1536.0,561.0,2.0
14.35,0.1877,0.1334,0.856,0.9995,0.3594,1739.0,1400.0,3.0
14.36,0.05862,0.312,0.745,0.9995,0.8,1839.0,846.0,4.0
6.83,0.02223,0.706,0.894,0.9995,0.672,952.0,1369.0,5.0
21.3,0.10486,0.4004,0.73,0.9995,0.2988,1439.0,1105.0,6.0
44.6,0.443,0.1971,0.7886,0.999,0.8906,271.0,1792.0,7.0
42.53,0.3145,0.2421,0.7324,0.9995,0.335,699.5,1416.0,8.0
31.56,0.567,0.1632,0.858,0.999,-0.2457,740.5,512.5,9.0
30.33,0.341,0.2856,0.8486,0.9995,0.07794,1045.0,789.5,10.0
25.17,0.2505,0.3467,0.861,0.9995,0.251,1154.0,940.5,11.0
18.55,0.06866,0.4365,0.7017,0.9995,0.5566,1306.0,881.0,12.0
8.83,0.0896,0.472,0.9204,0.9995,0.3257,907.0,468.8,13.0
45.56,0.785,0.3625,0.965,0.9995,0.4226,1852.0,1175.0,14.0
50.47,0.536,0.3765,0.8447,0.9995,0.05936,1372.0,917.5,15.0
8.14,0.1956,0.3892,0.994,0.9995,-0.4814,1574.0,419.5,1.0
27.31,0.1942,0.569,0.8164,0.9995,-0.5815,1096.0,1145.0,2.0
51.7,0.3867,0.8027,0.8755,0.9995,-0.542,1440.0,962.5,3.0
10000.0,0.928,0.9067,0.2864,1.0,0.976,1070.0,958.5,4.0
33.1,0.567,0.1564,0.854,0.999,-0.04572,589.5,1886.0,5.0
10000.0,0.84,0.25,0.312,1.0,0.7417,903.5,733.5,6.0
37.6,0.2737,0.3748,0.777,0.999,-0.12146,1224.0,1064.0,7.0
28.38,0.291,0.5723,0.913,0.9995,-0.06635,906.5,995.0,8.0
37.5,0.3093,0.4734,0.8525,1.0,0.5605,1531.0,1815.0,9.0
31.05,0.288,0.4968,0.877,0.9995,0.0951,1287.0,1348.0,10.0
29.38,0.3647,0.3145,0.868,0.999,-0.2191,808.0,1495.0,11.0
28.36,0.2482,0.413,0.838,0.9995,-0.142,1154.0,1073.0,12.0
20.11,0.2883,0.3708,0.894,0.9995,-0.761,1038.0,582.5,13.0
6.316,0.09265,0.372,0.8364,0.9995,-0.866,1241.0,958.0,14.0
34.44,0.3345,0.383,0.8354,0.9995,-0.3242,1253.0,974.0,15.0
10000.0,0.4167,0.8496,0.4624,0.9995,-0.012985,1683.0,529.0,1.0
6.363,0.03302,0.9736,0.747,0.999,-0.4353,1331.0,726.5,2.0
39.7,0.1812,0.5127,0.697,0.9995,-0.5303,1340.0,891.0,3.0
32.22,0.0959,0.5366,0.6377,0.9995,0.2157,1435.0,1288.0,4.0
35.38,0.2037,0.4888,0.7656,0.9995,0.02304,907.0,1150.0,5.0
31.58,0.216,0.3809,0.765,0.9995,-0.212,1169.0,1220.0,6.0
82.5,0.946,0.732,0.9897,0.9995,-0.05084,1846.0,926.5,7.0
21.47,0.1368,0.5854,0.848,0.9995,0.555,1061.0,1433.0,8.0
13.72,0.0653,0.619,0.7725,0.9995,0.295,1244.0,1312.0,9.0
43.9,0.2732,0.6973,0.83,0.9995,0.1223,1513.0,810.0,10.0
35.72,0.1932,0.618,0.784,0.9995,0.01349,1290.0,1062.0,11.0
59.1,0.527,0.658,0.885,0.9995,0.03857,1488.0,1065.0,12.0
47.84,0.3025,0.629,0.814,0.9995,0.06006,1298.0,1225.0,13.0
10000.0,0.2751,0.3352,0.0884,0.999,0.3945,1015.0,1914.0,14.0
26.11,0.155,0.4988,0.781,0.9995,-0.04706,980.0,1205.0,15.0
10000.0,0.4453,0.3,0.0893,0.9995,0.982,263.0,1957.0,1.0
29.53,0.2499,0.414,0.83,0.9995,-0.147,1142.0,847.5,2.0
27.84,0.3784,0.408,0.933,0.9995,0.364,1274.0,801.5,3.0
10.46,0.1361,0.3164,0.9834,0.9995,0.682,1187.0,196.4,4.0
36.47,0.3633,0.4666,0.88,0.999,0.2169,1416.0,530.0,5.0
10.984,0.09094,0.441,0.9917,0.9995,0.8936,1565.0,699.0,6.0
34.44,0.3137,0.506,0.879,0.999,0.3755,1039.0,1091.0,7.0
25.47,0.254,0.453,0.8906,0.9995,0.2803,1425.0,691.5,8.0
20.1,0.1924,0.4373,0.8784,0.9995,0.06012,1047.0,683.0,9.0
44.47,0.2788,0.278,0.693,0.999,-0.1761,104.44,1265.0,10.0
29.44,0.2341,0.3538,0.8066,0.9995,0.09937,706.5,934.0,11.0
5.758,0.10114,0.2793,0.9624,0.9995,0.2563,1332.0,306.2,12.0
20.25,0.1995,0.364,0.8726,0.9995,0.2766,1056.0,816.0,13.0
19.92,0.2559,0.3943,0.9326,0.9995,0.3723,1317.0,692.0,14.0
6.09,0.02592,0.3127,0.9917,0.9995,0.6626,1281.0,625.5,15.0
36.0,0.4314,0.304,0.854,0.9995,-0.1087,595.5,659.0,1.0
36.22,0.2069,0.4905,0.7603,0.9995,-0.06235,1094.0,778.5,2.0
45.97,0.3967,0.3252,0.7856,0.9995,-0.06665,787.5,388.5,3.0
10000.0,0.8374,0.4192,0.745,1.0,0.7676,827.0,787.0,4.0
35.62,0.3206,0.4268,0.8447,0.9995,-0.01185,1058.0,763.0,5.0
10000.0,0.8096,0.1823,0.5938,0.9995,-0.8257,721.0,1395.0,6.0
13.03,0.1531,0.3735,0.876,0.9995,-0.342,916.5,804.5,7.0
31.48,0.2377,0.662,0.8574,0.9995,-0.4016,683.5,1265.0,8.0
33.53,0.329,0.3755,0.844,0.9995,-0.1115,789.5,429.8,9.0
10000.0,0.1005,0.668,0.01828,0.9995,0.3472,272.0,1532.0,10.0
25.16,0.1963,0.5117,0.831,0.9995,-0.3955,853.0,999.0,11.0
10000.0,0.597,0.669,0.1996,0.9995,0.5195,1459.0,1347.0,12.0
10000.0,0.269,0.7295,0.1821,0.9995,0.7915,135.0,1079.0,13.0
3.078,0.0683,0.5034,0.8867,0.999,-0.8936,1331.0,669.5,14.0
27.83,0.2515,0.57,0.8765,0.9995,-0.364,1186.0,491.5,15.0
10.42,0.1283,0.565,0.963,0.9995,0.2234,329.2,931.0,1.0
45.8,0.514,0.7563,0.96,0.9995,-0.8564,351.2,1466.0,2.0
34.12,0.2173,0.7393,0.834,0.9995,-0.4407,407.0,691.0,3.0
10000.0,0.9653,0.6504,0.0167,0.9995,0.7437,372.2,520.0,4.0
36.7,0.3286,0.4475,0.8438,0.9995,-0.1675,713.5,682.0,5.0
10000.0,0.956,0.3618,0.1414,0.999,0.4128,108.2,457.5,6.0
36.4,0.3943,0.5645,0.903,0.9995,-0.4905,444.5,1071.0,7.0
10000.0,0.9644,0.9814,0.12146,1.0,0.2441,500.5,1761.0,8.0
16.94,0.1267,0.3708,0.8057,0.9995,-0.002262,773.0,899.0,9.0
18.62,0.172,0.1604,0.8115,0.9995,0.608,1394.0,968.5,10.0
43.6,0.3994,0.472,0.855,0.9995,0.06464,1014.0,961.5,11.0
12.195,0.1348,0.256,0.8887,0.9995,0.4224,1170.0,619.0,12.0
10000.0,0.7075,0.9927,0.535,0.9995,0.05154,77.25,1456.0,13.0
33.0,0.2969,0.397,0.841,0.9995,0.06665,878.0,803.5,14.0
26.73,0.216,0.4167,0.8345,0.9995,0.1389,935.5,835.5,15.0
36.44,0.315,0.4763,0.841,0.9995,-0.2896,1008.5,856.5,1.0
43.22,0.5063,0.5063,0.911,0.9995,0.1003,909.0,1412.0,2.0
14.336,0.2355,0.2932,0.975,0.9995,0.5923,181.8,502.5,3.0
3.53,0.01333,0.428,0.9463,0.9995,0.4495,773.0,446.0,4.0
71.75,0.743,0.5996,0.897,0.999,-0.2465,882.0,1954.0,5.0
29.44,0.2622,0.415,0.8457,0.9995,-0.03558,1060.0,844.5,6.0
27.19,0.273,0.4758,0.888,0.9995,-0.02098,968.5,838.0,7.0
26.44,0.3066,0.4883,0.92,0.9995,0.02365,887.0,1068.0,8.0
19.0,0.2275,0.59,0.9644,0.999,0.2969,87.9,840.5,9.0
20.16,0.3665,0.4294,0.9517,0.9995,-0.885,555.0,1623.0,10.0
27.75,0.3196,0.4473,0.878,1.0,-0.7417,862.5,1750.0,11.0
13.56,0.1372,0.4124,0.9766,0.999,0.9004,770.5,63.75,12.0
19.0,0.212,0.4802,0.9214,0.9995,0.1888,783.0,806.5,13.0
17.48,0.2605,0.4485,0.9463,0.9995,-0.3035,539.5,1198.0,14.0
10000.0,0.8633,0.4922,0.1134,0.999,0.01938,243.0,1818.0,15.0
42.8,0.2944,0.53,0.806,0.9995,-0.1603,982.0,1106.0,1.0
38.0,0.705,0.2678,0.9453,1.0,0.62,1568.0,1465.0,2.0
45.06,0.391,0.934,0.951,0.999,-0.3271,331.2,535.5,3.0
37.0,0.339,0.67,0.9062,0.9995,-0.09607,733.5,646.0,4.0
15.27,0.3816,0.1993,0.968,0.9995,0.1233,977.5,206.4,5.0
34.0,0.4568,0.317,0.8916,0.9995,0.2659,1269.0,1028.0,6.0
27.61,0.3132,0.3015,0.895,0.9995,0.853,526.0,440.8,7.0
51.25,0.4863,0.1759,0.7524,0.9995,0.8413,1463.0,928.5,8.0
32.12,0.2668,0.4834,0.851,0.9995,0.0862,754.5,689.5,9.0
27.89,0.1927,0.3628,0.788,0.9995,0.332,864.5,313.5,10.0
12.2,0.2063,0.1809,0.8804,0.9995,-0.1824,954.0,647.0,11.0
27.88,0.2556,0.4158,0.8564,0.9995,0.07526,993.0,962.0,12.0
28.62,0.3342,0.3232,0.8726,0.9995,0.0871,1060.0,879.5,13.0
26.88,0.2852,0.4985,0.902,0.9995,-0.0935,897.0,586.5,14.0
22.48,0.3943,0.2986,0.958,1.0,0.5513,1387.0,1622.0,15.0
39.5,0.2477,0.6685,0.8213,0.9995,-0.185,1043.0,1345.0,1.0
45.22,0.2773,0.4219,0.759,0.9995,0.3792,1217.0,1438.0,2.0
42.12,0.3506,0.5425,0.849,0.9995,-0.2006,1143.0,991.5,3.0
39.44,0.7085,0.123,0.8135,0.999,-0.506,539.0,180.4,4.0
26.27,0.2299,0.4177,0.8335,0.9995,-0.3047,944.5,1911.0,5.0
33.1,0.2222,0.605,0.8267,0.9995,-0.1729,1107.0,1551.0,6.0
55.3,0.4158,0.5156,0.8145,0.9995,0.002007,752.5,1374.0,7.0
10000.0,0.406,0.8823,0.4946,0.999,-0.8047,562.0,387.2,8.0
7.727,0.0732,0.765,0.8726,0.9995,-0.6143,524.5,1478.0,9.0
30.28,0.1407,0.6377,0.741,0.9995,-0.2556,574.5,1314.0,10.0
19.61,0.195,0.6826,0.942,0.9995,0.1871,1391.0,1681.0,11.0
52.16,0.0946,0.252,0.4805,0.9995,-0.2683,554.0,561.5,12.0
10000.0,0.743,0.3276,0.2389,0.999,0.3691,715.5,1643.0,13.0
6.848,0.0877,0.4727,0.848,0.9995,-0.83,1176.0,1285.0,14.0
32.47,0.1443,0.4124,0.6807,0.9995,-0.2805,853.0,1079.0,15.0
46.03,0.555,0.394,0.8735,0.9995,-0.1587,1207.0,622.0,1.0
33.03,0.1404,0.561,0.712,0.9995,-0.0927,817.0,1343.0,2.0
40.22,0.1573,0.6772,0.72,0.9995,0.3066,1128.0,933.0,3.0
10000.0,0.283,0.1344,0.1895,0.9995,0.02533,1017.0,1081.0,4.0
38.3,0.3306,0.8115,0.938,0.9995,0.617,762.5,1876.0,5.0
8.836,0.0645,0.1432,0.9966,1.0,0.846,781.0,1422.0,6.0
6.395,0.014244,0.4585,0.913,0.9995,0.691,947.5,1218.0,7.0
25.72,0.1583,0.505,0.792,0.9995,-0.0443,897.5,1116.0,8.0
26.12,0.34,0.31,0.8936,0.9995,0.1687,1348.0,602.5,9.0
26.4,0.1497,0.5933,0.803,0.9995,0.2512,1083.0,1061.0,10.0
3.395,0.0723,0.5093,0.9956,0.9995,-0.0706,1337.0,1500.0,11.0
3.164,0.06934,0.2363,0.9165,0.9995,-0.06366,1203.0,1225.0,12.0
15.18,0.08124,0.4333,0.742,0.9995,-0.03384,1253.0,1345.0,13.0
16.88,0.2173,0.4138,0.9185,0.9995,-0.1394,759.0,841.5,14.0
23.11,0.2104,0.6343,0.9194,0.9995,0.386,970.0,1602.0,15.0
23.12,0.1749,0.568,0.872,0.9995,0.4233,1358.0,640.0,1.0
9.05,0.08923,0.5586,0.883,0.999,-0.2451,1416.0,1545.0,2.0
24.19,0.1436,0.571,0.7905,0.9995,-0.226,1008.0,818.5,3.0
10.22,0.1295,0.3955,0.8823,0.9995,-0.4478,806.5,1465.0,4.0
17.17,0.1854,0.4329,0.896,0.9995,-0.07465,1056.0,1238.0,5.0
15.016,0.1242,0.493,0.8545,0.9995,-0.10266,1117.0,1167.0,6.0
84.4,0.7656,0.8403,0.936,1.0,-0.528,1298.0,945.5,7.0
14.35,0.07196,0.526,0.758,0.999,0.1627,1118.0,685.5,8.0
49.34,0.4246,0.689,0.883,0.9995,-0.3987,1107.0,959.0,9.0
10000.0,0.3093,0.796,0.5327,0.9995,-0.2222,225.1,816.0,10.0
15.7,0.1761,0.3135,0.861,0.9995,-0.1836,1014.0,774.5,11.0
19.42,0.1489,0.5747,0.8623,0.9995,-0.02684,1254.0,1105.0,12.0
2.775,0.04672,0.4597,0.884,0.999,-0.2705,848.0,1211.0,13.0
2.867,0.071,0.4526,0.9717,0.999,-0.2294,955.5,1591.0,14.0
0.2834,0.02306,0.521,0.9526,0.999,-0.3416,773.0,1694.0,15.0
14.414,0.1332,0.3733,0.8486,0.9995,-0.06586,1064.0,843.0,1.0
35.22,0.1123,0.1852,0.5537,0.9995,-0.09174,620.0,156.9,2.0
18.3,0.1526,0.503,0.869,0.9995,0.09155,1153.0,1076.0,3.0
0.732,0.01544,0.4202,0.9536,0.999,-0.5337,1097.0,819.0,4.0
12.28,0.1401,0.4526,0.9224,0.9995,0.1484,928.0,973.5,5.0
12.17,0.1317,0.3972,0.9043,0.9995,0.2155,1018.5,922.0,6.0
1.346,0.0708,0.2351,0.9697,0.9995,-0.1931,1022.0,1069.0,7.0
4.516,0.081,0.2294,0.835,1.0,-0.448,550.0,1531.0,8.0
9.3,0.11456,0.364,0.9336,0.9995,0.3394,685.0,570.5,9.0
9.266,0.1036,0.3784,0.888,0.9995,-0.02266,1097.0,944.0,10.0
0.454,0.03047,0.2467,0.9375,0.9995,0.01903,1104.0,652.5,11.0
7.477,0.1009,0.366,0.9204,0.9995,0.03198,1110.0,978.5,12.0
4.785,0.0723,0.3552,0.91,0.9995,-0.07294,1028.0,1022.0,13.0
9.17,0.1175,0.381,0.9336,0.9995,0.2393,855.0,1022.5,14.0
7.625,0.1464,0.2339,0.909,0.9995,-0.2607,1258.0,882.0,15.0
25.38,0.2522,0.4128,0.861,0.9995,-0.2437,858.5,1204.0,1.0
0.205,0.014984,0.597,0.9077,0.9995,0.05255,32.3,948.5,2.0
33.44,0.2417,0.3936,0.796,0.9995,0.1655,736.0,1183.0,3.0
18.33,0.1675,0.517,0.89,0.9995,0.0776,384.5,903.5,4.0
11.31,0.02765,0.14,0.7646,0.9995,0.992,588.0,1441.0,5.0
10000.0,0.0731,0.6665,0.01041,0.999,0.6807,391.2,639.5,6.0
18.8,0.1614,0.4377,0.8516,0.9995,-0.0651,714.0,1082.0,7.0
21.62,0.1556,0.3904,0.8086,0.9995,0.1923,722.5,1089.0,8.0
16.97,0.117,0.4219,0.808,0.9995,0.1266,732.5,963.0,9.0
4.125,0.01648,0.3035,0.697,0.9995,0.3225,960.5,915.0,10.0
16.14,0.1508,0.4421,0.8726,0.9995,-0.04556,817.0,947.0,11.0
10000.0,0.655,0.824,0.1317,0.9995,-0.658,1878.0,1623.0,12.0
10.945,0.04184,0.279,0.688,0.9995,0.489,1043.0,788.0,13.0
10000.0,0.865,0.8687,0.502,0.9995,-0.9683,853.0,600.0,14.0
2.684,0.1285,0.1505,0.8696,0.999,-0.893,1169.0,398.8,15.0
22.94,0.1808,0.6294,0.888,0.9995,0.3145,737.5,1321.0,1.0
17.73,0.10547,0.4614,0.763,0.9995,-0.1622,1074.0,1041.0,2.0
23.78,0.04895,0.991,0.616,0.9995,0.3418,267.0,707.5,3.0
0.3054,0.01901,0.4988,0.8105,0.9995,-0.432,715.0,805.5,4.0
17.39,0.1294,0.553,0.856,0.9995,0.08496,778.0,1080.0,5.0
17.84,0.1781,0.3862,0.8735,0.9995,0.02122,754.0,1050.0,6.0
4.645,0.03044,0.564,0.8125,0.9995,0.2097,568.0,594.0,7.0
28.06,0.139,0.6025,0.753,0.9995,-0.1818,1113.0,941.5,8.0
2.945,0.03046,0.599,0.875,0.9995,0.10547,575.0,510.8,9.0
15.91,0.06384,0.7144,0.7393,0.9995,0.1389,454.8,669.0,10.0
2.05,0.08875,0.2102,0.9595,0.9995,-0.225,1380.0,902.5,11.0
11.59,0.0889,0.521,0.8447,0.9995,-0.05264,867.5,1005.0,12.0
4.645,0.06006,0.3708,0.8525,0.9995,-0.2496,1011.0,817.0,13.0
13.94,0.1292,0.4067,0.861,0.9995,-0.04346,869.5,989.0,14.0
16.56,0.1067,0.517,0.802,0.9995,-0.1288,1090.0,912.0,15.0
65.9,0.2502,0.8594,0.738,0.9995,0.786,1635.0,411.8,1.0
0.2488,0.0458,0.2898,0.8984,0.9995,-0.8096,888.0,440.2,2.0
22.4,0.1654,0.4429,0.7954,1.0,-0.4565,870.5,1093.0,3.0
18.4,0.166,0.4338,0.8403,0.9995,-0.402,1211.0,647.0,4.0
17.61,0.1426,0.4387,0.821,0.9995,-0.3352,1056.0,797.0,5.0
10000.0,0.397,0.597,0.3901,0.9995,-0.2266,1187.0,850.0,6.0
2.854,0.012955,0.4724,0.9106,1.0,0.3816,574.5,1346.0,7.0
24.3,0.2966,0.3892,0.895,0.9995,-0.2018,817.5,981.0,8.0
16.06,0.1381,0.4548,0.8223,0.9995,-0.563,1104.0,824.0,9.0
20.7,0.1859,0.438,0.845,0.9995,-0.3286,1001.0,894.0,10.0
14.53,0.11884,0.4585,0.8354,0.9995,-0.1967,1054.0,836.0,11.0
13.586,0.09564,0.4255,0.7944,0.9995,-0.1368,1162.0,889.0,12.0
0.2261,0.0151,0.5283,0.7896,0.9995,-0.492,1370.0,565.0,13.0
10.76,0.05844,0.6934,0.769,1.0,-0.2773,1414.0,520.0,14.0
12.125,0.1139,0.4375,0.85,0.9995,-0.2795,1116.0,710.5,15.0
16.9,0.1882,0.435,0.912,0.9995,0.1638,711.5,1136.0,1.0
17.78,0.1957,0.4333,0.9062,0.9995,0.0951,1110.0,877.0,2.0
11.5,0.1357,0.4297,0.937,0.9995,0.3396,837.0,1107.0,3.0
14.61,0.08936,0.6333,0.8384,0.9995,0.293,1219.0,1410.0,4.0
12.03,0.1384,0.4307,0.9263,0.9995,0.265,1116.0,984.0,5.0
14.33,0.1484,0.325,0.879,0.9995,0.275,1463.0,909.5,6.0
17.77,0.2502,0.4326,0.946,0.9995,-0.03062,897.5,574.5,7.0
17.52,0.1538,0.3938,0.8506,0.9995,0.04437,1217.0,1155.0,8.0
12.19,0.1782,0.3887,0.951,0.9995,0.1718,1039.0,769.5,9.0
24.7,0.2703,0.2788,0.8755,0.9995,0.6377,673.0,1449.0,10.0
12.37,0.1318,0.4097,0.9043,0.9995,0.2145,1106.0,1066.0,11.0
9.055,0.1086,0.3923,0.93,0.9995,0.2917,1131.0,1099.0,12.0
10.98,0.0972,0.4885,0.893,0.9995,0.3,1120.0,1282.0,13.0
10.64,0.1254,0.352,0.9126,0.9995,0.2559,1347.0,991.5,14.0
8.84,0.10535,0.4043,0.935,0.9995,0.3203,1179.0,1086.0,15.0
37.94,0.3572,0.4734,0.8657,0.9995,0.01888,1005.5,870.0,1.0
17.05,0.3113,0.4893,0.994,1.0,-0.5093,581.0,1081.0,2.0
2.324,0.05762,0.2612,0.874,0.9995,-0.3088,1435.0,907.0,3.0
10000.0,0.3398,0.2252,0.10956,0.9995,0.911,1742.0,374.2,4.0
10000.0,0.8003,0.4255,0.4612,0.9995,-0.3926,86.1,26.44,5.0
15.58,0.1786,0.3284,0.859,0.9995,-0.343,1030.0,967.0,6.0
8.05,0.1467,0.363,0.9434,0.9995,-0.3025,977.5,933.0,7.0
21.2,0.104,0.506,0.737,0.9995,-0.08295,1400.0,1118.0,8.0
15.21,0.2065,0.272,0.8613,0.9995,-0.4646,1366.0,1049.0,9.0
13.664,0.1521,0.3203,0.847,0.9995,-0.3489,1277.0,918.5,10.0
10000.0,0.8525,0.562,0.631,0.9995,-0.2268,1569.0,1972.0,11.0
15.79,0.2002,0.4368,0.9067,0.9995,-0.409,898.5,959.5,12.0
14.75,0.1077,0.4514,0.811,0.9995,-0.157,1345.0,991.0,13.0
54.84,0.6577,0.1547,0.7773,0.9995,0.8003,1823.0,21.03,14.0
36.12,0.3782,0.2808,0.829,0.9995,0.2207,1613.0,473.5,15.0
7.38,0.0495,0.4556,0.848,0.9995,0.3918,1368.0,1205.0,1.0
10.0,0.03665,0.2869,0.795,0.999,0.801,1828.0,1264.0,2.0
14.61,0.1091,0.5825,0.8413,0.9995,-0.2458,839.5,1413.0,3.0
25.55,0.1777,0.3596,0.7783,0.9995,-0.003613,1144.0,1021.5,4.0
18.98,0.1289,0.4148,0.799,0.9995,0.0705,1225.0,1066.0,5.0
45.22,0.73,0.242,0.847,0.9995,-0.9717,43.62,1421.0,6.0
38.56,0.42,0.3538,0.8394,0.9995,-0.465,711.0,1257.0,7.0
19.02,0.1533,0.2651,0.7676,0.9995,-0.1633,1332.0,809.0,8.0
10000.0,0.404,0.2104,0.04233,0.999,0.583,1899.0,1398.0,9.0
10.93,0.0713,0.5264,0.8223,0.999,0.1718,1052.0,1249.0,10.0
2.023,0.01191,0.503,0.892,0.9995,0.3054,1342.0,1285.0,11.0
10000.0,0.8213,0.7207,0.03394,0.9995,-0.608,985.5,12.44,12.0
27.36,0.2432,0.387,0.832,0.9995,-0.184,967.5,1137.0,13.0
10000.0,0.796,0.97,0.596,0.9995,0.6,941.0,1227.0,14.0
10000.0,0.9487,0.10077,0.03452,0.9995,-0.5923,1144.0,1712.0,15.0
19.69,0.2247,0.3762,0.8877,0.9995,-0.10095,1042.0,907.0,1.0
8.055,0.1214,0.3696,0.994,0.9995,0.469,1836.0,121.3,2.0
20.03,0.2228,0.4778,0.9097,0.9995,-0.08997,1152.0,1015.5,3.0
10.086,0.2825,0.2496,0.9766,0.999,-0.3792,93.2,1913.0,4.0
30.77,0.2284,0.5137,0.8257,0.9995,-0.2349,1183.0,1104.0,5.0
20.52,0.2029,0.4478,0.869,0.9995,-0.303,1107.0,1023.5,6.0
6.99,0.1437,0.3477,0.944,0.9995,-0.4167,942.0,651.5,7.0
3.973,0.075,0.458,0.9546,0.9995,-0.1685,1419.0,778.0,8.0
2.482,0.08453,0.1654,0.862,1.0,-0.479,1592.0,890.0,9.0
15.98,0.1709,0.293,0.8154,0.9995,-0.5474,1042.0,1095.0,10.0
14.62,0.1028,0.5557,0.8003,0.9995,-0.523,852.0,1339.0,11.0
96.5,0.3523,0.4763,0.6035,0.9995,-0.2642,1267.0,1778.0,12.0
9.79,0.1875,0.3198,0.944,0.9995,-0.3008,745.0,1370.0,13.0
10.34,0.10236,0.4692,0.852,0.9995,-0.4277,1046.0,1172.0,14.0
4.953,0.1371,0.2676,0.99,0.9995,-0.078,1779.0,336.0,15.0
17.33,0.1953,0.3699,0.896,0.9995,0.1294,1081.0,813.0,1.0
28.89,0.369,0.521,0.9385,0.9995,-0.1396,1260.0,680.5,2.0
27.66,0.08606,0.973,0.7236,0.9995,0.4175,1677.0,573.5,3.0
19.25,0.2615,0.2883,0.895,0.9995,-0.02054,993.0,1397.0,4.0
23.23,0.259,0.511,0.921,0.9995,0.02376,1168.0,680.5,5.0
18.0,0.2283,0.3928,0.913,0.9995,-0.0774,1089.0,763.0,6.0
19.11,0.2444,0.3047,0.9067,0.9995,0.3555,794.5,580.0,7.0
15.56,0.2153,0.3125,0.911,0.9995,0.005695,1046.0,1000.0,8.0
2.729,0.04578,0.3804,0.9424,0.9995,0.1698,1019.0,599.5,9.0
1.508,0.04825,0.2515,0.953,0.9995,0.06146,1321.0,361.8,10.0
0.1372,0.01912,0.329,0.963,1.0,-0.07556,998.0,444.0,11.0
0.9033,0.085,0.1453,0.872,1.0,-0.6987,1578.0,795.0,12.0
9.51,0.09735,0.4915,0.919,0.9995,0.2651,1041.0,916.5,13.0
8.73,0.1619,0.274,0.93,0.9995,-0.1805,731.0,489.2,14.0
14.6,0.2252,0.2118,0.876,0.9995,-0.2194,1316.0,1086.0,15.0
19.5,0.1881,0.5522,0.8994,0.9995,-0.1102,1155.0,778.5,1.0
25.2,0.2502,0.3652,0.856,0.9995,-0.04083,851.0,848.5,2.0
20.27,0.1895,0.635,0.932,0.9995,0.4937,1099.0,1174.0,3.0
17.17,0.1393,0.47,0.853,0.9995,0.02286,920.5,1142.0,4.0
30.86,0.3083,0.4675,0.886,0.9995,0.1864,1175.0,893.5,5.0
22.0,0.2067,0.4072,0.8687,0.9995,0.175,1103.0,923.5,6.0
16.6,0.1525,0.5464,0.9023,0.9995,0.1969,1332.0,1217.0,7.0
64.75,0.09766,0.833,0.518,0.9995,0.951,1504.0,814.5,8.0
18.88,0.141,0.291,0.812,0.9995,0.538,739.5,1160.0,9.0
0.2328,0.01997,0.5425,0.9434,0.9995,-0.1614,1151.0,878.0,10.0
12.02,0.1142,0.4932,0.896,0.9995,0.1414,1266.0,1039.0,11.0
0.5347,0.01782,0.27,0.889,1.0,-0.385,939.0,700.0,12.0
17.55,0.167,0.3804,0.863,0.9995,0.02548,940.5,904.5,13.0
0.545,0.02382,0.5957,0.9717,0.9995,-0.74,1320.0,648.0,14.0
8.44,0.06555,0.3748,0.8394,0.9995,0.291,1471.0,870.0,15.0
19.2,0.195,0.5977,0.9146,0.9995,-0.1967,857.0,993.0,1.0
16.69,0.1181,0.579,0.854,0.9995,0.1842,1255.0,561.5,2.0
34.5,0.3435,0.4194,0.865,0.9995,0.05573,1223.0,1021.5,3.0
5.684,0.127,0.2678,0.8633,0.9995,-0.9946,1035.0,49.94,4.0
5.34,0.0663,0.2927,0.865,0.9995,-0.01222,1235.0,517.0,5.0
14.43,0.1423,0.528,0.912,0.9995,0.1724,1039.0,727.5,6.0
20.19,0.1625,0.4966,0.8457,0.9995,-0.1833,1134.0,1192.0,7.0
20.2,0.1915,0.4084,0.858,0.9995,-0.1594,1044.0,890.0,8.0
4.89,0.0932,0.3076,0.9,0.9995,-0.3733,917.0,1166.0,9.0
11.52,0.1183,0.525,0.885,0.9995,-0.348,877.5,415.5,10.0
23.62,0.2325,0.3877,0.86,0.9995,-0.10974,1211.0,1045.0,11.0
14.234,0.1394,0.3276,0.8047,0.9995,-0.571,1414.0,1311.0,12.0
2.43,0.05692,0.3108,0.8394,0.999,-0.595,1121.0,1221.0,13.0
0.4302,0.03934,0.3032,0.906,0.9995,-0.847,862.0,392.5,14.0
0.732,0.0178,0.2551,0.912,0.999,-0.585,1001.0,869.0,15.0
21.84,0.1567,0.3792,0.8013,0.9995,0.1304,1123.0,819.0,1.0
28.16,0.353,0.2666,0.8657,0.9995,0.1038,1092.0,619.0,2.0
24.3,0.2395,0.3276,0.8486,0.9995,0.10284,1031.0,717.0,3.0
18.64,0.1761,0.3591,0.856,0.9995,0.08417,1113.0,843.5,4.0
6.73,0.07697,0.4243,0.915,0.9995,0.1937,1014.5,638.5,5.0
15.46,0.1088,0.3965,0.8096,0.9995,0.1836,1261.0,952.0,6.0
15.5,0.087,0.385,0.7305,0.9995,-0.1592,1023.0,1009.5,7.0
10000.0,0.3735,0.594,0.5303,0.9995,-0.7153,763.5,118.06,8.0
17.28,0.10406,0.4282,0.769,0.9995,-0.01064,1086.0,978.0,9.0
15.27,0.1897,0.3853,0.927,0.9995,0.293,932.5,805.5,10.0
10000.0,0.3755,0.2006,0.3672,0.9995,-0.3208,1867.0,92.4,11.0
14.11,0.13,0.3904,0.862,0.9995,0.0778,1051.0,822.0,12.0
12.95,0.1152,0.3928,0.8574,0.9995,0.12354,1208.0,928.0,13.0
13.84,0.1106,0.4028,0.833,0.9995,0.04617,1039.0,912.0,14.0
77.4,0.2268,0.7856,0.6494,0.9995,0.5273,1375.0,905.5,15.0
17.22,0.2266,0.3176,0.868,0.9995,-0.5713,1257.0,885.0,1.0
21.55,0.1915,0.4624,0.8574,0.9995,-0.189,926.0,1139.0,2.0
22.33,0.5215,0.2487,0.9272,1.0,-0.8193,1721.0,1097.0,3.0
2.912,0.1128,0.4329,0.997,0.9995,-0.812,198.5,1252.0,4.0
20.28,0.3533,0.3508,0.9272,0.9995,-0.6304,1326.0,1185.0,5.0
9.664,0.2515,0.3923,0.994,0.9995,-0.8784,817.5,1169.0,6.0
2.727,0.0941,0.4036,0.9604,0.9995,-0.6777,167.9,1041.0,7.0
10000.0,0.4817,0.3457,0.0905,1.0,0.8804,1711.0,837.0,8.0
3.148,0.137,0.2534,0.9414,0.9995,-0.834,1065.0,1184.0,9.0
11.22,0.1809,0.3486,0.905,0.9995,-0.6104,900.5,997.0,10.0
16.34,0.294,0.4304,0.9526,0.9995,-0.7705,1088.0,1027.0,11.0
9.98,0.12213,0.6445,0.9136,0.9995,-0.7515,491.2,1006.5,12.0
11.484,0.2164,0.398,0.947,0.9995,-0.6655,878.0,1103.0,13.0
10000.0,0.4106,0.845,0.223,0.9995,-0.4617,1670.0,623.5,14.0
14.7,0.273,0.2668,0.95,0.9995,0.1133,1177.0,1592.0,15.0
24.25,0.08813,0.635,0.668,0.9995,-0.5977,1205.0,691.5,1.0
20.84,0.1357,0.4805,0.78,0.9995,-0.3767,1202.0,923.5,2.0
7.895,0.09436,0.3928,0.9224,0.9995,0.2281,1297.0,918.0,3.0
3.06,0.1123,0.1322,0.9253,1.0,-0.2052,1428.0,1844.0,4.0
20.47,0.3735,0.315,0.9346,0.9995,-0.3599,669.0,1046.0,5.0
0.732,0.01697,0.2373,0.8696,1.0,-0.6445,1499.0,1424.0,6.0
16.36,0.1558,0.3809,0.8364,0.9995,-0.3635,1238.0,1027.0,7.0
10.13,0.1351,0.4492,0.9834,1.0,0.4895,1304.0,892.0,8.0
3.97,0.1636,0.1763,0.9893,1.0,-0.1842,1260.0,1258.0,9.0
15.24,0.2384,0.3145,0.921,0.9995,-0.1783,1051.0,1163.0,10.0
10.83,0.1245,0.3477,0.871,0.9995,-0.1979,1377.0,1249.0,11.0
14.32,0.1755,0.3784,0.909,0.9995,-0.01826,944.5,1201.0,12.0
10.38,0.1493,0.329,0.9155,0.9995,-0.099,1128.0,1189.0,13.0
9.43,0.1398,0.3123,0.9,0.9995,-0.2544,1276.0,1220.0,14.0
9.69,0.1744,0.2052,0.892,0.9995,-0.2598,1493.0,1200.0,15.0
24.73,0.2832,0.1273,0.841,0.999,0.883,511.2,1519.0,1.0
30.67,0.1465,0.5522,0.7354,0.9995,-0.1069,1152.0,1074.0,2.0
10000.0,0.839,0.7607,0.2505,0.9995,0.731,130.1,1602.0,3.0
5.734,0.0742,0.294,0.8975,0.9995,0.1571,1229.0,1424.0,4.0
19.22,0.2087,0.2544,0.864,0.9995,0.3862,836.5,1274.0,5.0
16.67,0.1611,0.306,0.831,0.9995,-0.11786,1483.0,1065.0,6.0
17.95,0.1477,0.4,0.835,0.9995,-0.01528,1103.0,1266.0,7.0
16.88,0.1785,0.3955,0.8623,0.9995,-0.394,1027.0,687.0,8.0
14.805,0.1108,0.46,0.85,0.9995,0.328,1120.0,1224.0,9.0
14.2,0.1092,0.4097,0.823,0.9995,-0.008865,1116.0,1227.0,10.0
23.53,0.1884,0.4243,0.836,0.9995,0.076,1069.0,931.0,11.0
14.36,0.1293,0.4182,0.8423,0.9995,-0.2399,1100.0,1001.0,12.0
17.97,0.1414,0.3857,0.8286,0.9995,0.1637,1116.0,998.5,13.0
0.2096,0.01941,0.3467,0.8604,0.9995,-0.2247,984.5,1014.0,14.0
12.49,0.1112,0.3564,0.8325,0.9995,-0.08,1247.0,1136.0,15.0
10000.0,0.8643,0.978,0.2489,1.0,-0.5894,280.8,1056.0,1.0
21.94,0.1354,0.3806,0.738,0.9995,-0.3508,1032.0,1442.0,2.0
20.56,0.1614,0.4465,0.8213,0.9995,-0.274,728.5,1435.0,3.0
11.9,0.0916,0.609,0.869,0.9995,0.02061,1291.0,908.0,4.0
16.67,0.1326,0.4114,0.813,0.9995,-0.2634,692.5,1011.5,5.0
10000.0,0.4912,0.3047,0.3677,0.9995,-0.2573,322.2,362.0,6.0
17.02,0.1001,0.5327,0.8228,0.999,0.484,492.8,534.5,7.0
14.47,0.09955,0.5576,0.8457,0.9995,0.2198,846.5,824.0,8.0
20.97,0.2957,0.4368,0.94,0.9995,-0.1329,797.0,1075.0,9.0
6.348,0.05078,0.7603,0.9053,0.9995,0.2404,1868.0,1312.0,10.0
10000.0,0.706,0.7593,0.7705,0.9995,0.254,1575.0,1712.0,11.0
13.74,0.08777,0.5186,0.808,0.9995,-0.004566,1237.0,1216.0,12.0
10000.0,0.861,0.5435,0.5225,1.0,0.707,10.555,552.5,13.0
10000.0,0.522,0.3171,0.2651,1.0,-0.4905,1477.0,673.0,14.0
36.25,0.6084,0.2686,0.911,0.999,0.222,1392.0,125.1,15.0
17.38,0.3704,0.2622,0.945,0.999,-0.2886,1423.0,627.5,1.0
17.69,0.1926,0.356,0.861,0.9995,-0.3076,1344.0,789.0,2.0
6.52,0.1783,0.1891,0.978,0.999,0.05194,1780.0,870.5,3.0
4.176,0.09216,0.2832,0.9497,0.9995,-0.07556,1027.0,431.8,4.0
14.75,0.2006,0.4407,0.922,0.9995,-0.3684,1188.0,1077.0,5.0
15.04,0.2568,0.2822,0.925,0.9995,-0.1823,1293.0,716.5,6.0
13.28,0.261,0.2368,0.948,0.9995,0.07306,1118.0,583.5,7.0
11.93,0.1857,0.2915,0.915,0.9995,-0.1343,1285.0,808.5,8.0
11.45,0.1956,0.2678,0.9297,0.9995,-0.04065,1188.0,603.0,9.0
2.44,0.05045,0.2351,0.947,0.999,0.1897,1170.0,673.0,10.0
19.58,0.1683,0.439,0.857,0.9995,0.03552,1229.0,886.0,11.0
16.7,0.2352,0.2927,0.91,0.9995,0.09924,1302.0,788.0,12.0
16.92,0.1539,0.2727,0.8384,0.9995,0.3757,1209.0,587.5,13.0
0.3848,0.0841,0.1404,0.98,0.999,-0.3394,1494.0,389.2,14.0
0.1921,0.01971,0.2241,0.8716,0.9995,-0.008995,1150.0,1417.0,15.0
7.92,0.02844,0.4707,0.58,0.999,-0.545,1270.0,124.1,1.0
22.31,0.2129,0.4314,0.861,0.9995,-0.2314,1225.0,868.5,2.0
20.25,0.1794,0.4456,0.846,0.9995,-0.303,1109.0,1327.0,3.0
18.25,0.1589,0.464,0.855,0.9995,-0.1705,1236.0,780.0,4.0
37.38,0.4387,0.6577,0.9624,0.999,0.2952,577.0,1120.0,5.0
16.77,0.1456,0.4536,0.8584,0.9995,-0.07153,1197.0,687.5,6.0
15.836,0.09235,0.4739,0.7827,0.9995,0.1531,1264.0,812.5,7.0
28.08,0.2725,0.3936,0.854,0.9995,-0.10944,873.0,741.5,8.0
17.92,0.1738,0.4253,0.845,0.9995,-0.5347,1110.0,651.0,9.0
29.89,0.263,0.5684,0.885,0.999,0.08185,930.5,973.5,10.0
6.227,0.0812,0.4985,0.919,0.9995,-0.161,1174.0,788.0,11.0
3.047,0.0361,0.6064,0.9004,0.999,0.0363,1319.0,840.5,12.0
22.08,0.1854,0.5225,0.87,0.9995,0.01642,1084.0,905.5,13.0
1.121,0.03204,0.535,0.9272,0.9995,-0.1661,1493.0,904.0,14.0
16.92,0.1289,0.5044,0.846,0.9995,-0.00895,1173.0,806.0,15.0
10000.0,0.3933,0.9917,0.483,0.9995,0.1152,402.0,673.5,1.0
23.5,0.512,0.274,0.9395,0.9995,-0.549,1484.0,708.5,2.0
24.58,0.2815,0.3743,0.8804,0.9995,-0.1628,756.5,979.0,3.0
10000.0,0.73,0.974,0.7075,1.0,-0.6455,54.7,1320.0,4.0
10.79,0.148,0.353,0.8853,0.999,-0.4688,1305.0,1149.0,5.0
79.94,0.533,0.434,0.7324,0.999,-0.287,1694.0,1420.0,6.0
27.8,0.2886,0.4287,0.8833,0.9995,0.0632,1176.0,1129.0,7.0
4.105,0.1042,0.3335,0.9053,0.999,-0.793,1197.0,759.0,8.0
20.12,0.3076,0.3188,0.929,0.9995,0.1107,1224.0,1381.0,9.0
4.45,0.12305,0.1775,0.8506,0.999,-0.7812,1143.0,1133.0,10.0
14.44,0.2148,0.3447,0.8916,0.9995,-0.6733,1100.0,891.5,11.0
10000.0,0.1126,0.458,0.1521,0.999,0.8496,906.0,1838.0,12.0
11.08,0.1307,0.318,0.849,0.9995,-0.3901,864.0,1284.0,13.0
10000.0,0.2411,0.3267,0.0187,0.999,0.01874,1807.0,1957.0,14.0
2.736,0.09247,0.2625,0.8647,0.999,-0.978,1335.0,990.5,15.0
13.85,0.305,0.2864,0.9526,0.9995,-0.4255,1082.0,1203.0,1.0
9.46,0.1512,0.436,0.9385,0.9995,-0.3936,883.0,1039.0,2.0
21.95,0.2576,0.2238,0.8496,0.999,0.2004,883.5,1877.0,3.0
13.22,0.1733,0.3638,0.9146,0.9995,-0.05646,1154.0,887.5,4.0
3.193,0.02718,0.5425,0.995,0.9995,0.3916,1229.0,191.6,5.0
11.164,0.2051,0.333,0.952,0.9995,-0.1959,1022.5,934.5,6.0
8.21,0.10645,0.4453,0.929,0.9995,-0.03738,1057.0,820.5,7.0
8.52,0.06726,0.5435,0.863,0.9995,0.1473,1033.0,1018.5,8.0
6.777,0.10095,0.4644,0.931,0.9995,-0.2563,917.0,945.0,9.0
7.562,0.1267,0.4001,0.954,0.9995,-0.11786,947.0,814.0,10.0
5.727,0.0955,0.422,0.9517,0.9995,-0.09564,953.5,766.0,11.0
2.139,0.05795,0.592,0.9097,0.9995,-0.8525,391.0,172.2,12.0
6.457,0.08246,0.4421,0.9326,0.9995,0.1394,827.0,689.0,13.0
10000.0,0.3708,0.3455,0.0604,0.999,0.1599,976.0,263.8,14.0
5.496,0.07874,0.4626,0.9346,0.9995,-0.0691,951.5,730.5,15.0
21.66,0.2673,0.3276,0.8726,1.0,-0.3298,645.5,442.8,1.0
9.56,0.0917,0.4238,0.856,0.9995,-0.147,1103.0,952.5,2.0
10.36,0.1526,0.362,0.9097,0.9995,-0.3433,1120.0,875.5,3.0
9.27,0.1212,0.3567,0.913,0.9995,-0.01373,951.0,913.0,4.0
12.33,0.2026,0.2515,0.8823,0.9995,-0.493,1180.0,392.8,5.0
6.43,0.1636,0.2024,0.9,0.9995,-0.6104,1006.0,532.5,6.0
9.445,0.1458,0.27,0.8784,0.9995,-0.4001,1131.0,554.0,7.0
9.14,0.1984,0.2756,0.926,0.9995,-0.567,1148.0,1083.0,8.0
1.875,0.1503,0.1265,0.9434,0.9995,-0.579,897.0,798.0,9.0
6.934,0.1475,0.258,0.9106,0.9995,-0.4905,1103.0,887.0,10.0
8.32,0.1934,0.241,0.924,0.9995,-0.5103,913.5,733.0,11.0
7.242,0.12134,0.2922,0.9053,0.9995,-0.263,996.5,749.5,12.0
6.63,0.1464,0.2401,0.909,0.9995,-0.464,961.0,778.0,13.0
0.4014,0.04593,0.1184,0.8335,0.999,-0.6777,1021.5,475.2,14.0
1.011,0.0581,0.2086,0.856,0.9995,-0.581,1112.0,272.2,15.0
9.18,0.1064,0.455,0.944,0.9995,0.3513,592.5,1020.0,1.0
0.916,0.05893,0.157,0.955,0.9995,-0.0666,817.5,1600.0,2.0
10.2,0.1153,0.31,0.8833,0.9995,0.1438,1034.0,766.5,3.0
6.426,0.10736,0.34,0.9272,0.9995,-0.1594,728.0,705.5,4.0
7.473,0.0981,0.3364,0.915,0.9995,0.1311,982.0,794.0,5.0
8.19,0.0934,0.3774,0.8677,0.9995,-0.2063,1112.0,1007.5,6.0
0.3354,0.0348,0.268,0.9604,0.9995,-0.1045,1144.0,376.0,7.0
0.564,0.04193,0.251,0.947,0.9995,-0.71,823.0,1134.0,8.0
4.707,0.0921,0.3308,0.9683,0.9995,0.109,1333.0,553.0,9.0
3.627,0.06128,0.3513,0.952,0.9995,0.1831,774.0,537.5,10.0
0.732,0.02031,0.2566,0.9243,0.9995,-0.513,339.2,1368.0,11.0
12.78,0.1613,0.3618,0.897,0.9995,-0.1941,1018.0,923.5,12.0
7.117,0.1048,0.352,0.9087,0.9995,-0.1837,946.0,911.5,13.0
5.062,0.0806,0.359,0.9365,0.9995,0.03056,757.5,1041.0,14.0
0.732,0.02559,0.2786,0.959,0.999,-0.922,534.5,380.5,15.0
8.805,0.0875,0.4575,0.8696,0.9995,-0.1461,1163.0,1041.0,1.0
10.88,0.09814,0.4607,0.8647,0.9995,-0.0559,1182.0,957.0,2.0
0.1964,0.02158,0.3142,0.929,0.9995,-0.1803,764.5,1311.0,3.0
34.1,0.3655,0.572,0.8936,1.0,-0.8486,622.0,1024.0,4.0
8.87,0.0843,0.4038,0.8584,0.9995,-0.0365,1078.0,1052.0,5.0
6.805,0.0905,0.3696,0.884,0.9995,-0.2515,1184.0,1158.0,6.0
6.55,0.0719,0.4375,0.872,0.9995,-0.1526,1179.0,1003.5,7.0
4.9,0.0616,0.4255,0.831,0.9995,-0.5107,1279.0,689.5,8.0
6.887,0.0879,0.469,0.9253,0.9995,-0.0491,734.5,1007.5,9.0
3.512,0.03558,0.533,0.8965,0.9995,0.2114,1056.0,1166.0,10.0
0.3008,0.02592,0.2827,0.9253,0.9995,-0.3455,1143.0,920.5,11.0
13.14,0.10394,0.462,0.837,0.9995,-0.0817,1012.5,1143.0,12.0
7.32,0.0772,0.4202,0.8706,0.9995,-0.1011,1027.0,1030.0,13.0
3.885,0.06433,0.36,0.8936,0.9995,-0.2113,1137.0,1104.0,14.0
0.2913,0.01263,0.3828,0.943,0.9995,-0.1091,820.5,1128.0,15.0
10.75,0.0577,0.4531,0.721,0.9995,-0.2455,1284.0,1153.0,1.0
9.14,0.05966,0.494,0.9355,0.9995,0.72,1646.0,247.9,2.0
7.66,0.11096,0.3423,0.9453,0.9995,0.2418,1265.0,433.5,3.0
0.598,0.0129,0.344,0.8623,0.9995,-0.4336,1620.0,765.0,4.0
1.483,0.0835,0.3289,0.952,0.9995,-0.7065,1588.0,812.0,5.0
0.6167,0.012825,0.407,0.953,0.9995,-0.2883,1674.0,333.8,6.0
9.76,0.09064,0.3777,0.831,0.9995,-0.1973,1099.0,830.5,7.0
6.28,0.123,0.392,0.9443,0.9995,-0.4119,1464.0,614.5,8.0
6.5,0.05887,0.426,0.806,0.9995,-0.276,1367.0,899.5,9.0
4.32,0.0573,0.8174,0.9766,0.9995,-0.05652,883.0,1749.0,10.0
4.04,0.05246,0.4353,0.8594,0.9995,-0.254,1339.0,887.5,11.0
4.867,0.0931,0.3123,0.925,0.9995,-0.1963,1361.0,788.5,12.0
0.732,0.01671,0.357,0.919,0.9995,-0.5127,1484.0,857.0,13.0
12.74,0.11005,0.4397,0.865,0.9995,0.1583,842.5,901.0,14.0
3.098,0.06775,0.3342,0.911,0.9995,-0.2837,1356.0,804.5,15.0
12.16,0.1055,0.4363,0.857,0.9995,-8.75e-05,836.5,954.0,1.0
12.37,0.1555,0.3757,0.9053,0.9995,-0.1206,1035.0,1056.0,2.0
22.47,0.375,0.3218,0.938,0.999,0.001826,446.2,143.5,3.0
1.145,0.0353,0.5396,0.9023,0.9995,-0.3823,1154.0,566.5,4.0
9.59,0.0949,0.456,0.8794,0.9995,-0.06805,978.5,779.0,5.0
0.3586,0.01305,0.5386,0.9004,0.9995,-0.3054,993.5,798.0,6.0
8.59,0.0878,0.488,0.891,0.9995,-0.06134,1073.0,931.5,7.0
7.605,0.11536,0.5137,0.936,0.9995,-0.4333,644.5,547.5,8.0
45.34,0.928,0.1692,0.932,0.9995,0.9985,929.5,1592.0,9.0
17.14,0.2103,0.4082,0.9116,0.9995,-0.08386,756.5,467.5,10.0
11.29,0.133,0.472,0.9116,0.9995,-0.1835,865.5,665.0,11.0
10.03,0.11664,0.4243,0.8936,0.9995,-0.1938,937.0,924.5,12.0
9.64,0.04453,0.9214,0.8247,0.999,0.3713,317.5,975.5,13.0
5.99,0.0656,0.62,0.8877,0.9995,-0.3152,630.0,456.8,14.0
5.863,0.08673,0.4824,0.9155,0.9995,-0.3564,827.0,725.0,15.0
19.61,0.1045,0.6665,0.8047,0.9995,0.1865,1397.0,770.5,1.0
0.2484,0.02315,0.4678,0.881,0.9995,-0.532,1113.0,370.0,2.0
10.836,0.1393,0.3748,0.919,0.9995,0.02368,1025.0,816.0,3.0
8.6,0.08795,0.4365,0.8555,0.9995,-0.2786,1132.0,744.0,4.0
0.4668,0.075,0.2355,0.9673,0.9995,-0.594,1208.0,672.0,5.0
4.805,0.099,0.4026,0.895,0.9995,-0.871,756.5,472.0,6.0
0.3997,0.03004,0.2913,0.923,0.9995,-0.522,1107.0,568.0,7.0
10000.0,0.2144,0.3977,0.27,0.9995,-0.3564,1544.0,1812.0,8.0
5.05,0.03494,0.553,0.765,0.9995,-0.1741,1449.0,609.0,9.0
6.19,0.09766,0.3635,0.914,0.9995,-0.2251,1032.0,775.5,10.0
11.086,0.08795,0.503,0.848,0.9995,-0.04398,1337.0,744.0,11.0
0.3247,0.04376,0.2944,0.911,0.9995,-0.5317,789.0,889.0,12.0
10000.0,0.612,0.2825,0.04944,1.0,0.676,1218.0,1226.0,13.0
10000.0,0.4966,0.4404,0.3582,0.999,0.463,1210.0,1202.0,14.0
8.195,0.1272,0.3367,0.9287,0.9995,-0.08435,1302.0,836.5,15.0
0.312,0.02965,0.3909,0.9556,0.9995,-0.446,1247.0,1602.0,1.0
9.3,0.0984,0.4065,0.8506,0.9995,-0.3574,1305.0,1297.0,2.0
9.48,0.1176,0.4883,0.9277,0.999,-0.10504,770.5,1198.0,3.0
6.74,0.08734,0.4297,0.916,0.9995,-0.0679,1011.0,1103.0,4.0
0.3289,0.04886,0.31,0.995,0.9995,-0.4568,638.0,1416.0,5.0
9.31,0.1295,0.3953,0.9277,0.9995,-0.0848,1054.0,986.5,6.0
6.95,0.06683,0.5273,0.8535,0.9995,-0.2722,1244.0,977.0,7.0
14.664,0.1666,0.4045,0.891,0.9995,-0.1824,955.5,1108.0,8.0
0.732,0.02097,0.3066,0.932,0.9995,-0.671,1199.0,1656.0,9.0
4.8,0.05807,0.4717,0.9067,0.9995,0.01179,1343.0,1528.0,10.0
3.492,0.0753,0.366,0.9062,0.9995,-0.4495,892.5,1273.0,11.0
3.74,0.0595,0.4485,0.8896,0.9995,-0.3252,1165.0,1208.0,12.0
3.914,0.1034,0.318,0.9263,0.9995,-0.5674,908.5,1453.0,13.0
7.145,0.1092,0.376,0.912,0.9995,-0.2861,1017.5,1236.0,14.0
5.285,0.0974,0.3755,0.9375,0.9995,-0.2347,1016.0,1224.0,15.0
7.914,0.10486,0.369,0.89,0.9995,-0.255,1223.0,937.0,1.0
9.055,0.0772,0.3843,0.8164,0.9995,-0.139,1064.0,872.0,2.0
10.61,0.0967,0.4849,0.904,0.9995,0.3538,1390.0,865.0,3.0
11.54,0.1587,0.3147,0.9297,0.9995,0.278,512.0,588.5,4.0
0.299,0.01686,0.577,0.935,0.9995,-0.3027,1275.0,866.0,5.0
0.4236,0.04416,0.4521,0.978,0.9995,-0.5425,754.0,578.0,6.0
14.15,0.1385,0.6035,0.9067,0.999,-0.1967,527.5,804.5,7.0
7.63,0.106,0.365,0.927,0.9995,0.0497,781.0,635.5,8.0
10000.0,0.7476,0.4504,0.02576,0.999,0.8164,1611.0,1260.0,9.0
6.457,0.0729,0.4402,0.9014,0.9995,0.06073,1198.0,799.0,10.0
5.133,0.0796,0.383,0.9023,0.9995,-0.252,1118.0,820.0,11.0
4.957,0.07526,0.3938,0.917,0.9995,-0.118,876.0,661.5,12.0
0.4739,0.02467,0.3533,0.926,0.9995,-0.5195,762.0,606.0,13.0
7.89,0.12384,0.2651,0.921,0.9995,0.068,578.0,749.5,14.0
4.98,0.0637,0.3862,0.871,0.9995,-0.177,1080.0,798.5,15.0
0.3127,0.03604,0.3499,0.945,0.9995,-0.5806,1107.0,490.5,1.0
1.126,0.0766,0.2905,0.9614,0.9995,-0.5293,1528.0,938.0,2.0
17.2,0.1096,0.2996,0.729,0.9995,-0.1893,894.0,434.5,3.0
5.926,0.0889,0.4868,0.8984,0.9995,-0.573,1086.0,590.0,4.0
8.12,0.1448,0.31,0.9062,0.9995,-0.4927,1118.0,683.0,5.0
12.164,0.10345,0.346,0.806,0.9995,-0.1976,971.0,622.0,6.0
9.83,0.1362,0.3137,0.8926,0.9995,-0.2174,1015.0,674.0,7.0
0.792,0.05496,0.4265,0.9897,0.9995,-0.4463,1472.0,913.0,8.0
9.31,0.1432,0.3225,0.9185,0.9995,-0.1605,1093.0,885.5,9.0
6.684,0.11053,0.3323,0.9185,0.9995,-0.2147,930.5,625.5,10.0
5.406,0.1094,0.3218,0.915,0.9995,-0.4514,1218.0,757.5,11.0
1.187,0.10657,0.2324,0.9663,0.9995,-0.703,29.12,1178.0,12.0
0.732,0.014595,0.2585,0.896,0.9995,-0.8667,958.5,845.0,13.0
65.44,0.4062,0.68,0.796,1.0,-0.5874,399.0,1423.0,14.0
0.559,0.03105,0.3728,0.9165,0.9995,-0.797,1171.0,980.0,15.0
18.97,0.1248,0.5234,0.832,0.9995,0.323,726.0,1133.0,1.0
8.47,0.08594,0.419,0.884,0.999,0.07434,866.5,719.5,2.0
10.56,0.1494,0.2444,0.899,0.9995,0.07916,1463.0,1303.0,3.0
0.6113,0.0616,0.327,0.977,0.9995,-0.515,1876.0,1425.0,4.0
10000.0,0.1039,0.536,0.0543,0.9995,-0.9624,898.5,653.0,5.0
10000.0,0.6294,0.2382,0.1333,0.999,0.2996,1168.0,815.0,6.0
10000.0,0.3965,0.539,0.4973,0.999,0.4797,431.2,635.5,7.0
0.4797,0.02704,0.555,0.9844,1.0,-0.7056,1372.0,1331.0,8.0
10.87,0.1326,0.257,0.8745,0.9995,0.0593,1380.0,1188.0,9.0
10.266,0.1475,0.38,0.9077,0.9995,-0.3738,1154.0,1190.0,10.0
7.246,0.1608,0.4106,0.9697,0.9995,-0.5625,1143.0,1262.0,11.0
5.367,0.0793,0.469,0.944,0.9995,-0.04257,1193.0,1509.0,12.0
6.375,0.1143,0.399,0.9644,0.9995,-0.079,1383.0,1194.0,13.0
6.715,0.104,0.3647,0.9155,0.9995,-0.2214,1409.0,1287.0,14.0
0.3765,0.04474,0.2593,0.9814,0.9995,-0.518,1570.0,1474.0,15.0
27.33,0.2289,0.3428,0.8145,0.9995,0.03024,1426.0,865.0,1.0
10000.0,0.7773,0.915,0.712,0.999,0.0819,967.0,1676.0,2.0
4.434,0.0815,0.639,0.9473,0.9995,-0.64,1221.0,1996.0,3.0
17.84,0.0933,0.777,0.7573,0.999,-0.88,119.56,675.0,4.0
16.39,0.1294,0.4268,0.839,0.9995,0.0972,934.0,1328.0,5.0
11.81,0.0988,0.443,0.844,0.9995,-0.06494,1042.0,1371.0,6.0
10.38,0.0863,0.448,0.832,0.9995,-0.1552,1267.0,1364.0,7.0
10000.0,0.9346,0.6206,0.31,0.999,0.3481,475.2,1433.0,8.0
15.266,0.10913,0.7046,0.8735,0.999,0.01982,984.0,1817.0,9.0
4.484,0.04434,0.471,0.8184,0.9995,-0.2191,1438.0,1356.0,10.0
9.53,0.0687,0.4775,0.8135,0.9995,-0.05975,1075.0,1060.0,11.0
12.19,0.09064,0.5884,0.813,0.9995,-0.5366,562.5,1031.0,12.0
10000.0,0.93,0.648,0.1505,0.9995,0.04922,1649.0,1602.0,13.0
7.938,0.0638,0.4934,0.822,0.9995,-0.1724,1145.0,1337.0,14.0
8.52,0.0444,0.671,0.734,0.9995,-0.3508,1463.0,1692.0,15.0
0.2688,0.0335,0.3445,0.926,0.9995,-0.386,998.0,667.5,1.0
10.98,0.1324,0.4077,0.8945,0.9995,-0.247,957.5,867.5,2.0
7.816,0.0559,0.3545,0.8364,0.9995,0.3875,911.5,554.0,3.0
26.8,0.341,0.3252,0.889,0.9995,0.00832,1246.0,461.5,4.0
0.648,0.02432,0.2764,0.8296,0.9995,-0.9077,1319.0,928.5,5.0
18.0,0.206,0.3574,0.881,0.9995,-0.1469,1134.0,613.5,6.0
0.393,0.02794,0.284,0.8447,0.9995,-0.7295,1025.0,152.9,7.0
12.93,0.1333,0.625,0.9214,0.9995,-0.1727,1374.0,1129.0,8.0
10000.0,0.1359,0.727,0.01447,0.999,-0.8984,1117.0,662.0,9.0
7.555,0.0991,0.389,0.8774,0.9995,-0.3916,1021.0,806.5,10.0
9.836,0.1276,0.3545,0.8833,0.9995,-0.325,1125.0,642.5,11.0
6.344,0.09326,0.3513,0.872,0.9995,-0.4465,1092.0,685.0,12.0
7.906,0.0889,0.4807,0.883,0.9995,-0.2854,1206.0,880.5,13.0
4.953,0.06604,0.3953,0.8867,0.9995,-0.1439,898.0,718.5,14.0
7.254,0.1154,0.3389,0.901,0.9995,-0.371,902.0,1011.0,15.0
38.84,0.2727,0.9546,0.923,0.9995,0.6953,73.3,1204.0,1.0
10.805,0.0882,0.4424,0.843,0.9995,-0.00881,1155.0,999.0,2.0
10.484,0.1482,0.3594,0.9033,0.9995,-0.3193,1123.0,1068.0,3.0
7.18,0.0844,0.4688,0.9424,0.9995,0.287,1347.0,961.0,4.0
29.9,0.392,0.2837,0.858,0.9995,-0.3896,830.0,671.0,5.0
8.05,0.0909,0.4521,0.891,0.9995,-0.1565,1146.0,1032.0,6.0
6.816,0.0807,0.4165,0.8457,0.9995,-0.4932,1126.0,1501.0,7.0
0.1768,0.0169,0.4978,0.987,1.0,-0.083,996.0,1181.0,8.0
8.96,0.114,0.3418,0.907,0.9995,0.04172,1325.0,1050.0,9.0
1.336,0.05383,0.598,0.955,0.9995,-0.6997,951.0,1202.0,10.0
20.14,0.1229,0.575,0.831,0.999,0.429,811.5,124.7,11.0
0.3623,0.0202,0.636,0.979,0.9995,-0.3896,1008.5,1254.0,12.0
4.01,0.0657,0.3066,0.959,0.9995,0.259,922.0,1286.0,13.0
10.75,0.09705,0.5557,0.8955,0.9995,0.1066,890.0,667.5,14.0
7.08,0.01746,0.1652,0.504,0.9995,-0.3765,1369.0,658.5,15.0
10000.0,0.769,0.7007,0.6953,0.9995,0.4348,291.2,703.5,1.0
1.182,0.0359,0.2335,0.827,0.9995,-0.244,1285.0,886.5,2.0
8.13,0.0973,0.3103,0.843,0.9995,-0.3186,1097.0,1163.0,3.0
28.86,0.2537,0.4966,0.851,0.9995,-0.4026,1183.0,1007.5,4.0
19.4,0.1716,0.415,0.8325,0.9995,-0.3704,1201.0,1033.0,5.0
10.55,0.08905,0.4346,0.8477,0.9995,-0.00853,1068.0,928.5,6.0
11.16,0.12164,0.3062,0.8247,0.9995,-0.417,1175.0,1057.0,7.0
0.1957,0.03087,0.2278,0.812,0.9995,-0.5405,1368.0,1170.0,8.0
10000.0,0.833,0.2047,0.0767,1.0,-0.133,1845.0,937.0,9.0
7.918,0.1111,0.3323,0.879,0.9995,-0.3599,1248.0,1087.0,10.0
6.734,0.0777,0.3384,0.875,0.9995,-0.00883,1262.0,1068.0,11.0
7.535,0.0873,0.2947,0.82,0.9995,-0.356,1247.0,1065.0,12.0
11.266,0.11206,0.3413,0.825,0.9995,-0.337,1290.0,1059.0,13.0
7.902,0.0838,0.3193,0.8228,0.9995,-0.2708,1299.0,1066.0,14.0
3.852,0.01539,0.3794,0.626,0.9995,0.10095,1753.0,1080.0,15.0
1.366,0.02754,0.3943,0.89,0.9995,0.03345,1165.0,1051.0,1.0
12.305,0.11554,0.4458,0.849,0.9995,-0.3271,978.0,995.5,2.0
12.055,0.1062,0.467,0.836,0.9995,-0.3755,1097.0,944.5,3.0
3.268,0.09186,0.3591,0.9766,0.9995,-0.2473,1169.0,1192.0,4.0
10000.0,0.377,0.5645,0.02649,0.9995,0.2281,1144.0,730.5,5.0
8.23,0.08,0.4697,0.8535,0.9995,-0.2556,1074.0,1000.5,6.0
33.47,0.2827,0.3237,0.807,0.9995,0.2389,1281.0,1043.0,7.0
1.51,0.02812,0.4775,0.8804,0.9995,-0.0839,1256.0,1588.0,8.0
8.4,0.04224,0.604,0.695,0.9995,-0.513,1248.0,1151.0,9.0
20.44,0.1666,0.412,0.836,0.9995,-0.007004,1137.0,1029.0,10.0
2.953,0.0997,0.1464,0.9844,0.999,0.1509,1788.0,396.0,11.0
14.0,0.1048,0.4758,0.828,0.9995,-0.0934,1223.0,1129.0,12.0
8.08,0.0893,0.569,0.892,0.9995,-0.3723,893.5,990.5,13.0
5.277,0.0467,0.4985,0.7866,0.9995,-0.3762,1253.0,1084.0,14.0
7.12,0.1053,0.3608,0.9336,0.9995,0.02058,1402.0,755.0,15.0
32.4,0.1503,0.507,0.742,1.0,0.649,37.47,708.5,1.0
9.11,0.1177,0.3809,0.8906,0.9995,-0.2913,1099.0,1006.0,2.0
8.836,0.0715,0.4734,0.886,0.9995,0.3926,1431.0,1290.0,3.0
11.0,0.10834,0.4429,0.8794,0.9995,-0.05377,1034.0,982.0,4.0
9.64,0.0818,0.4773,0.8604,0.9995,0.04703,1286.0,834.0,5.0
16.8,0.11273,0.4163,0.817,0.9995,0.3723,640.5,805.0,6.0
24.98,0.0803,0.619,0.6904,0.9995,0.5347,1346.0,859.0,7.0
15.22,0.08105,0.533,0.7812,0.9995,0.264,1276.0,940.0,8.0
1.379,0.04117,0.12146,0.9224,0.9995,0.1455,1449.0,939.5,9.0
6.61,0.0905,0.362,0.8945,0.9995,-0.1798,1160.0,940.5,10.0
9.664,0.08344,0.397,0.854,0.9995,0.174,932.5,836.0,11.0
3.168,0.10547,0.4817,0.969,0.9995,-0.975,533.5,450.2,12.0
0.4502,0.04688,0.1638,0.931,0.9995,-0.1494,883.0,40.28,13.0
8.67,0.0787,0.4033,0.8545,0.9995,0.05154,1201.0,881.5,14.0
0.12415,0.02838,0.1638,0.972,0.9995,-0.0793,946.5,489.0,15.0
10000.0,0.9536,0.86,0.855,0.9995,-0.863,161.4,1077.0,1.0
12.805,0.0956,0.4773,0.8384,0.9995,0.0843,585.5,596.0,2.0
30.53,0.1793,0.623,0.816,0.9995,0.299,1360.0,827.5,3.0
17.22,0.1274,0.4927,0.8438,0.9995,0.1584,1103.0,866.0,4.0
10000.0,0.2351,0.356,0.3196,0.9995,-0.4045,21.5,0.04868,5.0
15.164,0.1921,0.4402,0.921,0.9995,-0.1655,950.0,1142.0,6.0
10.88,0.1448,0.278,0.8843,0.9995,-0.11163,1229.0,1120.0,7.0
0.3528,0.0379,0.3696,0.948,0.9995,-0.681,906.0,1040.0,8.0
8.89,0.0979,0.3604,0.9355,0.9995,0.4683,899.0,556.5,9.0
7.867,0.081,0.4312,0.881,0.9995,-0.01926,885.0,803.0,10.0
7.19,0.10864,0.4011,0.9497,1.0,0.05667,1252.0,997.0,11.0
6.406,0.04706,0.3025,0.835,0.9995,0.3813,806.0,1302.0,12.0
7.617,0.12213,0.3691,0.9517,0.9995,0.03864,1182.0,1198.0,13.0
5.67,0.08875,0.3694,0.928,0.9995,-0.0792,1172.0,1165.0,14.0
9.58,0.1288,0.4014,0.9224,0.9995,-0.10443,977.5,1060.0,15.0
11.78,0.1538,0.4343,0.9507,0.9995,0.29,895.5,534.0,1.0
9.32,0.0978,0.3972,0.86,0.9995,-0.2146,1230.0,802.0,2.0
1.348,0.09546,0.203,0.998,0.9995,-0.2338,1506.0,74.06,3.0
51.12,0.728,0.31,0.8677,0.9995,-0.4243,518.5,1146.0,4.0
0.646,0.02681,0.2607,0.9355,0.999,-0.516,1854.0,1316.0,5.0
10000.0,0.3264,0.1354,0.08813,0.9995,0.866,1157.0,348.2,6.0
14.586,0.1812,0.3174,0.902,0.9995,0.152,821.0,410.5,7.0
9.21,0.1372,0.3145,0.9204,0.9995,-0.05103,1137.0,587.0,8.0
0.6426,0.02808,0.3655,0.9893,0.9995,-0.6074,1795.0,896.0,9.0
27.03,0.4023,0.3445,0.9097,0.9995,-0.2798,986.5,1063.0,10.0
6.145,0.0826,0.4087,0.919,0.9995,-0.0339,1215.0,973.5,11.0
16.86,0.234,0.3674,0.908,0.9995,-0.3203,1174.0,872.0,12.0
5.184,0.07623,0.3882,0.915,0.9995,-0.0961,1304.0,785.0,13.0
0.5093,0.0649,0.2289,0.987,0.9995,-0.87,1850.0,299.0,14.0
11.086,0.1517,0.389,0.907,0.9995,-0.3254,1236.0,810.5,15.0
40.75,0.3096,0.39,0.787,0.999,-0.148,1559.0,1142.0,1.0
21.03,0.3179,0.3115,0.906,0.9995,-0.29,1366.0,891.0,2.0
88.7,0.86,0.5933,0.869,0.999,-0.582,817.0,526.0,3.0
10.93,0.1098,0.3347,0.84,0.9995,-0.1769,1354.0,885.0,4.0
51.1,0.475,0.4663,0.84,0.999,-0.2869,1132.0,613.0,5.0
23.19,0.2034,0.3745,0.83,0.9995,-0.1462,1493.0,1117.0,6.0
31.16,0.2937,0.4094,0.8486,0.9995,-0.1417,1268.0,804.5,7.0
16.75,0.1478,0.3672,0.834,0.9995,-0.10706,1413.0,987.0,8.0
1.872,0.0318,0.3118,0.8926,0.9995,0.1365,1492.0,820.5,9.0
17.7,0.1924,0.3596,0.8765,0.9995,-0.0764,1339.0,891.0,10.0
14.516,0.1935,0.326,0.898,0.9995,-0.1665,1393.0,989.0,11.0
10.01,0.1378,0.2961,0.899,0.9995,-0.0813,1277.0,713.0,12.0
1.007,0.1066,0.3079,0.9976,0.9995,-0.9536,1153.0,1371.0,13.0
6.31,0.04797,0.4001,0.74,0.999,-0.3792,1366.0,630.5,14.0
10000.0,0.4624,0.798,0.594,0.9995,-0.906,224.4,189.6,15.0
0.732,0.02167,0.309,0.9653,1.0,-0.8213,1553.0,1005.5,1.0
4.723,0.08374,0.2532,0.9243,0.9995,0.05786,1585.0,1330.0,2.0
2.377,0.06192,0.3328,0.9346,0.9995,-0.1981,973.5,940.0,3.0
0.732,0.02103,0.196,0.942,0.9995,-0.869,1198.0,1020.0,4.0
9.93,0.1561,0.2988,0.8975,0.9995,-0.3691,935.0,628.5,5.0
5.098,0.10443,0.3115,0.912,0.9995,-0.4287,1076.0,703.0,6.0
1.627,0.057,0.3875,0.9585,0.9995,-0.2612,1211.0,1131.0,7.0
2.432,0.03772,0.658,0.7866,1.0,-0.9697,983.0,1599.0,8.0
3.293,0.073,0.343,0.9087,0.9995,-0.3752,1140.0,855.0,9.0
2.627,0.0633,0.3135,0.9185,0.9995,-0.2202,1352.0,1118.0,10.0
0.6274,0.02097,0.2368,0.933,0.9995,-0.361,1145.0,749.0,11.0
0.732,0.0376,0.1034,0.975,0.9995,-0.6978,1586.0,357.8,12.0
1.465,0.04736,0.3306,0.9014,0.9995,-0.3062,1189.0,736.5,13.0
0.7305,0.0521,0.3103,0.9443,0.9995,-0.3833,1245.0,855.5,14.0
0.732,0.02444,0.2323,0.929,0.9995,-0.906,1251.0,301.8,15.0
4.574,0.07306,0.401,0.929,0.9995,-0.0844,1098.0,999.0,1.0
2.43,0.05618,0.3665,0.914,0.9995,-0.253,1020.5,942.5,2.0
2.977,0.05786,0.6777,0.954,0.9995,-0.398,1224.0,1222.0,3.0
1.538,0.03815,0.4065,0.8853,0.9995,-0.2583,1072.0,1187.0,4.0
5.26,0.0933,0.363,0.9204,0.9995,-0.2822,1050.0,1143.0,5.0
2.246,0.0591,0.4905,0.939,0.9995,-0.4275,1078.0,1542.0,6.0
4.17,0.04587,0.5386,0.834,0.9995,-0.3494,1260.0,1372.0,7.0
2.889,0.0695,0.356,0.929,0.9995,-0.2944,1034.0,1133.0,8.0
2.58,0.0456,0.464,0.882,0.9995,-0.3015,1130.0,1297.0,9.0
0.732,0.014206,0.4167,0.9844,0.9995,-0.4856,670.0,1468.0,10.0
1.077,0.02855,0.41,0.9204,0.9995,-0.006104,774.0,1242.0,11.0
1.4,0.05402,0.3618,0.9346,0.9995,-0.3516,974.0,1203.0,12.0
1.186,0.04645,0.502,0.9507,0.9995,-0.387,1064.0,1122.0,13.0
0.4626,0.03537,0.242,0.9976,0.9995,-0.385,753.5,866.5,14.0
0.877,0.0447,0.3481,0.9365,0.9995,-0.2876,974.5,968.0,15.0
3.486,0.06384,0.4292,0.9253,0.9995,-0.2114,1056.0,1114.0,1.0
2.639,0.05795,0.4128,0.928,0.9995,-0.235,1178.0,1012.0,2.0
13.44,0.1553,0.3516,0.899,0.9995,0.1399,894.5,1295.0,3.0
4.625,0.06216,0.4353,0.8833,0.9995,-0.2205,1143.0,1209.0,4.0
4.355,0.07184,0.3335,0.8687,0.9995,-0.3806,1141.0,1069.0,5.0
4.45,0.05566,0.4946,0.902,0.9995,-0.0749,1059.0,1131.0,6.0
0.686,0.03217,0.3623,0.996,0.9995,-0.7163,1020.5,1182.0,7.0
1.443,0.04868,0.433,0.94,0.9995,-0.3118,1063.0,1170.0,8.0
1.02,0.04413,0.4236,0.9395,0.9995,-0.3293,1131.0,1089.0,9.0
3.244,0.0597,0.3555,0.9146,0.9995,-0.12445,760.0,891.0,10.0
2.504,0.07947,0.295,0.8994,0.9995,-0.625,1111.0,1106.0,11.0
1.409,0.05188,0.434,0.958,0.9995,-0.2998,1003.0,1361.0,12.0
2.645,0.06052,0.362,0.902,0.9995,-0.355,1060.0,1084.0,13.0
1.247,0.04626,0.4026,0.9224,0.9995,-0.3616,1080.0,1118.0,14.0
1.586,0.05756,0.387,0.9287,0.9995,-0.455,954.0,1182.0,15.0
0.248,0.02058,0.2925,0.887,0.9995,-0.303,1139.0,1343.0,1.0
4.344,0.0679,0.4,0.904,0.9995,-0.1998,1065.0,1102.0,2.0
0.732,0.01927,0.1087,0.9414,0.9995,-0.781,980.0,1570.0,3.0
15.52,0.2034,0.4353,0.906,0.9995,-0.5195,838.0,1159.0,4.0
3.072,0.04935,0.401,0.8545,0.9995,-0.3464,1129.0,1184.0,5.0
0.3843,0.0326,0.4214,0.8926,0.9995,-0.9185,1006.5,1119.0,6.0
3.076,0.06805,0.3296,0.8896,0.9995,-0.4211,1140.0,999.0,7.0
0.732,0.04083,0.2218,0.933,0.9995,-0.9175,1034.0,1309.0,8.0
4.668,0.06885,0.371,0.8955,0.9995,-0.1554,889.5,1068.0,9.0
2.291,0.0446,0.4148,0.9033,0.9995,-0.1611,1056.0,1177.0,10.0
0.732,0.01177,0.1553,0.9272,0.9995,-0.815,1656.0,1163.0,11.0
6.547,0.1279,0.3694,0.924,0.9995,-0.5854,915.5,1151.0,12.0
0.844,0.06854,0.3413,0.9546,0.9995,-0.6865,675.5,1301.0,13.0
0.732,0.025,0.1304,0.959,0.9995,-0.683,1212.0,1362.0,14.0
0.844,0.04572,0.3433,0.919,0.9995,-0.3953,1149.0,1126.0,15.0
5.047,0.06067,0.3887,0.861,0.9995,-0.1649,1255.0,1066.0,1.0
7.19,0.07227,0.4968,0.8906,0.9995,0.003332,1014.0,820.0,2.0
4.734,0.04886,0.501,0.8804,0.9995,0.03735,1210.0,940.0,3.0
0.1986,0.01651,0.451,0.88,0.9995,-0.2341,1306.0,1127.0,4.0
3.658,0.06866,0.3723,0.908,0.9995,-0.2769,1189.0,1117.0,5.0
6.113,0.09235,0.3347,0.8965,0.9995,-0.2217,1202.0,982.0,6.0
4.17,0.06714,0.3481,0.8823,0.9995,-0.258,1262.0,1011.0,7.0
4.12,0.0521,0.4348,0.878,0.9995,-0.1159,1104.0,931.5,8.0
0.3625,0.02113,0.272,0.9214,0.9995,-0.292,941.5,945.0,9.0
0.3765,0.02519,0.338,0.9263,0.999,-0.447,1027.0,1428.0,10.0
2.309,0.0502,0.367,0.8843,0.9995,-0.3145,1221.0,1171.0,11.0
0.9277,0.02625,0.3997,0.9136,0.9995,0.0396,1032.0,849.0,12.0
3.549,0.0563,0.3945,0.856,0.9995,-0.4114,1166.0,1354.0,13.0
1.957,0.05228,0.3508,0.8916,0.9995,-0.3796,1232.0,1500.0,14.0
1.127,0.0392,0.3726,0.886,0.9995,-0.3503,1191.0,1334.0,15.0
0.732,0.01894,0.1586,0.8994,0.9995,-0.5225,1370.0,626.0,1.0
5.07,0.0592,0.3887,0.894,0.9995,0.1311,1299.0,943.5,2.0
5.117,0.08203,0.3306,0.925,0.9995,-0.0257,1196.0,654.0,3.0
2.588,0.05072,0.3174,0.8896,0.9995,-0.1493,1206.0,622.0,4.0
0.557,0.04315,0.2461,0.937,0.9995,-0.7417,797.5,719.5,5.0
2.68,0.06256,0.3247,0.9277,0.9995,-0.1661,1160.0,699.0,6.0
0.6494,0.0329,0.1995,0.879,0.9995,-0.727,1553.0,989.5,7.0
2.994,0.0806,0.3389,0.929,0.9995,-0.429,1370.0,690.5,8.0
1.525,0.03473,0.448,0.8975,0.9995,-0.1655,905.5,659.5,9.0
1.236,0.04834,0.3232,0.9253,0.9995,-0.2622,1171.0,741.5,10.0
0.9697,0.04053,0.3137,0.9062,0.9995,-0.2461,1233.0,704.5,11.0
24.61,0.2208,0.4983,0.853,0.9995,-0.5,743.0,1150.0,12.0
1.334,0.06042,0.318,0.926,0.9995,-0.4602,1284.0,741.5,13.0
1.724,0.05963,0.2605,0.88,0.9995,-0.455,861.0,1136.0,14.0
0.3135,0.02611,0.3948,0.9517,0.9995,-0.3862,1683.0,268.5,15.0
5.492,0.06476,0.5737,0.868,0.9995,-0.4858,738.0,1180.0,1.0
0.3115,0.04617,0.2551,0.8755,0.9995,-0.6494,1000.5,692.5,2.0
10000.0,0.674,0.1293,0.5103,0.999,-0.7715,495.2,1670.0,3.0
21.47,0.3142,0.3857,0.9023,0.9995,-0.7754,1588.0,713.0,4.0
6.625,0.075,0.3875,0.8657,0.9995,-0.1528,1073.0,1066.0,5.0
1.187,0.06097,0.32,0.9033,0.9995,-0.658,552.5,718.5,6.0
3.578,0.06433,0.4329,0.889,0.9995,-0.458,812.5,1082.0,7.0
11.72,0.1947,0.3357,0.906,0.9995,-0.6313,1281.0,751.5,8.0
0.4846,0.04254,0.1699,0.8237,0.9995,-0.9214,904.0,47.88,9.0
0.1566,0.03384,0.1357,0.906,0.9995,-0.2021,809.5,344.8,10.0
3.822,0.0561,0.3325,0.8354,0.9995,-0.3396,1117.0,728.5,11.0
2.502,0.05887,0.288,0.8774,0.9995,-0.3386,1016.5,729.5,12.0
2.043,0.0703,0.2144,0.9395,0.9995,-0.1333,1305.0,579.5,13.0
2.73,0.085,0.3135,0.9087,0.9995,-0.6626,673.0,827.5,14.0
1.734,0.0651,0.2942,0.901,0.9995,-0.5303,703.0,776.5,15.0
4.758,0.094,0.373,0.926,0.9995,-0.3835,1009.5,928.0,1.0
0.732,0.01251,0.5273,0.95,0.9995,-0.8057,1291.0,1704.0,2.0
3.963,0.07214,0.3958,0.9067,0.9995,-0.3413,1182.0,964.0,3.0
5.453,0.0821,0.3613,0.8896,0.9995,-0.2825,1219.0,1018.0,4.0
5.035,0.0711,0.3794,0.9214,0.9995,0.05884,988.5,881.0,5.0
0.732,0.01756,0.4207,0.948,0.9995,-0.7056,1001.5,1411.0,6.0
2.033,0.05325,0.3843,0.928,0.9995,-0.2402,1030.0,1080.0,7.0
3.213,0.0645,0.396,0.873,0.9995,-0.592,1152.0,1089.0,8.0
3.275,0.06354,0.376,0.897,0.9995,-0.3357,1148.0,1103.0,9.0
1.86,0.034,0.4734,0.8687,0.999,-0.2152,1097.0,1297.0,10.0
1.276,0.03873,0.4895,0.92,0.9995,-0.2905,1173.0,1045.0,11.0
0.447,0.02188,0.4321,0.976,0.9995,-0.383,1030.0,1354.0,12.0
0.732,0.011116,0.3875,0.9614,0.9995,-0.521,995.0,1175.0,13.0
0.732,0.0141,0.4119,0.9824,0.9995,-0.6196,953.5,1438.0,14.0
0.2732,0.0266,0.4436,0.9077,0.9995,-0.3892,1060.0,1301.0,15.0
6.918,0.1016,0.361,0.8926,0.9995,-0.3406,1255.0,831.5,1.0
5.43,0.0767,0.3496,0.868,0.9995,-0.31,1274.0,864.0,2.0
10000.0,0.05942,0.253,0.1522,1.0,0.662,544.5,396.0,3.0
5.793,0.06415,0.4285,0.91,0.9995,0.217,1425.0,585.5,4.0
4.402,0.0595,0.4258,0.8857,0.9995,-0.1713,1147.0,779.0,5.0
0.1785,0.02234,0.286,0.911,1.0,-0.1737,1391.0,1080.0,6.0
0.3967,0.03065,0.2433,0.805,0.9995,-0.4404,1612.0,1000.5,7.0
3.797,0.05835,0.3477,0.861,0.9995,-0.2788,1346.0,934.5,8.0
2.771,0.07336,0.2346,0.897,0.9995,-0.292,1391.0,1307.0,9.0
2.777,0.0442,0.3662,0.844,0.9995,-0.2654,1228.0,851.0,10.0
2.26,0.0238,0.3599,0.743,0.9995,-0.1437,1554.0,953.5,11.0
0.732,0.02238,0.2354,0.79,0.9995,-0.9253,1265.0,1071.0,12.0
4.74,0.05737,0.3755,0.846,0.9995,-0.2135,1118.0,756.0,13.0
2.176,0.04605,0.346,0.859,0.9995,-0.3413,1333.0,915.0,14.0
1.839,0.0478,0.3057,0.8667,0.9995,-0.347,1376.0,1092.0,15.0
5.85,0.08636,0.392,0.9233,0.9995,-0.0898,942.0,935.5,1.0
10000.0,0.4192,0.2947,0.2712,1.0,-0.2069,1127.0,1071.0,2.0
7.82,0.09424,0.402,0.8506,0.9995,-0.539,1061.0,542.0,3.0
0.344,0.02089,0.592,0.905,0.9995,-0.6196,1074.0,846.0,4.0
0.732,0.0301,0.2014,0.9946,1.0,-0.607,631.0,361.8,5.0
3.857,0.07007,0.4062,0.919,0.9995,-0.2559,1005.0,917.5,6.0
4.56,0.0766,0.4304,0.8906,0.9995,-0.518,1124.0,733.0,7.0
6.848,0.0885,0.4333,0.9224,0.9995,-0.02466,1084.0,1035.0,8.0
2.605,0.03546,0.52,0.8735,0.9995,-0.11633,741.0,692.0,9.0
0.732,0.01215,0.198,0.9805,0.9995,-0.976,411.0,506.0,10.0
0.563,0.0134,0.557,0.974,0.9995,-0.3406,1060.0,1152.0,11.0
3.594,0.0615,0.4785,0.9263,0.9995,-0.2103,1098.0,951.0,12.0
10000.0,0.4038,0.1685,0.4119,0.9995,0.4373,545.0,754.5,13.0
0.732,0.01637,0.5244,0.9624,0.9995,-0.645,1086.0,951.0,14.0
1.668,0.04904,0.419,0.9204,0.9995,-0.3386,1117.0,962.0,15.0
5.906,0.0743,0.5063,0.867,0.9995,-0.543,874.0,1028.0,1.0
0.732,0.0237,0.4883,0.94,0.9995,-0.9624,1121.0,872.5,2.0
4.562,0.0762,0.4124,0.9023,0.9995,-0.366,1200.0,906.0,3.0
2.83,0.06287,0.442,0.901,0.9995,-0.5405,1088.0,967.5,4.0
4.953,0.0799,0.429,0.923,0.9995,-0.2327,1277.0,899.5,5.0
2.523,0.06198,0.4368,0.93,0.9995,-0.3796,1210.0,939.0,6.0
3.69,0.0704,0.3708,0.886,0.9995,-0.4592,1259.0,1072.0,7.0
10000.0,0.9106,0.3147,0.3708,0.999,0.5684,1529.0,939.0,8.0
0.732,0.01889,0.393,0.9585,0.9995,-0.7163,1281.0,925.0,9.0
1.944,0.0704,0.3655,0.9263,0.9995,-0.5957,1122.0,1135.0,10.0
0.626,0.02443,0.4482,0.988,0.9995,-0.6167,1258.0,1013.5,11.0
0.9365,0.0541,0.5405,0.973,1.0,-0.6753,871.0,1343.0,12.0
51.47,0.532,0.1207,0.733,0.999,0.7573,1510.0,1709.0,13.0
3.398,0.04004,0.6836,0.839,0.9995,-0.486,1271.0,860.0,14.0
1.723,0.04504,0.54,0.896,0.9995,-0.5557,1257.0,975.0,15.0
0.732,0.0236,0.2632,0.9146,0.9995,-0.662,1272.0,486.8,1.0
5.72,0.1047,0.3157,0.899,0.9995,-0.4329,1230.0,619.5,2.0
7.367,0.09717,0.354,0.89,0.9995,-0.1769,1035.0,765.5,3.0
3.445,0.09796,0.2776,0.9004,0.9995,-0.667,1229.0,472.8,4.0
0.2944,0.0448,0.2642,0.984,0.9995,-0.3477,1555.0,1048.0,5.0
3.123,0.07214,0.334,0.915,0.9995,-0.3335,1197.0,713.5,6.0
0.732,0.02206,0.206,0.9785,0.9995,-0.565,1720.0,337.0,7.0
1.634,0.0725,0.2957,0.9204,0.9995,-0.5786,1294.0,567.0,8.0
2.979,0.1078,0.2449,0.962,0.9995,-0.312,1321.0,990.0,9.0
2.754,0.05743,0.3953,0.917,0.9995,-0.2352,1303.0,1114.0,10.0
0.732,0.01331,0.3313,0.9766,0.9995,-0.6816,1527.0,628.5,11.0
0.732,0.04443,0.1417,0.9575,0.9995,-0.8086,1478.0,238.5,12.0
0.383,0.05655,0.2761,0.939,0.9995,-0.5933,1362.0,578.5,13.0
0.732,0.01458,0.2673,0.969,0.9995,-0.757,1446.0,468.5,14.0
1.036,0.0742,0.2489,0.9526,0.9995,-0.45,1373.0,793.5,15.0
4.984,0.07544,0.3977,0.916,0.9995,-0.1299,1221.0,863.5,1.0
0.732,0.01793,0.2485,0.823,0.9995,-0.834,1527.0,859.5,2.0
5.527,0.08563,0.3682,0.9033,0.9995,-0.2432,1118.0,936.0,3.0
3.928,0.07513,0.319,0.879,0.9995,-0.428,1283.0,963.5,4.0
1.588,0.02972,0.3845,0.897,0.9995,0.0804,1093.0,982.0,5.0
0.6426,0.03555,0.1582,0.835,0.9995,-0.805,992.5,1076.0,6.0
3.258,0.0677,0.3516,0.8994,0.9995,-0.3606,1114.0,843.0,7.0
40.94,0.11053,0.4692,0.59,0.999,-0.07196,257.8,1837.0,8.0
3.023,0.07666,0.341,0.8804,0.9995,-0.732,957.5,696.0,9.0
0.5513,0.028,0.2465,0.8555,0.9995,-0.7397,1037.0,718.5,10.0
1.932,0.05453,0.2998,0.867,0.9995,-0.465,1216.0,899.0,11.0
0.5225,0.04196,0.2769,0.8657,0.9995,-0.5366,1231.0,855.0,12.0
1.257,0.05026,0.3047,0.885,0.9995,-0.463,1159.0,826.5,13.0
0.2654,0.03305,0.2467,0.848,0.9995,-0.4468,1261.0,846.5,14.0
1.132,0.05487,0.303,0.8726,0.9995,-0.674,1106.0,786.5,15.0
0.274,0.03186,0.282,0.963,0.9995,-0.294,363.5,1440.0,1.0
0.3303,0.0652,0.3254,0.9985,0.9995,-0.8403,1009.0,987.5,2.0
4.4,0.0805,0.3662,0.934,0.9995,-0.1473,1174.0,979.5,3.0
7.246,0.09955,0.4626,0.9214,0.9995,-0.2239,795.5,905.0,4.0
0.82,0.02951,0.9473,0.972,0.9995,-0.4514,1592.0,926.0,5.0
0.732,0.014206,0.4338,0.9487,0.9995,-0.4954,588.5,1342.0,6.0
2.65,0.0673,0.3606,0.923,0.9995,-0.3572,969.0,1150.0,7.0
0.289,0.031,0.521,0.9233,0.9995,-0.741,826.0,1043.0,8.0
1.616,0.0364,0.3757,0.9067,0.9995,-0.0695,1030.0,1081.0,9.0
0.732,0.02142,0.4612,0.9644,0.9995,-0.8027,800.5,1057.0,10.0
2.666,0.0717,0.3247,0.951,0.9995,-0.1807,1016.5,768.5,11.0
1.023,0.05127,0.3706,0.942,0.9995,-0.3904,961.5,965.0,12.0
0.885,0.0464,0.3027,0.9434,0.9995,-0.214,935.5,951.5,13.0
2.91,0.07135,0.4175,0.9375,0.9995,-0.393,733.0,1042.0,14.0
0.568,0.04135,0.2964,0.904,0.999,-0.3804,910.0,1230.0,15.0
0.627,0.0422,0.1497,0.927,0.9995,-0.5684,1480.0,521.5,1.0
8.54,0.1266,0.3079,0.887,0.9995,-0.3352,1275.0,921.5,2.0
4.156,0.0772,0.3164,0.896,0.9995,-0.2947,1080.0,809.5,3.0
8.125,0.02562,0.4736,0.7812,0.9995,0.6724,662.0,952.5,4.0
5.113,0.0706,0.4377,0.914,0.9995,-0.09607,1335.0,751.5,5.0
0.2252,0.02402,0.2515,0.744,0.9995,-0.57,1433.0,1041.0,6.0
4.906,0.0831,0.2961,0.863,0.9995,-0.4407,1288.0,927.5,7.0
3.055,0.05643,0.323,0.8545,0.9995,-0.378,1208.0,935.0,8.0
3.697,0.06445,0.2993,0.84,0.9995,-0.4604,1284.0,906.5,9.0
3.443,0.07135,0.3704,0.871,0.9995,-0.658,1076.0,929.0,10.0
0.3184,0.0322,0.1722,0.86,0.9995,-0.486,1150.0,1006.5,11.0
3.309,0.0339,0.3652,0.8213,0.9995,0.0521,952.5,916.0,12.0
2.398,0.02621,0.506,0.7637,0.9995,-0.2935,1400.0,1154.0,13.0
1.715,0.03674,0.3037,0.835,0.9995,-0.2391,1148.0,934.0,14.0
0.732,0.02231,0.1881,0.854,0.9995,-0.7197,1418.0,1048.0,15.0
6.754,0.0905,0.3535,0.89,0.9995,-0.1683,987.0,838.5,1.0
0.2937,0.05295,0.2393,0.94,0.999,-0.674,970.5,719.0,2.0
10000.0,0.5825,0.6836,0.4268,0.9995,0.5083,1668.0,1212.0,3.0
4.605,0.07916,0.4478,0.91,0.9995,-0.4368,929.0,900.5,4.0
8.016,0.0916,0.54,0.9043,0.9995,-0.249,971.0,1338.0,5.0
0.732,0.02225,0.2659,0.961,0.9995,-0.5537,1041.0,951.0,6.0
2.39,0.05115,0.3867,0.91,0.9995,-0.2094,1014.0,839.0,7.0
10000.0,0.6973,0.91,0.5806,0.9995,-0.935,271.2,223.9,8.0
4.453,0.1035,0.3835,0.9463,0.9995,-0.4587,1061.0,1110.0,9.0
1.987,0.06995,0.376,0.9443,0.9995,-0.4702,998.5,1004.0,10.0
1.839,0.0512,0.382,0.9146,0.9995,-0.313,917.0,808.0,11.0
1.72,0.0836,0.2433,0.906,0.999,-0.678,1049.0,632.0,12.0
4.65,0.0799,0.4229,0.916,0.9995,-0.3381,965.5,1070.0,13.0
1.464,0.05792,0.2925,0.927,0.9995,-0.3135,1086.0,1026.0,14.0
0.732,0.0321,0.2222,0.9663,0.999,-0.7783,906.5,847.5,15.0
5.77,0.0705,0.3584,0.8438,0.9995,-0.311,1080.0,1004.0,1.0
5.375,0.04855,0.4604,0.86,0.9995,0.1381,1177.0,857.5,2.0
7.938,0.1112,0.2737,0.8623,0.9995,-0.3032,1365.0,1127.0,3.0
1.176,0.03964,0.1992,0.799,0.9995,-0.349,1600.0,999.0,4.0
0.613,0.069,0.1757,0.842,0.9995,-0.8545,1398.0,865.0,5.0
8.45,0.077,0.4343,0.829,0.9995,-0.265,1075.0,901.0,6.0
75.3,0.412,0.1792,0.6035,0.9995,0.556,1805.0,1167.0,7.0
0.732,0.01238,0.2964,0.808,0.9995,-0.885,1593.0,970.0,8.0
4.23,0.06195,0.3848,0.8794,0.9995,-0.2292,1082.0,838.0,9.0
4.805,0.08386,0.284,0.867,0.9995,-0.3984,1351.0,1007.5,10.0
1.433,0.02745,0.3545,0.79,0.9995,-0.2654,1567.0,1246.0,11.0
0.627,0.01598,0.287,0.7314,0.9995,-0.883,1538.0,1078.0,12.0
0.815,0.04922,0.2573,0.8853,0.9995,-0.459,1240.0,1035.0,13.0
4.516,0.05972,0.3755,0.83,0.9995,-0.423,1124.0,905.5,14.0
34.0,0.2257,0.2406,0.711,0.9995,0.0496,1588.0,1045.0,15.0
9.9,0.12415,0.3757,0.896,0.9995,-0.1833,1120.0,734.5,1.0
3.746,0.08594,0.3354,0.9263,0.9995,-0.361,960.5,842.0,2.0
6.812,0.104,0.3513,0.9077,0.9995,-0.2366,1018.5,631.0,3.0
6.348,0.09015,0.3965,0.902,0.9995,-0.2491,1011.0,615.0,4.0
5.145,0.08417,0.365,0.9077,0.9995,-0.2498,1039.0,760.0,5.0
0.2732,0.03128,0.3262,0.965,0.9995,-0.3027,1044.0,795.0,6.0
5.305,0.04282,0.524,0.797,0.9995,-0.2048,626.5,543.5,7.0
0.477,0.0388,0.291,0.99,0.9995,-0.561,1099.0,554.5,8.0
2.62,0.05078,0.6855,0.9946,1.0,-0.07477,1899.0,1096.0,9.0
2.584,0.06573,0.3574,0.9277,0.9995,-0.3054,996.0,768.0,10.0
1.237,0.0697,0.3496,0.9546,0.9995,-0.5723,644.5,889.5,11.0
2.613,0.06744,0.429,0.9253,0.9995,-0.5015,1092.0,682.0,12.0
2.973,0.0502,0.4146,0.8677,0.9995,-0.3408,835.5,667.5,13.0
1.216,0.04834,0.49,0.9736,0.9995,-0.2898,1485.0,925.5,14.0
1.424,0.04846,0.3694,0.907,0.9995,-0.3843,1006.0,729.0,15.0
7.035,0.1009,0.3398,0.9043,0.9995,-0.1411,1224.0,781.0,1.0
4.367,0.07135,0.371,0.9023,0.9995,-0.2197,1184.0,817.0,2.0
5.78,0.09534,0.355,0.921,0.9995,-0.1901,1267.0,832.0,3.0
0.503,0.05457,0.3162,0.953,0.9995,-0.5166,1543.0,751.5,4.0
10.95,0.1299,0.4348,0.9067,0.9995,-0.1417,1198.0,758.5,5.0
3.736,0.06354,0.3042,0.902,0.9995,-0.0731,1309.0,919.0,6.0
5.785,0.11224,0.294,0.936,0.9995,-0.147,1477.0,874.5,7.0
6.14,0.09094,0.3823,0.9136,0.9995,-0.1678,1214.0,737.5,8.0
0.864,0.04044,0.3596,0.9165,0.9995,-0.3066,1189.0,927.0,9.0
3.852,0.0754,0.3264,0.9194,0.9995,-0.1908,1299.0,790.5,10.0
0.4814,0.0167,0.341,0.9126,1.0,-0.3438,1110.0,727.0,11.0
0.2527,0.0286,0.3765,0.939,0.9995,-0.3005,1209.0,814.5,12.0
1.464,0.05365,0.4849,0.9214,0.9995,-0.64,1430.0,1249.0,13.0
1.922,0.0541,0.3584,0.915,0.9995,-0.3135,1270.0,833.0,14.0
1.06,0.042,0.3662,0.909,0.9995,-0.3242,1206.0,812.5,15.0
0.732,0.01534,0.3489,0.9507,0.999,-0.693,1103.0,1119.0,1.0
3.65,0.0473,0.4465,0.8984,0.9995,0.00588,1161.0,1114.0,2.0
4.004,0.09686,0.2751,0.91,0.9995,-0.4355,1062.0,809.5,3.0
3.918,0.0656,0.4097,0.9004,0.9995,-0.2842,1059.0,989.0,4.0
2.191,0.07434,0.2822,0.92,0.9995,-0.4292,1085.0,852.0,5.0
1.788,0.04935,0.3782,0.918,0.9995,-0.261,1121.0,1042.0,6.0
2.41,0.05304,0.462,0.9165,0.9995,-0.3293,867.0,723.0,7.0
0.732,0.02293,0.123,0.9585,0.999,-0.4097,1317.0,1159.0,8.0
0.7617,0.02348,0.9634,0.8477,0.9995,-0.7646,1621.0,1326.0,9.0
2.13,0.03903,0.4023,0.856,0.9995,-0.268,1279.0,754.0,10.0
2.654,0.0522,0.5464,0.954,0.9995,-0.1451,1059.0,1385.0,11.0
1.081,0.05957,0.328,0.894,0.999,-0.738,1253.0,995.0,12.0
1.2,0.04694,0.418,0.9443,0.9995,-0.3003,1077.0,1170.0,13.0
1.162,0.0516,0.3267,0.9194,0.9995,-0.3872,1194.0,965.5,14.0
0.732,0.0159,0.4272,0.936,0.9995,-0.691,1370.0,1251.0,15.0
0.3142,0.03513,0.3904,0.9365,0.9995,-0.4272,1045.0,979.0,1.0
0.553,0.0379,0.3386,0.902,0.9995,-0.3909,1103.0,945.5,2.0
0.732,0.03564,0.2998,0.9644,0.999,-0.969,633.0,936.0,3.0
0.2983,0.0333,0.3237,0.943,0.9995,-0.252,1054.0,822.0,4.0
1.044,0.02324,0.2952,0.812,0.9995,-0.0818,975.0,811.5,5.0
1.622,0.09235,0.2847,0.94,0.999,-0.754,1100.0,1117.0,6.0
0.543,0.03079,0.3074,0.878,0.9995,-0.2615,990.5,881.5,7.0
0.5034,0.05954,0.2241,0.896,0.9995,-0.6274,1204.0,96.3,8.0
0.553,0.0308,0.2257,0.916,0.9995,-0.5386,1186.0,695.0,9.0
0.3208,0.0406,0.2693,0.9385,0.9995,-0.5684,943.5,943.5,10.0
0.7666,0.06494,0.298,0.9307,0.9995,-0.6626,1033.0,907.0,11.0
0.2856,0.04526,0.314,0.9546,0.9995,-0.571,984.5,771.5,12.0
0.3228,0.035,0.2722,0.933,0.9995,-0.4927,1096.0,797.0,13.0
0.3418,0.03635,0.3013,0.9106,0.9995,-0.363,1020.5,816.5,14.0
0.483,0.01814,0.4075,0.993,0.9995,-0.2761,842.0,1658.0,15.0
1.857,0.05826,0.3416,0.935,0.9995,-0.2695,956.5,786.0,1.0
0.9663,0.04276,0.4053,0.9214,0.9995,-0.3762,981.0,975.5,2.0
0.91,0.04013,0.4812,0.9277,0.9995,-0.4097,1023.5,1317.0,3.0
0.699,0.04367,0.3662,0.924,0.9995,-0.4219,1083.0,954.5,4.0
0.3054,0.0316,0.4348,0.9272,0.9995,-0.4414,970.5,1172.0,5.0
0.732,0.0204,0.3013,0.9487,0.9995,-0.648,701.5,819.5,6.0
0.316,0.02339,0.601,0.897,0.9995,-0.73,1384.0,1057.0,7.0
0.9307,0.0391,0.434,0.914,0.9995,-0.3728,1074.0,1093.0,8.0
0.3435,0.01944,0.4526,0.9014,0.9995,-0.4539,1019.0,1348.0,9.0
1.222,0.04535,0.387,0.9043,0.9995,-0.4143,1076.0,1068.0,10.0
0.448,0.03473,0.402,0.9185,0.9995,-0.3928,1059.0,1051.0,11.0
0.3994,0.03357,0.4473,0.9263,0.9995,-0.4297,1048.0,1010.0,12.0
0.6133,0.03574,0.444,0.9106,0.9995,-0.4329,1116.0,1048.0,13.0
0.537,0.0259,0.4595,0.939,0.9995,-0.681,1103.0,927.5,14.0
0.3577,0.03198,0.3784,0.908,0.9995,-0.3774,980.0,1197.0,15.0
1.099,0.03056,0.2944,0.832,0.9995,-0.2184,1269.0,849.5,1.0
1.549,0.05225,0.3516,0.9185,0.9995,-0.341,1106.0,927.5,2.0
0.6865,0.0415,0.3433,0.9185,0.9995,-0.3604,1064.0,920.0,3.0
0.4211,0.03244,0.2866,0.889,0.9995,-0.2817,1064.0,845.5,4.0
4.81,0.0914,0.2673,0.901,0.9995,-0.2372,1027.0,985.5,5.0
0.7905,0.0471,0.4531,0.9434,0.9995,-0.5303,1033.0,990.0,6.0
0.3232,0.03714,0.3743,0.9297,0.9995,-0.4646,963.5,1002.0,7.0
0.735,0.0543,0.211,0.9077,0.9995,-0.3616,1298.0,886.0,8.0
0.3853,0.04193,0.2617,0.912,0.9995,-0.3765,1141.0,923.5,9.0
2.062,0.06274,0.2898,0.9146,0.9995,-0.3105,1052.0,945.5,10.0
-0.1974,0.01535,0.1901,0.9673,1.0,0.09143,481.5,684.0,11.0
0.7227,0.04498,0.2751,0.919,0.9995,-0.2964,970.5,868.0,12.0
0.2059,0.02217,0.1533,0.9297,0.9995,-0.10803,948.0,261.5,13.0
0.366,0.04245,0.3281,0.9634,0.9995,-0.3477,1138.0,821.5,14.0
0.509,0.01785,0.2314,0.937,0.9995,-0.2369,1076.0,541.5,15.0
1.546,0.04257,0.3567,0.8696,0.9995,-0.3735,1094.0,900.0,1.0
5.723,0.11,0.3289,0.9077,0.9995,-0.4878,1174.0,813.0,2.0
0.2524,0.02881,0.295,0.9395,0.9995,-0.3152,1123.0,657.5,3.0
0.4968,0.03253,0.3142,0.886,0.9995,-0.3027,1191.0,937.0,4.0
0.732,0.02739,0.1703,0.9727,0.9995,-0.4897,939.0,1100.0,5.0
0.227,0.02652,0.2417,0.866,0.9995,-0.4114,1208.0,761.5,6.0
2.418,0.08307,0.2925,0.92,0.9995,-0.5557,1038.0,1035.0,7.0
1.216,0.0649,0.261,0.9556,0.9995,-0.277,1318.0,524.0,8.0
0.732,0.02005,0.3093,0.942,0.9995,-0.4966,1222.0,696.5,9.0
2.625,0.067,0.3447,0.911,0.9995,-0.399,1094.0,872.0,10.0
0.9136,0.059,0.278,0.926,0.9995,-0.4685,1141.0,969.5,11.0
0.5454,0.05002,0.2673,0.94,0.9995,-0.352,1287.0,734.5,12.0
0.4897,0.04602,0.2922,0.928,0.9995,-0.4045,1143.0,945.5,13.0
0.3306,0.02664,0.3198,0.929,0.9995,-0.409,1191.0,812.5,14.0
0.5063,0.03436,0.331,0.894,0.9995,-0.3416,1041.0,897.5,15.0
