like1,parKperc,parKb,parKe,parCqq,parBias,parS_init,parG_init,chain
19.1,0.831,0.3079,0.6367,0.9995,-0.4888,176.6,1484.0,0.0
38.97,0.7856,0.369,0.4724,0.999,0.4155,1361.0,1549.0,0.0
6.17,0.541,0.231,0.811,0.9995,0.647,692.5,414.5,0.0
10000.0,0.287,0.5254,0.09393,0.9995,0.2479,303.0,1591.0,0.0
16.92,0.4297,0.1256,0.577,1.0,0.625,714.0,1539.0,0.0
16.5,0.645,0.885,0.7607,0.9995,0.8203,1185.0,998.0,0.0
81.5,0.775,0.4595,0.2825,0.9995,-0.483,1789.0,178.5,0.0
75.3,0.768,0.6055,0.3132,1.0,-0.2301,287.0,377.0,0.0
10000.0,0.907,0.1359,0.07477,0.9995,-0.2256,573.5,1243.0,0.0
60.72,0.885,0.65,0.3965,0.999,0.06006,426.5,1376.0,0.0
2.012,0.318,0.6743,0.9546,0.999,0.3633,815.0,1661.0,0.0
6.12,0.8228,0.2944,0.906,0.9995,0.4048,801.0,458.0,0.0
6.57,0.2856,0.2339,0.647,0.9995,-0.786,648.5,964.5,0.0
12.18,0.9736,0.1838,0.785,1.0,0.6685,196.6,1025.0,0.0
7.5,0.9414,0.683,0.982,1.0,-0.3098,523.5,1401.0,0.0
6.59,0.5107,0.502,0.826,1.0,0.552,730.5,1587.0,0.0
10000.0,0.9263,0.4287,0.10394,1.0,0.5913,1146.0,1323.0,0.0
10000.0,0.3894,0.2644,0.195,0.9995,-0.0837,440.0,1121.0,0.0
10000.0,0.842,0.8623,0.2227,0.999,-0.2712,1499.0,709.5,0.0
38.94,0.4573,0.5146,0.4207,0.999,-0.3057,1275.0,233.2,0.0
23.06,0.3835,0.931,0.544,0.9995,-0.169,1851.0,1804.0,0.0
20.44,0.4697,0.425,0.5605,0.9995,0.593,568.0,265.5,0.0
3.814,0.755,0.12225,0.9604,0.999,0.3682,1280.0,50.9,0.0
5.96,0.2253,0.568,0.656,0.999,-0.5376,1639.0,1265.0,0.0
10000.0,0.762,0.1077,0.11346,0.9995,-0.489,551.5,470.5,0.0
26.72,0.6406,0.9824,0.629,1.0,-0.764,1019.5,1314.0,0.0
3.787,0.11194,0.12494,0.651,0.999,0.4512,156.5,838.0,0.0
10000.0,0.3586,0.8877,0.1981,1.0,-0.995,161.5,471.5,0.0
45.16,0.201,0.8096,0.3584,0.9995,-0.4563,1645.0,1435.0,0.0
10000.0,0.6504,0.3943,0.1766,1.0,0.5864,1323.0,301.5,0.0
19.72,0.8413,0.2339,0.6304,0.9995,0.03818,1027.0,1130.0,0.0
15.48,0.502,0.9316,0.702,0.9995,-0.7837,621.5,1592.0,0.0
10000.0,0.2861,0.4365,0.097,1.0,-0.1716,597.5,1234.0,0.0
7.496,0.3887,0.7065,0.792,0.9995,0.932,1231.0,1425.0,0.0
88.9,0.979,0.4426,0.2756,0.999,-0.01668,549.0,486.2,0.0
99.75,0.608,0.781,0.2311,0.9995,-0.459,991.0,540.5,0.0
5.28,0.699,0.1431,0.8516,0.999,-0.04166,418.5,1846.0,0.0
10000.0,0.4624,0.285,0.0744,1.0,-0.0742,1360.0,586.5,0.0
10000.0,0.2756,0.97,0.0426,0.9995,0.131,716.5,1099.0,0.0
10.14,0.3433,0.1488,0.6216,0.999,-0.2352,1182.0,1332.0,0.0
17.48,0.268,0.4695,0.5366,0.9995,0.8325,150.2,1103.0,0.0
1.408,0.1858,0.7163,0.866,0.999,0.2712,1426.0,1908.0,0.0
9.58,0.96,0.1638,0.8223,0.9995,0.2467,1746.0,1998.0,0.0
10000.0,0.2064,0.691,0.1766,0.999,-0.1301,407.5,252.8,0.0
10000.0,0.351,0.721,0.01511,0.9995,-0.7744,448.8,233.8,0.0
67.3,0.05136,0.6997,0.28,0.999,-0.6094,1744.0,1109.0,0.0
77.5,0.508,0.2507,0.2808,0.9995,0.919,252.0,1386.0,0.0
5.25,0.1497,0.3564,0.6284,0.9995,-0.1353,1769.0,1822.0,0.0
24.84,0.4133,0.9644,0.5454,1.0,-0.04065,1754.0,1084.0,0.0
10000.0,0.693,0.4119,0.1914,0.999,0.2793,1701.0,674.5,0.0
53.78,0.7954,0.2152,0.383,0.9995,0.1732,495.5,1066.0,0.0
4.094,0.263,0.2527,0.757,1.0,0.5806,1818.0,1214.0,0.0
10000.0,0.732,0.4885,0.0676,0.9995,-0.9453,1688.0,1036.0,0.0
94.44,0.4612,0.4504,0.2346,1.0,0.6953,30.3,390.2,0.0
5.977,0.927,0.2903,0.9043,0.9995,-0.643,1059.0,1470.0,0.0
63.9,0.687,0.9175,0.374,0.9995,-0.02675,571.5,1945.0,0.0
42.9,0.2937,0.9077,0.39,1.0,0.3743,447.8,1333.0,0.0
10000.0,0.934,0.7017,0.1366,0.9995,0.547,1389.0,289.0,0.0
44.22,0.85,0.8813,0.523,0.999,-0.4858,972.5,1748.0,0.0
10000.0,0.8833,0.1617,0.1672,0.999,0.1881,23.31,1530.0,0.0
0.631,0.02405,0.2512,0.9297,0.9995,-0.4385,1821.0,1242.0,0.0
37.97,0.4001,0.821,0.4355,1.0,0.4365,392.8,1479.0,0.0
10000.0,0.1398,0.4155,0.04892,1.0,-0.9927,1563.0,1197.0,0.0
2.324,0.269,0.693,0.9165,0.9995,0.726,1692.0,1126.0,0.0
40.53,0.7075,0.97,0.5254,1.0,-0.1249,724.0,1347.0,0.0
-0.09155,0.02765,0.9097,0.8643,1.0,0.357,612.0,1086.0,0.0
57.47,0.1166,0.575,0.3088,1.0,-0.7246,82.94,742.0,0.0
2.11,0.2272,0.897,0.9316,0.999,0.702,307.8,1935.0,0.0
25.58,0.4705,0.9565,0.569,1.0,0.4456,1071.0,1184.0,0.0
58.53,0.05014,0.6133,0.2996,0.9995,-0.821,1285.0,71.25,0.0
0.2856,0.0774,0.2083,0.903,0.9995,0.7827,373.8,1944.0,0.0
41.06,0.91,0.4006,0.4824,0.9995,0.2444,730.5,1234.0,0.0
5.434,0.10205,0.4927,0.58,0.999,-0.874,349.8,1366.0,0.0
22.34,0.7373,0.479,0.6187,0.999,0.4153,1732.0,937.0,0.0
89.1,0.4915,0.8735,0.2563,0.999,-0.05316,1850.0,1094.0,0.0
29.11,0.731,0.8438,0.6074,1.0,-0.6,1138.0,1393.0,0.0
7.875,0.3687,0.9785,0.819,0.999,0.7827,670.5,436.5,0.0
10000.0,0.951,0.996,0.1589,1.0,-0.897,174.8,682.5,0.0
9.164,0.06726,0.4163,0.513,0.999,0.0963,952.5,1806.0,0.0
10000.0,0.0608,0.3464,0.02144,1.0,0.507,1542.0,175.5,0.0
18.75,0.786,0.8203,0.765,0.9995,0.937,1698.0,186.0,0.0
10000.0,0.749,0.1747,0.0873,0.9995,-0.638,315.0,911.0,0.0
31.72,0.4922,0.766,0.4897,0.9995,-0.4312,1752.0,207.1,0.0
0.1495,0.2456,0.2898,0.95,0.9995,0.0499,67.1,927.0,0.0
19.12,0.326,0.6484,0.5303,1.0,-0.6255,426.2,1859.0,0.0
16.97,0.8306,0.1865,0.6626,0.9995,0.1943,1363.0,219.2,0.0
18.97,0.4573,0.8457,0.6304,0.9995,0.8267,135.5,1451.0,0.0
10000.0,0.352,0.845,0.02904,0.9995,-0.4043,1563.0,1462.0,0.0
23.02,0.6733,0.561,0.596,0.9995,-0.486,1146.0,672.0,0.0
10000.0,0.3374,0.9697,0.1371,0.999,0.633,1667.0,1864.0,0.0
10000.0,0.285,0.8384,0.1814,0.9995,-0.6353,1673.0,601.5,0.0
10000.0,0.595,0.744,0.07,1.0,0.3604,1787.0,783.0,0.0
19.1,0.9272,0.5186,0.7207,1.0,0.3445,128.8,1541.0,0.0
14.99,0.8066,0.8594,0.8306,0.9995,-0.09204,680.5,649.5,0.0
35.94,0.01547,0.2473,0.3584,0.9995,0.875,1264.0,844.0,0.0
14.03,0.338,0.608,0.5933,0.9995,-0.0843,671.5,707.0,0.0
41.9,0.484,0.564,0.41,0.9995,-0.679,1285.0,1714.0,0.0
14.625,0.96,0.807,0.8706,0.999,-0.2421,1010.5,31.02,0.0
13.9,0.0688,0.7637,0.4773,0.999,0.9,1173.0,203.2,0.0
97.0,0.8477,0.967,0.2842,1.0,0.9824,1273.0,1833.0,0.0
10000.0,0.6567,0.3337,0.1598,0.9995,0.4053,1146.0,1606.0,0.0
70.2,0.1066,0.546,0.2776,0.9995,-0.0605,44.94,726.5,0.0
18.5,0.2224,0.7095,0.506,1.0,0.0004013,622.5,1238.0,0.0
10000.0,0.1213,0.7915,0.1616,0.999,0.4885,1004.5,173.6,0.0
77.5,0.4968,0.631,0.2883,0.9995,0.9375,856.0,767.5,0.0
10000.0,0.03787,0.7104,0.06323,0.9995,0.65,738.5,1055.0,0.0
1.363,0.06476,0.837,0.6665,0.999,0.1824,815.5,330.2,0.0
10000.0,0.5737,0.694,0.10394,0.9995,-0.998,1085.0,970.5,0.0
29.36,0.9507,0.508,0.607,0.999,0.661,1260.0,437.2,0.0
34.9,0.11066,0.974,0.379,1.0,-0.3757,1842.0,811.0,0.0
10000.0,0.796,0.127,0.07385,0.9995,-0.7534,1225.0,1535.0,0.0
5.68,0.5547,0.3271,0.816,1.0,0.01263,1508.0,129.5,0.0
-0.1567,0.1392,0.4187,0.907,0.999,-0.642,1264.0,96.25,0.0
29.98,0.6367,0.4653,0.513,0.9995,0.1417,1346.0,871.5,0.0
20.58,0.528,0.4478,0.559,0.9995,-0.7017,219.6,562.0,0.0
27.08,0.0965,0.515,0.4019,1.0,-0.7847,38.38,40.72,0.0
1.652,0.187,0.9854,0.916,1.0,0.3433,1527.0,625.5,0.0
52.44,0.465,0.8164,0.3713,0.9995,-0.8037,871.5,737.0,0.0
6.484,0.3792,0.4858,0.724,1.0,-0.724,1725.0,985.0,0.0
10000.0,0.2607,0.1113,0.2004,0.9995,0.4539,1550.0,1032.0,0.0
0.3474,0.162,0.4788,0.8247,0.9995,-0.6567,1297.0,1079.0,0.0
0.049,0.02466,0.8696,0.7417,0.9995,-0.4683,573.0,742.0,0.0
20.73,0.4302,0.964,0.5933,0.9995,-0.819,208.9,1215.0,0.0
8.44,0.582,0.8843,0.884,0.9995,-0.6265,63.16,361.8,0.0
36.97,0.5264,0.5557,0.4429,0.9995,-0.6953,762.5,1065.0,0.0
37.84,0.614,0.3696,0.4539,0.999,0.752,1605.0,1439.0,0.0
42.34,0.3347,0.528,0.388,0.999,-0.03995,1646.0,229.9,0.0
13.55,0.2479,0.1022,0.534,0.999,-0.904,75.75,693.0,0.0
9.27,0.5103,0.9814,0.868,0.9995,0.7573,620.5,1268.0,0.0
7.34,0.4949,0.195,0.7036,1.0,-0.944,1513.0,141.6,0.0
10000.0,0.862,0.5796,0.04095,0.9995,0.1732,140.2,1560.0,0.0
10000.0,0.695,0.939,0.034,0.9995,0.643,211.2,472.5,0.0
10000.0,0.811,0.1577,0.11053,0.9995,-0.505,1722.0,1085.0,0.0
22.03,0.841,0.4788,0.6416,0.9995,-0.1598,1783.0,807.5,0.0
7.402,0.3364,0.663,0.737,1.0,0.3953,1326.0,982.5,0.0
10000.0,0.05185,0.186,0.1927,0.9995,0.667,236.4,473.5,0.0
47.28,0.8994,0.685,0.4841,0.999,0.4617,1301.0,439.5,0.0
10000.0,0.58,0.3276,0.11096,1.0,0.514,472.0,1763.0,0.0
12.37,0.4702,0.991,0.7656,1.0,0.1606,587.5,1940.0,0.0
4.9,0.763,0.3218,0.937,1.0,0.405,1079.0,1233.0,0.0
19.34,0.9507,0.7075,0.7593,0.9995,-0.8755,603.5,596.5,0.0
10000.0,0.947,0.1272,0.01082,1.0,-0.2462,663.0,18.1,0.0
60.03,0.614,0.549,0.3464,0.9995,-0.8867,19.64,1019.0,0.0
55.8,0.8955,0.1338,0.3726,0.9995,-0.902,1472.0,1251.0,0.0
26.44,0.08307,0.10425,0.4028,0.9995,0.605,15.82,888.5,0.0
30.2,0.9907,0.9746,0.728,0.9995,0.626,787.0,1770.0,0.0
10000.0,0.2444,0.659,0.1089,0.9995,-0.5586,1803.0,28.86,0.0
21.67,0.8735,0.1385,0.6064,0.999,0.1654,1317.0,1256.0,0.0
95.1,0.02707,0.4482,0.2191,1.0,0.03143,688.0,231.5,0.0
10000.0,0.678,0.7896,0.2174,1.0,-0.561,480.8,1941.0,0.0
3.055,0.385,0.761,0.9795,0.9995,0.8164,1498.0,820.0,0.0
0.553,0.1504,0.564,0.8022,0.9995,-0.7783,1208.0,856.0,0.0
23.5,0.6685,0.628,0.6084,1.0,0.0773,1143.0,318.0,0.0
8.86,0.01233,0.5815,0.443,0.9995,0.784,980.5,1664.0,0.0
49.62,0.6626,0.9893,0.451,0.999,-0.05396,1144.0,51.0,0.0
13.07,0.575,0.933,0.787,0.999,-0.3933,1289.0,514.0,0.0
1.604,0.164,0.902,0.9,0.999,0.816,60.4,1558.0,0.0
38.88,0.5757,0.7744,0.472,0.9995,0.4395,316.8,144.1,0.0
10000.0,0.408,0.7295,0.1512,0.9995,0.6104,1742.0,458.2,0.0
6.9,0.2228,0.949,0.696,0.9995,0.1014,1801.0,647.5,0.0
5.543,0.264,0.10754,0.67,1.0,-0.2441,747.0,1517.0,0.0
10000.0,0.697,0.2642,0.04016,0.9995,0.1167,1437.0,1500.0,0.0
10000.0,0.7476,0.4468,0.155,1.0,-0.2634,1394.0,1521.0,0.0
3.926,0.4307,0.485,0.832,0.9995,-0.873,85.94,796.5,0.0
69.7,0.3203,0.9053,0.2983,1.0,0.1059,1191.0,759.0,0.0
7.26,0.543,0.4412,0.779,0.999,-0.4001,1372.0,574.5,0.0
4.414,0.4993,0.3682,0.8394,0.9995,-0.1267,1402.0,1806.0,0.0
7.305,0.3022,0.499,0.6953,0.9995,0.4656,1160.0,134.1,0.0
10000.0,0.3096,0.3416,0.128,0.9995,-0.05756,871.5,715.0,0.0
32.16,0.3826,0.689,0.4531,1.0,-0.163,671.5,1212.0,0.0
4.953,0.611,0.3567,0.887,0.9995,0.3835,188.2,1046.0,0.0
5.48,0.3032,0.851,0.794,0.9995,-0.2407,1008.5,253.8,0.0
10.36,0.6353,0.4407,0.7407,1.0,-0.5215,1655.0,1936.0,0.0
3.387,0.2812,0.391,0.798,0.999,0.471,906.5,1103.0,0.0
10000.0,0.2927,0.6,0.12054,0.9995,0.4053,1435.0,756.5,0.0
0.0172,0.095,0.6094,0.8945,0.999,-0.951,817.0,705.5,0.0
10000.0,0.2764,0.1921,0.2083,0.9995,0.06274,1774.0,954.5,0.0
49.38,0.728,0.4106,0.4119,1.0,0.9185,1110.0,1772.0,0.0
0.603,0.03622,0.3257,0.631,0.9995,0.0851,180.2,79.44,0.0
9.7,0.693,0.949,0.915,0.9995,-0.897,1130.0,1247.0,0.0
64.56,0.555,0.73,0.3398,0.999,0.473,114.44,732.5,0.0
33.6,0.3357,0.8706,0.4478,0.9995,0.619,1055.0,1979.0,0.0
10000.0,0.1647,0.7676,0.0993,1.0,-0.06027,1710.0,1433.0,0.0
10000.0,0.203,0.869,0.1993,0.9995,0.5015,757.5,340.2,0.0
68.7,0.243,0.681,0.2922,1.0,-0.2155,233.1,1923.0,0.0
15.06,0.7646,0.9277,0.8296,1.0,-0.489,967.0,1634.0,0.0
75.3,0.4895,0.7393,0.2925,0.9995,-0.0964,781.0,1849.0,0.0
1.668,0.303,0.7314,0.9697,0.9995,0.01796,1042.0,146.1,0.0
10000.0,0.8647,0.892,0.2502,0.999,-0.8887,243.6,1177.0,0.0
10000.0,0.2083,0.696,0.174,1.0,0.2803,192.2,1216.0,0.0
44.12,0.2678,0.2272,0.3752,0.9995,0.945,484.8,1039.0,0.0
98.25,0.5137,0.2319,0.2175,0.999,-0.4348,1717.0,1875.0,0.0
66.8,0.9795,0.2654,0.3408,0.9995,-0.953,591.5,1044.0,0.0
10000.0,0.671,0.4185,0.03192,1.0,0.3008,1899.0,1201.0,0.0
17.52,0.945,0.503,0.7256,0.9995,-0.8765,825.0,632.5,0.0
3.973,0.6055,0.2281,0.839,0.9995,-0.895,1753.0,141.5,0.0
0.1186,0.09265,0.3638,0.9165,0.999,-0.8335,1548.0,1130.0,0.0
50.28,0.0932,0.1023,0.3206,0.9995,-0.6895,225.2,1671.0,0.0
89.25,0.8203,0.6797,0.2742,0.9995,-0.573,330.0,1953.0,0.0
10000.0,0.6353,0.3394,0.1578,0.9995,-0.3625,1643.0,1136.0,0.0
27.81,0.4531,0.1395,0.4712,0.9995,-0.519,1855.0,347.0,0.0
23.9,0.427,0.5703,0.526,1.0,0.5806,552.0,782.5,0.0
3.21,0.3855,0.8145,0.964,0.9995,0.322,1436.0,1884.0,0.0
-0.238,0.1158,0.2113,0.8965,0.9995,-0.5034,1724.0,1386.0,0.0
19.31,0.643,0.1929,0.5835,0.999,-0.3506,776.5,253.5,0.0
35.16,0.9126,0.755,0.5845,0.9995,-0.7803,272.0,1321.0,0.0
2.19,0.2844,0.3584,0.8726,0.9995,0.684,360.8,802.0,0.0
14.664,0.1362,0.2676,0.496,0.9995,-0.586,939.0,934.0,0.0
84.4,0.5337,0.826,0.2727,0.999,0.02422,108.2,1846.0,0.0
10.21,0.636,0.5225,0.772,1.0,-0.0919,644.0,491.5,0.0
55.88,0.2778,0.7983,0.3298,0.999,-0.778,793.0,809.0,0.0
72.4,0.27,0.2686,0.2837,0.9995,0.2793,478.0,1548.0,0.0
68.7,0.1986,0.64,0.292,0.9995,0.462,913.0,1471.0,0.0
13.555,0.4094,0.3628,0.6045,1.0,-0.1841,616.0,359.8,0.0
45.75,0.7554,0.8594,0.487,0.999,0.4749,269.0,1900.0,0.0
10000.0,0.4668,0.3699,0.1882,1.0,-0.632,594.0,95.2,0.0
7.48,0.4092,0.4253,0.7104,0.9995,-0.4492,1103.0,366.0,0.0
40.38,0.281,0.685,0.3904,1.0,-0.1027,1241.0,45.2,0.0
10000.0,0.2253,0.8037,0.11414,0.9995,-0.9624,1383.0,92.7,0.0
35.0,0.9663,0.4978,0.5547,0.9995,0.5073,9.22,1947.0,0.0
10000.0,0.7783,0.8994,0.1635,1.0,-0.5522,204.8,1791.0,0.0
86.75,0.6807,0.4375,0.2642,1.0,0.5156,212.1,568.5,0.0
5.566,0.66,0.6855,0.9487,0.999,-0.842,1184.0,1572.0,0.0
10000.0,0.6772,0.4333,0.07587,0.9995,0.7417,571.5,1202.0,0.0
10000.0,0.03096,0.3484,0.0876,0.9995,-0.1968,1049.0,894.5,0.0
1.618,0.432,0.2029,0.926,0.999,-0.03117,1749.0,1723.0,0.0
6.54,0.1532,0.9297,0.626,0.9995,-0.3467,1272.0,381.0,0.0
0.606,0.1382,0.5225,0.882,0.999,0.641,438.2,530.5,0.0
60.28,0.904,0.7983,0.4172,0.999,-0.929,736.5,1266.0,0.0
66.6,0.1898,0.8022,0.2966,0.999,0.2778,304.2,1617.0,0.0
10000.0,0.1714,0.3955,0.0907,0.9995,-0.9097,1740.0,1721.0,0.0
0.1779,0.1444,0.8145,0.9907,0.9995,-0.04425,515.0,185.2,0.0
10000.0,0.8496,0.2137,0.154,1.0,0.1775,314.2,829.0,0.0
44.0,0.08075,0.5386,0.3425,0.999,-0.08685,279.8,685.0,0.0
0.04886,0.0873,0.614,0.9243,1.0,-0.6167,811.0,1915.0,0.0
1.785,0.3276,0.5854,0.9604,1.0,0.4348,485.5,82.56,0.0
97.56,0.874,0.995,0.2852,0.9995,0.03616,1594.0,255.5,0.0
94.1,0.8125,0.9956,0.283,0.999,-0.8403,159.5,868.5,0.0
29.56,0.4583,0.165,0.461,1.0,-0.551,1033.0,110.5,0.0
17.48,0.4014,0.5957,0.5854,0.9995,0.553,1002.5,1500.0,0.0
85.5,0.3093,0.9854,0.2505,0.9995,-0.924,1430.0,1062.0,0.0
10000.0,0.3345,0.2827,0.1892,0.9995,-0.08655,1579.0,236.9,0.0
10000.0,0.3198,0.813,0.177,0.9995,0.7593,1826.0,1518.0,0.0
95.2,0.824,0.522,0.2443,1.0,-0.8486,1841.0,953.0,0.0
0.882,0.10565,0.3062,0.687,0.9995,-0.774,588.0,1237.0,0.0
6.137,0.696,0.4824,0.878,0.9995,-0.873,578.5,749.0,0.0
58.47,0.6753,0.6445,0.372,0.999,-0.02896,303.5,1131.0,0.0
83.8,0.2676,0.338,0.2544,0.9995,0.4626,833.5,1050.0,0.0
10000.0,0.8115,0.292,0.2101,0.9995,-0.6553,595.0,630.5,0.0
12.21,0.643,0.2988,0.7104,0.9995,0.567,49.3,1943.0,0.0
10000.0,0.81,0.778,0.02995,0.9995,-0.2676,1220.0,1794.0,0.0
54.1,0.4817,0.4055,0.3528,0.999,-0.4395,1668.0,1861.0,0.0
33.4,0.02635,0.584,0.3552,0.999,-0.506,294.0,1613.0,0.0
16.12,0.7837,0.1192,0.6304,1.0,-0.938,1154.0,1873.0,0.0
34.94,0.6304,0.3755,0.4648,0.999,-0.3347,344.8,860.0,0.0
8.914,0.901,0.742,0.9565,1.0,0.1544,1128.0,829.0,0.0
10000.0,0.2986,0.983,0.05176,0.9995,0.00853,840.0,344.5,0.0
73.5,0.507,0.246,0.2874,0.9995,-0.1228,420.5,1810.0,0.0
22.9,0.3838,0.3992,0.4983,0.9995,-0.7607,1806.0,270.8,0.0
-0.323,0.0869,0.333,0.7505,1.0,-0.572,1528.0,1074.0,0.0
10000.0,0.944,0.345,0.1384,0.9995,-0.4243,1192.0,265.8,0.0
80.56,0.9985,0.568,0.3225,0.9995,0.651,440.2,1038.0,0.0
10000.0,0.468,0.9917,0.09985,0.9995,0.897,592.0,1138.0,0.0
3.578,0.2089,0.1249,0.664,1.0,-0.913,203.4,316.0,0.0
13.23,0.508,0.868,0.7437,0.999,0.2783,938.0,1131.0,0.0
10000.0,0.9546,0.859,0.04477,0.9995,-0.606,676.5,559.0,0.0
60.16,0.887,0.1991,0.362,1.0,-0.011055,1885.0,1615.0,0.0
51.06,0.0819,0.2954,0.3215,0.999,-0.283,750.0,1145.0,0.0
82.75,0.03888,0.2559,0.2367,0.9995,-0.9263,570.0,1872.0,0.0
10000.0,0.4373,0.68,0.1973,0.9995,0.74,190.9,1981.0,0.0
10000.0,0.8213,0.6562,0.10376,0.999,0.7007,1313.0,1387.0,0.0
21.88,0.5776,0.8926,0.642,1.0,-0.3528,323.5,1380.0,0.0
62.3,0.2196,0.3118,0.304,0.9995,-0.877,1778.0,1992.0,0.0
62.7,0.609,0.717,0.3467,0.9995,-0.668,336.0,1416.0,0.0
10000.0,0.917,0.9766,0.231,0.999,0.735,830.0,553.5,0.0
10000.0,0.7866,0.4817,0.0855,0.999,0.592,1711.0,255.5,0.0
4.13,0.4766,0.4312,0.8975,0.9995,0.731,1721.0,106.2,0.0
45.72,0.01831,0.4197,0.3362,1.0,0.0001543,1565.0,804.5,0.0
32.16,0.7393,0.6587,0.5576,0.9995,0.7915,1577.0,363.8,0.0
33.62,0.7383,0.6357,0.5283,0.999,-0.3506,1028.0,480.8,0.0
4.09,0.01292,0.917,0.483,0.999,-0.1787,1511.0,1926.0,0.0
15.164,0.815,0.2646,0.6724,0.999,-0.858,1885.0,787.0,0.0
10000.0,0.0538,0.2471,0.08923,1.0,-0.1521,1055.0,948.5,0.0
10000.0,0.0511,0.987,0.04617,0.9995,-0.248,878.0,240.8,0.0
71.0,0.772,0.795,0.3462,0.9995,-0.2245,1853.0,428.5,0.0
14.195,0.1715,0.43,0.5127,0.9995,-0.697,161.0,1565.0,0.0
18.05,0.729,0.7773,0.729,0.9995,-0.2922,1523.0,91.4,0.0
10000.0,0.638,0.2634,0.2147,0.9995,0.7637,611.5,1834.0,0.0
62.66,0.04724,0.2056,0.287,1.0,-0.9307,598.5,1081.0,0.0
8.04,0.256,0.4377,0.6436,1.0,0.372,963.5,171.6,0.0
10000.0,0.2876,0.9907,0.02959,0.9995,0.1583,486.5,1873.0,0.0
51.34,0.896,0.4275,0.4197,0.999,-0.05273,91.0,1922.0,0.0
10000.0,0.7485,0.655,0.2026,0.999,0.5137,434.5,1829.0,0.0
10000.0,0.9688,0.9507,0.0917,1.0,0.133,1242.0,496.8,0.0
8.555,0.456,0.9927,0.859,0.999,0.74,1005.5,1805.0,0.0
10.07,0.5356,0.62,0.768,0.999,0.3916,700.5,882.5,0.0
10000.0,0.5796,0.689,0.09235,0.9995,0.9272,1452.0,1498.0,0.0
10000.0,0.2996,0.764,0.12305,0.9995,-0.7485,518.0,1838.0,0.0
10000.0,0.974,0.623,0.0616,0.9995,-0.7837,972.0,1921.0,0.0
36.0,0.7715,0.1449,0.4734,0.999,0.2416,1255.0,738.5,0.0
5.332,0.4404,0.1545,0.774,1.0,0.1711,1692.0,873.0,1.0
0.1469,0.14,0.756,0.9517,0.9995,-0.8247,322.8,972.0,2.0
37.75,0.7334,0.3525,0.4568,0.999,-0.8438,583.0,1910.0,3.0
9.625,0.416,0.3748,0.6646,0.9995,-0.36,1455.0,638.0,4.0
10000.0,0.4573,0.6895,0.1,0.999,0.4248,1766.0,1282.0,5.0
69.2,0.7324,0.2898,0.3203,0.999,0.4998,86.4,200.1,6.0
4.668,0.3542,0.7266,0.8374,1.0,-0.10834,1132.0,1984.0,7.0
3.844,0.2125,0.5215,0.6943,0.9995,-0.629,101.6,582.0,8.0
20.11,0.4292,0.5586,0.553,0.9995,-0.10144,1032.0,1399.0,9.0
4.117,0.552,0.703,0.972,0.9995,-0.2065,137.6,110.56,10.0
7.73,0.31,0.2395,0.6724,0.9995,0.4844,249.4,1672.0,11.0
7.523,0.3633,0.3108,0.7197,0.999,0.9023,985.0,1637.0,12.0
9.836,0.46,0.4934,0.704,0.9995,-0.03043,843.0,1220.0,13.0
12.99,0.3882,0.637,0.6426,0.9995,0.2505,990.0,1489.0,14.0
8.13,0.6587,0.318,0.793,0.9995,0.295,586.0,1155.0,15.0
-0.02122,0.04382,0.4348,0.9976,1.0,0.563,1843.0,302.8,1.0
24.45,0.4768,0.3755,0.521,0.9995,0.539,637.0,1125.0,2.0
22.98,0.5977,0.31,0.5513,0.9995,0.10333,1524.0,1303.0,3.0
-0.3816,0.02357,0.1759,0.7,1.0,0.1161,1411.0,880.5,4.0
19.14,0.566,0.4724,0.5977,0.9995,-0.1445,1075.0,832.0,5.0
10.87,0.477,0.3083,0.668,0.9995,0.05438,1320.0,1118.0,6.0
7.5,0.3403,0.4883,0.7046,0.9995,0.2776,1182.0,1143.0,7.0
11.82,0.5474,0.443,0.6885,0.9995,-0.2448,1124.0,819.5,8.0
7.117,0.472,0.3044,0.7524,0.9995,0.2798,680.5,1402.0,9.0
11.23,0.4138,0.379,0.6504,0.9995,0.2128,947.5,992.0,10.0
8.266,0.512,0.6914,0.822,0.9995,0.541,1437.0,118.56,11.0
-0.002028,0.2876,0.1989,0.9746,0.9995,-0.1857,1793.0,1106.0,12.0
3.479,0.3718,0.288,0.789,0.9995,-0.4006,1411.0,553.0,13.0
4.527,0.3364,0.3528,0.761,0.9995,0.0422,1438.0,987.5,14.0
4.992,0.4062,0.5986,0.82,1.0,-0.41,1384.0,976.0,15.0
10000.0,0.5684,0.868,0.1284,0.9995,-0.555,896.0,1929.0,1.0
30.58,0.6445,0.767,0.548,0.9995,-0.5347,1028.0,1215.0,2.0
29.77,0.942,0.3245,0.5693,1.0,0.788,410.5,1217.0,3.0
22.16,0.56,0.8022,0.614,0.9995,-0.2964,1178.0,1417.0,4.0
19.16,0.829,0.6235,0.725,0.9995,0.8633,1691.0,1270.0,5.0
53.03,0.8223,0.4143,0.3987,0.9995,-0.05725,1268.0,1733.0,6.0
18.12,0.664,0.4856,0.651,0.9995,0.3965,928.5,1147.0,7.0
1.087,0.4756,0.2542,0.994,0.9995,-0.0264,361.2,129.8,8.0
79.2,0.952,0.3535,0.3,1.0,-0.2256,98.75,684.0,9.0
0.4824,0.2007,0.457,0.9834,1.0,0.681,1027.0,952.5,10.0
10.7,0.5884,0.571,0.7676,0.9995,0.491,1364.0,1140.0,11.0
4.645,0.4731,0.4243,0.817,0.999,-0.605,350.2,10.33,12.0
15.41,0.2952,0.7344,0.569,0.9995,-0.1631,1463.0,883.0,13.0
12.44,0.668,0.96,0.851,0.9995,-0.312,1756.0,76.2,14.0
0.356,0.02548,0.2445,0.8774,0.9995,-0.2146,1293.0,1682.0,15.0
10.03,0.931,0.1388,0.7803,0.9995,-0.4011,1335.0,1067.0,1.0
9.55,0.7075,0.318,0.7915,0.9995,0.7773,1678.0,851.5,2.0
16.05,0.7583,0.2734,0.6455,0.999,-0.8716,1358.0,1977.0,3.0
15.56,0.10706,0.8203,0.4905,0.999,0.7256,864.5,760.5,4.0
9.95,0.7144,0.4167,0.8013,0.9995,0.7427,1317.0,103.75,5.0
16.61,0.886,0.9043,0.849,0.9995,0.567,1231.0,951.5,6.0
13.57,0.01875,0.413,0.445,0.999,0.7744,1895.0,416.8,7.0
12.14,0.2024,0.9424,0.572,0.9995,-0.3887,872.5,581.0,8.0
4.938,0.662,0.1301,0.9033,0.9995,0.76,1250.0,613.0,9.0
13.92,0.69,0.2014,0.689,0.9995,0.762,221.2,261.2,10.0
11.305,0.0974,0.4448,0.5166,0.9995,0.11725,903.0,1003.5,11.0
9.78,0.519,0.376,0.725,0.9995,0.4934,578.0,404.8,12.0
5.758,0.782,0.1364,0.909,0.9995,0.7373,143.9,1772.0,13.0
10.83,0.675,0.6895,0.829,0.9995,0.552,1089.0,857.5,14.0
6.355,0.923,0.3008,0.897,0.999,-0.5234,753.0,1219.0,15.0
10000.0,0.01398,0.3904,0.03062,0.9995,-0.7573,1584.0,1614.0,1.0
7.043,0.1104,0.8955,0.604,0.9995,0.9355,155.2,135.1,2.0
16.11,0.1897,0.543,0.513,0.9995,0.1692,1083.0,966.0,3.0
11.67,0.2162,0.221,0.5522,0.9995,-0.8115,1415.0,1803.0,4.0
10000.0,0.7847,0.707,0.10376,0.9995,0.496,1454.0,21.56,5.0
14.836,0.815,0.672,0.7793,0.999,-0.5933,131.0,258.5,6.0
34.62,0.64,0.748,0.514,0.9995,0.1852,1526.0,1311.0,7.0
31.67,0.5405,0.5303,0.4822,0.9995,-0.2328,1264.0,633.0,8.0
10000.0,0.976,0.388,0.1381,1.0,-0.5396,1043.0,1543.0,9.0
16.33,0.3535,0.498,0.5728,0.999,0.531,1560.0,81.44,10.0
16.64,0.466,0.5967,0.613,0.9995,-0.06073,1030.0,811.5,11.0
33.8,0.7974,0.6274,0.542,0.9995,-0.2705,1394.0,1122.0,12.0
11.73,0.4553,0.6323,0.711,0.9995,0.871,1706.0,639.0,13.0
9.586,0.3066,0.543,0.6455,0.999,0.2017,1255.0,687.5,14.0
11.516,0.3542,0.945,0.6855,1.0,-0.8853,1244.0,1765.0,15.0
18.84,0.56,0.7437,0.6543,0.9995,0.4597,1491.0,325.8,1.0
21.62,0.576,0.7764,0.627,0.9995,0.1697,561.0,1493.0,2.0
10000.0,0.89,0.9326,0.0706,0.999,-0.5146,1608.0,56.38,3.0
5.25,0.652,0.244,0.891,1.0,0.7495,538.0,926.5,4.0
10.234,0.4438,0.935,0.7847,0.999,0.23,781.5,457.0,5.0
14.28,0.4458,0.8784,0.6895,0.9995,0.0627,1350.0,1004.5,6.0
15.65,0.2747,0.477,0.541,0.9995,-0.3638,674.0,1515.0,7.0
17.75,0.7114,0.7266,0.715,0.9995,-0.2908,525.0,1240.0,8.0
6.44,0.389,0.9517,0.8657,1.0,0.4768,167.0,173.0,9.0
14.6,0.5967,0.4563,0.684,1.0,0.781,869.5,1322.0,10.0
11.766,0.5244,0.743,0.7495,0.9995,0.11847,557.5,1307.0,11.0
9.305,0.4312,0.844,0.7754,0.9995,0.0571,972.0,1034.0,12.0
1.881,0.3572,0.705,0.989,0.9995,0.04495,854.5,956.5,13.0
15.32,0.632,0.2239,0.6216,0.999,-0.7866,946.5,1384.0,14.0
8.234,0.373,0.6084,0.7153,0.9995,-0.0762,649.0,1235.0,15.0
29.48,0.5127,0.7197,0.5107,0.9995,-0.152,505.8,1095.0,1.0
5.86,0.4673,0.239,0.7637,0.9995,-0.0691,1850.0,1881.0,2.0
25.14,0.627,0.6353,0.582,0.9995,0.3037,1025.0,839.0,3.0
0.7163,0.1997,0.4329,0.9404,0.9995,0.6704,1026.0,1096.0,4.0
55.34,0.743,0.579,0.3975,0.999,0.844,1021.5,520.5,5.0
37.56,0.5103,0.5527,0.4343,1.0,-0.98,1347.0,643.5,6.0
3.564,0.2341,0.37,0.736,0.999,0.12305,601.0,1505.0,7.0
17.38,0.873,0.2185,0.6626,1.0,-0.2152,1794.0,1155.0,8.0
8.8,0.6704,0.855,0.917,0.999,0.3767,733.0,185.5,9.0
38.53,0.486,0.482,0.435,0.999,0.8247,1011.5,1054.0,10.0
-0.1169,0.2372,0.293,0.9834,0.9995,0.00256,997.5,1441.0,11.0
9.805,0.5737,0.295,0.715,0.9995,-0.1188,1307.0,1166.0,12.0
21.95,0.4412,0.761,0.5664,0.9995,0.3364,754.0,1294.0,13.0
5.5,0.402,0.391,0.769,0.9995,0.05136,1009.0,1122.0,14.0
6.426,0.3337,0.9224,0.8135,0.9995,0.2703,1033.0,1733.0,15.0
33.53,0.465,0.671,0.4658,0.9995,0.0778,560.0,1538.0,1.0
5.805,0.04523,0.4758,0.532,0.9995,0.265,224.8,1518.0,2.0
0.04333,0.2084,0.3481,0.97,0.9995,0.286,1355.0,357.5,3.0
8.26,0.01124,0.8716,0.4507,0.999,0.9863,1149.0,1575.0,4.0
10.81,0.578,0.5283,0.7466,0.9995,0.2347,646.0,1205.0,5.0
3.65,0.2688,0.8955,0.875,0.9995,0.622,1472.0,792.5,6.0
-0.04865,0.04504,0.4978,0.738,0.9995,0.4517,1333.0,500.0,7.0
21.3,0.745,0.716,0.669,0.9995,-0.9277,54.03,614.5,8.0
7.492,0.1467,0.352,0.6025,0.9995,0.4792,664.5,922.0,9.0
13.32,0.4058,0.522,0.646,0.9995,0.992,267.2,1815.0,10.0
4.047,0.2488,0.493,0.748,0.9995,0.2495,1142.0,543.0,11.0
6.664,0.2686,0.5283,0.6997,0.9995,0.6484,737.0,1390.0,12.0
15.51,0.5312,0.3691,0.6274,0.999,0.2988,1206.0,921.0,13.0
0.778,0.1136,0.128,0.7036,0.999,-0.5,894.0,1952.0,14.0
2.318,0.3518,0.769,0.972,0.9995,0.0008993,1463.0,985.0,15.0
10000.0,0.9526,0.853,0.1348,0.9995,0.2179,1774.0,2.592,1.0
17.5,0.5186,0.575,0.614,0.9995,-0.4253,738.5,943.0,2.0
1.424,0.2168,0.9614,0.959,0.999,-0.1941,1551.0,126.1,3.0
13.78,0.5396,0.2208,0.6216,0.999,-0.648,1786.0,413.2,4.0
6.06,0.679,0.3005,0.84,0.9995,-0.0981,910.0,1546.0,5.0
8.914,0.4634,0.413,0.693,0.999,-0.8037,1699.0,834.5,6.0
11.42,0.3682,0.611,0.6504,0.999,0.01942,1155.0,829.5,7.0
14.48,0.8506,0.8135,0.8525,0.9995,0.7334,1465.0,459.5,8.0
42.94,0.2515,0.8403,0.3774,1.0,0.00263,122.8,1696.0,9.0
13.13,0.506,0.8145,0.722,0.9995,-0.4407,988.5,986.0,10.0
8.99,0.3909,0.5835,0.7,0.9995,-0.2314,883.0,623.5,11.0
9.78,0.6543,0.6445,0.8267,0.9995,0.2151,1340.0,584.0,12.0
1.172,0.327,0.4897,0.9756,0.999,0.2913,1118.0,295.0,13.0
27.36,0.832,0.9224,0.6914,0.9995,0.398,1371.0,1585.0,14.0
-0.06604,0.1177,0.5835,0.9634,0.9995,-0.1813,571.0,353.8,15.0
10000.0,0.6177,0.3845,0.1149,0.9995,-0.1766,1323.0,286.8,1.0
36.25,0.45,0.517,0.4373,0.9995,0.1155,442.2,1002.0,2.0
5.74,0.788,0.3794,0.913,0.9995,0.03815,434.8,207.2,3.0
13.26,0.4849,0.9155,0.7515,0.9995,0.88,1641.0,243.8,4.0
12.266,0.2363,0.402,0.5635,0.9995,-0.2947,600.5,1347.0,5.0
15.15,0.4033,0.591,0.606,0.9995,0.0003645,622.5,1127.0,6.0
16.03,0.7744,0.5044,0.7197,1.0,0.3955,673.0,1597.0,7.0
2.354,0.3586,0.766,0.981,0.999,0.2698,1033.0,940.5,8.0
9.96,0.5747,0.585,0.7754,0.9995,0.243,858.0,1232.0,9.0
28.1,0.6133,0.2954,0.506,0.9995,-0.2109,290.2,1411.0,10.0
-0.4038,0.03864,0.402,0.761,1.0,0.004864,603.5,259.5,11.0
4.895,0.731,0.1261,0.891,1.0,0.174,714.5,1642.0,12.0
10000.0,0.6934,0.2113,0.1626,1.0,-0.1731,75.0,655.5,13.0
15.19,0.667,0.1622,0.6343,1.0,-0.3772,731.0,1194.0,14.0
-0.02902,0.34,0.1387,0.949,0.9995,-0.8228,130.4,1664.0,15.0
48.06,0.1278,0.6367,0.3403,0.9995,-0.1663,1422.0,358.0,1.0
10000.0,0.826,0.626,0.0452,0.999,0.3228,1631.0,339.5,2.0
36.66,0.7334,0.4604,0.4832,0.999,0.01222,699.0,717.5,3.0
-0.3403,0.2231,0.174,0.9395,0.9995,-0.8438,774.5,406.8,4.0
17.0,0.2343,0.308,0.5137,0.9995,-0.1384,850.0,1119.0,5.0
1.337,0.4656,0.4062,0.99,0.9995,-0.4534,337.0,1076.0,6.0
17.66,0.409,0.609,0.582,0.9995,0.184,627.0,1181.0,7.0
14.45,0.577,0.4343,0.659,0.9995,-0.004246,738.0,908.5,8.0
0.5156,0.01452,0.682,0.819,0.9995,-0.4414,586.5,1096.0,9.0
-0.0359,0.11804,0.6084,0.8877,0.9995,-0.709,1397.0,1880.0,10.0
9.66,0.6904,0.846,0.89,0.9995,-0.5967,1640.0,1705.0,11.0
60.2,0.329,0.684,0.3247,1.0,0.1923,478.5,1763.0,12.0
6.53,0.455,0.4458,0.7686,0.9995,-0.1436,850.5,1140.0,13.0
13.19,0.6543,0.758,0.7754,0.9995,-0.3438,924.0,29.72,14.0
7.56,0.506,0.604,0.7974,0.9995,-0.2698,967.5,744.0,15.0
26.16,0.0822,0.9805,0.4004,0.9995,-0.904,890.5,887.5,1.0
20.48,0.521,0.644,0.5938,0.9995,-0.02145,577.0,436.2,2.0
12.35,0.0881,0.4192,0.4902,0.999,-0.4854,139.5,344.0,3.0
47.56,0.2313,0.2803,0.3572,0.9995,0.6533,1331.0,1320.0,4.0
17.05,0.4382,0.566,0.591,1.0,-0.1135,1515.0,691.0,5.0
6.31,0.82,0.578,0.959,0.999,0.04327,890.0,848.5,6.0
6.918,0.1367,0.622,0.583,1.0,-0.907,1795.0,1510.0,7.0
0.6343,0.3896,0.244,0.9463,0.9995,-0.6816,1438.0,1270.0,8.0
11.08,0.2834,0.696,0.611,0.9995,-0.6045,866.5,811.5,9.0
43.12,0.5996,0.5693,0.4302,1.0,0.2134,34.94,840.5,10.0
18.1,0.502,0.544,0.599,1.0,-0.1246,614.0,940.5,11.0
14.63,0.5293,0.6074,0.6616,1.0,-0.5464,1139.0,1143.0,12.0
10.414,0.3633,0.519,0.646,0.9995,-0.3337,1283.0,831.0,13.0
7.598,0.3875,0.5684,0.7227,0.9995,-0.4846,972.5,856.5,14.0
-0.181,0.1038,0.3643,0.8354,0.999,-0.949,1520.0,1014.5,15.0
10000.0,0.939,0.387,0.2288,1.0,0.405,1232.0,1534.0,1.0
40.6,0.9087,0.513,0.5073,0.9995,0.909,1002.5,21.28,2.0
24.52,0.7407,0.4912,0.5977,0.9995,0.3904,943.0,360.0,3.0
1.882,0.2546,0.267,0.9033,0.999,0.953,1171.0,88.4,4.0
71.5,0.894,0.2118,0.3162,0.9995,-0.4329,1702.0,30.61,5.0
26.36,0.632,0.578,0.554,0.999,-0.311,1439.0,288.0,6.0
19.28,0.9194,0.4963,0.701,1.0,-0.3018,675.5,51.47,7.0
7.65,0.378,0.6177,0.7515,0.9995,0.509,1332.0,1394.0,8.0
0.011665,0.1064,0.7407,0.9463,0.999,-0.0758,631.0,192.0,9.0
8.43,0.5293,0.659,0.804,0.9995,-0.02583,771.0,747.5,10.0
11.695,0.7227,0.8345,0.8525,0.9995,-0.577,909.0,1594.0,11.0
3.72,0.1886,0.9185,0.7505,0.999,-0.4785,677.0,745.5,12.0
-0.08374,0.166,0.3694,0.9,0.9995,-0.0005355,30.95,1099.0,13.0
7.652,0.4827,0.6934,0.804,0.9995,-0.3708,850.0,1267.0,14.0
3.883,0.1766,0.8066,0.711,0.9995,-0.2031,86.94,1607.0,15.0
10000.0,0.1931,0.1162,0.05728,1.0,-0.02696,1714.0,327.2,1.0
5.88,0.57,0.571,0.9116,0.9995,0.9766,1111.0,227.4,2.0
23.05,0.3794,0.532,0.5156,0.9995,0.4163,896.5,1037.0,3.0
1.925,0.07104,0.4326,0.6226,0.9995,-0.7236,1862.0,1479.0,4.0
6.316,0.3872,0.4805,0.767,0.9995,0.438,1031.0,1548.0,5.0
15.16,0.4197,0.2888,0.5854,0.9995,-0.1216,1011.5,390.0,6.0
4.0,0.2418,0.10516,0.708,1.0,-0.07336,164.8,445.0,7.0
6.668,0.7153,0.2708,0.82,1.0,-0.3413,387.0,1096.0,8.0
31.64,0.9824,0.554,0.597,1.0,0.2272,196.6,669.0,9.0
0.0495,0.2568,0.34,0.973,0.9995,-0.1647,1098.0,1244.0,10.0
6.113,0.4875,0.3477,0.783,1.0,0.0744,1707.0,1259.0,11.0
0.3733,0.341,0.2115,0.958,1.0,-0.3118,1054.0,383.2,12.0
13.17,0.7197,0.4412,0.729,1.0,0.10486,705.5,744.5,13.0
7.297,0.3945,0.3167,0.704,0.9995,-0.0751,985.0,654.0,14.0
2.59,0.1859,0.515,0.738,0.999,-0.0634,352.8,1732.0,15.0
60.2,0.9146,0.2964,0.3643,1.0,-0.7686,1174.0,1799.0,1.0
10000.0,0.4678,0.3699,0.11487,0.9995,0.71,145.2,1209.0,2.0
9.53,0.1373,0.619,0.557,0.999,-0.1844,1263.0,1490.0,3.0
34.94,0.5015,0.442,0.451,0.9995,0.2401,512.5,594.5,4.0
53.4,0.916,0.5127,0.4285,0.999,0.815,1205.0,544.0,5.0
0.788,0.3313,0.3887,0.929,0.999,-0.843,758.5,1171.0,6.0
23.58,0.1698,0.755,0.4534,0.9995,0.1586,659.5,1663.0,7.0
3.021,0.684,0.2688,0.949,0.9995,-0.3542,847.5,1658.0,8.0
28.48,0.5054,0.8315,0.528,0.999,-0.4949,1248.0,562.5,9.0
23.16,0.666,0.4802,0.5894,0.999,0.313,1176.0,834.5,10.0
12.04,0.5205,0.47,0.6826,0.9995,-0.06055,969.0,931.0,11.0
10.2,0.4512,0.4553,0.6763,0.9995,-0.522,544.5,821.0,12.0
9.18,0.5947,0.3638,0.733,0.999,-0.6,1377.0,933.5,13.0
12.13,0.336,0.581,0.616,0.9995,-0.1058,773.5,1465.0,14.0
1.564,0.5854,0.2227,0.983,0.999,-0.4138,1557.0,1040.0,15.0
10000.0,0.8604,0.514,0.10736,0.999,0.437,399.2,123.56,1.0
36.62,0.536,0.9966,0.502,0.9995,0.3792,1809.0,1089.0,2.0
25.11,0.3245,0.653,0.4832,0.9995,-0.177,574.0,963.0,3.0
31.23,0.745,0.71,0.578,0.999,0.86,645.0,737.0,4.0
10000.0,0.8535,0.4995,0.04306,0.999,0.898,1711.0,374.2,5.0
0.5205,0.1884,0.4482,0.8486,0.999,-0.3423,1744.0,703.5,6.0
23.6,0.7026,0.368,0.5664,0.9995,-0.541,1340.0,1112.0,7.0
17.83,0.6206,0.8604,0.7173,0.9995,0.3428,1498.0,797.5,8.0
19.8,0.939,0.774,0.7754,0.9995,-0.005474,1780.0,1146.0,9.0
53.78,0.1337,0.2075,0.3252,1.0,0.314,831.0,1303.0,10.0
6.457,0.904,0.528,0.9517,1.0,-0.765,659.0,240.8,11.0
7.49,0.4297,0.8794,0.8267,0.9995,-0.3174,640.0,564.5,12.0
0.5015,0.05426,0.1582,0.8203,0.9995,0.827,522.0,240.6,13.0
14.03,0.8296,0.3328,0.72,0.9995,-0.1292,1742.0,1017.0,14.0
8.7,0.454,0.7227,0.766,0.9995,-0.5415,946.0,1158.0,15.0
50.4,0.654,0.5376,0.394,0.9995,-0.5225,1453.0,996.5,1.0
33.38,0.842,0.9297,0.631,1.0,0.2076,666.5,1643.0,2.0
6.363,0.732,0.8286,0.991,0.9995,-0.302,1786.0,1521.0,3.0
2.604,0.347,0.744,0.9434,0.9995,-0.056,878.0,1658.0,4.0
11.59,0.465,0.701,0.7144,0.9995,0.0898,875.5,265.2,5.0
16.64,0.4421,0.9175,0.653,0.999,-0.3093,359.2,395.8,6.0
15.625,0.4236,0.694,0.6187,0.9995,-0.331,1375.0,707.5,7.0
1.9,0.2861,0.5493,0.8765,0.999,-0.1306,621.0,1708.0,8.0
17.6,0.3713,0.6753,0.566,0.9995,-0.5117,868.0,1058.0,9.0
10.32,0.4358,0.7075,0.7183,0.9995,-0.3616,647.5,857.0,10.0
10.63,0.4282,0.4465,0.672,0.9995,0.1282,22.36,1111.0,11.0
16.2,0.6333,0.714,0.708,0.9995,-0.1354,785.0,1523.0,12.0
0.8457,0.2861,0.3186,0.8833,0.999,-0.345,857.5,1332.0,13.0
11.47,0.575,0.3716,0.686,0.9995,-0.5244,1013.0,1555.0,14.0
6.773,0.1683,0.3477,0.628,0.9995,0.4905,398.2,1779.0,15.0
7.01,0.6714,0.4778,0.8486,1.0,-0.34,183.4,1310.0,1.0
19.2,0.3154,0.71,0.549,0.999,0.88,1807.0,1800.0,2.0
21.56,0.2761,0.5776,0.4905,0.9995,-0.364,526.5,962.5,3.0
39.75,0.965,0.3396,0.4993,0.999,0.8535,822.5,1429.0,4.0
26.69,0.3408,0.4636,0.4717,0.9995,0.1655,633.5,1303.0,5.0
24.84,0.6665,0.47,0.574,0.9995,0.5645,909.0,1280.0,6.0
2.943,0.5566,0.3787,0.96,0.9995,0.3516,1028.0,1298.0,7.0
13.94,0.4065,0.4714,0.616,0.9995,0.269,883.5,1333.0,8.0
9.96,0.746,0.3315,0.7607,0.9995,-0.497,1794.0,1326.0,9.0
11.375,0.7783,0.635,0.8174,1.0,-0.942,323.2,1848.0,10.0
1.688,0.6274,0.1892,0.966,1.0,-0.7993,83.3,633.0,11.0
13.43,0.604,0.4492,0.69,0.9995,0.11926,841.0,1217.0,12.0
1.041,0.4612,0.3245,0.997,0.9995,-0.1858,785.5,868.5,13.0
8.09,0.5615,0.4417,0.7754,0.9995,0.007034,807.5,1134.0,14.0
4.24,0.651,0.614,0.9966,1.0,0.43,811.0,1579.0,15.0
46.3,0.8403,0.171,0.4143,0.9995,-0.7583,360.2,653.5,1.0
42.4,0.542,0.881,0.4492,0.9995,0.2284,1482.0,388.5,2.0
29.7,0.4849,0.4448,0.48,0.9995,0.01291,960.5,1232.0,3.0
92.2,0.0461,0.896,0.221,0.999,0.4106,97.4,1258.0,4.0
29.53,0.943,0.305,0.563,1.0,0.3171,398.2,195.0,5.0
3.137,0.4026,0.2057,0.813,1.0,-0.3042,608.0,1430.0,6.0
25.94,0.2593,0.663,0.4644,0.9995,0.279,659.0,1094.0,7.0
-0.0365,0.226,0.113,0.982,0.9995,0.141,964.0,1426.0,8.0
20.78,0.687,0.2778,0.5854,0.9995,-0.248,726.5,789.0,9.0
10000.0,0.7607,0.54,0.1495,0.9995,0.4548,489.8,534.5,10.0
21.5,0.822,0.2786,0.606,1.0,-0.2289,1492.0,1109.0,11.0
18.78,0.04562,0.731,0.4158,0.999,-0.92,1702.0,1489.0,12.0
3.912,0.349,0.897,0.9336,1.0,0.653,1244.0,361.8,13.0
14.516,0.7656,0.1053,0.667,0.9995,-0.08514,1119.0,875.0,14.0
15.61,0.698,0.3792,0.6743,0.9995,0.198,899.0,628.5,15.0
33.78,0.731,0.2805,0.491,0.9995,0.4075,1394.0,1060.0,1.0
11.06,0.4443,0.298,0.6616,1.0,0.3823,428.0,1002.0,2.0
5.336,0.1846,0.4614,0.6523,0.9995,0.02998,312.8,1352.0,3.0
65.75,0.9404,0.6436,0.3777,0.9995,-0.4995,1766.0,1592.0,4.0
27.94,0.803,0.4722,0.576,0.9995,0.4268,1493.0,210.9,5.0
15.42,0.0796,0.2108,0.4702,1.0,0.7036,1467.0,673.0,6.0
5.586,0.8247,0.11884,0.9272,0.9995,0.6875,1496.0,1465.0,7.0
16.84,0.6216,0.3696,0.6353,0.9995,0.268,1270.0,1218.0,8.0
16.5,0.596,0.464,0.6465,0.9995,0.2683,1285.0,756.5,9.0
2.74,0.293,0.943,0.94,0.999,-0.1577,589.5,1359.0,10.0
15.79,0.8945,0.2267,0.708,1.0,0.5127,41.78,1429.0,11.0
35.9,0.4656,0.927,0.4688,1.0,-0.3208,1257.0,1647.0,12.0
0.4866,0.2844,0.4458,0.9595,1.0,-0.4783,585.0,1705.0,13.0
6.992,0.249,0.3735,0.6562,0.9995,0.35,1167.0,1047.0,14.0
0.7983,0.1503,0.4482,0.8916,0.999,0.7725,172.2,780.5,15.0
1.176,0.371,0.2026,0.998,0.9995,0.5864,91.3,1932.0,1.0
5.125,0.389,0.6626,0.8315,0.9995,0.05933,857.0,791.5,2.0
8.58,0.737,0.2537,0.7764,0.999,-0.3457,1265.0,1052.0,3.0
6.79,0.731,0.586,0.9062,0.9995,-0.758,1041.0,1829.0,4.0
-0.2786,0.01215,0.1299,0.5903,0.999,-0.2595,1527.0,1296.0,5.0
4.664,0.5186,0.4956,0.866,0.9995,-0.4026,890.5,1453.0,6.0
3.568,0.5083,0.3657,0.883,0.9995,-0.04755,672.0,625.5,7.0
5.527,0.4849,0.3281,0.785,0.9995,-0.2399,1142.0,971.0,8.0
0.05887,0.0921,0.824,0.881,0.9995,-0.3616,973.0,1939.0,9.0
38.25,0.5825,0.99,0.4976,0.999,-0.7812,788.0,248.0,10.0
1.792,0.28,0.3584,0.8276,0.9995,-0.2642,1129.0,897.5,11.0
3.416,0.316,0.432,0.7905,0.9995,-0.2244,991.0,1182.0,12.0
2.264,0.3643,0.3694,0.868,0.9995,-0.0778,761.0,879.5,13.0
2.99,0.3672,0.459,0.842,0.9995,-0.3704,1038.0,1404.0,14.0
4.32,0.3862,0.905,0.9307,0.9995,0.2333,1450.0,185.8,15.0
1.991,0.4458,0.4133,0.939,0.9995,-0.364,944.0,1117.0,1.0
6.01,0.3523,0.403,0.7275,0.9995,-0.03062,704.5,756.0,2.0
9.914,0.4182,0.4595,0.682,0.9995,0.094,1027.0,1059.0,3.0
4.418,0.1559,0.4858,0.653,0.9995,-0.059,905.5,1303.0,4.0
4.484,0.3347,0.4697,0.7837,0.9995,0.1482,969.5,1041.0,5.0
0.482,0.156,0.6704,0.8896,0.999,-0.01097,804.0,1145.0,6.0
2.799,0.2496,0.4998,0.7954,0.9995,0.1039,926.0,1065.0,7.0
42.6,0.2883,0.5435,0.3813,1.0,0.1388,605.5,270.5,8.0
0.5176,0.1278,0.923,0.8877,0.9995,-0.704,993.5,115.25,9.0
-0.2563,0.1676,0.2023,0.988,0.9995,0.2676,546.0,1504.0,10.0
0.552,0.04617,0.4324,0.78,1.0,0.9307,944.0,285.8,11.0
3.305,0.565,0.4849,0.9985,0.9995,0.8936,1370.0,844.5,12.0
0.3462,0.06744,0.11896,0.983,0.999,0.8735,583.0,1351.0,13.0
2.361,0.3518,0.5303,0.929,0.9995,0.503,1100.0,847.5,14.0
0.8813,0.2333,0.5947,0.932,0.9995,0.0757,851.0,966.5,15.0
6.168,0.3965,0.2732,0.716,0.9995,-0.4604,1361.0,694.0,1.0
0.0749,0.053,0.11993,0.9404,0.9995,-0.04126,287.0,1314.0,2.0
2.615,0.251,0.799,0.913,1.0,0.897,541.5,718.5,3.0
2.662,0.2607,0.262,0.753,0.9995,-0.4763,804.0,1031.0,4.0
0.627,0.4058,0.1203,0.909,0.999,-0.899,712.0,145.4,5.0
3.428,0.2957,0.3008,0.7954,0.999,0.4348,886.0,1283.0,6.0
8.12,0.1472,0.486,0.5757,0.999,-0.4563,1285.0,1149.0,7.0
2.615,0.3167,0.2751,0.793,0.9995,-0.4045,996.5,716.5,8.0
2.654,0.2097,0.3901,0.73,0.9995,-0.373,1063.0,1081.0,9.0
1.602,0.2595,0.2893,0.836,0.9995,0.07245,808.0,1128.0,10.0
4.13,0.4238,0.3328,0.797,0.9995,-0.4368,1091.0,940.0,11.0
1.943,0.232,0.1831,0.7466,0.9995,-0.7183,554.5,628.0,12.0
2.01,0.3,0.484,0.861,0.9995,-0.1809,1001.5,1349.0,13.0
-0.1556,0.0831,0.11884,0.9224,0.9995,-0.09424,698.0,773.0,14.0
-0.2386,0.1298,0.3267,0.921,0.9995,0.2822,823.5,582.5,15.0
4.402,0.4966,0.1553,0.8003,1.0,-0.3152,1620.0,136.4,1.0
8.68,0.5977,0.4236,0.769,0.9995,-0.06464,1386.0,1148.0,2.0
-0.1969,0.078,0.3303,0.899,0.9995,-0.09424,1463.0,1925.0,3.0
7.223,0.498,0.9307,0.9097,0.9995,0.7847,296.2,1756.0,4.0
0.526,0.0171,0.6133,0.7695,1.0,-0.8135,318.2,347.0,5.0
3.979,0.3801,0.4622,0.8267,0.9995,0.1271,1009.0,1317.0,6.0
4.406,0.4067,0.684,0.886,0.9995,0.2925,646.0,1430.0,7.0
-0.2017,0.1272,0.10864,0.944,0.9995,-0.3542,1345.0,1320.0,8.0
0.4187,0.2312,0.4634,0.908,0.9995,-0.6216,38.3,1519.0,9.0
2.553,0.457,0.2495,0.883,0.9995,-0.0901,896.5,1535.0,10.0
2.059,0.2854,0.4534,0.843,0.9995,-0.0916,1057.0,1223.0,11.0
0.433,0.06696,0.2715,0.9355,0.999,-0.8936,1030.0,1590.0,12.0
3.234,0.2778,0.414,0.7705,0.9995,-0.1844,464.2,1233.0,13.0
1.767,0.291,0.4832,0.873,0.9995,-0.0857,965.5,1316.0,14.0
2.133,0.015594,0.1877,0.4802,0.9995,-0.7437,98.9,675.0,15.0
10000.0,0.2241,0.1544,0.0716,0.999,0.08093,391.2,399.2,1.0
0.4219,0.01595,0.4055,0.9424,0.9995,-0.0203,1356.0,928.5,2.0
8.836,0.3079,0.756,0.691,0.9995,0.1805,982.0,1142.0,3.0
1.378,0.2756,0.3137,0.885,0.9995,0.3289,491.2,1116.0,4.0
4.652,0.3062,0.67,0.771,1.0,-0.876,1333.0,884.0,5.0
-0.08,0.1594,0.3735,0.9854,0.9995,-0.679,961.5,864.5,6.0
6.58,0.346,0.5522,0.7227,0.9995,-0.4214,847.5,977.5,7.0
2.598,0.2084,0.525,0.769,0.9995,0.0633,922.0,1220.0,8.0
1.998,0.143,0.5376,0.708,0.9995,-0.2683,1158.0,1264.0,9.0
1.713,0.222,0.5786,0.8164,0.9995,-0.645,1194.0,977.0,10.0
3.105,0.3052,0.5117,0.8066,0.9995,-0.4236,1043.0,973.0,11.0
46.94,0.9263,0.537,0.4568,0.9995,-0.937,719.0,1678.0,12.0
1.2,0.2247,0.4531,0.835,0.9995,-0.317,1076.0,1024.0,13.0
0.04034,0.109,0.4468,0.7627,0.9995,-0.52,1417.0,1235.0,14.0
2.434,0.2499,0.518,0.7983,0.9995,-0.3442,935.0,968.0,15.0
26.12,0.1996,0.629,0.4456,0.9995,0.1715,1792.0,1553.0,1.0
5.094,0.372,0.4785,0.7915,0.9995,0.283,1036.0,1249.0,2.0
9.29,0.877,0.2338,0.8237,0.9995,0.502,1107.0,7.89,3.0
8.3,0.827,0.8057,0.959,0.9995,-0.7417,1016.0,1442.0,4.0
5.277,0.557,0.5654,0.885,0.9995,-0.3914,974.0,1238.0,5.0
2.152,0.2244,0.796,0.873,0.9995,0.1552,347.0,832.5,6.0
5.406,0.529,0.3933,0.8384,0.9995,0.2844,1194.0,1004.5,7.0
-0.2544,0.1062,0.448,0.8906,0.999,-0.159,271.8,1031.0,8.0
-0.4783,0.0452,0.4739,0.6875,0.9995,-0.5186,397.5,865.0,9.0
2.84,0.2167,0.5376,0.7505,0.999,-0.3525,1194.0,1203.0,10.0
3.527,0.331,0.377,0.7607,0.9995,-0.925,647.0,1780.0,11.0
-0.095,0.06775,0.2803,0.8438,0.999,-0.456,336.0,615.0,12.0
0.755,0.0792,0.9717,0.875,0.9995,0.9824,333.5,1263.0,13.0
1.723,0.1708,0.2773,0.756,0.999,0.06012,462.0,1058.0,14.0
6.383,0.464,0.2402,0.745,0.9995,-0.1655,816.0,939.5,15.0
2.85,0.532,0.6104,0.9976,0.999,-0.1675,756.5,1416.0,1.0
0.6006,0.2169,0.693,0.9785,1.0,0.1714,886.5,844.0,2.0
4.93,0.4097,0.4285,0.806,0.9995,0.2462,585.5,899.0,3.0
10.47,0.669,0.787,0.842,1.0,-0.826,905.5,239.6,4.0
5.96,0.527,0.678,0.878,0.9995,-0.4065,850.0,537.5,5.0
-0.3403,0.1342,0.3433,0.9824,0.9995,0.1345,517.0,368.2,6.0
2.873,0.2246,0.4326,0.769,0.9995,0.2316,521.0,1385.0,7.0
3.81,0.579,0.4458,0.9204,0.9995,-0.294,870.0,1180.0,8.0
2.734,0.3618,0.481,0.8794,0.9995,0.1514,695.5,782.5,9.0
5.44,0.2896,0.5835,0.7373,0.9995,0.07623,642.0,1023.0,10.0
2.521,0.3901,0.478,0.8984,0.9995,-0.1488,776.5,1065.0,11.0
2.691,0.4905,0.32,0.9165,0.9995,0.1087,1015.0,425.2,12.0
0.466,0.2908,0.2874,0.991,0.999,0.357,320.8,1706.0,13.0
0.1738,0.07306,0.4285,0.965,0.9995,-0.3481,763.5,607.0,14.0
2.268,0.2499,0.5396,0.825,0.9995,-0.007652,662.0,953.5,15.0
6.797,0.09784,0.3052,0.555,0.9995,-0.9175,1882.0,455.2,1.0
9.234,0.4102,0.2747,0.6646,0.9995,-0.1953,1287.0,743.5,2.0
4.902,0.3264,0.6963,0.8145,0.9995,0.324,824.5,753.0,3.0
6.027,0.551,0.4993,0.833,0.9995,-0.417,503.2,1486.0,4.0
4.52,0.5054,0.3794,0.8438,0.9995,-0.03842,764.5,1303.0,5.0
4.633,0.3093,0.4631,0.76,0.9995,0.11554,968.0,909.5,6.0
2.773,0.0907,0.1062,0.6406,1.0,0.0858,1471.0,650.0,7.0
3.143,0.2983,0.512,0.823,0.9995,0.1714,802.5,926.0,8.0
8.67,0.449,0.581,0.7466,0.9995,0.1501,1275.0,891.0,9.0
5.348,0.8584,0.599,0.9976,0.9995,-0.558,340.0,1017.0,10.0
0.0636,0.12335,0.3606,0.8647,0.999,0.3376,1688.0,1066.0,11.0
1.288,0.12195,0.1081,0.834,0.999,0.798,630.5,1052.0,12.0
2.455,0.3533,0.3264,0.8535,0.9995,0.1231,864.5,1219.0,13.0
3.316,0.5415,0.454,0.933,0.9995,-0.1449,633.0,1058.0,14.0
0.02773,0.0517,0.10535,0.8584,0.9995,0.508,600.5,1181.0,15.0
1.221,0.1288,0.10846,0.8105,0.9995,0.581,148.4,329.0,1.0
11.414,0.3884,0.674,0.666,0.9995,-0.2418,943.5,723.5,2.0
9.04,0.4617,0.542,0.735,0.9995,0.101,987.0,1120.0,3.0
6.188,0.3733,0.5586,0.7603,0.9995,-0.08856,807.5,804.0,4.0
-0.2664,0.0911,0.4475,0.979,1.0,0.3015,942.5,521.5,5.0
57.06,0.6367,0.3652,0.3604,0.999,0.4417,571.5,1884.0,6.0
-0.2576,0.1162,0.3699,0.9756,1.0,0.4038,331.2,818.5,7.0
5.63,0.3936,0.4973,0.773,0.9995,-0.1912,834.5,958.0,8.0
1.649,0.1849,0.6416,0.814,0.9995,-0.0329,411.8,1157.0,9.0
3.05,0.3777,0.4219,0.856,1.0,0.1179,1250.0,1026.0,10.0
4.77,0.5156,0.852,0.9756,1.0,0.3584,1549.0,1598.0,11.0
2.615,0.208,0.5986,0.764,1.0,-0.3455,1363.0,1195.0,12.0
4.266,0.2966,0.588,0.784,0.9995,0.06006,971.0,871.0,13.0
1.233,0.2607,0.614,0.9336,0.9995,0.0667,1025.0,858.0,14.0
2.53,0.3635,0.649,0.946,1.0,0.3079,1108.0,1140.0,15.0
5.777,0.525,0.687,0.887,0.9995,-0.3562,1054.0,1114.0,1.0
23.28,0.9443,0.752,0.729,0.9995,0.2976,1251.0,90.8,2.0
4.91,0.2249,0.3906,0.67,0.9995,-0.285,1005.0,1001.5,3.0
8.66,0.5205,0.642,0.8027,0.9995,0.505,1375.0,619.0,4.0
10.805,0.6226,0.609,0.783,0.9995,0.2654,1142.0,529.5,5.0
6.82,0.3853,0.7173,0.7793,0.9995,-0.2905,1107.0,1341.0,6.0
0.1671,0.03635,0.4026,0.9453,1.0,0.04236,1110.0,1660.0,7.0
3.865,0.2812,0.4395,0.7744,0.9995,0.306,1084.0,952.0,8.0
10000.0,0.4297,0.4841,0.0391,0.9995,0.09106,107.2,184.5,9.0
7.332,0.94,0.1037,0.8433,0.999,-0.4756,1860.0,1547.0,10.0
-0.1152,0.09515,0.36,0.982,0.9995,0.578,1545.0,962.5,11.0
4.24,0.612,0.288,0.853,0.9995,-0.7114,283.2,476.8,12.0
3.004,0.661,0.4072,0.9927,0.9995,0.11835,224.5,653.5,13.0
2.28,0.3008,0.666,0.9224,0.9995,0.417,1090.0,714.5,14.0
3.748,0.538,0.3533,0.9014,0.9995,0.272,904.0,700.0,15.0
5.312,0.4988,0.4075,0.8247,0.9995,0.10876,587.0,678.0,1.0
47.16,0.918,0.5815,0.464,1.0,-0.506,654.0,1943.0,2.0
5.715,0.2308,0.58,0.665,0.9995,-0.566,1143.0,1179.0,3.0
6.477,0.4817,0.558,0.808,0.9995,-0.1104,730.0,594.5,4.0
0.006325,0.2568,0.299,0.9507,0.999,-0.41,854.5,370.2,5.0
3.572,0.3083,0.4968,0.787,0.9995,-0.3857,900.0,973.0,6.0
0.2957,0.05316,0.1876,0.987,0.9995,-0.2377,867.5,1578.0,7.0
3.33,0.5103,0.4075,0.8906,0.9995,-0.5405,664.5,816.0,8.0
12.74,0.619,0.4695,0.7007,0.9995,-0.3977,679.5,1347.0,9.0
3.361,0.5405,0.291,0.882,0.9995,-0.214,561.5,1306.0,10.0
3.928,0.4424,0.4846,0.8564,0.9995,-0.2383,626.5,683.0,11.0
-0.1732,0.2056,0.3782,0.9966,0.999,-0.3865,698.5,1077.0,12.0
9.57,0.4321,0.4136,0.684,0.9995,-0.05826,609.0,674.0,13.0
1.609,0.3567,0.411,0.8965,0.9995,-0.5933,396.0,837.0,14.0
0.2025,0.1271,0.9053,0.9736,0.9995,-0.71,133.5,1757.0,15.0
7.113,0.3887,0.522,0.742,0.9995,0.1298,866.5,883.0,1.0
0.0913,0.3433,0.1686,0.976,1.0,-0.4155,165.5,71.3,2.0
10000.0,0.3142,0.6987,0.08356,1.0,-0.2057,1521.0,197.1,3.0
60.78,0.03494,0.943,0.2964,0.9995,-0.364,1510.0,782.5,4.0
4.574,0.06415,0.7563,0.591,0.9995,0.603,529.0,1299.0,5.0
4.137,0.571,0.3643,0.9355,0.999,0.8887,1480.0,848.0,6.0
4.31,0.2135,0.3674,0.678,0.9995,-0.2394,1115.0,1311.0,7.0
5.02,0.2246,0.6465,0.727,0.9995,0.5776,596.5,300.2,8.0
4.062,0.177,0.591,0.6934,0.9995,0.295,765.5,1002.0,9.0
-0.1825,0.0766,0.6904,0.836,0.9995,-0.0409,238.2,349.2,10.0
-0.01535,0.1978,0.3835,0.9385,0.9995,0.005768,1067.0,858.0,11.0
8.914,0.491,0.4346,0.7173,0.9995,-0.4375,1891.0,627.0,12.0
4.098,0.3657,0.3884,0.8193,0.9995,0.4995,826.5,553.0,13.0
4.8,0.3643,0.4316,0.769,0.9995,-0.2305,1402.0,622.5,14.0
2.746,0.3823,0.3677,0.8394,0.9995,-0.3901,1233.0,413.0,15.0
11.56,0.9937,0.8916,0.9653,1.0,0.5312,723.0,60.25,1.0
7.98,0.4216,0.4426,0.718,0.9995,-0.0641,895.5,1123.0,2.0
13.58,0.677,0.581,0.7373,1.0,-0.00394,110.7,1751.0,3.0
6.51,0.408,0.5225,0.7783,0.9995,0.4028,1188.0,931.0,4.0
0.1207,0.03067,0.672,0.9385,1.0,0.7695,435.2,1097.0,5.0
6.62,0.658,0.6553,0.923,0.9995,0.3337,729.0,661.0,6.0
0.184,0.1663,0.5176,0.9395,1.0,0.3877,342.5,1326.0,7.0
4.355,0.445,0.566,0.881,0.9995,0.273,748.0,960.0,8.0
2.238,0.2126,0.5005,0.791,0.9995,0.10846,540.5,1396.0,9.0
7.19,0.4893,0.5356,0.793,1.0,0.1396,372.2,1434.0,10.0
1.555,0.2247,0.3176,0.8125,0.9995,0.045,451.8,973.5,11.0
3.709,0.5215,0.5283,0.935,0.9995,0.1223,799.0,1095.0,12.0
-0.2876,0.1186,0.4792,0.9487,0.9995,0.2155,984.5,897.0,13.0
3.838,0.3933,0.57,0.8623,0.9995,0.02931,745.5,1043.0,14.0
3.234,0.3616,0.404,0.84,0.9995,0.2163,764.5,1356.0,15.0
5.47,0.4155,0.7007,0.8364,0.9995,-0.358,489.0,717.5,1.0
6.582,0.3875,0.52,0.7485,0.9995,-0.1271,1009.5,954.0,2.0
-0.266,0.07513,0.5874,0.846,0.9995,-0.03964,568.0,1233.0,3.0
13.6,0.6177,0.936,0.81,0.9995,0.634,1047.0,1125.0,4.0
10000.0,0.04868,0.6914,0.0853,0.9995,-0.4036,1809.0,241.8,5.0
0.4424,0.0526,0.406,0.9546,0.9995,-0.7305,1460.0,1083.0,6.0
4.508,0.2096,0.632,0.698,0.9995,-0.1865,1231.0,904.0,7.0
28.47,0.6777,0.452,0.527,1.0,-0.505,865.0,52.34,8.0
5.39,0.4492,0.4119,0.7856,0.9995,-0.3652,1321.0,1167.0,9.0
2.63,0.2974,0.5127,0.829,0.9995,-0.2676,1183.0,1071.0,10.0
3.227,0.2866,0.6167,0.8145,0.9995,-0.3616,768.0,936.0,11.0
3.396,0.6494,0.2191,0.88,0.999,-0.92,1709.0,1555.0,12.0
2.197,0.2441,0.495,0.813,0.9995,-0.04346,1185.0,764.0,13.0
1.631,0.1414,0.561,0.7173,0.999,-0.4888,678.0,1169.0,14.0
2.549,0.4062,0.4355,0.877,0.999,-0.629,1385.0,1321.0,15.0
8.05,0.4612,0.4338,0.734,0.9995,-0.012695,1072.0,1067.0,1.0
12.51,0.6265,0.7134,0.77,0.9995,0.007515,1404.0,1151.0,2.0
6.0,0.2861,0.3972,0.68,0.999,-0.3628,491.0,758.0,3.0
4.176,0.4885,0.9565,0.997,0.9995,-0.677,754.0,1249.0,4.0
0.2445,0.046,0.82,0.899,0.9995,-0.6055,863.5,1423.0,5.0
0.5264,0.04,0.5107,0.963,0.9995,-0.7466,554.0,1378.0,6.0
6.023,0.4175,0.7754,0.8486,0.9995,0.1688,898.0,1584.0,7.0
3.73,0.602,0.655,0.998,0.999,-0.08734,745.5,1640.0,8.0
6.01,0.8555,0.4524,0.931,0.9995,-0.5884,836.0,1328.0,9.0
2.773,0.3582,0.74,0.931,0.9995,-0.5425,822.0,1326.0,10.0
4.793,0.566,0.5356,0.897,0.9995,-0.4602,824.0,1405.0,11.0
2.967,0.3474,0.637,0.8887,0.9995,-0.1456,844.5,1451.0,12.0
2.518,0.4229,0.6064,0.957,0.9995,-0.2546,717.5,1508.0,13.0
4.75,0.4321,0.5015,0.822,0.9995,-0.2588,992.0,1108.0,14.0
3.076,0.3853,0.557,0.8794,0.9995,-0.4229,797.0,1438.0,15.0
19.98,0.95,0.9917,0.841,1.0,0.456,575.5,1635.0,1.0
5.19,0.3767,0.63,0.8086,0.9995,-0.1398,1146.0,1047.0,2.0
7.793,0.9004,0.7827,0.9956,0.9995,0.2732,375.0,1274.0,3.0
7.598,0.253,0.6953,0.677,0.9995,0.4395,1088.0,973.5,4.0
4.727,0.3015,0.6167,0.785,0.9995,0.2783,1204.0,1059.0,5.0
5.87,0.2493,0.804,0.7065,1.0,-0.979,772.0,1784.0,6.0
1.349,0.0786,0.3188,0.659,1.0,-0.2314,1755.0,374.8,7.0
6.516,0.4148,0.7734,0.8286,0.9995,0.1311,900.5,1536.0,8.0
15.9,0.6636,0.2085,0.642,0.999,0.3022,1677.0,1268.0,9.0
7.39,0.4631,0.347,0.7456,0.9995,0.2343,1479.0,1159.0,10.0
3.74,0.3394,0.4077,0.7993,0.9995,0.05096,1244.0,1015.0,11.0
1.018,0.2216,0.5874,0.942,1.0,0.5674,1675.0,1261.0,12.0
0.10364,0.02461,0.771,0.8955,1.0,0.1605,1121.0,1040.0,13.0
0.2261,0.1886,0.672,0.984,0.9995,-0.4622,1105.0,601.5,14.0
-0.01478,0.10345,0.726,0.9663,0.9995,-0.00699,1129.0,1041.0,15.0
9.12,0.5347,0.404,0.733,0.9995,-0.09534,964.0,857.5,1.0
2.074,0.2494,0.1863,0.822,0.9995,0.327,192.4,1523.0,2.0
4.98,0.501,0.622,0.8975,0.9995,0.1667,890.0,639.5,3.0
5.492,0.4407,0.4832,0.804,0.9995,-0.000992,1161.0,990.0,4.0
5.45,0.4514,0.5356,0.8286,0.999,0.1627,923.5,925.0,5.0
7.61,0.5215,0.3933,0.7646,0.9995,0.0804,1098.0,881.0,6.0
3.879,0.329,0.65,0.8403,0.9995,0.1401,1093.0,1451.0,7.0
-0.05096,0.0946,0.631,0.9067,0.999,-0.4219,645.5,539.0,8.0
2.531,0.1136,0.48,0.653,0.9995,-0.5825,77.2,390.8,9.0
-0.1566,0.09753,0.274,0.886,0.9995,-0.497,1059.0,1449.0,10.0
86.1,0.7603,0.1781,0.264,0.999,0.7065,1001.0,993.5,11.0
39.97,0.6865,0.6357,0.4675,0.999,-0.4658,1850.0,1788.0,12.0
2.959,0.3245,0.4958,0.834,0.9995,-0.1083,1107.0,967.5,13.0
0.1771,0.0671,0.2181,0.94,0.9995,-0.3848,1259.0,1577.0,14.0
5.254,0.1231,0.8965,0.6484,1.0,0.718,1296.0,585.0,15.0
5.773,0.8516,0.3545,0.9536,0.9995,0.817,1076.0,760.5,1.0
10.59,0.5464,0.57,0.7324,0.9995,-0.5415,499.0,670.0,2.0
4.01,0.2734,0.4438,0.778,1.0,0.567,1127.0,816.0,3.0
5.055,0.3843,0.48,0.7827,0.9995,-0.1824,1004.0,574.0,4.0
7.57,0.432,0.542,0.752,0.9995,-0.0462,793.5,665.5,5.0
4.96,0.5864,0.4526,0.901,0.9995,0.3909,1028.0,707.5,6.0
4.32,0.4778,0.599,0.8945,0.9995,-0.2966,1079.0,1069.0,7.0
6.297,0.1685,0.5576,0.638,0.9995,0.423,875.0,1091.0,8.0
0.3337,0.1595,0.5283,0.8794,0.9995,0.1233,577.0,573.0,9.0
10.29,0.651,0.4526,0.7446,0.999,-0.826,749.0,400.0,10.0
9.01,0.8887,0.2886,0.855,0.999,0.866,920.0,1010.0,11.0
6.086,0.555,0.4094,0.838,0.9995,0.473,864.0,811.5,12.0
5.992,0.479,0.4524,0.79,0.9995,-0.3584,785.0,461.5,13.0
0.2415,0.04086,0.7207,0.8813,1.0,-0.4734,945.5,665.0,14.0
3.844,0.236,0.56,0.7524,0.9995,0.2028,878.5,865.5,15.0
9.18,0.5503,0.5557,0.7744,0.9995,0.1652,1052.0,784.5,1.0
6.34,0.604,0.2764,0.807,0.999,0.0534,1853.0,938.5,2.0
6.02,0.529,0.5684,0.8545,0.9995,0.09015,1027.0,806.5,3.0
2.264,0.4922,0.1272,0.9805,0.999,0.681,1611.0,1695.0,4.0
5.81,0.4526,0.506,0.7983,0.9995,-0.258,766.0,823.5,5.0
7.434,0.592,0.4766,0.813,0.9995,0.01402,799.0,709.0,6.0
4.742,0.6543,0.4912,0.9263,0.9995,-0.3176,843.5,561.0,7.0
3.45,0.1958,0.9624,0.8315,0.9995,0.88,269.2,664.0,8.0
22.19,0.2964,0.1411,0.4866,0.9995,0.0244,872.5,1860.0,9.0
4.18,0.4277,0.557,0.867,0.9995,0.06058,844.0,916.0,10.0
6.047,0.6436,0.6187,0.924,0.9995,0.2264,1028.0,899.0,11.0
6.375,0.661,0.474,0.8887,0.999,0.4968,1161.0,92.06,12.0
-0.0935,0.1592,0.3054,0.8975,0.999,0.1241,1050.0,891.0,13.0
-0.1832,0.10205,0.3965,0.9688,0.999,0.504,893.5,935.0,14.0
3.506,0.5747,0.2917,0.932,0.9995,0.5195,1226.0,1210.0,15.0
3.867,0.3774,0.715,0.8716,1.0,-0.943,1413.0,711.0,1.0
5.727,0.501,0.477,0.8193,1.0,-0.1655,974.5,637.5,2.0
56.66,0.7827,0.71,0.4004,1.0,-0.717,418.8,748.5,3.0
9.336,0.396,0.979,0.778,1.0,-0.3728,933.5,1414.0,4.0
8.59,0.3838,0.601,0.7153,0.9995,0.0813,986.5,1108.0,5.0
5.086,0.3735,0.691,0.8223,0.9995,-0.2812,1043.0,1085.0,6.0
4.863,0.3765,0.4849,0.7944,0.9995,0.0647,1087.0,1032.0,7.0
16.28,0.5625,0.5513,0.6406,1.0,-0.4644,785.5,866.0,8.0
5.316,0.4214,0.434,0.7715,0.9995,-0.634,1462.0,952.5,9.0
5.26,0.375,0.564,0.808,0.9995,0.3994,1275.0,1238.0,10.0
8.12,0.4678,0.506,0.7417,0.9995,-0.3374,1041.0,912.5,11.0
0.03043,0.0934,0.5503,0.9414,0.9995,-0.4814,694.0,1632.0,12.0
-0.04956,0.10095,0.3196,0.9707,0.999,-0.226,1113.0,1608.0,13.0
0.487,0.0536,0.1152,0.9004,0.999,-0.961,1021.5,1576.0,14.0
2.428,0.3306,0.434,0.837,0.9995,-0.4502,1365.0,1075.0,15.0
1.624,0.1613,0.9844,0.885,0.9995,0.4885,1604.0,1548.0,1.0
1.076,0.255,0.486,0.8877,0.9995,-0.2284,1155.0,1144.0,2.0
-0.10785,0.02237,0.3774,0.836,0.9995,0.4128,919.5,1102.0,3.0
2.02,0.2937,0.53,0.868,0.9995,-0.1709,1038.0,1176.0,4.0
2.084,0.354,0.4258,0.8765,0.9995,-0.3198,712.5,993.0,5.0
-0.05383,0.11,0.668,0.941,0.9995,-0.02689,303.5,643.5,6.0
0.2,0.04535,0.3013,0.9736,0.9995,-0.0296,1070.0,432.2,7.0
0.9287,0.275,0.425,0.908,0.9995,-0.1274,750.5,987.0,8.0
0.2354,0.2062,0.36,0.911,0.9995,0.10455,622.0,1005.0,9.0
0.471,0.052,0.3782,0.942,0.9995,-0.8384,678.5,809.0,10.0
0.2491,0.1898,0.4507,0.8955,0.9995,-0.1409,927.5,1032.0,11.0
3.04,0.27,0.6025,0.8076,0.9995,-0.2805,740.5,917.5,12.0
0.1442,0.05975,0.4224,0.9824,0.9995,-0.04688,721.0,1037.0,13.0
0.445,0.11707,0.578,0.882,0.9995,0.666,818.5,962.0,14.0
-0.006645,0.096,0.44,0.937,0.9995,-0.4246,1011.5,1013.0,15.0
1.9795,0.3464,0.3728,0.8716,0.9995,-0.1298,646.5,1123.0,1.0
1.198,0.1764,0.3386,0.9053,0.999,0.961,1295.0,219.6,2.0
2.777,0.2715,0.442,0.7915,0.9995,-0.152,1276.0,718.5,3.0
0.1277,0.01633,0.4868,0.97,0.9995,0.386,820.0,873.5,4.0
-0.1793,0.0654,0.3,0.9736,0.9995,0.2988,773.5,951.5,5.0
0.641,0.2471,0.3542,0.897,0.9995,-0.00514,835.0,990.0,6.0
0.3662,0.0734,0.3748,0.9585,1.0,-0.8867,615.0,1681.0,7.0
0.538,0.2235,0.4343,0.907,0.999,0.0525,648.0,380.2,8.0
0.2084,0.1476,0.558,0.887,0.999,0.1454,1145.0,1326.0,9.0
-0.141,0.2001,0.3394,0.9683,0.9995,0.1183,697.5,1403.0,10.0
0.626,0.2053,0.3171,0.8364,0.9995,-0.2585,722.0,844.0,11.0
3.848,0.3792,0.4048,0.805,0.9995,-0.2433,837.0,1125.0,12.0
-0.01529,0.0626,0.3699,0.9053,0.9995,-0.1432,1165.0,720.0,13.0
0.025,0.09454,0.3672,0.941,0.9995,-0.455,816.0,1227.0,14.0
1.181,0.2568,0.3872,0.858,0.9995,-0.1505,950.5,981.0,15.0
5.09,0.1754,0.78,0.694,0.999,0.677,1519.0,363.0,1.0
1.038,0.2437,0.373,0.8594,0.9995,-0.0702,956.0,1076.0,2.0
0.438,0.05893,0.3726,0.9307,0.9995,-0.966,881.0,1086.0,3.0
1.225,0.302,0.4126,0.8945,0.9995,-0.294,1009.5,1058.0,4.0
1.793,0.2664,0.412,0.832,0.9995,-0.1597,995.5,1059.0,5.0
6.8,0.3994,0.4453,0.752,0.9995,0.3806,926.5,1154.0,6.0
1.918,0.2683,0.3662,0.835,0.9995,0.1153,919.0,775.5,7.0
0.186,0.0912,0.558,0.9727,0.9995,-0.838,1142.0,1071.0,8.0
0.3604,0.2224,0.3882,0.889,0.9995,-0.3472,948.5,1078.0,9.0
0.2947,0.1672,0.659,0.929,0.9995,-0.332,1280.0,530.5,10.0
0.732,0.01032,0.4614,0.91,0.999,-0.7876,938.0,1166.0,11.0
0.405,0.1904,0.4272,0.862,0.9995,-0.2769,1033.0,1002.0,12.0
-0.2048,0.1176,0.268,0.7925,0.999,-0.4744,1000.5,1483.0,13.0
1.243,0.1332,0.912,0.8843,0.9995,0.7974,890.5,941.0,14.0
0.114,0.1215,0.6226,0.8755,0.9995,0.2075,949.5,967.5,15.0
5.05,0.3694,0.3252,0.768,0.9995,0.267,804.0,1243.0,1.0
3.133,0.489,0.382,0.9087,0.9995,0.1438,911.0,1059.0,2.0
2.842,0.245,0.6665,0.824,1.0,0.1573,485.2,1568.0,3.0
0.7144,0.1903,0.4534,0.841,0.9995,-0.2146,978.5,1031.0,4.0
2.229,0.3591,0.5747,0.9224,0.9995,-0.2263,495.2,596.5,5.0
1.851,0.2524,0.3577,0.823,0.9995,0.07227,808.5,1063.0,6.0
1.267,0.3035,0.52,0.932,0.9995,-0.2137,789.5,1220.0,7.0
1.546,0.4187,0.3828,0.954,1.0,-0.1326,162.1,684.5,8.0
0.553,0.1674,0.4583,0.8296,0.9995,-0.1852,940.0,1040.0,9.0
0.833,0.2433,0.3694,0.8784,0.9995,-0.01049,753.5,975.0,10.0
0.6406,0.2185,0.3481,0.868,0.9995,-0.01749,620.0,950.5,11.0
1.226,0.2183,0.5195,0.859,0.9995,0.03577,621.0,1238.0,12.0
1.281,0.3237,0.378,0.9126,0.9995,-0.03275,843.0,963.5,13.0
0.00538,0.0893,0.4094,0.915,0.999,-0.508,928.0,949.0,14.0
0.3745,0.2401,0.3804,0.921,0.9995,-0.10504,844.5,950.5,15.0
2.227,0.2676,0.3772,0.8003,0.9995,-0.2346,921.5,1057.0,1.0
2.438,0.3467,0.4695,0.8984,0.9995,0.3906,1193.0,473.2,2.0
0.397,0.0631,0.4646,0.9644,0.9995,-0.883,197.0,1405.0,3.0
1.246,0.3264,0.446,0.9263,0.9995,-0.2773,790.0,1070.0,4.0
1.289,0.2751,0.3992,0.8643,0.9995,-0.2263,883.5,1106.0,5.0
1.006,0.2167,0.4473,0.855,0.9995,-0.01425,593.0,1142.0,6.0
0.7886,0.2351,0.4934,0.8975,0.9995,-0.2045,777.5,1200.0,7.0
0.1752,0.0877,0.4243,0.9893,0.9995,-0.4583,298.2,1061.0,8.0
0.786,0.3818,0.3154,0.9595,0.9995,-0.4517,1097.0,1036.0,9.0
0.2761,0.1942,0.4653,0.9043,0.9995,-0.0995,549.5,1127.0,10.0
1.257,0.1918,0.6855,0.8823,0.9995,0.3074,448.8,803.0,11.0
0.5845,0.02919,0.53,0.982,0.9995,-0.577,552.5,939.5,12.0
0.2374,0.1705,0.5747,0.917,0.9995,-0.08044,521.0,853.5,13.0
-0.0994,0.1558,0.4478,0.9224,0.999,0.1346,424.5,946.5,14.0
0.04935,0.216,0.4363,0.9517,0.9995,-0.459,580.5,1340.0,15.0
4.914,0.2568,0.2386,0.7007,0.9995,0.11707,890.5,1576.0,1.0
2.422,0.4026,0.3984,0.9272,0.999,0.4768,1268.0,1069.0,2.0
2.186,0.2429,0.322,0.8003,0.9995,0.1527,996.5,1389.0,3.0
1.299,0.2666,0.485,0.9053,0.9995,0.2098,1031.0,1169.0,4.0
1.8,0.365,0.3613,0.9194,0.9995,0.2358,993.5,1233.0,5.0
1.167,0.2844,0.3582,0.9116,0.9995,0.2764,1091.0,1173.0,6.0
0.9014,0.2507,0.5015,0.9355,0.9995,0.2698,880.5,1446.0,7.0
1.015,0.2283,0.3345,0.854,0.9995,0.08356,1015.0,1322.0,8.0
0.3752,0.2113,0.328,0.8965,0.9995,0.1153,1039.0,1213.0,9.0
0.557,0.1849,0.919,0.994,0.999,-0.66,1150.0,648.5,10.0
2.371,0.415,0.2554,0.8975,0.9995,0.2532,1193.0,873.0,11.0
0.892,0.2617,0.3865,0.9077,0.9995,0.141,1051.0,1177.0,12.0
0.898,0.2751,0.3096,0.898,0.9995,0.0659,1163.0,996.0,13.0
-0.4,0.0805,0.1696,0.841,1.0,-0.03745,1109.0,915.0,14.0
0.2295,0.1978,0.3281,0.887,0.9995,0.005913,989.5,1204.0,15.0
1.282,0.2374,0.5264,0.871,0.9995,-0.0694,786.0,1123.0,1.0
0.3635,0.1242,0.4653,0.775,0.9995,-0.3057,303.8,740.5,2.0
1.768,0.281,0.4724,0.868,0.9995,0.0447,699.5,930.5,3.0
1.432,0.2302,0.4297,0.815,0.9995,-0.4114,504.2,1414.0,4.0
0.4612,0.1403,0.6846,0.887,0.9995,0.3137,278.8,1300.0,5.0
0.433,0.1781,0.4927,0.875,0.9995,-0.02121,676.5,1018.0,6.0
0.507,0.02608,0.9487,0.958,0.9995,-0.78,743.0,771.0,7.0
2.607,0.3784,0.449,0.887,0.9995,0.0911,364.8,1001.5,8.0
0.3386,0.1725,0.6016,0.9136,0.9995,-0.08673,672.5,990.5,9.0
0.6826,0.2007,0.4778,0.8735,0.9995,-0.016,609.0,912.5,10.0
-0.234,0.08777,0.3545,0.8564,0.9995,0.3103,504.5,689.0,11.0
0.3904,0.1742,0.5234,0.869,0.9995,-0.3162,562.0,1253.0,12.0
0.1073,0.0708,0.744,0.93,0.9995,-0.4702,621.0,967.0,13.0
0.533,0.01616,0.585,0.906,0.9995,-0.3022,315.2,1268.0,14.0
-0.2008,0.0945,0.2698,0.8555,0.9995,-0.612,861.0,465.8,15.0
3.137,0.4148,0.5146,0.9,0.9995,0.0923,919.0,934.5,1.0
2.28,0.379,0.757,0.9873,1.0,-0.1521,1732.0,750.0,2.0
1.541,0.2598,0.6055,0.8926,0.9995,-0.2019,1286.0,984.0,3.0
14.53,0.2612,0.859,0.581,0.999,0.4263,1721.0,723.0,4.0
1.805,0.217,0.4644,0.8037,0.999,-0.05203,649.0,1327.0,5.0
2.092,0.306,0.5063,0.8696,0.9995,-0.1061,869.0,1078.0,6.0
1.57,0.3582,0.1084,0.9897,0.999,0.7495,1017.0,435.5,7.0
1.486,0.2185,0.6147,0.877,0.999,0.2793,619.0,1468.0,8.0
1.642,0.2498,0.496,0.8457,0.9995,-0.1604,926.5,1244.0,9.0
0.4646,0.2443,0.2988,0.907,0.9995,0.0343,1300.0,717.5,10.0
-0.3667,0.0627,0.2297,0.847,0.999,0.09045,1427.0,820.0,11.0
0.703,0.1885,0.496,0.8535,0.9995,-0.1504,1209.0,1029.0,12.0
0.197,0.04324,0.251,0.784,0.9995,-0.758,1722.0,493.5,13.0
0.5127,0.2269,0.2517,0.907,0.9995,0.2422,1125.0,662.5,14.0
0.06464,0.11975,0.306,0.766,0.9995,-0.4575,955.0,1010.0,15.0
0.7075,0.1573,0.4858,0.7983,0.999,-0.3674,65.5,631.5,1.0
7.84,0.702,0.4888,0.8374,0.9995,-0.47,1767.0,829.5,2.0
1.677,0.2532,0.52,0.85,0.9995,-0.2181,985.5,915.0,3.0
2.459,0.2874,0.5215,0.8354,0.9995,-0.1632,945.0,735.5,4.0
3.01,0.3086,0.64,0.8633,0.9995,0.1252,917.0,1219.0,5.0
1.288,0.2014,0.536,0.8315,0.9995,-0.12274,853.0,779.0,6.0
0.2683,0.06885,0.406,0.684,0.9995,-0.4236,461.5,634.5,7.0
1.434,0.2935,0.4062,0.8823,0.9995,-0.01671,947.0,1156.0,8.0
-0.1981,0.1052,0.449,0.897,0.9995,-0.2964,961.5,452.5,9.0
0.808,0.1886,0.5723,0.863,0.9995,-0.2035,906.0,749.5,10.0
0.2786,0.1586,0.5938,0.911,0.9995,0.2157,1286.0,904.0,11.0
0.1648,0.04477,0.4744,0.9355,0.9995,-0.04688,1107.0,445.2,12.0
0.4673,0.2045,0.4841,0.8994,0.9995,-0.08954,988.5,814.0,13.0
1.238,0.2534,0.4607,0.8677,0.9995,-0.1747,1033.0,1075.0,14.0
0.6196,0.1909,0.517,0.869,0.9995,-0.2015,1010.0,814.5,15.0
2.31,0.2515,0.5874,0.833,0.9995,-0.04514,714.0,1070.0,1.0
2.93,0.3135,0.6216,0.856,0.9995,-0.2155,771.5,1062.0,2.0
2.432,0.4236,0.4827,0.9307,0.9995,-0.0485,470.5,850.0,3.0
2.328,0.2465,0.7124,0.8687,0.9995,0.2311,1088.0,894.0,4.0
1.519,0.1941,0.535,0.8086,0.9995,-0.0987,511.2,1416.0,5.0
0.04794,0.05295,0.572,0.8735,0.9995,-0.2712,289.0,1425.0,6.0
3.113,0.3652,0.4897,0.844,0.9995,-0.3264,958.5,916.5,7.0
0.5605,0.01572,0.5405,0.8765,0.9995,-0.4133,563.0,1323.0,8.0
1.319,0.2378,0.5244,0.858,0.9995,-0.3145,843.0,1109.0,9.0
0.4316,0.0377,0.396,0.882,0.9995,-0.68,314.2,1453.0,10.0
1.51,0.2998,0.508,0.9067,0.9995,-0.1324,513.0,1037.0,11.0
0.1898,0.0834,0.271,0.924,0.9995,-0.744,1108.0,1644.0,12.0
0.2578,0.1637,0.52,0.8696,0.9995,-0.3298,790.5,1187.0,13.0
0.1655,0.1263,0.5083,0.803,0.9995,-0.4578,702.5,1258.0,14.0
0.4036,0.155,0.6763,0.9,0.9995,-0.0648,960.5,1382.0,15.0
-0.06134,0.2118,0.3157,0.9326,0.9995,-0.1489,174.4,993.5,1.0
1.479,0.2031,0.3801,0.7964,0.9995,-0.08057,781.5,1105.0,2.0
3.012,0.4172,0.3894,0.857,0.999,-0.2761,1511.0,1144.0,3.0
8.12,0.255,0.546,0.6367,0.9995,-0.1664,930.0,523.0,4.0
0.957,0.212,0.4048,0.8755,0.9995,0.326,438.0,945.5,5.0
0.2034,0.04892,0.2598,0.9526,0.9995,-0.138,494.0,744.5,6.0
0.6772,0.1733,0.4565,0.834,0.9995,-0.0491,711.0,1026.0,7.0
0.6846,0.01161,0.551,0.9727,0.9995,-0.4604,236.6,476.8,8.0
2.924,0.2234,0.499,0.753,0.9995,-0.1925,808.5,704.0,9.0
0.3916,0.2905,0.337,0.9556,0.9995,-0.1478,411.0,441.5,10.0
1.677,0.4004,0.333,0.9155,0.9995,-0.2262,709.5,1289.0,11.0
0.5107,0.2576,0.352,0.9116,0.9995,-0.1589,595.0,1126.0,12.0
1.657,0.325,0.4846,0.915,0.9995,-0.015396,624.0,987.0,13.0
0.07825,0.07794,0.4983,0.9326,0.9995,-0.4126,370.2,614.0,14.0
0.5337,0.02223,0.4717,0.949,0.9995,-0.3328,175.4,781.0,15.0
1.255,0.2715,0.4758,0.8975,0.9995,0.01223,1062.0,1074.0,1.0
0.8413,0.1531,0.408,0.7803,0.9995,-0.1769,1269.0,1474.0,2.0
1.779,0.3284,0.5547,0.924,0.9995,-0.1971,1025.0,1002.0,3.0
0.545,0.2524,0.4766,0.944,0.9995,-0.1528,928.0,1032.0,4.0
0.4922,0.1978,0.4412,0.8745,0.9995,-0.1094,1018.5,996.5,5.0
0.8096,0.1003,0.7695,0.821,0.9995,0.6294,1783.0,1487.0,6.0
0.3416,0.04068,0.4734,0.976,0.999,-0.1605,940.5,1020.5,7.0
3.188,0.1398,0.2996,0.6787,1.0,0.1953,1900.0,816.5,8.0
0.1646,0.1254,0.369,0.816,0.9995,0.05527,1404.0,1020.0,9.0
7.824,0.3137,0.4966,0.665,0.9995,-0.4163,1077.0,1497.0,10.0
0.735,0.242,0.5874,0.9487,0.9995,-0.1532,866.0,1372.0,11.0
0.5273,0.2437,0.4902,0.9546,0.9995,0.1129,1018.5,743.0,12.0
-0.002985,0.1526,0.4211,0.868,0.9995,-0.1586,1045.0,1254.0,13.0
-0.0694,0.05362,0.2505,0.9043,0.9995,0.00175,943.5,1240.0,14.0
-0.0677,0.1876,0.4106,0.9463,0.9995,0.01634,970.5,1002.5,15.0
3.764,0.3179,0.5156,0.8423,1.0,0.8193,1829.0,242.8,1.0
2.477,0.3804,0.4763,0.907,0.9995,0.1455,872.0,893.0,2.0
2.537,0.633,0.1315,0.9263,0.9995,-0.3967,72.06,1212.0,3.0
1.902,0.2313,0.5503,0.857,0.9995,0.4268,1271.0,543.5,4.0
1.317,0.201,0.579,0.838,0.9995,-0.1577,1029.0,1076.0,5.0
2.074,0.285,0.691,0.9272,0.9995,0.3894,1183.0,854.0,6.0
1.982,0.4158,0.3406,0.9097,0.9995,-0.1577,391.5,1194.0,7.0
-0.2086,0.1547,0.4731,0.993,0.9995,0.04575,572.0,745.0,8.0
0.97,0.2056,0.623,0.906,0.9995,0.2363,967.0,831.0,9.0
0.938,0.2039,0.5215,0.8867,0.9995,0.2935,931.5,647.0,10.0
0.8486,0.2279,0.6255,0.9385,0.9995,0.0701,840.0,594.5,11.0
1.307,0.2778,0.5083,0.9116,0.9995,0.05615,761.0,1025.0,12.0
3.152,0.316,0.525,0.823,0.9995,-0.1833,868.0,828.0,13.0
-0.1672,0.04965,0.5537,0.91,0.9995,0.2217,565.5,863.5,14.0
-0.0907,0.02538,0.4648,0.7046,1.0,-0.537,1264.0,1960.0,15.0
3.744,0.4429,0.3318,0.843,0.9995,0.1265,732.0,1120.0,1.0
0.11096,0.02159,0.1091,0.933,0.9995,0.2437,1081.0,597.0,2.0
1.153,0.2754,0.2903,0.854,0.9995,-0.197,936.0,868.5,3.0
0.12213,0.1215,0.1256,0.9927,0.999,-0.6167,541.5,884.0,4.0
0.7617,0.255,0.3435,0.881,0.9995,-0.1499,926.5,933.0,5.0
3.994,0.606,0.3662,0.9043,0.9995,-0.1519,1673.0,395.2,6.0
1.22,0.2751,0.434,0.8887,0.9995,-0.04337,811.0,1027.0,7.0
0.8984,0.385,0.2426,0.936,0.9995,-0.3962,518.0,802.0,8.0
0.139,0.2145,0.2607,0.8955,0.9995,-0.0938,929.0,951.5,9.0
0.07837,0.25,0.2517,0.932,0.9995,-0.2206,707.5,889.0,10.0
1.652,0.377,0.3398,0.9077,0.9995,-0.1436,1330.0,746.0,11.0
-0.02783,0.01449,0.9136,0.796,1.0,0.3162,983.0,118.7,12.0
40.7,0.8457,0.1267,0.4502,0.9995,-0.001808,465.2,618.0,13.0
0.635,0.2573,0.3665,0.905,0.9995,-0.1035,1160.0,814.0,14.0
33.44,0.775,0.3499,0.5015,0.9995,-0.03824,1891.0,1383.0,15.0
0.0628,0.0852,0.1014,0.9624,0.9995,-0.2888,916.5,1101.0,1.0
2.547,0.33,0.3687,0.8413,0.9995,0.10004,660.0,801.0,2.0
2.285,0.352,0.2465,0.833,0.9995,-0.2191,1434.0,606.5,3.0
1.0625,0.207,0.524,0.8955,0.9995,0.4653,786.0,881.0,4.0
0.0722,0.0263,0.506,0.96,0.9995,0.3105,1009.5,1532.0,5.0
3.014,0.2598,0.509,0.7896,0.9995,-0.00562,828.5,1080.0,6.0
1.216,0.3157,0.2542,0.921,0.9995,0.2769,1341.0,1291.0,7.0
0.3787,0.1738,0.4434,0.8447,0.9995,-0.3103,1152.0,1004.0,8.0
13.96,0.9,0.2915,0.7515,0.9995,0.7285,1779.0,1843.0,9.0
-0.3547,0.1294,0.3252,0.97,0.9995,0.1542,1234.0,776.5,10.0
0.1277,0.118,0.242,0.8516,0.9995,0.3281,611.5,692.5,11.0
-0.04556,0.1556,0.514,0.932,0.9995,0.11346,968.0,937.0,12.0
0.8813,0.2593,0.2676,0.8574,0.9995,-0.2211,871.5,1256.0,13.0
5.57,0.5156,0.3184,0.8154,0.9995,0.314,1441.0,1439.0,14.0
0.1124,0.1648,0.4182,0.906,0.9995,0.2427,872.0,1004.5,15.0
2.428,0.2544,0.6055,0.829,0.9995,-0.1641,895.0,565.5,1.0
1.227,0.2281,0.456,0.8467,0.9995,-0.11237,790.5,694.5,2.0
2.354,0.3523,0.364,0.852,0.9995,-0.1071,1092.0,1342.0,3.0
-0.2534,0.1313,0.1772,0.9473,0.9995,-0.3093,729.5,1000.5,4.0
1.449,0.1823,0.4082,0.766,0.9995,-0.3433,457.8,806.0,5.0
0.761,0.2308,0.3816,0.864,0.9995,-0.2053,999.0,995.5,6.0
2.834,0.3318,0.4468,0.8477,0.9995,0.1985,1085.0,533.5,7.0
-0.3267,0.1477,0.1688,0.9976,1.0,-0.0416,1181.0,910.0,8.0
1.055,0.2191,0.426,0.847,0.9995,-0.05145,655.0,810.5,9.0
0.3237,0.2328,0.4194,0.935,0.9995,-0.05933,953.5,887.5,10.0
0.0561,0.1975,0.3103,0.8945,0.9995,-0.1257,804.5,934.0,11.0
0.2218,0.2081,0.3433,0.8896,0.9995,-0.1575,856.0,874.5,12.0
2.094,0.6167,0.2257,0.97,0.999,-0.256,546.5,1944.0,13.0
1.116,0.2996,0.331,0.8994,0.9995,0.01607,917.5,778.0,14.0
0.4333,0.1918,0.2615,0.8486,0.9995,-0.06433,670.0,946.5,15.0
1.562,0.2201,0.4365,0.832,0.9995,0.1814,1047.0,1057.0,1.0
1.754,0.1913,0.556,0.794,0.9995,-0.1088,1150.0,1033.0,2.0
1.819,0.2979,0.6104,0.9253,0.9995,0.175,1264.0,1537.0,3.0
1.906,0.305,0.4136,0.824,0.9995,-0.941,1182.0,1641.0,4.0
0.979,0.246,0.3997,0.8525,0.9995,-0.4404,1091.0,1402.0,5.0
-0.2437,0.1418,0.3809,0.9795,0.9995,-0.0547,1025.0,1315.0,6.0
0.11383,0.086,0.3665,0.9697,0.9995,-0.3674,1176.0,1514.0,7.0
0.5483,0.01203,0.1472,0.906,0.9995,-0.1622,860.0,904.5,8.0
0.811,0.2275,0.558,0.923,0.9995,0.1041,1131.0,1027.0,9.0
3.82,0.3203,0.4473,0.7573,1.0,-0.936,1460.0,1564.0,10.0
0.7573,0.2174,0.4248,0.843,0.9995,-0.578,1308.0,1422.0,11.0
0.509,0.163,0.4478,0.8247,0.9995,-0.2094,1085.0,1200.0,12.0
0.10004,0.03366,0.4028,0.9717,0.9995,0.1836,979.0,1049.0,13.0
0.404,0.1907,0.4802,0.891,0.9995,-0.034,1010.5,1255.0,14.0
-0.01288,0.156,0.4934,0.9155,0.9995,0.0852,1063.0,1082.0,15.0
0.4497,0.05405,0.4177,0.957,0.9995,-0.7944,514.0,1745.0,1.0
1.119,0.2544,0.486,0.8765,0.9995,-0.3975,693.0,983.5,2.0
1.794,0.2979,0.3901,0.843,0.9995,-0.3264,1053.0,1124.0,3.0
1.698,0.3215,0.5435,0.9033,0.9995,-0.736,1062.0,956.0,4.0
51.28,0.827,0.3618,0.3994,0.999,-0.609,1042.0,1460.0,5.0
1.969,0.3079,0.4543,0.8584,0.9995,-0.2595,785.0,1136.0,6.0
0.6504,0.2698,0.3599,0.8926,0.9995,-0.4434,824.5,1149.0,7.0
3.223,0.3708,0.4448,0.835,0.9995,-0.2253,831.0,1090.0,8.0
0.7407,0.2847,0.4575,0.9517,0.9995,-0.0627,541.0,628.0,9.0
-0.3318,0.06335,0.2878,0.7847,0.999,0.1708,1005.0,1046.0,10.0
0.097,0.0794,0.2357,0.9624,0.9995,-0.3054,641.5,1492.0,11.0
0.541,0.324,0.3503,0.955,0.9995,-0.4243,449.5,1148.0,12.0
-0.3357,0.203,0.203,0.9644,0.999,-0.549,440.5,982.0,13.0
0.1952,0.2313,0.394,0.9346,0.9995,-0.2202,653.5,944.0,14.0
0.9277,0.2413,0.506,0.92,0.9995,0.2228,1104.0,1151.0,15.0
4.324,0.1543,0.9595,0.731,0.9995,0.9185,429.2,1569.0,1.0
1.869,0.2299,0.6025,0.853,0.9995,0.1892,1108.0,971.5,2.0
3.836,0.05402,0.759,0.582,1.0,0.2052,299.5,505.8,3.0
0.3313,0.2048,0.682,0.981,1.0,-0.7114,1854.0,559.5,4.0
2.266,0.1726,0.7793,0.81,0.9995,0.4182,817.5,1126.0,5.0
0.252,0.1488,0.548,0.8755,0.9995,0.0868,1219.0,832.5,6.0
0.579,0.144,0.6494,0.861,0.9995,0.2065,1019.0,940.0,7.0
1.295,0.1121,0.651,0.731,1.0,0.0791,797.5,557.0,8.0
-0.2365,0.0845,0.451,0.78,1.0,-0.06384,1430.0,518.0,9.0
0.08203,0.0595,0.4172,0.9243,0.9995,-0.1582,1479.0,979.0,10.0
0.1503,0.1066,0.6177,0.8237,0.9995,0.09064,976.5,640.0,11.0
0.6357,0.1897,0.4717,0.859,0.9995,-0.0825,1136.0,756.0,12.0
42.9,0.806,0.9697,0.5474,0.9995,0.6646,1115.0,208.8,13.0
-0.1109,0.1247,0.4993,0.8755,0.9995,0.04016,1122.0,721.5,14.0
1.013,0.2007,0.755,0.924,0.9995,0.03284,834.5,1034.0,15.0
1.401,0.3362,0.1849,0.8774,0.999,-0.0903,831.5,255.9,1.0
2.053,0.3809,0.4165,0.898,0.9995,-0.2737,883.5,938.5,2.0
5.176,0.484,0.414,0.831,0.9995,0.289,1239.0,402.8,3.0
1.776,0.263,0.3987,0.845,0.9995,0.1462,1070.0,797.0,4.0
2.912,0.357,0.3984,0.845,0.9995,0.1136,1185.0,531.0,5.0
0.732,0.011765,0.5195,0.899,0.999,-0.926,664.0,1172.0,6.0
0.4202,0.047,0.3274,0.9106,0.9995,-0.6655,1197.0,992.0,7.0
0.856,0.2229,0.4207,0.8604,0.9995,-0.1428,1049.0,805.0,8.0
0.902,0.07007,0.2247,0.705,1.0,0.3489,207.0,1646.0,9.0
-0.06113,0.11847,0.31,0.808,0.9995,-0.12213,648.0,1359.0,10.0
0.1859,0.0177,0.8657,0.878,0.9995,0.806,122.94,1143.0,11.0
2.4,0.333,0.3977,0.834,0.9995,-0.378,954.5,681.5,12.0
0.8555,0.2106,0.4387,0.8438,0.9995,-0.306,934.5,861.0,13.0
0.6147,0.1903,0.3777,0.877,0.999,0.2852,1050.0,500.2,14.0
0.2515,0.02115,0.2483,0.7676,0.9995,-0.316,30.02,1830.0,15.0
0.2224,0.02365,0.2966,0.849,0.9995,-0.07367,304.2,590.5,1.0
0.1211,0.06885,0.419,0.915,0.9995,-0.434,654.0,1441.0,2.0
-0.1969,0.0681,0.435,0.831,0.9995,0.4026,894.5,772.5,3.0
0.1118,0.1497,0.4617,0.8677,0.999,0.01078,683.0,658.0,4.0
-0.0851,0.072,0.5703,0.878,0.9995,-0.2793,808.0,849.5,5.0
-0.05984,0.1181,0.4817,0.873,0.9995,0.2544,916.0,811.5,6.0
-0.1981,0.1181,0.4524,0.866,0.9995,0.02708,779.5,811.5,7.0
2.426,0.3777,0.534,0.9272,0.9995,0.2064,801.0,1243.0,8.0
-0.08856,0.1521,0.4272,0.8843,0.9995,-0.225,872.5,1060.0,9.0
-0.2275,0.0753,0.4216,0.929,0.9995,0.1088,939.0,1060.0,10.0
-0.1428,0.09814,0.4946,0.909,0.9995,-0.2546,743.0,1321.0,11.0
-0.2065,0.105,0.3677,0.8955,0.9995,-0.3752,675.0,1416.0,12.0
-0.1816,0.0644,0.364,0.864,0.9995,-0.1292,540.0,856.0,13.0
-0.3127,0.1285,0.255,0.866,0.9995,-0.05405,685.5,1260.0,14.0
0.11646,0.05923,0.4326,0.8994,0.9995,-0.3425,920.0,1128.0,15.0
0.9785,0.2986,0.3242,0.9014,0.9995,-0.0902,1363.0,1346.0,1.0
0.1628,0.1807,0.3794,0.8843,0.9995,-0.00158,1095.0,804.0,2.0
2.268,0.3071,0.4355,0.849,0.9995,0.03586,1232.0,1197.0,3.0
0.1515,0.06235,0.5186,0.9043,0.9995,-0.513,749.0,1069.0,4.0
-0.08295,0.08136,0.2827,0.912,0.9995,0.5566,499.0,619.5,5.0
0.851,0.2137,0.456,0.8657,0.9995,-0.03778,1072.0,1102.0,6.0
-0.2339,0.1047,0.3635,0.9736,1.0,0.4443,1570.0,968.5,7.0
-0.1561,0.08795,0.4373,0.916,0.9995,-0.1315,848.0,694.5,8.0
0.2081,0.1827,0.4045,0.8716,0.9995,-0.2335,1055.0,1165.0,9.0
-0.01325,0.075,0.6235,0.914,0.9995,-0.2455,903.5,1170.0,10.0
-0.01787,0.03494,0.4004,0.939,0.9995,0.2627,689.0,834.5,11.0
0.0749,0.157,0.4417,0.8857,0.9995,0.0799,943.0,959.0,12.0
-0.2179,0.0654,0.599,0.9,0.9995,0.11597,1062.0,963.0,13.0
-0.2622,0.0651,0.4033,0.923,0.9995,0.3438,828.5,691.0,14.0
-0.07526,0.0702,0.471,0.9053,0.9995,-0.12494,819.0,911.5,15.0
-0.0565,0.1548,0.415,0.879,0.9995,-0.1848,994.0,984.0,1.0
0.004074,0.06213,0.2198,0.931,0.9995,-0.087,1264.0,1378.0,2.0
-0.0768,0.2299,0.2798,0.9434,0.9995,-0.2227,1045.0,741.5,3.0
-0.1089,0.11584,0.3748,0.9688,0.9995,-0.2489,757.5,1046.0,4.0
0.24,0.1855,0.5522,0.9365,0.9995,0.01344,998.5,1059.0,5.0
0.206,0.0686,0.3596,0.9805,0.9995,-0.2722,1157.0,891.0,6.0
0.2363,0.05075,0.1837,0.985,0.9995,-0.1279,1497.0,1079.0,7.0
-0.1255,0.1081,0.4937,0.9326,0.9995,-0.224,954.0,995.5,8.0
-0.1576,0.107,0.3171,0.954,0.9995,-0.1703,1160.0,978.5,9.0
-0.2983,0.1583,0.345,0.9526,0.9995,0.0829,1278.0,731.0,10.0
-0.2322,0.095,0.2654,0.93,0.9995,-0.079,1262.0,1168.0,11.0
2.352,0.4321,0.5747,0.963,0.9995,-0.2476,1511.0,1253.0,12.0
-0.04614,0.195,0.202,0.8955,0.9995,-0.0921,463.8,1410.0,13.0
-0.343,0.1769,0.2052,0.9517,0.9995,-0.01196,1091.0,1207.0,14.0
-0.3296,0.1632,0.2312,0.911,0.9995,-0.1371,814.0,1237.0,15.0
0.0634,0.1317,0.6567,0.914,0.9995,-0.3801,1095.0,865.0,1.0
1.049,0.2361,0.522,0.892,0.9995,0.00784,808.0,1051.0,2.0
0.1819,0.1022,0.737,0.8687,0.9995,0.3809,647.0,1197.0,3.0
0.628,0.01267,0.6367,0.908,0.9995,-0.513,1027.0,1026.0,4.0
0.343,0.1724,0.4802,0.8726,0.9995,-0.04788,983.5,1077.0,5.0
0.4082,0.02713,0.169,0.871,1.0,-0.3298,1357.0,1083.0,6.0
-0.1093,0.05185,0.3635,0.826,0.9995,-0.2426,529.0,1490.0,7.0
-0.01588,0.05432,0.2893,0.8555,1.0,-0.2793,1200.0,1173.0,8.0
-0.08636,0.0755,0.3467,0.888,0.9995,-0.3003,1149.0,1344.0,9.0
-0.00792,0.1354,0.502,0.8677,0.9995,-0.115,1018.0,1111.0,10.0
-0.0864,0.06665,0.1694,0.7915,0.9995,-0.737,1409.0,1097.0,11.0
-0.1504,0.05014,0.257,0.884,0.9995,0.05945,1085.0,811.0,12.0
-0.1503,0.06537,0.4727,0.8477,0.9995,-0.271,748.0,1279.0,13.0
-0.03696,0.159,0.3755,0.8765,0.9995,-0.0887,975.5,966.5,14.0
-0.123,0.09375,0.5186,0.802,0.9995,-0.02646,1006.5,992.5,15.0
-0.1932,0.0907,0.4724,0.8896,0.9995,-0.2081,689.0,1119.0,1.0
0.3423,0.013626,0.3625,0.9097,0.9995,0.03638,530.5,1380.0,2.0
-0.2382,0.09625,0.3933,0.821,0.999,-0.78,503.8,851.5,3.0
0.577,0.283,0.3977,0.944,0.9995,-0.1647,773.0,904.5,4.0
0.05322,0.1978,0.383,0.909,0.9995,-0.1976,742.5,1035.0,5.0
-0.1423,0.0727,0.3765,0.897,0.9995,-0.1176,572.5,1288.0,6.0
-0.161,0.12024,0.5063,0.8823,0.9995,-0.05414,968.0,906.5,7.0
-0.02625,0.1367,0.5957,0.938,0.9995,-0.1515,556.5,703.0,8.0
-0.2283,0.1383,0.3853,0.8853,0.9995,-0.12354,770.0,1001.5,9.0
-0.2747,0.2554,0.2155,0.9556,0.9995,-0.8623,1321.0,945.5,10.0
-0.1101,0.0917,0.3477,0.862,0.999,-0.6914,856.5,686.0,11.0
-0.09467,0.2308,0.252,0.913,0.9995,-0.528,506.8,1284.0,12.0
-0.2366,0.1719,0.3076,0.896,0.9995,-0.4512,706.0,1115.0,13.0
-0.1173,0.10114,0.4712,0.8994,0.9995,-0.4636,831.0,1406.0,14.0
0.4722,0.2291,0.4587,0.902,0.9995,-0.487,982.5,962.0,15.0
0.4424,0.05658,0.514,0.859,0.9995,0.9604,1840.0,120.44,1.0
5.367,0.6797,0.679,0.986,1.0,0.6416,1233.0,1691.0,2.0
-0.01077,0.08203,0.3086,0.9067,0.9995,-0.42,951.0,1229.0,3.0
0.1315,0.1829,0.4255,0.9,0.9995,-0.05185,911.5,941.5,4.0
2.31,0.4001,0.544,0.959,0.9995,0.3533,1125.0,1294.0,5.0
1.058,0.275,0.4395,0.9067,0.9995,-0.01212,605.0,1015.5,6.0
0.2869,0.02599,0.5317,0.9375,0.9995,0.0194,891.5,1156.0,7.0
-0.1643,0.0925,0.4854,0.928,0.9995,-0.05853,421.5,658.5,8.0
-0.1879,0.1368,0.4912,0.9277,0.9995,0.11053,588.5,1135.0,9.0
-0.05975,0.1421,0.4988,0.8984,0.9995,-0.00919,798.5,836.5,10.0
-0.2069,0.0528,0.6284,0.916,0.9995,0.411,687.5,327.8,11.0
-0.09143,0.06415,0.53,0.931,0.9995,0.0569,877.0,967.5,12.0
-0.06232,0.0898,0.4548,0.9424,0.9995,-0.1658,942.0,1139.0,13.0
-0.1702,0.0703,0.671,0.8423,0.9995,-0.1891,634.5,780.0,14.0
-0.1337,0.083,0.4521,0.905,0.9995,-0.1768,868.0,965.5,15.0
0.288,0.2328,0.3984,0.9214,0.9995,-0.2463,910.0,955.5,1.0
0.08154,0.07294,0.501,0.938,0.9995,-0.2927,686.5,956.0,2.0
2.305,0.2615,0.4424,0.827,0.9995,0.2201,795.0,1126.0,3.0
0.2815,0.2407,0.3074,0.9546,0.9995,0.2375,468.0,1397.0,4.0
-0.06525,0.1633,0.3884,0.906,0.9995,0.0832,525.0,1139.0,5.0
0.03162,0.04694,0.3015,0.954,0.9995,0.0942,1127.0,470.2,6.0
0.4817,0.1721,0.4485,0.861,0.9995,0.1114,736.0,991.5,7.0
-0.391,0.077,0.4246,0.8027,0.9995,-0.1465,646.5,736.0,8.0
0.4714,0.02504,0.3967,0.942,0.9995,-0.2356,607.0,720.0,9.0
-0.2505,0.1093,0.4905,0.882,0.9995,0.02818,820.5,895.5,10.0
0.008316,0.0672,0.3896,0.9175,0.9995,-0.1757,714.0,770.0,11.0
-0.0975,0.1772,0.388,0.915,0.9995,-0.1646,856.5,916.5,12.0
-0.1862,0.1602,0.3965,0.917,0.9995,-0.2998,669.0,1062.0,13.0
0.2708,0.01813,0.3472,0.9346,0.9995,0.08276,511.8,465.8,14.0
-0.2054,0.0837,0.3435,0.9204,0.9995,-0.03134,936.5,680.0,15.0
3.639,0.582,0.5366,0.962,0.9995,-0.09735,686.5,1195.0,1.0
1.614,0.364,0.4336,0.9224,0.9995,-0.2732,806.5,1001.0,2.0
-0.04337,0.10065,0.3374,0.774,0.9995,-0.11566,591.0,530.5,3.0
0.24,0.2487,0.3586,0.917,0.999,-0.523,848.0,1035.0,4.0
0.00010014,0.1665,0.3813,0.871,0.9995,-0.2598,998.5,994.0,5.0
0.4568,0.02995,0.1527,0.9287,0.9995,-0.3027,1245.0,927.5,6.0
-0.0942,0.0727,0.2712,0.904,0.9995,-0.1777,1152.0,809.5,7.0
0.0867,0.0633,0.27,0.8936,0.9995,-0.3933,1585.0,1490.0,8.0
-0.2168,0.1029,0.2213,0.917,0.9995,-0.2664,1117.0,910.0,9.0
-0.08875,0.1222,0.424,0.934,0.9995,-0.556,1086.0,997.0,10.0
-0.2423,0.1106,0.1406,0.918,0.9995,-0.2798,1552.0,802.0,11.0
-0.1985,0.2374,0.1763,0.9614,0.9995,-0.1675,726.5,334.0,12.0
0.1461,0.2025,0.3071,0.88,0.9995,-0.2323,985.0,861.5,13.0
-0.09064,0.10614,0.169,0.9395,0.999,-0.3943,1051.0,647.0,14.0
-0.1396,0.11444,0.2883,0.912,0.999,-0.577,1271.0,882.0,15.0
0.726,0.02177,0.256,0.999,0.9995,-0.4949,599.0,991.0,1.0
0.08215,0.1614,0.498,0.899,0.9995,-0.102,711.0,1046.0,2.0
0.1292,0.0866,0.297,0.9575,0.9995,-0.474,636.5,1039.0,3.0
-0.1296,0.1353,0.46,0.8965,0.9995,0.1265,549.0,811.0,4.0
-0.1372,0.1024,0.3728,0.9126,0.9995,-0.3818,869.0,1280.0,5.0
-0.0713,0.1825,0.383,0.91,0.9995,-0.2465,651.0,1054.0,6.0
0.05756,0.07837,0.1962,0.907,0.9995,-0.4854,87.56,1004.5,7.0
0.01137,0.09906,0.4302,0.9316,0.9995,-0.5674,396.2,1172.0,8.0
0.746,0.2223,0.6294,0.945,0.9995,0.0626,839.5,983.5,9.0
0.0445,0.0882,0.1252,0.911,0.9995,-0.518,653.5,725.0,10.0
-0.271,0.1114,0.419,0.856,0.9995,-0.3132,483.8,880.5,11.0
-0.1892,0.1035,0.2595,0.9067,0.9995,-0.3787,398.5,954.5,12.0
-0.2401,0.151,0.3513,0.8975,0.9995,-0.1642,709.5,907.0,13.0
0.52,0.02727,0.1693,0.8423,0.9995,-0.6074,348.0,825.0,14.0
1.892,0.2172,0.4473,0.783,0.9995,-0.3289,883.0,1236.0,15.0
-0.07544,0.1599,0.3357,0.893,0.9995,0.0805,1008.0,953.5,1.0
0.2698,0.0546,0.4417,0.9453,0.9995,-0.3572,557.0,1698.0,2.0
0.8057,0.2129,0.4138,0.8574,0.9995,-0.06195,821.5,991.5,3.0
0.0762,0.1375,0.538,0.865,0.9995,-0.1952,945.5,1024.0,4.0
-0.3506,0.08234,0.3208,0.891,0.9995,0.26,644.5,1551.0,5.0
-0.1423,0.1059,0.3062,0.9263,0.9995,-0.3577,769.5,1081.0,6.0
0.08466,0.1577,0.4175,0.8647,0.9995,-0.1015,870.0,1073.0,7.0
-0.05975,0.07654,0.4497,0.8975,0.9995,-0.2854,773.5,1453.0,8.0
-0.04446,0.1619,0.426,0.894,0.9995,-0.1598,800.5,1125.0,9.0
-0.239,0.05548,0.2021,0.8467,0.9995,-0.0416,844.0,1596.0,10.0
-0.114,0.04517,0.1323,0.8555,0.9995,0.01779,773.0,1156.0,11.0
3.305,0.3887,0.4343,0.837,0.9995,-0.2815,1334.0,1156.0,12.0
-0.1704,0.08813,0.5825,0.8657,0.9995,-0.2452,930.5,1568.0,13.0
-0.349,0.11896,0.3308,0.88,0.9995,0.005062,927.5,1080.0,14.0
-0.2483,0.12396,0.4204,0.88,0.9995,-0.184,848.0,1216.0,15.0
-0.06885,0.09985,0.563,0.845,0.9995,0.2108,1345.0,1259.0,1.0
-0.11194,0.1456,0.4414,0.884,0.9995,-0.2405,1018.0,918.5,2.0
0.2915,0.1965,0.4119,0.892,0.9995,-0.0506,831.0,1065.0,3.0
0.3743,0.2462,0.1459,0.9873,0.9995,0.4172,1688.0,995.0,4.0
2.96,0.2893,0.4885,0.8115,0.9995,-0.005714,1147.0,939.5,5.0
0.97,0.2234,0.4524,0.8647,0.9995,-0.0363,1064.0,1032.0,6.0
-0.06494,0.1329,0.4631,0.978,0.9995,-0.4338,1394.0,1677.0,7.0
-0.2301,0.186,0.2646,0.9487,0.9995,0.0729,1422.0,1037.0,8.0
0.05563,0.06976,0.2756,0.9243,0.9995,-0.2817,1602.0,853.0,9.0
-0.252,0.0847,0.307,0.85,0.9995,-0.3997,1511.0,817.0,10.0
-0.2247,0.10364,0.322,0.9194,0.9995,-0.2003,1365.0,978.0,11.0
-0.1921,0.1051,0.2319,0.9385,0.9995,-0.2106,1125.0,1161.0,12.0
-0.01799,0.10126,0.1165,0.9453,0.9995,-0.4016,1259.0,1382.0,13.0
0.962,0.2573,0.427,0.893,0.9995,-0.01869,734.5,988.0,14.0
-0.10724,0.1431,0.5024,0.9243,0.9995,-0.2294,1331.0,879.5,15.0
2.947,0.1826,0.661,0.7476,0.9995,0.11523,1382.0,740.0,1.0
-0.011696,0.1927,0.3562,0.902,0.9995,-0.2505,951.5,1108.0,2.0
0.8345,0.2559,0.375,0.873,0.9995,-0.313,1111.0,757.0,3.0
0.3833,0.03073,0.2615,0.942,0.999,-0.193,1629.0,740.0,4.0
-0.2278,0.158,0.323,0.891,0.9995,-0.2124,890.0,897.5,5.0
0.007076,0.187,0.365,0.892,0.9995,-0.287,1117.0,852.0,6.0
0.348,0.21,0.4294,0.8896,1.0,-0.3523,447.8,1321.0,7.0
-0.1047,0.17,0.4106,0.9126,0.9995,-0.245,698.5,1128.0,8.0
-0.05338,0.0849,0.2905,0.945,0.9995,-0.1796,931.0,1273.0,9.0
0.1094,0.1339,0.6514,0.893,0.9995,-0.4912,1028.0,532.0,10.0
-0.3184,0.1229,0.3638,0.8887,0.9995,0.03964,1338.0,1046.0,11.0
0.4448,0.1481,0.503,0.832,0.9995,-0.02571,1239.0,851.0,12.0
-0.07025,0.0753,0.374,0.9146,0.9995,-0.1686,1047.0,1130.0,13.0
-0.308,0.0983,0.11774,0.9233,0.9995,0.0496,1109.0,1523.0,14.0
-0.2152,0.1126,0.3828,0.91,0.9995,-0.3093,1046.0,1071.0,15.0
0.376,0.2627,0.31,0.8936,0.9995,-0.556,787.5,588.0,1.0
0.12067,0.0866,0.4353,0.9595,0.9995,-0.467,711.0,656.0,2.0
-0.009735,0.1466,0.4731,0.871,0.9995,-0.2866,1230.0,863.5,3.0
0.03546,0.1909,0.3733,0.891,0.9995,-0.3562,823.5,715.5,4.0
0.3794,0.2107,0.4832,0.9146,0.9995,-0.1849,821.5,1037.0,5.0
-0.0856,0.0681,0.2852,0.847,0.9995,-0.456,728.0,992.0,6.0
0.04797,0.1755,0.4573,0.8984,0.9995,-0.4216,430.5,1168.0,7.0
0.02655,0.0397,0.4075,0.7744,0.999,-0.4878,634.0,995.0,8.0
0.02254,0.12286,0.6675,0.9297,0.9995,-0.451,451.0,1323.0,9.0
-0.1821,0.1406,0.4153,0.882,0.9995,-0.2764,770.5,861.5,10.0
-0.2717,0.07886,0.4487,0.8286,0.9995,-0.3477,706.0,964.5,11.0
3.715,0.05,0.4636,0.597,0.999,0.858,592.5,825.5,12.0
-0.0803,0.0837,0.559,0.9897,0.9995,0.07886,416.8,839.0,13.0
0.539,0.0855,0.4563,0.7476,0.999,0.339,700.5,873.5,14.0
-0.3196,0.0577,0.228,0.8486,0.9995,0.2489,995.0,544.0,15.0
0.1411,0.12164,0.8447,0.9717,1.0,0.506,950.0,1522.0,1.0
-0.02963,0.0798,0.3574,0.9004,0.9995,-0.3828,1189.0,1083.0,2.0
0.3115,0.2646,0.34,0.922,0.9995,-0.4573,1386.0,1174.0,3.0
0.03308,0.052,0.543,0.829,0.9995,-0.516,785.5,748.0,4.0
13.98,0.376,0.819,0.6377,0.999,-0.3896,440.2,614.5,5.0
-0.2515,0.10046,0.467,0.853,1.0,-0.308,1813.0,773.0,6.0
3.44,0.2372,0.6187,0.764,0.9995,-0.221,863.0,903.5,7.0
0.4802,0.1516,0.4277,0.8076,0.9995,-0.2184,1013.0,884.0,8.0
0.06082,0.165,0.395,0.8564,0.9995,-0.3625,1195.0,900.5,9.0
-0.1326,0.0749,0.4006,0.937,0.9995,0.02353,1694.0,1462.0,10.0
-0.1345,0.0794,0.3064,0.9165,0.9995,-0.1251,961.0,962.0,11.0
-0.1997,0.10974,0.592,0.919,0.9995,0.1462,1212.0,1343.0,12.0
-0.1184,0.0792,0.397,0.9307,0.9995,-0.05188,1076.0,1124.0,13.0
-0.3333,0.08655,0.3362,0.8716,0.9995,-0.0922,1637.0,1288.0,14.0
-0.2323,0.182,0.2888,0.919,0.9995,-0.1613,1573.0,1127.0,15.0
0.07837,0.0591,0.4275,0.943,0.9995,-0.0696,992.5,867.0,1.0
0.2593,0.1947,0.4485,0.9165,0.9995,0.1172,909.0,1027.0,2.0
-0.00515,0.1865,0.4128,0.925,0.9995,-0.06494,934.0,869.0,3.0
0.09076,0.0815,0.4795,0.9473,0.9995,-0.392,723.5,1142.0,4.0
2.383,0.2361,0.665,0.8145,0.9995,-0.6436,1018.0,572.0,5.0
0.05624,0.1924,0.3513,0.898,0.9995,-0.1154,815.5,1127.0,6.0
-0.1971,0.129,0.2257,0.9307,0.9995,0.3352,897.5,743.5,7.0
0.0443,0.1702,0.2327,0.861,0.9995,-0.08167,1794.0,351.8,8.0
-0.14,0.1383,0.4875,0.9106,0.9995,0.0704,717.5,733.0,9.0
-0.03555,0.1414,0.5635,0.9375,0.9995,-0.3938,626.0,852.5,10.0
-0.246,0.09406,0.2585,0.9316,0.9995,-0.04498,632.0,1016.0,11.0
-0.2888,0.1548,0.3418,0.9365,0.9995,0.0865,583.5,781.0,12.0
-0.1742,0.10626,0.387,0.9297,0.9995,-0.2169,849.0,884.0,13.0
-0.2119,0.1558,0.3938,0.922,0.9995,-0.05872,779.0,941.5,14.0
-0.18,0.1284,0.4639,0.943,0.9995,-0.1443,683.0,805.5,15.0
0.0555,0.3096,0.1696,0.9644,0.9995,-0.3384,759.5,676.5,1.0
-0.1473,0.1896,0.4192,0.987,0.9995,-0.299,464.2,984.5,2.0
0.5713,0.019,0.63,0.9746,0.9995,-0.3035,395.5,1679.0,3.0
0.3315,0.2382,0.352,0.92,0.9995,-0.05627,824.5,989.5,4.0
-0.0694,0.1164,0.4841,0.967,0.9995,-0.2908,439.8,1243.0,5.0
-0.02547,0.1989,0.362,0.917,0.9995,-0.2241,706.0,862.5,6.0
19.34,0.7407,0.2196,0.6147,0.999,0.204,1276.0,811.5,7.0
-0.1926,0.1753,0.3713,0.9644,0.9995,-0.4712,382.5,781.0,8.0
0.912,0.243,0.4673,0.884,0.9995,-0.2466,685.0,846.5,9.0
11.46,0.2693,0.3203,0.5728,1.0,-0.9937,518.5,1056.0,10.0
-0.05103,0.1171,0.3362,0.9395,0.9995,-0.596,757.5,1268.0,11.0
-0.005447,0.1175,0.2651,0.9917,0.9995,-0.4092,439.8,1029.0,12.0
-0.1708,0.2001,0.3481,0.9487,0.999,-0.366,657.5,723.0,13.0
0.1455,0.0973,0.4119,0.95,0.999,-0.795,1151.0,1012.0,14.0
-0.3142,0.1927,0.1263,0.9673,0.999,-0.5586,403.0,912.5,15.0
1.084,0.2512,0.4514,0.8794,0.9995,-0.09344,767.5,995.0,1.0
0.4646,0.2135,0.5024,0.917,0.9995,-0.1119,617.0,947.5,2.0
0.4304,0.02776,0.4387,0.877,0.9995,-0.4258,408.5,595.0,3.0
0.09985,0.0642,0.4949,0.9365,0.9995,-0.1981,440.8,782.5,4.0
0.3442,0.1826,0.545,0.9326,0.9995,0.293,994.5,1047.0,5.0
0.26,0.2009,0.4182,0.894,0.9995,-0.2019,736.0,987.0,6.0
-0.3513,0.0997,0.3376,0.8906,0.9995,0.2125,714.5,1047.0,7.0
-0.219,0.1305,0.393,0.9624,0.9995,-0.112,716.0,666.0,8.0
0.3237,0.02531,0.4077,0.9883,0.9995,0.03857,454.5,543.0,9.0
10.516,0.4614,0.7095,0.7417,0.9995,0.3489,851.0,480.0,10.0
-0.1871,0.11255,0.5024,0.87,0.9995,0.05856,783.0,779.0,11.0
-0.0973,0.0749,0.415,0.953,0.9995,0.04123,535.5,688.5,12.0
-0.03017,0.0282,0.2051,0.8467,0.9995,0.578,140.6,984.5,13.0
-0.1365,0.0805,0.4783,0.922,0.9995,-0.0462,521.0,802.0,14.0
-0.01542,0.0662,0.4297,0.947,0.9995,0.0009136,737.5,923.5,15.0
1.15,0.2483,0.368,0.868,0.9995,0.12476,843.5,1200.0,1.0
0.4473,0.03693,0.474,0.929,0.9995,-0.561,1262.0,432.5,2.0
0.1793,0.1982,0.426,0.9077,0.9995,-0.1437,827.0,904.0,3.0
-0.05646,0.1536,0.4407,0.89,0.9995,-0.1254,1009.0,959.5,4.0
0.07776,0.06155,0.374,0.913,0.9995,-0.236,1299.0,1434.0,5.0
0.01484,0.0825,0.456,0.9194,0.9995,-0.4004,1092.0,667.0,6.0
-0.101,0.1599,0.433,0.907,0.9995,-0.1903,888.0,906.5,7.0
0.2369,0.1604,0.4922,0.8643,0.9995,-0.1854,693.0,1155.0,8.0
-0.05978,0.10333,0.3447,0.942,0.9995,-0.3823,1313.0,519.5,9.0
-0.3008,0.0956,0.2532,0.954,0.999,0.32,833.5,1078.0,10.0
0.3318,0.0392,0.4436,0.983,0.9995,-0.1025,1534.0,1059.0,11.0
-0.2041,0.1598,0.3352,0.903,0.9995,-0.05475,1034.0,1070.0,12.0
-0.1918,0.1321,0.3955,0.869,0.9995,-0.05612,1140.0,927.5,13.0
-0.1622,0.0992,0.3938,0.914,0.9995,-0.2678,1125.0,1139.0,14.0
-0.05032,0.1653,0.2844,0.941,0.9995,0.3433,706.5,1300.0,15.0
0.08826,0.2324,0.3696,0.938,0.9995,-0.3472,559.5,986.0,1.0
0.71,0.2844,0.3943,0.9272,0.9995,-0.1951,362.2,711.5,2.0
0.6934,0.0209,0.3113,0.8896,0.9995,-0.675,1098.0,1273.0,3.0
1.123,0.1654,0.4993,0.799,0.9995,-0.013565,659.5,869.0,4.0
-0.09937,0.1348,0.4548,0.8535,0.9995,-0.4258,487.2,802.5,5.0
0.02383,0.09534,0.4023,0.911,0.9995,-0.695,807.5,1051.0,6.0
0.01906,0.1544,0.4678,0.889,0.9995,-0.06287,883.5,829.5,7.0
22.83,0.5293,0.731,0.596,0.9995,0.915,680.0,1956.0,8.0
-0.1459,0.1606,0.3982,0.907,0.9995,-0.1329,663.5,952.5,9.0
-0.0492,0.2318,0.3015,0.936,0.9995,-0.3616,427.5,523.5,10.0
0.05215,0.07623,0.3635,0.8945,0.9995,-0.53,860.5,1090.0,11.0
0.4536,0.05804,0.3271,0.97,0.9995,-0.686,982.0,1088.0,12.0
-0.178,0.1149,0.3582,0.9727,0.999,-0.0855,124.4,678.0,13.0
5.906,0.322,0.5747,0.7524,0.9995,0.302,630.5,1455.0,14.0
-0.1394,0.1093,0.4177,0.906,0.9995,-0.4749,699.0,974.0,15.0
-0.241,0.11163,0.4348,0.897,0.9995,0.2642,767.0,1064.0,1.0
0.00937,0.19,0.371,0.925,0.9995,0.07886,38.03,496.2,2.0
0.7295,0.01418,0.2335,0.919,0.9995,-0.5376,1143.0,1521.0,3.0
0.1075,0.05853,0.2705,0.91,0.9995,-0.2693,967.0,1290.0,4.0
-0.1876,0.1471,0.355,0.88,0.9995,-0.1107,840.0,1045.0,5.0
0.1095,0.1771,0.2659,0.8735,0.9995,0.01359,778.5,1124.0,6.0
-0.279,0.1199,0.3826,0.858,0.9995,-0.2266,659.5,1133.0,7.0
0.02133,0.05896,0.5767,0.7007,0.9995,-0.10004,1136.0,1552.0,8.0
-0.2017,0.133,0.4436,0.896,0.9995,-0.09265,692.0,1056.0,9.0
-0.1833,0.0991,0.2822,0.9243,0.9995,-0.2233,693.0,1290.0,10.0
-0.08356,0.06335,0.2656,0.892,0.9995,-0.1383,854.0,1056.0,11.0
-0.2676,0.1449,0.2886,0.886,0.9995,-0.04376,763.5,1071.0,12.0
-0.2563,0.155,0.345,0.9146,0.9995,-0.0425,422.8,817.5,13.0
-0.3577,0.0924,0.2178,0.883,0.9995,0.1788,673.0,1143.0,14.0
94.8,0.664,0.524,0.2383,1.0,-0.4875,955.5,1578.0,15.0
-0.2656,0.05743,0.2228,0.7817,1.0,0.2322,678.5,896.0,1.0
-0.2847,0.1106,0.409,0.852,0.9995,-0.1224,881.0,931.5,2.0
-0.3699,0.06354,0.4658,0.7944,0.9995,0.1829,1122.0,733.5,3.0
-0.12396,0.07007,0.2883,0.902,0.9995,-0.1118,1156.0,965.5,4.0
-0.266,0.09174,0.4102,0.862,0.9995,-0.2903,804.5,1097.0,5.0
-0.2827,0.06027,0.621,0.862,0.9995,0.1288,829.0,951.0,6.0
-0.267,0.1327,0.3552,0.8755,0.9995,-0.1101,1176.0,988.0,7.0
-0.2905,0.0621,0.1871,0.7856,0.9995,-0.3662,269.5,434.8,8.0
-0.3057,0.0693,0.3296,0.8623,0.9995,-0.02435,967.0,829.5,9.0
0.2488,0.1589,0.4153,0.8447,0.9995,-0.10864,894.0,935.0,10.0
-0.3188,0.08734,0.34,0.8433,0.9995,-0.3164,831.5,638.0,11.0
-0.322,0.1089,0.377,0.8506,0.9995,-0.198,743.0,778.0,12.0
-0.328,0.11224,0.3652,0.865,0.9995,-0.01128,651.5,823.5,13.0
-0.2961,0.04288,0.2874,0.7695,0.9995,-0.1572,550.0,444.8,14.0
-0.4268,0.0638,0.3127,0.7964,0.9995,0.09296,717.0,815.0,15.0
-0.1913,0.0633,0.4685,0.9224,0.9995,0.1445,956.0,1280.0,1.0
0.1437,0.03662,0.2327,0.8716,0.9995,-0.1392,743.5,907.0,2.0
-0.2551,0.1367,0.4126,0.9146,0.9995,0.005894,927.0,1000.0,3.0
-0.2397,0.1637,0.3591,0.933,0.9995,0.0006547,1002.0,1247.0,4.0
-0.1932,0.05453,0.5654,0.7515,0.9995,0.2812,1267.0,966.0,5.0
-0.2812,0.0838,0.4595,0.866,0.9995,-0.1006,891.5,1192.0,6.0
0.1382,0.1469,0.5205,0.8857,0.9995,0.1351,956.5,897.5,7.0
-0.2532,0.0857,0.4688,0.909,0.9995,0.02972,955.5,1002.0,8.0
-0.292,0.0794,0.4067,0.872,0.9995,-0.05875,713.0,938.5,9.0
-0.0864,0.03476,0.3066,0.8003,0.999,-0.0798,946.0,983.5,10.0
-0.1917,0.1487,0.484,0.9653,0.9995,0.05066,788.5,937.5,11.0
-0.3037,0.0727,0.467,0.8877,0.9995,0.09674,976.5,1122.0,12.0
-0.319,0.0975,0.3384,0.9053,0.9995,-0.031,1096.0,1057.0,13.0
-0.445,0.0651,0.3374,0.8047,0.9995,-0.01991,1181.0,1031.0,14.0
-0.3516,0.071,0.5024,0.807,0.9995,0.1365,1095.0,976.0,15.0
0.0331,0.2144,0.3193,0.9165,0.9995,-0.1705,1135.0,1112.0,1.0
-0.2603,0.1316,0.3792,0.8843,0.9995,-0.043,915.5,953.5,2.0
-0.2089,0.1409,0.414,0.9487,0.9995,-0.1865,697.5,615.5,3.0
-0.1853,0.1036,0.1646,0.979,0.9995,-0.03537,693.5,644.5,4.0
-0.242,0.1626,0.3528,0.9204,0.9995,-0.2026,884.0,891.5,5.0
-0.1532,0.1719,0.3528,0.912,0.9995,-0.0725,891.5,1024.0,6.0
-0.2651,0.1704,0.337,0.957,0.9995,-0.2281,620.5,878.0,7.0
-0.1948,0.1244,0.2269,0.922,0.9995,-0.5244,1010.5,765.5,8.0
-0.3325,0.1229,0.2947,0.857,0.9995,-0.1937,671.0,697.0,9.0
-0.3535,0.0814,0.3691,0.807,0.9995,-0.378,1018.5,1408.0,10.0
-0.2656,0.1155,0.3333,0.866,0.9995,-0.5845,1170.0,964.5,11.0
-0.3372,0.124,0.228,0.9385,0.9995,-0.09576,813.0,743.5,12.0
-0.32,0.1832,0.2157,0.9253,0.9995,-0.2104,835.0,644.0,13.0
-0.3325,0.1606,0.2642,0.919,0.9995,-0.12006,1127.0,977.0,14.0
-0.3098,0.1337,0.3298,0.9194,0.9995,-0.1893,799.0,763.5,15.0
0.06354,0.03885,0.167,0.866,0.9995,-0.08215,1140.0,1081.0,1.0
-0.1753,0.0927,0.4172,0.8975,0.9995,-0.2644,601.5,788.0,2.0
-0.2281,0.1381,0.3884,0.8906,0.9995,-0.038,660.5,1010.0,3.0
-0.3682,0.0823,0.2583,0.865,0.9995,-0.05453,788.5,1035.0,4.0
-0.1587,0.0694,0.3372,0.8735,0.9995,-0.1884,635.5,923.5,5.0
-0.3154,0.07874,0.269,0.8657,0.9995,-0.1126,591.0,692.5,6.0
-0.3154,0.0898,0.3433,0.874,0.9995,-0.1423,662.5,929.0,7.0
-0.2627,0.10156,0.2449,0.8994,0.9995,-0.265,921.5,786.5,8.0
-0.3464,0.105,0.3762,0.8633,0.9995,-0.0703,804.5,852.5,9.0
-0.1812,0.0473,0.2554,0.8145,0.9995,-0.1324,951.5,919.5,10.0
-0.4163,0.05618,0.1742,0.768,0.999,-0.1357,942.5,1001.0,11.0
-0.341,0.11566,0.3535,0.877,0.9995,-0.10785,751.0,933.5,12.0
-0.2668,0.1261,0.387,0.871,0.9995,-0.186,737.0,784.0,13.0
-0.2312,0.04794,0.2769,0.8066,0.9995,-0.11743,753.5,790.0,14.0
-0.3164,0.1313,0.3445,0.8936,0.9995,-0.146,823.0,1002.5,15.0
-0.2305,0.1759,0.2883,0.91,0.9995,-0.1674,856.0,979.5,1.0
-0.2832,0.1283,0.3743,0.8804,0.9995,-0.2263,1034.0,1069.0,2.0
-0.07324,0.0724,0.3699,0.9194,0.9995,-0.10895,773.5,853.5,3.0
-0.1893,0.117,0.458,0.8823,0.9995,-0.4468,1224.0,1426.0,4.0
-0.1764,0.1197,0.2737,0.8325,0.9995,-0.04453,1447.0,1265.0,5.0
-0.2089,0.1242,0.389,0.9126,0.9995,-0.3928,1107.0,1007.0,6.0
-0.3384,0.0939,0.198,0.8486,0.9995,0.08374,1155.0,460.5,7.0
-0.1938,0.12213,0.1869,0.855,1.0,0.0531,1564.0,355.8,8.0
0.4233,0.01994,0.2595,0.964,0.9995,-0.07025,1519.0,456.8,9.0
-0.325,0.1003,0.3687,0.8613,0.9995,-0.243,798.0,1525.0,10.0
-0.3242,0.1136,0.3367,0.8833,0.9995,-0.2461,1137.0,1018.5,11.0
-0.2262,0.11475,0.382,0.914,0.9995,-0.2732,1300.0,1346.0,12.0
-0.1354,0.03616,0.1628,0.844,0.9995,0.1372,1321.0,903.0,13.0
-0.324,0.10864,0.3513,0.88,0.9995,-0.2106,1238.0,1146.0,14.0
-0.3098,0.0798,0.2957,0.9116,0.9995,0.09406,991.0,993.5,15.0
1.831,0.07306,0.5923,0.676,0.9995,0.549,751.0,1812.0,1.0
-0.1774,0.08997,0.4324,0.9194,0.9995,-0.0965,837.0,933.5,2.0
-0.1858,0.11584,0.2162,0.897,0.999,0.2937,752.5,681.0,3.0
-0.2983,0.127,0.3806,0.893,0.9995,-0.0256,921.5,958.5,4.0
-0.3179,0.1085,0.3374,0.939,0.999,0.03946,533.0,784.5,5.0
-0.2277,0.1462,0.365,0.9023,0.9995,0.02834,853.0,1013.5,6.0
-0.306,0.09595,0.3816,0.913,0.9995,0.0167,858.5,919.0,7.0
-0.2603,0.08575,0.2063,0.963,0.999,0.172,434.8,1239.0,8.0
-0.2284,0.0791,0.3352,0.911,0.9995,-0.001644,729.0,845.5,9.0
-0.3552,0.12085,0.351,0.905,0.9995,0.037,835.0,968.5,10.0
-0.3542,0.1088,0.2556,0.905,0.999,0.1931,789.0,795.0,11.0
-0.2986,0.08716,0.3303,0.906,0.9995,0.004314,698.5,1092.0,12.0
-0.3474,0.11145,0.2563,0.922,0.9995,0.2272,868.5,865.5,13.0
-0.348,0.0954,0.2598,0.933,0.999,0.1273,662.5,1056.0,14.0
0.1404,0.0879,0.4438,0.7935,0.9995,0.3303,804.0,1368.0,15.0
-0.243,0.09753,0.3352,0.896,0.9995,-0.237,1069.0,1013.0,1.0
-0.1777,0.1084,0.3833,0.9067,0.9995,-0.3892,685.5,1048.0,2.0
-0.1802,0.1343,0.341,0.9575,1.0,0.4153,1077.0,1317.0,3.0
-0.286,0.1085,0.3257,0.9146,0.9995,-0.1461,899.5,1053.0,4.0
-0.2915,0.10986,0.3696,0.9165,0.9995,-0.0827,878.5,962.0,5.0
-0.0805,0.1549,0.491,0.938,0.9995,-0.4592,1454.0,784.5,6.0
-0.3074,0.0922,0.257,0.8525,0.9995,-0.3838,1170.0,1079.0,7.0
-0.2825,0.1626,0.3145,0.9214,0.9995,-0.0868,590.5,1018.0,8.0
-0.222,0.06726,0.1886,0.863,0.9995,0.3484,454.8,1292.0,9.0
1.018,0.3706,0.2747,0.94,0.9995,-0.1324,738.5,1505.0,10.0
-0.276,0.10315,0.2908,0.8438,0.999,-0.6523,921.0,733.0,11.0
-0.3823,0.09,0.3762,0.862,0.9995,0.1127,956.5,875.0,12.0
0.0183,0.1732,0.2343,0.89,0.9995,0.0918,466.5,941.0,13.0
-0.284,0.1146,0.3608,0.9053,0.9995,-0.2035,780.0,1024.0,14.0
-0.4023,0.08777,0.2544,0.872,0.9995,0.0968,721.5,1131.0,15.0
-0.2112,0.07385,0.5605,0.7773,1.0,-0.7886,168.9,822.5,1.0
-0.2688,0.07794,0.627,0.8735,0.9995,0.1235,899.5,564.0,2.0
-0.2664,0.0867,0.393,0.8716,0.9995,-0.194,676.5,1218.0,3.0
-0.3213,0.1126,0.362,0.8555,0.9995,-0.11646,674.5,1097.0,4.0
-0.2588,0.09796,0.3745,0.895,0.9995,-0.1836,924.0,1134.0,5.0
-0.2384,0.0931,0.4734,0.846,1.0,-0.4016,471.2,848.0,6.0
-0.2314,0.1294,0.4065,0.878,0.9995,-0.0958,838.5,1062.0,7.0
-0.3037,0.0948,0.4153,0.832,0.9995,0.04752,950.0,1229.0,8.0
-0.2198,0.1536,0.3853,0.9194,0.9995,0.01984,712.5,1187.0,9.0
-0.2908,0.0766,0.3625,0.8633,0.9995,-0.106,967.5,897.5,10.0
-0.2323,0.1545,0.3865,0.9434,0.9995,-0.1865,833.0,1058.0,11.0
-0.151,0.11066,0.5493,0.9263,0.9995,-0.0856,730.5,622.0,12.0
-0.3396,0.05576,0.4094,0.8467,1.0,0.1191,870.0,789.5,13.0
-0.3118,0.0981,0.3315,0.912,0.9995,-0.02327,734.5,962.0,14.0
-0.05252,0.0724,0.4116,0.934,0.9995,-0.06085,1161.0,992.5,15.0
0.1948,0.066,0.2163,0.915,0.9995,-0.5103,759.5,732.5,1.0
-0.0985,0.0948,0.319,0.924,0.9995,-0.3215,785.0,798.5,2.0
-0.2238,0.08435,0.301,0.93,0.9995,0.01084,1314.0,1181.0,3.0
-0.2583,0.1263,0.4524,0.9185,0.9995,0.02988,819.0,884.0,4.0
-0.07043,0.1282,0.4817,0.917,0.9995,0.3735,490.0,1407.0,5.0
-0.148,0.1439,0.4712,0.932,0.9995,0.2202,911.0,1172.0,6.0
-0.219,0.1178,0.401,0.9463,0.9995,-0.09314,840.5,1013.5,7.0
-0.2722,0.098,0.3618,0.889,0.9995,-0.2013,805.0,996.0,8.0
-0.1106,0.1032,0.532,0.904,0.9995,-0.4067,822.0,879.0,9.0
-0.1328,0.1782,0.4006,0.9355,0.9995,-0.1989,722.0,978.0,10.0
-0.2937,0.1262,0.4346,0.9263,0.9995,0.1104,909.0,1117.0,11.0
-0.1714,0.1169,0.3691,0.9277,0.9995,-0.3542,1132.0,609.5,12.0
-0.2537,0.1433,0.3982,0.9287,0.9995,-0.0934,821.0,1037.0,13.0
-0.2382,0.11346,0.4111,0.9214,0.9995,-0.1498,994.5,809.5,14.0
-0.2327,0.1461,0.3267,0.934,0.9995,0.2483,912.5,987.0,15.0
0.8223,0.2554,0.4492,0.913,0.9995,-0.005665,788.5,1171.0,1.0
0.181,0.0499,0.3015,0.9434,0.999,-0.1367,591.5,1384.0,2.0
-0.2678,0.1268,0.4043,0.8916,0.9995,-0.1472,938.0,1007.5,3.0
0.02948,0.1447,0.4866,0.8706,0.9995,-0.1559,843.0,1139.0,4.0
-0.2,0.2043,0.282,0.9717,0.9995,-0.929,954.0,1077.0,5.0
-0.1844,0.1646,0.3782,0.912,0.9995,-0.2476,665.5,1050.0,6.0
-0.2832,0.1951,0.1487,0.922,0.9995,-0.1974,833.5,724.5,7.0
-0.1935,0.0927,0.2925,0.9253,0.9995,-0.1311,708.5,1202.0,8.0
-0.122,0.1216,0.2395,0.933,0.999,-0.5645,1549.0,954.0,9.0
-0.2249,0.11914,0.443,0.895,0.9995,-0.2654,860.5,1291.0,10.0
0.71,0.02148,0.1489,0.91,0.999,-0.616,1070.0,896.5,11.0
-0.258,0.1293,0.2712,0.92,0.9995,-0.4097,1234.0,1019.0,12.0
0.01993,0.077,0.225,0.9087,0.9995,-0.4,1015.5,980.0,13.0
-0.1962,0.1362,0.2339,0.94,0.9995,-0.52,1140.0,896.0,14.0
-0.1299,0.2053,0.3213,0.9297,0.9995,-0.3127,1124.0,971.5,15.0
-0.1001,0.1454,0.424,0.8794,0.9995,-0.1076,984.0,1049.0,1.0
-0.2585,0.0829,0.4622,0.7783,0.9995,-0.0948,1080.0,1316.0,2.0
-0.1978,0.0806,0.4182,0.8716,0.9995,-0.2507,978.0,1095.0,3.0
-0.2323,0.042,0.2905,0.773,0.9995,-0.1948,1314.0,1328.0,4.0
-0.237,0.02412,0.1443,0.723,0.9995,0.000748,893.0,1496.0,5.0
-0.2472,0.05655,0.3586,0.9033,0.9995,0.2365,1445.0,751.0,6.0
1.328,0.2327,0.388,0.828,0.9995,-0.166,1246.0,1143.0,7.0
-0.2937,0.09247,0.369,0.8643,0.9995,-0.2556,934.0,1058.0,8.0
-0.2262,0.094,0.3513,0.816,0.9995,0.0941,1262.0,1212.0,9.0
-0.3875,0.0654,0.4646,0.79,0.999,0.1222,872.0,1015.5,10.0
-0.3564,0.04077,0.313,0.773,0.9995,-0.01582,884.5,1079.0,11.0
-0.3179,0.0649,0.5,0.82,0.9995,-0.12006,885.0,936.0,12.0
-0.3271,0.1029,0.3713,0.839,0.9995,-0.05106,1023.0,1080.0,13.0
-0.4165,0.01932,0.3225,0.6885,0.999,0.2856,1115.0,996.5,14.0
-0.4795,0.04538,0.2566,0.746,0.9995,-0.00766,977.0,1300.0,15.0
-0.25,0.136,0.2487,0.9604,0.9995,-0.2676,917.0,1106.0,1.0
-0.3694,0.11993,0.297,0.918,0.9995,0.1497,737.0,832.5,2.0
-0.3481,0.1367,0.1854,0.9346,0.9995,-0.2106,1240.0,931.0,3.0
-0.276,0.1274,0.2028,0.9326,0.9995,-0.3105,1137.0,1193.0,4.0
-0.13,0.1946,0.2474,0.92,0.9995,-0.01707,1090.0,741.0,5.0
-0.2864,0.1252,0.1237,0.968,0.9995,-0.0641,998.0,1046.0,6.0
-0.2678,0.0999,0.3928,0.9243,0.9995,-0.012726,787.0,929.0,7.0
-0.1506,0.1599,0.1422,0.944,0.9995,0.2343,1168.0,738.5,8.0
-0.2142,0.1469,0.3223,0.922,0.9995,-0.6245,1022.0,1285.0,9.0
-0.3052,0.1564,0.3167,0.9307,0.9995,-0.182,922.5,1006.5,10.0
-0.3215,0.1451,0.3115,0.907,0.9995,-0.1316,1086.0,969.0,11.0
0.6763,0.1984,0.433,0.8486,0.9995,-0.2219,970.0,958.0,12.0
-0.1671,0.11505,0.3464,0.9453,0.9995,-0.257,830.5,799.0,13.0
-0.3433,0.1687,0.2428,0.931,0.9995,-0.1213,1055.0,869.5,14.0
-0.2822,0.1175,0.1528,0.978,0.9995,0.00735,1250.0,1099.0,15.0
-0.1278,0.076,0.4636,0.8726,0.9995,-0.3076,677.0,809.0,1.0
1.496,0.2074,0.4912,0.8247,0.9995,0.06204,626.0,1208.0,2.0
-0.0907,0.1852,0.3765,0.9053,0.999,-0.4624,551.5,986.5,3.0
-0.1984,0.0694,0.4634,0.8833,0.9995,0.4824,1194.0,520.5,4.0
-0.2632,0.124,0.426,0.8975,0.9995,-0.06934,857.0,884.0,5.0
-0.3545,0.1144,0.3225,0.9214,0.9995,0.206,778.0,1039.0,6.0
-0.2668,0.0718,0.5327,0.93,0.9995,0.3523,528.5,959.5,7.0
-0.234,0.0961,0.4773,0.9565,0.9995,0.1101,588.5,858.0,8.0
-0.1993,0.11835,0.326,0.939,0.9995,0.4146,914.0,937.0,9.0
-0.2178,0.1466,0.4006,0.9077,0.9995,-0.1758,676.0,889.0,10.0
-0.2646,0.1119,0.3423,0.924,0.9995,-0.1462,522.0,887.5,11.0
-0.3562,0.1234,0.2925,0.9033,0.9995,0.10815,899.0,1216.0,12.0
-0.3147,0.0512,0.3389,0.824,0.9995,0.0152,822.0,1200.0,13.0
-0.2937,0.0701,0.373,0.9175,0.9995,0.2437,697.0,916.5,14.0
-0.337,0.10785,0.335,0.9287,0.9995,0.2686,799.0,967.0,15.0
-0.09924,0.1855,0.354,0.896,0.9995,-0.482,810.5,655.5,1.0
0.2793,0.05154,0.5073,0.869,1.0,-0.8745,1427.0,1710.0,2.0
-0.1884,0.11346,0.4578,0.8364,0.9995,-0.2805,1053.0,1000.5,3.0
-0.1907,0.1624,0.1467,0.857,0.9995,-0.292,1188.0,781.5,4.0
-0.092,0.09,0.4473,0.881,0.9995,-0.543,1135.0,1260.0,5.0
-0.199,0.1439,0.382,0.9355,0.9995,-0.404,887.5,902.5,6.0
-0.1698,0.10986,0.3052,0.8906,1.0,-0.592,1214.0,645.5,7.0
-0.256,0.117,0.3896,0.905,0.9995,-0.249,967.0,958.0,8.0
2.625,0.399,0.4028,0.891,0.999,0.1439,999.5,456.5,9.0
-0.2295,0.1136,0.407,0.894,0.9995,-0.3464,955.5,988.0,10.0
-0.3032,0.10254,0.349,0.8916,0.9995,-0.1672,887.5,1077.0,11.0
-0.2664,0.104,0.351,0.9146,0.9995,-0.1287,847.0,860.5,12.0
-0.2622,0.12256,0.4502,0.916,0.9995,0.007664,692.0,968.5,13.0
-0.2488,0.11896,0.337,0.895,0.9995,-0.4392,1048.0,770.0,14.0
-0.2705,0.0904,0.4917,0.9087,0.9995,0.04605,750.0,589.0,15.0
-0.1754,0.09937,0.4014,0.9106,0.9995,-0.26,991.0,781.0,1.0
-0.1932,0.1033,0.3318,0.92,0.9995,-0.2496,837.5,1134.0,2.0
-0.1498,0.0952,0.2703,0.862,0.9995,-0.6743,435.2,1110.0,3.0
0.01817,0.09436,0.3345,0.9336,0.9995,-0.4907,856.5,1066.0,4.0
-0.2659,0.1129,0.3123,0.8784,0.9995,-0.4834,599.5,1039.0,5.0
-0.2305,0.1808,0.3152,0.9243,0.9995,-0.2286,916.5,895.0,6.0
-0.198,0.1589,0.2917,0.8813,0.9995,-0.1595,1272.0,664.0,7.0
-0.2014,0.1921,0.2297,0.8813,0.9995,-0.5415,522.5,1081.0,8.0
-0.2147,0.11926,0.3362,0.9136,0.9995,-0.4016,824.0,1018.0,9.0
-0.287,0.1431,0.3298,0.8857,0.9995,-0.282,729.5,1055.0,10.0
-0.3516,0.1315,0.232,0.9287,0.9995,-0.1646,1055.0,1184.0,11.0
-0.3203,0.1826,0.205,0.894,0.999,-0.5654,457.0,1226.0,12.0
-0.2472,0.1381,0.3918,0.897,0.9995,-0.1848,844.0,1012.5,13.0
-0.274,0.1986,0.1998,0.9243,0.9995,-0.2507,786.0,741.0,14.0
-0.2856,0.1573,0.2893,0.8916,0.9995,-0.2947,951.5,861.5,15.0
-0.02448,0.0967,0.4148,0.9346,0.9995,-0.403,1090.0,934.0,1.0
-0.2494,0.156,0.3738,0.9297,0.9995,-0.0131,1348.0,1374.0,2.0
-0.02739,0.136,0.3591,0.906,1.0,0.3713,1100.0,934.0,3.0
0.004463,0.1432,0.617,0.953,1.0,0.315,1745.0,1506.0,4.0
-0.333,0.1211,0.3645,0.9126,0.9995,0.1573,1213.0,1023.5,5.0
-0.284,0.1423,0.3691,0.9204,0.9995,-0.1035,1123.0,1032.0,6.0
-0.2815,0.1624,0.2917,0.9365,0.9995,0.10236,1703.0,1254.0,7.0
-0.271,0.11066,0.3481,0.935,0.9995,-0.0571,1175.0,959.0,8.0
-0.3093,0.1058,0.3357,0.9175,0.9995,-0.0521,1177.0,934.0,9.0
-0.10944,0.1737,0.4026,0.916,0.9995,-0.2424,1191.0,1049.0,10.0
-0.1449,0.1808,0.255,0.8926,0.9995,-0.1692,1141.0,914.0,11.0
-0.2307,0.1342,0.4797,0.937,0.9995,0.1466,1565.0,1316.0,12.0
-0.2473,0.0669,0.3743,0.937,0.9995,0.3394,1381.0,1097.0,13.0
-0.349,0.09155,0.2413,0.9155,0.9995,0.06573,1122.0,825.0,14.0
-0.3088,0.1515,0.2915,0.9053,0.9995,-0.0953,1234.0,1004.5,15.0
-0.1051,0.075,0.4456,0.9023,0.9995,-0.1532,962.5,665.5,1.0
-0.1771,0.1334,0.4468,0.8843,0.9995,-0.3193,642.5,995.0,2.0
-0.1746,0.112,0.508,0.8853,0.9995,-0.2976,690.5,827.0,3.0
1.948,0.187,0.368,0.7275,0.9995,-0.596,665.0,945.0,4.0
-0.2612,0.09564,0.4253,0.8804,0.9995,-0.1915,894.5,805.0,5.0
-0.1192,0.1136,0.5728,0.919,0.9995,-0.1516,934.0,1057.0,6.0
-0.1748,0.146,0.4292,0.904,0.9995,-0.2073,710.5,933.0,7.0
-0.2139,0.1153,0.4817,0.8887,0.9995,-0.1586,852.0,1068.0,8.0
-0.2224,0.0799,0.451,0.8257,0.9995,0.2747,266.8,1929.0,9.0
-0.12305,0.0654,0.289,0.8447,0.9995,-0.3665,534.5,1023.5,10.0
-0.2428,0.1132,0.45,0.867,0.9995,-0.2302,692.5,1046.0,11.0
-0.4172,0.05807,0.4253,0.807,0.999,0.02847,714.0,1422.0,12.0
-0.3955,0.0624,0.387,0.8213,0.999,0.2032,813.0,1399.0,13.0
-0.2783,0.1029,0.3691,0.8604,0.999,-0.4202,1274.0,375.5,14.0
-0.2776,0.0504,0.3406,0.771,0.9995,-0.3098,1011.5,1672.0,15.0
-0.2113,0.1774,0.3425,0.9297,0.9995,-0.1722,986.0,1107.0,1.0
-0.1543,0.10126,0.4077,0.83,0.9995,0.1418,771.0,930.5,2.0
-0.03934,0.1141,0.1606,0.8364,0.9995,0.1077,925.0,530.5,3.0
-0.2588,0.0966,0.3682,0.902,0.9995,-0.1389,979.5,1010.5,4.0
-0.2244,0.1776,0.359,0.9785,1.0,0.2047,1491.0,1629.0,5.0
-0.0594,0.1145,0.499,0.9653,0.9995,-0.303,826.5,1674.0,6.0
-0.1473,0.1029,0.3787,0.9077,0.9995,-0.394,1244.0,996.0,7.0
-0.2756,0.11176,0.3623,0.903,0.9995,-0.2216,1167.0,1041.0,8.0
-0.2654,0.1414,0.1707,0.8945,0.9995,0.05145,904.0,1132.0,9.0
-0.305,0.10974,0.3125,0.894,0.9995,-0.2483,1085.0,1233.0,10.0
-0.339,0.1139,0.3027,0.911,0.9995,-0.1048,888.5,1181.0,11.0
-0.3489,0.09796,0.2905,0.889,0.9995,-0.0936,1189.0,1207.0,12.0
-0.355,0.0996,0.3735,0.842,0.9995,-0.06122,1206.0,810.5,13.0
-0.2054,0.1344,0.254,0.9673,1.0,-0.3105,1308.0,1163.0,14.0
-0.3418,0.1414,0.3374,0.9404,0.9995,0.07294,1248.0,1350.0,15.0
-0.146,0.08527,0.351,0.901,0.9995,-0.2407,856.5,984.5,1.0
-0.0718,0.1569,0.4812,0.922,0.9995,-0.0894,790.5,550.0,2.0
0.003536,0.0694,0.533,0.9097,0.9995,-0.234,907.0,952.5,3.0
-0.05862,0.04,0.3884,0.945,1.0,0.2842,535.5,521.0,4.0
-0.1641,0.1353,0.2534,0.9033,0.9995,0.252,734.0,808.0,5.0
-0.08685,0.187,0.2568,0.9126,0.999,0.0467,1033.0,1201.0,6.0
-0.289,0.09125,0.3276,0.9097,0.9995,-0.02275,966.0,840.0,7.0
5.766,0.258,0.728,0.7197,0.9995,-0.1786,1706.0,1512.0,8.0
1.096,0.1802,0.5527,0.8267,0.9995,-0.07544,1260.0,1251.0,9.0
-0.238,0.07556,0.2037,0.9546,0.9995,0.3384,823.0,1182.0,10.0
-0.322,0.1464,0.2932,0.921,0.9995,0.07794,898.5,1043.0,11.0
-0.2937,0.10095,0.373,0.923,0.9995,0.003773,809.5,814.5,12.0
-0.2844,0.0985,0.33,0.912,0.9995,-0.0794,848.0,959.0,13.0
-0.3108,0.10535,0.4143,0.864,0.9995,0.06015,922.5,936.0,14.0
-0.2932,0.1211,0.3394,0.844,1.0,-0.2925,570.5,835.5,15.0
-0.1072,0.2189,0.2622,0.9307,0.9995,-0.2151,825.5,771.0,1.0
-0.22,0.1205,0.407,0.93,0.9995,-0.1869,645.5,1085.0,2.0
-0.3154,0.1283,0.2227,0.9507,0.9995,-0.1183,608.0,452.0,3.0
-0.2642,0.1733,0.3215,0.936,0.9995,-0.1837,644.5,747.5,4.0
-0.2715,0.1722,0.2942,0.918,0.9995,-0.1924,809.5,852.0,5.0
15.53,0.3923,0.4336,0.578,0.9995,-0.2483,879.0,1172.0,6.0
0.0139,0.1873,0.3674,0.905,0.9995,-0.08234,897.0,977.5,7.0
-0.2056,0.1023,0.2854,0.9717,0.9995,0.00921,832.5,871.5,8.0
-0.3074,0.1048,0.2292,0.9087,0.9995,-0.1648,764.5,806.5,9.0
-0.328,0.1304,0.1989,0.935,0.9995,-0.2018,1140.0,1122.0,10.0
-0.3276,0.1399,0.2986,0.907,0.9995,0.0344,1018.0,929.5,11.0
-0.308,0.1298,0.3489,0.924,0.9995,-0.1163,803.0,1008.5,12.0
-0.2908,0.10236,0.3687,0.916,0.9995,-0.04453,1027.0,1047.0,13.0
-0.3557,0.1547,0.1967,0.872,0.999,-0.674,193.2,808.0,14.0
-0.2668,0.1389,0.3713,0.8955,0.9995,-0.2092,1063.0,923.5,15.0
-0.2727,0.1131,0.3477,0.927,0.9995,-0.1167,853.5,817.5,1.0
-0.3066,0.0767,0.1203,0.8213,0.999,-0.2808,697.5,500.0,2.0
-0.3494,0.0964,0.3877,0.917,0.9995,0.11505,956.5,763.5,3.0
-0.3247,0.10693,0.396,0.866,0.9995,-0.096,833.5,1028.0,4.0
-0.28,0.0816,0.2003,0.756,0.999,-0.2089,971.0,1022.5,5.0
-0.3733,0.0962,0.2627,0.8193,0.9995,-0.1155,936.0,965.0,6.0
-0.3809,0.1003,0.325,0.9087,0.9995,0.1648,586.5,844.0,7.0
-0.3347,0.0962,0.317,0.856,0.9995,-0.2976,885.5,835.5,8.0
-0.3223,0.10724,0.3433,0.881,0.9995,-0.2175,882.5,909.0,9.0
-0.4067,0.0846,0.2026,0.8364,0.9995,-0.1659,770.0,707.5,10.0
-0.3894,0.08295,0.1337,0.7754,0.9995,-0.4414,833.0,935.0,11.0
-0.4133,0.05197,0.1967,0.755,0.999,0.02405,780.5,1051.0,12.0
-0.3877,0.01517,0.2603,0.6533,0.999,-0.04092,1040.0,1514.0,13.0
-0.4182,0.0843,0.2869,0.828,0.9995,-0.1604,878.0,944.0,14.0
-0.399,0.0936,0.3286,0.836,0.9995,-0.06635,863.5,1049.0,15.0
-0.3274,0.0906,0.3506,0.884,0.9995,-0.06134,774.5,946.5,1.0
-0.432,0.04175,0.4128,0.7725,0.9995,0.127,635.0,1161.0,2.0
-0.3584,0.1036,0.2654,0.878,0.9995,-0.1997,1149.0,940.0,3.0
-0.3735,0.128,0.2817,0.9126,0.9995,0.07544,705.0,1270.0,4.0
-0.2091,0.1087,0.2496,0.886,0.9995,-0.542,778.0,800.0,5.0
-0.2238,0.06235,0.432,0.809,0.9995,-0.3442,938.0,1415.0,6.0
-0.3403,0.1049,0.3503,0.887,0.9995,-0.10394,1011.5,1051.0,7.0
-0.3438,0.0839,0.3845,0.847,0.9995,-0.1558,904.0,1277.0,8.0
-0.359,0.0885,0.3071,0.8564,0.9995,-0.1617,593.0,1111.0,9.0
-0.448,0.07056,0.3406,0.786,0.9995,-0.1032,497.8,1189.0,10.0
-0.3577,0.0886,0.3938,0.87,0.9995,-0.009155,891.5,1130.0,11.0
-0.3708,0.09644,0.3447,0.8677,0.9995,-0.0746,772.0,1056.0,12.0
-0.3928,0.0858,0.305,0.8506,0.9995,-0.0997,692.5,896.5,13.0
-0.341,0.0853,0.4565,0.848,0.9995,-0.0596,654.0,1157.0,14.0
-0.3542,0.0984,0.3103,0.832,0.9995,-0.0219,483.0,900.5,15.0
-0.373,0.10345,0.3743,0.8887,0.9995,0.08105,1042.0,733.0,1.0
-0.325,0.1085,0.1076,0.874,0.9995,-0.0476,1318.0,1375.0,2.0
-0.3545,0.1288,0.1262,0.91,0.9995,0.001398,1043.0,863.5,3.0
-0.259,0.05118,0.292,0.855,0.9995,0.0818,1125.0,1092.0,4.0
-0.3542,0.122,0.1964,0.933,0.9995,-0.0837,967.0,996.5,5.0
-0.2947,0.10205,0.1418,0.8677,0.9995,0.0947,976.0,1006.0,6.0
-0.313,0.179,0.2542,0.923,0.9995,-0.3003,686.0,825.5,7.0
-0.3628,0.15,0.2472,0.9106,0.9995,-0.2067,805.5,916.5,8.0
-0.3625,0.1575,0.1754,0.9146,0.9995,-0.0945,1189.0,985.0,9.0
-0.3916,0.1116,0.1978,0.8813,0.9995,0.02605,1042.0,1031.0,10.0
-0.3691,0.11145,0.2979,0.8867,0.9995,-0.1305,959.0,1061.0,11.0
-0.3684,0.1353,0.2123,0.947,0.9995,-0.05197,1119.0,981.5,12.0
-0.3289,0.081,0.2,0.9116,0.9995,0.1924,1335.0,1133.0,13.0
-0.3528,0.1873,0.2018,0.9297,0.9995,-0.4385,1232.0,1003.5,14.0
-0.08496,0.2401,0.1796,0.9473,0.9995,-0.1255,1324.0,1052.0,15.0
-0.3142,0.08875,0.2651,0.8335,0.9995,-0.4592,790.0,1073.0,1.0
-0.3242,0.09515,0.2612,0.8506,0.9995,0.1349,683.5,1655.0,2.0
-0.3853,0.0858,0.186,0.837,0.9995,-0.2279,663.5,1178.0,3.0
-0.3394,0.1426,0.2488,0.8843,0.9995,-0.1719,772.0,971.5,4.0
-0.3545,0.07513,0.2361,0.772,0.9995,-0.06073,586.0,1184.0,5.0
-0.2964,0.0518,0.579,0.8564,0.9995,0.3523,430.2,1097.0,6.0
-0.2698,0.05463,0.3445,0.7964,0.9995,0.3381,778.0,1201.0,7.0
-0.3206,0.1509,0.2174,0.9478,0.9995,-0.316,724.0,970.0,8.0
-0.419,0.0761,0.3064,0.84,0.9995,-0.02438,765.0,1150.0,9.0
-0.3867,0.09515,0.2715,0.843,0.9995,-0.2598,756.0,1111.0,10.0
-0.3901,0.0915,0.2642,0.8945,0.9995,0.1381,774.5,1115.0,11.0
-0.3342,0.09204,0.3577,0.9033,0.9995,0.02927,851.0,1024.0,12.0
-0.3672,0.0787,0.2896,0.831,0.9995,-0.2219,773.0,494.0,13.0
-0.4019,0.05612,0.2268,0.803,0.9995,0.02248,737.0,1020.0,14.0
-0.3867,0.09216,0.3203,0.878,0.9995,0.002817,808.0,1023.0,15.0
-0.3596,0.0803,0.2406,0.8677,0.9995,-0.0444,1096.0,905.5,1.0
-0.3599,0.1321,0.1562,0.9087,1.0,-0.287,1538.0,676.5,2.0
-0.281,0.137,0.1981,0.9526,0.9995,0.2678,662.0,643.0,3.0
-0.3535,0.1401,0.1948,0.873,0.9995,-0.2169,1208.0,891.5,4.0
-0.3975,0.1255,0.239,0.9277,0.9995,0.06476,767.0,778.5,5.0
-0.2644,0.07074,0.259,0.85,0.9995,-0.1896,949.5,448.5,6.0
-0.3552,0.10516,0.2974,0.8965,0.9995,-0.08905,847.5,1011.0,7.0
-0.3499,0.1512,0.2183,0.9297,0.9995,-0.312,682.0,891.0,8.0
-0.3586,0.1349,0.2817,0.8975,0.9995,-0.1833,916.0,863.0,9.0
-0.3684,0.09357,0.2744,0.866,0.9995,-0.1498,927.5,700.5,10.0
-0.3193,0.1196,0.3452,0.899,0.9995,-0.1814,928.0,1015.5,11.0
-0.3774,0.1181,0.1622,0.9233,0.9995,0.0782,834.5,504.8,12.0
-0.2537,0.147,0.1456,0.9146,0.9995,0.1016,858.5,528.5,13.0
-0.3916,0.12164,0.2417,0.8765,0.9995,-0.1232,1060.0,895.5,14.0
-0.386,0.0845,0.226,0.7676,0.9995,-0.338,1520.0,1388.0,15.0
-0.301,0.1179,0.32,0.913,0.9995,-0.1929,1166.0,935.0,1.0
-0.1793,0.03912,0.3047,0.83,0.9995,0.05103,864.0,763.0,2.0
-0.3691,0.0991,0.2544,0.886,0.9995,-0.0941,908.5,1234.0,3.0
-0.329,0.1359,0.3308,0.907,0.9995,-0.07654,903.5,985.5,4.0
-0.32,0.0964,0.3206,0.8877,0.9995,-0.1268,1218.0,1413.0,5.0
0.003609,0.05978,0.1862,0.8794,0.9995,-0.2703,878.0,995.5,6.0
-0.304,0.1461,0.2932,0.9023,0.9995,-0.01351,1285.0,1197.0,7.0
-0.3755,0.135,0.2333,0.896,0.9995,-0.069,938.5,1084.0,8.0
-0.386,0.0853,0.2527,0.824,0.9995,-0.3044,680.0,957.5,9.0
-0.361,0.1439,0.2289,0.8877,0.9995,-0.2198,742.0,948.0,10.0
-0.321,0.104,0.3594,0.865,0.9995,-0.271,828.5,972.0,11.0
-0.3242,0.1277,0.1896,0.8667,0.999,-0.0603,634.5,694.5,12.0
-0.2466,0.2051,0.25,0.938,0.9995,-0.2888,767.0,1121.0,13.0
-0.3997,0.04602,0.1997,0.7373,0.999,-0.2905,407.5,1398.0,14.0
-0.398,0.09155,0.1656,0.8086,0.9995,-0.2313,845.0,970.0,15.0
-0.3425,0.10205,0.3108,0.9146,0.9995,0.003426,1082.0,1051.0,1.0
-0.3196,0.09094,0.305,0.8833,0.9995,-0.11505,1040.0,953.5,2.0
-0.0008564,0.06168,0.2888,0.924,0.9995,-0.0902,1270.0,724.0,3.0
-0.3228,0.1372,0.3223,0.8965,0.9995,-0.1329,904.5,912.5,4.0
-0.3333,0.1311,0.324,0.906,0.9995,-0.1588,820.5,926.0,5.0
-0.2512,0.0836,0.304,0.903,0.9995,-0.05954,1101.0,844.0,6.0
-0.453,0.05078,0.4453,0.764,0.9995,0.1228,1288.0,952.0,7.0
-0.3955,0.05374,0.2854,0.7793,0.9995,-0.1318,1116.0,954.0,8.0
-0.4053,0.08374,0.3289,0.797,0.9995,-0.284,1257.0,1016.5,9.0
-0.3555,0.1169,0.3376,0.8887,0.9995,-0.07666,1023.5,985.5,10.0
-0.3672,0.0741,0.325,0.783,0.9995,0.03052,1099.0,1046.0,11.0
-0.4138,0.0706,0.365,0.8403,0.9995,0.05,968.5,901.5,12.0
-0.3635,0.08844,0.3018,0.8667,0.9995,-0.0933,1062.0,911.0,13.0
-0.4026,0.0913,0.32,0.8604,0.9995,0.07153,941.5,1003.5,14.0
-0.3516,0.1014,0.323,0.8667,0.9995,0.1244,947.5,773.5,15.0
-0.0752,0.1477,0.3801,0.8633,0.9995,-0.12067,895.5,885.5,1.0
-0.427,0.0695,0.3352,0.8047,0.9995,0.0707,1109.0,712.5,2.0
-0.4167,0.05182,0.273,0.745,0.9995,0.05405,772.0,516.0,3.0
-0.3518,0.09106,0.398,0.886,0.9995,0.03116,910.0,907.5,4.0
-0.3196,0.12244,0.3408,0.869,0.9995,-0.1136,883.0,884.0,5.0
-0.433,0.06573,0.3052,0.8086,0.9995,-0.05527,701.5,609.0,6.0
-0.3235,0.0899,0.4192,0.844,0.9995,-0.2156,658.0,805.0,7.0
-0.419,0.0504,0.3335,0.739,0.9995,0.06665,461.8,520.0,8.0
-0.3293,0.10504,0.2795,0.88,0.9995,-0.265,921.0,756.0,9.0
-0.3752,0.07135,0.2301,0.811,0.9995,-0.24,772.5,625.0,10.0
-0.3738,0.1121,0.3035,0.8765,0.9995,0.0396,866.5,878.0,11.0
-0.3801,0.09955,0.337,0.8477,0.9995,-0.03174,830.0,776.5,12.0
-0.4277,0.02026,0.3708,0.708,0.9995,0.2455,602.0,429.2,13.0
-0.386,0.02371,0.224,0.704,0.9995,0.2281,697.5,262.0,14.0
-0.3877,0.085,0.284,0.843,0.9995,0.1044,769.5,696.5,15.0
-0.326,0.1361,0.3242,0.8984,0.9995,-0.152,761.0,854.0,1.0
0.263,0.2347,0.2888,0.9033,0.9995,-0.1292,883.0,1233.0,2.0
-0.2922,0.0956,0.305,0.8877,0.9995,-0.1888,812.5,1051.0,3.0
-0.1804,0.10596,0.3118,0.7427,0.9995,-0.898,194.1,875.5,4.0
-0.4104,0.09454,0.24,0.876,0.9995,0.01852,1412.0,1011.5,5.0
-0.31,0.10016,0.3442,0.848,0.999,-0.4343,739.5,899.5,6.0
-0.2673,0.0852,0.472,0.8804,0.9995,-0.05255,956.5,995.5,7.0
-0.3477,0.10187,0.356,0.8623,0.9995,0.0935,245.2,1104.0,8.0
-0.10425,0.1676,0.308,0.8823,0.9995,-0.1199,858.5,1141.0,9.0
-0.3599,0.1004,0.3235,0.8535,0.9995,-0.2483,802.5,931.5,10.0
-0.4033,0.07196,0.2585,0.8325,0.9995,-0.0739,719.0,822.5,11.0
-0.3564,0.0976,0.12396,0.8203,0.9995,-0.2064,750.0,885.0,12.0
-0.368,0.08405,0.2305,0.8545,1.0,0.1421,754.5,1056.0,13.0
-0.3772,0.11316,0.305,0.8745,0.9995,-0.10504,814.5,917.5,14.0
-0.3774,0.08624,0.2717,0.8833,0.9995,0.02016,922.0,979.5,15.0
-0.323,0.141,0.1624,0.891,0.9995,-0.03595,863.5,907.5,1.0
-0.293,0.11255,0.4216,0.8975,0.9995,0.1901,620.0,803.0,2.0
-0.2961,0.148,0.3296,0.907,0.9995,-0.156,912.5,896.5,3.0
-0.319,0.11755,0.2974,0.9136,0.9995,-0.1696,870.0,1003.0,4.0
-0.3328,0.1052,0.375,0.9062,0.9995,-0.003944,842.0,761.0,5.0
-0.3408,0.1235,0.342,0.901,0.9995,-0.08167,897.5,888.0,6.0
-0.3672,0.11707,0.3408,0.8994,0.9995,0.0557,786.0,856.5,7.0
-0.3274,0.1236,0.255,0.879,0.9995,0.05542,1027.0,848.5,8.0
-0.3738,0.0941,0.3313,0.9062,0.9995,0.09985,834.5,917.0,9.0
-0.3723,0.08386,0.1941,0.8774,1.0,0.12494,965.5,965.0,10.0
-0.3652,0.1515,0.1993,0.9087,0.9995,-0.09595,887.5,821.5,11.0
-0.3323,0.1057,0.3625,0.8765,1.0,-0.1647,1381.0,854.0,12.0
-0.3596,0.0708,0.2463,0.8755,0.9995,0.149,719.5,780.5,13.0
-0.3926,0.11536,0.281,0.887,0.9995,0.01142,989.5,848.0,14.0
-0.3484,0.11,0.1383,0.8813,0.9995,0.02878,912.0,919.5,15.0
0.3513,0.2034,0.3525,0.901,0.9995,0.1737,1119.0,1096.0,1.0
-0.4006,0.0994,0.2063,0.874,0.9995,0.04,871.0,1476.0,2.0
-0.3005,0.10333,0.3672,0.8906,0.9995,-0.1622,851.0,1041.0,3.0
-0.3398,0.0766,0.4897,0.871,0.9995,0.09564,872.5,1019.0,4.0
-0.3396,0.0924,0.2434,0.865,0.9995,0.1748,1426.0,1014.5,5.0
-0.2673,0.0873,0.4753,0.859,0.9995,0.2683,812.5,1436.0,6.0
-0.3486,0.07733,0.3948,0.7993,0.9995,0.07605,1165.0,1323.0,7.0
-0.374,0.0936,0.3662,0.8716,0.9995,-0.01008,928.5,1104.0,8.0
-0.2744,0.0842,0.3699,0.912,0.9995,0.03183,841.5,924.5,9.0
-0.3245,0.05106,0.3777,0.8325,0.999,0.321,1374.0,1278.0,10.0
-0.321,0.0665,0.2957,0.8525,0.999,-0.0345,1129.0,899.5,11.0
-0.3704,0.0843,0.3591,0.887,0.9995,0.086,969.5,1035.0,12.0
-0.3572,0.1007,0.2795,0.877,0.9995,-0.1724,1381.0,1290.0,13.0
-0.3374,0.07117,0.36,0.816,0.999,0.2097,781.5,1422.0,14.0
-0.3442,0.0736,0.507,0.8267,0.9995,-0.0694,610.0,1439.0,15.0
-0.1868,0.11053,0.4338,0.9365,0.9995,-0.1343,787.5,1305.0,1.0
-0.2693,0.1467,0.3484,0.938,0.9995,-0.2216,613.0,910.0,2.0
-0.3486,0.1595,0.2273,0.9097,0.9995,-0.1727,488.2,1030.0,3.0
-0.2917,0.1462,0.301,0.914,0.9995,-0.4248,815.0,1153.0,4.0
-0.3826,0.10596,0.2656,0.9263,0.9995,0.10706,727.0,1097.0,5.0
-0.324,0.1375,0.2717,0.935,0.9995,-0.193,840.5,1101.0,6.0
-0.3674,0.1495,0.1183,0.88,0.9995,-0.4836,323.5,945.5,7.0
-0.219,0.1561,0.1345,0.865,0.9995,-0.2017,555.0,615.5,8.0
-0.3325,0.09705,0.2666,0.87,0.9995,-0.251,749.0,1093.0,9.0
-0.3772,0.1146,0.1718,0.841,0.9995,-0.2573,546.5,1126.0,10.0
-0.3638,0.1128,0.1781,0.8555,0.9995,-0.0761,305.8,850.0,11.0
-0.3801,0.0942,0.323,0.9014,0.9995,0.0867,679.0,830.0,12.0
-0.3975,0.09894,0.227,0.8506,0.999,-0.014694,349.0,906.0,13.0
-0.3455,0.1285,0.2009,0.864,0.9995,-0.1312,566.0,797.5,14.0
0.1882,0.175,0.3262,0.8535,0.9995,-0.1448,898.0,1052.0,15.0
-0.3347,0.1399,0.3008,0.8975,0.9995,-0.2153,856.0,1135.0,1.0
-0.3389,0.11255,0.1587,0.9023,0.9995,0.1241,1087.0,1132.0,2.0
-0.2385,0.05722,0.4004,0.915,0.9995,0.3027,823.0,1586.0,3.0
-0.3455,0.11865,0.3567,0.9106,0.9995,-0.003107,843.0,1070.0,4.0
-0.263,0.11633,0.1819,0.8984,0.9995,0.207,865.5,1592.0,5.0
-0.2678,0.10065,0.3696,0.885,0.9995,-0.2554,1062.0,846.0,6.0
-0.3372,0.1019,0.3342,0.888,0.9995,-0.1132,1044.0,1015.0,7.0
-0.3372,0.1055,0.3628,0.9033,0.9995,-0.02438,874.5,1016.0,8.0
-0.3733,0.1072,0.3193,0.863,0.9995,-0.123,804.0,1028.0,9.0
0.2288,0.1537,0.4072,0.8496,0.9995,0.0347,797.0,1187.0,10.0
-0.3633,0.1083,0.242,0.928,0.9995,0.021,1066.0,1109.0,11.0
-0.391,0.1091,0.2167,0.91,0.9995,-0.005882,976.0,1294.0,12.0
-0.3657,0.12006,0.2615,0.8975,0.9995,0.0985,275.2,902.0,13.0
-0.3665,0.1193,0.3132,0.8877,0.9995,-0.09235,820.0,1126.0,14.0
-0.3606,0.0802,0.361,0.8965,0.9995,0.1697,785.5,1364.0,15.0
-0.01531,0.10516,0.1931,0.929,0.9995,-0.5923,1387.0,646.0,1.0
-0.3357,0.1008,0.3801,0.882,0.9995,-0.0739,902.5,869.5,2.0
-0.2443,0.1041,0.2651,0.9043,0.9995,-0.2908,1126.0,779.5,3.0
-0.3276,0.11163,0.3384,0.89,0.9995,-0.1843,1053.0,855.5,4.0
-0.2491,0.1193,0.331,0.917,0.9995,-0.2976,849.5,1113.0,5.0
-0.2397,0.1459,0.3115,0.9375,0.9995,-0.4375,1631.0,1232.0,6.0
-0.3015,0.1405,0.3472,0.9077,0.9995,-0.10986,985.0,1012.5,7.0
-0.2632,0.0518,0.3555,0.8213,0.999,0.39,256.8,511.0,8.0
-0.2856,0.0982,0.218,0.9297,0.9995,0.325,956.5,788.0,9.0
-0.2913,0.1385,0.303,0.9463,1.0,-0.1853,1647.0,1237.0,10.0
-0.3486,0.1317,0.3164,0.911,0.9995,0.0659,1377.0,1096.0,11.0
-0.3906,0.0892,0.3545,0.8813,0.9995,0.1003,1081.0,933.0,12.0
-0.3535,0.1207,0.3164,0.915,0.9995,-0.0565,1367.0,1076.0,13.0
-0.3206,0.1444,0.2954,0.9243,0.9995,0.11285,1487.0,1028.0,14.0
-0.3674,0.1059,0.2695,0.9146,0.9995,0.2,1064.0,869.0,15.0
-0.2429,0.07184,0.1398,0.843,0.9995,-0.2379,1421.0,1289.0,1.0
-0.3232,0.104,0.2974,0.9224,0.9995,-0.02011,963.0,929.0,2.0
-0.3684,0.0864,0.2146,0.857,0.9995,-0.1531,1262.0,1126.0,3.0
-0.3628,0.1105,0.3435,0.8735,0.9995,-0.04263,1017.5,979.0,4.0
-0.2783,0.05917,0.11816,0.833,0.9995,0.0331,1472.0,729.0,5.0
-0.3804,0.1063,0.311,0.8594,0.9995,-0.0944,1173.0,988.0,6.0
-0.306,0.09143,0.375,0.907,0.9995,0.01481,873.5,923.0,7.0
-0.4243,0.06744,0.184,0.789,0.9995,-0.09125,1434.0,1049.0,8.0
0.7236,0.2634,0.413,0.912,0.9995,-0.1659,1343.0,1113.0,9.0
-0.385,0.0919,0.3113,0.876,0.9995,-0.01543,1047.0,949.0,10.0
-0.3782,0.0831,0.357,0.8525,0.9995,-0.0657,1050.0,1081.0,11.0
-0.1174,0.08624,0.244,0.7817,1.0,0.0778,1130.0,354.0,12.0
-0.3767,0.121,0.2676,0.874,0.9995,-0.0848,1163.0,992.0,13.0
0.0415,0.1719,0.3447,0.8726,0.9995,-0.12335,1270.0,1062.0,14.0
-0.3909,0.07764,0.1991,0.8516,0.9995,-0.0357,1306.0,867.5,15.0
-0.062,0.1617,0.481,0.9253,0.9995,-0.5747,1895.0,902.0,1.0
-0.3706,0.0521,0.269,0.822,0.9995,0.1388,1088.0,710.5,2.0
-0.3533,0.0858,0.3604,0.9023,0.9995,0.1079,1124.0,1012.5,3.0
-0.3708,0.05136,0.4512,0.7617,0.999,0.2157,526.0,640.5,4.0
-0.376,0.118,0.3228,0.908,0.9995,0.0844,952.5,961.5,5.0
-0.315,0.06866,0.3152,0.785,0.9995,0.1505,758.0,542.0,6.0
-0.3796,0.0936,0.2944,0.871,0.9995,-0.0786,826.5,794.0,7.0
-0.4033,0.0737,0.3364,0.814,0.9995,0.0992,841.0,663.0,8.0
-0.357,0.08844,0.365,0.8623,0.9995,-0.07477,908.5,987.0,9.0
1.13,0.238,0.3804,0.8623,0.9995,0.1125,947.5,620.5,10.0
-0.3914,0.09,0.3306,0.8667,0.9995,-0.00848,1044.0,1017.5,11.0
-0.36,0.0985,0.3806,0.8467,0.9995,-0.0986,786.5,973.0,12.0
-0.3718,0.08575,0.342,0.8486,0.9995,-0.1324,869.0,755.5,13.0
-0.3845,0.1015,0.3218,0.848,0.9995,-0.0854,808.0,768.5,14.0
0.224,0.1707,0.365,0.864,0.9995,0.01823,1000.0,725.0,15.0
-0.3503,0.08014,0.4849,0.829,0.9995,-0.06354,728.0,707.0,1.0
-0.3735,0.0731,0.3308,0.867,0.9995,0.08044,1241.0,849.0,2.0
-0.3193,0.1425,0.3752,0.9727,0.9995,0.2056,623.0,438.2,3.0
2.053,0.2825,0.292,0.8164,0.9995,-0.0895,916.0,911.5,4.0
0.8228,0.1873,0.298,0.8203,0.9995,-0.02979,961.0,935.5,5.0
-0.2493,0.135,0.2563,0.869,0.9995,0.001991,757.5,951.0,6.0
-0.3455,0.1127,0.3005,0.8394,0.9995,-0.2284,974.5,1150.0,7.0
-0.3728,0.08936,0.3557,0.867,0.9995,-0.02773,958.5,882.5,8.0
-0.3337,0.05463,0.2908,0.8413,0.9995,0.2668,969.5,998.0,9.0
-0.3706,0.1148,0.3474,0.912,0.9995,0.10187,820.0,688.0,10.0
-0.2625,0.1057,0.278,0.853,0.9995,0.1355,857.5,758.0,11.0
-0.3308,0.0847,0.294,0.8735,0.9995,-0.0963,576.0,679.5,12.0
-0.3235,0.0976,0.2725,0.8335,0.9995,0.0407,1065.0,777.0,13.0
-0.3997,0.08356,0.3083,0.833,0.9995,0.0712,981.0,954.5,14.0
0.263,0.01566,0.3467,0.8965,0.9995,0.0717,832.5,836.5,15.0
-0.3994,0.0806,0.4053,0.822,0.9995,-0.08356,924.0,1060.0,1.0
-0.3577,0.1123,0.3118,0.8604,0.9995,-0.05087,1141.0,1114.0,2.0
-0.2654,0.0642,0.2021,0.85,0.9995,-0.1016,1174.0,824.5,3.0
-0.3386,0.0791,0.4177,0.893,0.9995,0.1138,694.5,901.5,4.0
3.178,0.2798,0.515,0.8066,0.9995,0.1348,860.5,751.5,5.0
-0.0911,0.04416,0.1288,0.843,0.9995,-0.03976,724.0,824.0,6.0
-0.338,0.07434,0.2861,0.8525,0.9995,-0.0965,1064.0,859.0,7.0
0.841,0.1923,0.4148,0.8413,0.9995,0.04462,868.5,904.0,8.0
-0.2688,0.04633,0.2751,0.836,0.9995,0.0792,971.5,962.0,9.0
-0.3638,0.1271,0.2905,0.891,0.9995,-0.02748,772.0,1245.0,10.0
-0.287,0.0688,0.2322,0.8657,0.9995,0.3096,204.6,1508.0,11.0
-0.3452,0.10956,0.3645,0.8696,0.9995,-0.0851,779.0,1007.0,12.0
-0.3586,0.0836,0.402,0.8516,0.9995,-0.07306,867.0,983.0,13.0
-0.3755,0.0755,0.2593,0.829,0.9995,-0.1898,547.0,727.0,14.0
-0.3643,0.11383,0.3257,0.8843,0.9995,-0.0965,473.8,1103.0,15.0
0.000828,0.1796,0.4373,0.9194,0.9995,-0.1096,878.5,1178.0,1.0
-0.3467,0.1418,0.2637,0.8833,0.9995,-0.297,734.5,1063.0,2.0
-0.3167,0.1471,0.3184,0.913,0.9995,-0.1348,885.5,922.0,3.0
-0.3308,0.12445,0.3633,0.9146,0.9995,-0.01782,874.5,912.0,4.0
-0.398,0.08484,0.171,0.835,0.9995,-0.03085,848.0,518.0,5.0
-0.2076,0.10364,0.1481,0.8765,0.999,0.2107,1128.0,957.5,6.0
-0.3984,0.0826,0.299,0.832,0.9995,-0.1809,990.0,1280.0,7.0
-0.3308,0.06018,0.2029,0.8364,0.999,-0.0224,950.5,853.5,8.0
-0.3328,0.0712,0.2019,0.88,0.999,0.0803,950.0,817.0,9.0
-0.3567,0.06714,0.1267,0.7856,0.9995,-0.07764,1401.0,992.0,10.0
-0.2168,0.07886,0.3625,0.855,0.9995,-0.33,591.5,932.5,11.0
-0.3718,0.09,0.2744,0.8823,0.9995,-0.02486,998.5,874.0,12.0
-0.3462,0.089,0.3132,0.8657,0.9995,-0.1367,852.5,1077.0,13.0
-0.3633,0.04242,0.3306,0.7954,0.999,0.1388,843.5,677.5,14.0
-0.3223,0.08246,0.3179,0.86,0.9995,-0.1555,741.0,879.0,15.0
-0.265,0.1611,0.2927,0.937,0.9995,-0.512,900.5,1015.0,1.0
-0.3228,0.1103,0.331,0.8975,0.9995,-0.1616,912.0,969.0,2.0
-0.3345,0.1103,0.339,0.9023,0.9995,-0.0909,819.0,916.0,3.0
-0.2793,0.1565,0.3345,0.919,0.9995,-0.2338,751.5,842.0,4.0
-0.305,0.1511,0.3093,0.9053,0.9995,-0.1901,862.0,949.5,5.0
-0.344,0.0636,0.314,0.8535,0.9995,0.2695,886.0,1073.0,6.0
-0.3335,0.11804,0.297,0.9023,0.9995,-0.2018,1017.0,1000.5,7.0
-0.3945,0.0766,0.3218,0.8633,0.9995,0.1476,803.0,1087.0,8.0
-0.353,0.11774,0.2617,0.909,0.9995,-0.1489,963.5,1071.0,9.0
-0.1826,0.0584,0.4045,0.925,0.9995,0.1833,826.5,937.5,10.0
-0.364,0.1238,0.3076,0.893,0.9995,-0.09235,862.0,1001.5,11.0
-0.3496,0.0656,0.2664,0.8687,0.9995,0.2013,837.5,1039.0,12.0
8.85,0.4368,0.3257,0.691,0.9995,-0.01656,1380.0,1224.0,13.0
-0.3584,0.1292,0.3215,0.911,0.9995,0.01506,734.0,907.5,14.0
-0.3691,0.11017,0.294,0.896,0.9995,-0.0859,915.0,1012.0,15.0
-0.392,0.08795,0.1398,0.8228,0.9995,-0.1898,1312.0,1271.0,1.0
-0.4011,0.08136,0.3403,0.821,0.9995,-0.195,1000.5,1212.0,2.0
-0.4146,0.05893,0.2595,0.75,0.9995,-0.02814,1193.0,1272.0,3.0
-0.3843,0.0981,0.2693,0.852,0.9995,-0.2301,881.5,1015.5,4.0
-0.3992,0.09717,0.3113,0.8433,0.9995,-0.0757,967.0,1095.0,5.0
-0.397,0.04242,0.311,0.7397,0.9995,0.185,1054.0,1346.0,6.0
-0.4243,0.0755,0.265,0.821,0.9995,-0.1255,815.5,969.5,7.0
-0.4275,0.06714,0.3748,0.797,0.9995,0.07513,1091.0,953.0,8.0
-0.4216,0.04672,0.502,0.774,0.9995,0.2068,607.5,1093.0,9.0
91.3,0.015465,0.2703,0.2485,0.9995,0.897,373.2,1760.0,10.0
-0.4321,0.0785,0.2766,0.789,0.9995,-0.1763,1251.0,1239.0,11.0
-0.4382,0.0709,0.2343,0.765,1.0,-0.2139,1286.0,840.5,12.0
-0.3428,0.0726,0.2717,0.828,0.9995,-0.217,820.5,1058.0,13.0
-0.4678,0.0474,0.356,0.738,0.9995,0.0565,1153.0,1190.0,14.0
-0.5977,0.02405,0.4055,0.6553,0.9995,-0.04352,747.5,1242.0,15.0
